Time,Accel,Brake,Car_Speed,Car_AutoSpeed,Car_AutoStatus,Bike_A_Status,Bike_B_Status,Bike_C_Status,Bike_D_Status,Bike_Distance,Vibrate_Status,BPM
0.0200,0.0000,0.0000,0.0000,0.0000,False,False,False,False,False,0.0000,False
0.0400,0.0000,0.0000,0.7049,0.0000,False,False,False,False,False,0.0000,False
0.3733,0.0000,0.0000,1.1529,0.0000,False,False,False,False,False,0.0000,False
0.4607,0.0000,0.0000,0.2300,0.0000,False,False,False,False,False,0.0000,False
0.4999,0.0000,0.0000,0.1348,0.0000,False,False,False,False,False,0.0000,False
0.5398,0.0000,0.0000,0.0296,0.0000,False,False,False,False,False,0.0000,False
0.5772,0.0000,0.0000,0.0708,0.0000,False,False,False,False,False,0.0000,False
0.6340,0.0000,0.0000,0.0949,0.0000,False,False,False,False,False,0.0000,False
0.7156,0.0000,0.0000,0.0709,0.0000,False,False,False,False,False,0.0000,False
0.7524,0.0000,0.0000,0.0530,0.0000,False,False,False,False,False,0.0000,False
0.7880,0.0000,0.0000,0.0366,0.0000,False,False,False,False,False,0.0000,False
0.8237,0.0000,0.0000,0.0231,0.0000,False,False,False,False,False,0.0000,False
0.8666,0.0000,0.0000,0.0130,0.0000,False,False,False,False,False,0.0000,False
0.9076,0.0000,0.0000,0.0061,0.0000,False,False,False,False,False,0.0000,False
0.9478,0.0000,0.0000,0.0022,0.0000,False,False,False,False,False,0.0000,False
0.9893,0.0000,0.0000,0.0018,0.0000,False,False,False,False,False,0.0000,False
1.0287,0.0000,0.0000,0.0026,0.0000,False,False,False,False,False,0.0000,False
1.0676,0.0000,0.0000,0.0028,0.0000,False,False,False,False,False,0.0000,False
1.1025,0.0000,0.0000,0.0025,0.0000,False,False,False,False,False,0.0000,False
1.1370,0.0000,0.0000,0.0023,0.0000,False,False,False,False,False,0.0000,False
1.1711,0.0000,0.0000,0.0018,0.0000,False,False,False,False,False,0.0000,False
1.2061,0.0000,0.0000,0.0013,0.0000,False,False,False,False,False,0.0000,False
1.2409,0.0000,0.0000,0.0009,0.0000,False,False,False,False,False,0.0000,False
1.2771,0.0000,0.0000,0.0007,0.0000,False,False,False,False,False,0.0000,False
1.3115,0.0000,0.0000,0.0004,0.0000,False,False,False,False,False,0.0000,False
1.3493,0.0000,0.0000,0.0001,0.0000,False,False,False,False,False,0.0000,False
1.3835,0.0000,0.0000,0.0001,0.0000,False,False,False,False,False,0.0000,False
1.4182,0.0000,0.0000,0.0001,0.0000,False,False,False,False,False,0.0000,False
1.4558,0.0000,0.0000,0.0001,0.0000,False,False,False,False,False,0.0000,False
1.4951,0.0000,0.0000,0.0001,0.0000,False,False,False,False,False,0.0000,False
1.5368,0.0000,0.0000,0.0001,0.0000,False,False,False,False,False,0.0000,False
1.5854,0.0000,0.0000,0.0001,0.0000,False,False,False,False,False,0.0000,False
1.6290,0.0000,0.0000,0.0001,0.0000,False,False,False,False,False,0.0000,False
1.6683,0.0000,0.0000,0.0000,0.0000,False,False,False,False,False,0.0000,False
1.7075,0.0000,0.0000,0.0000,0.0000,False,False,False,False,False,0.0000,False
1.7470,0.0000,0.0000,0.0000,0.0000,False,False,False,False,False,0.0000,False
1.7876,0.0000,0.0000,0.0000,0.0000,False,False,False,False,False,0.0000,False
1.8306,0.0000,0.0000,0.0000,0.0000,False,False,False,False,False,0.0000,False
1.8745,0.0000,0.0000,0.0000,0.0000,False,False,False,False,False,0.0000,False
1.9188,0.0000,0.0000,0.0000,0.0000,False,False,False,False,False,0.0000,False
1.9610,0.0000,0.0000,0.0000,0.0000,False,False,False,False,False,0.0000,False
2.0089,0.0000,0.0000,0.0000,0.0000,False,False,False,False,False,0.0000,False
2.0541,0.0000,0.0000,0.0000,0.0000,False,False,False,False,False,0.0000,False
2.0938,0.0000,0.0000,0.0000,0.0000,False,False,False,False,False,0.0000,False
2.1343,0.0000,0.0000,0.0000,0.0000,False,False,False,False,False,0.0000,False
2.1817,0.0000,0.0000,0.0000,0.0000,False,False,False,False,False,0.0000,False
2.2400,0.0000,0.0000,0.0000,0.0000,False,False,False,False,False,0.0000,False
2.3027,0.0000,0.0000,0.0000,0.0000,False,False,False,False,False,0.0000,False
2.3814,0.0000,0.0000,0.0000,0.0000,False,False,False,False,False,0.0000,False
2.4324,0.0000,0.0000,0.0000,0.0000,False,False,False,False,False,0.0000,False
2.4724,0.0000,0.0000,0.0000,0.0000,False,False,False,False,False,0.0000,False
2.5215,0.0000,0.0000,0.0000,0.0000,False,False,False,False,False,0.0000,False
2.5638,0.0000,0.0000,0.0000,0.0000,False,False,False,False,False,0.0000,False
2.6053,0.0000,0.0000,0.0000,0.0000,False,False,False,False,False,0.0000,False
2.6465,0.0000,0.0000,0.0001,0.0000,False,False,False,False,False,0.0000,False
2.6896,0.0000,0.0000,0.0000,0.0000,False,False,False,False,False,0.0000,False
2.7367,0.0000,0.0000,0.0000,0.0000,False,False,False,False,False,0.0000,False
2.7798,0.0000,0.0000,0.0000,0.0000,False,False,False,False,False,0.0000,False
2.8281,0.0000,0.0000,0.0000,0.0000,False,False,False,False,False,0.0000,False
2.8801,0.0000,0.0000,0.0000,0.0000,False,False,False,False,False,0.0000,False
2.9231,0.0000,0.0000,0.0000,0.0000,False,False,False,False,False,0.0000,False
2.9660,0.0000,0.0000,0.0000,0.0000,False,False,False,False,False,0.0000,False
3.0066,0.0000,0.0000,0.0000,0.0000,False,False,False,False,False,0.0000,False
3.0476,0.0000,0.0000,0.0000,0.0000,False,False,False,False,False,0.0000,False
3.0881,0.0000,0.0000,0.0000,0.0000,False,False,False,False,False,0.0000,False
3.1296,0.0000,0.0000,0.0000,0.0000,False,False,False,False,False,0.0000,False
3.1713,0.0000,0.0000,0.0000,0.0000,False,False,False,False,False,0.0000,False
3.2132,0.0000,0.0000,0.0000,0.0000,False,False,False,False,False,0.0000,False
3.2541,0.0000,0.0000,0.0000,0.0000,False,False,False,False,False,0.0000,False
3.2957,0.0000,0.0000,0.0000,0.0000,False,False,False,False,False,0.0000,False
3.3362,0.0000,0.0000,0.0000,0.0000,False,False,False,False,False,0.0000,False
3.3807,0.0000,0.0000,0.0000,0.0000,False,False,False,False,False,0.0000,False
3.4214,0.0000,0.0000,0.0000,0.0000,False,False,False,False,False,0.0000,False
3.4624,0.0000,0.0000,0.0000,0.0000,False,False,False,False,False,0.0000,False
3.5066,0.0000,0.0000,0.0000,0.0000,False,False,False,False,False,0.0000,False
3.5561,0.0000,0.0000,0.0000,0.0000,False,False,False,False,False,0.0000,False
3.5981,0.0000,0.0000,0.0000,0.0000,False,False,False,False,False,0.0000,False
3.6425,0.0000,0.0000,0.0000,0.0000,False,False,False,False,False,0.0000,False
3.6839,0.0000,0.0000,0.0000,0.0000,False,False,False,False,False,0.0000,False
3.7252,0.0000,0.0000,0.0000,0.0000,False,False,False,False,False,0.0000,False
3.7655,0.0000,0.0000,0.0000,0.0000,False,False,False,False,False,0.0000,False
3.8065,0.0000,0.0000,0.0000,0.0000,False,False,False,False,False,0.0000,False
3.8478,0.0000,0.0000,0.0000,0.0000,False,False,False,False,False,0.0000,False
3.8935,0.0000,0.0000,0.0000,0.0000,False,False,False,False,False,0.0000,False
3.9422,0.0000,0.0000,0.0000,0.0000,False,False,False,False,False,0.0000,False
3.9854,0.0000,0.0000,0.0000,0.0000,False,False,False,False,False,0.0000,False
4.0309,0.0000,0.0000,0.0000,0.0000,False,False,False,False,False,0.0000,False
4.0755,0.0000,0.0000,0.0000,0.0000,False,False,False,False,False,0.0000,False
4.1199,0.0000,0.0000,0.0000,0.0000,False,False,False,False,False,0.0000,False
4.1718,0.0000,0.0000,0.0000,0.0000,False,False,False,False,False,0.0000,False
4.2171,0.0000,0.0000,0.0000,0.0000,False,False,False,False,False,0.0000,False
4.2601,0.0000,0.0000,0.0000,0.0000,False,False,False,False,False,0.0000,False
4.3037,0.0000,0.0000,0.0000,0.0000,False,False,False,False,False,0.0000,False
4.3473,0.0000,0.0000,0.0000,0.0000,False,False,False,False,False,0.0000,False
4.3917,0.0000,0.0000,0.0000,0.0000,False,False,False,False,False,0.0000,False
4.4392,0.0000,0.0000,0.0000,0.0000,False,False,False,False,False,0.0000,False
4.4866,0.0000,0.0000,0.0000,0.0000,False,False,False,False,False,0.0000,False
4.5327,0.0000,0.0000,0.0000,0.0000,False,False,False,False,False,0.0000,False
4.5821,0.0000,0.0000,0.0000,0.0000,False,False,False,False,False,0.0000,False
4.6353,0.0000,0.0000,0.0000,0.0000,False,False,False,False,False,0.0000,False
4.6867,0.0000,0.0000,0.0000,0.0000,False,False,False,False,False,0.0000,False
4.7427,0.0000,0.0000,0.0000,0.0000,False,False,False,False,False,0.0000,False
4.7969,0.0000,0.0000,0.0000,0.0000,False,False,False,False,False,0.0000,False
4.8513,0.0000,0.0000,0.0000,0.0000,False,False,False,False,False,0.0000,False
4.9043,0.0000,0.0000,0.0000,0.0000,False,False,False,False,False,0.0000,False
4.9514,0.0000,0.0000,0.0000,0.0000,False,False,False,False,False,0.0000,False
4.9965,0.0000,0.0000,0.0000,0.0000,False,False,False,False,False,0.0000,False
5.0484,0.0000,0.0000,0.0000,0.0000,False,False,False,False,False,0.0000,False
5.1045,0.0000,0.0000,0.0000,0.0000,False,False,False,False,False,0.0000,False
5.1603,0.0000,0.0000,0.0000,0.0000,False,False,False,False,False,0.0000,False
5.2132,0.0000,0.0000,0.0000,0.0000,False,False,False,False,False,0.0000,False
5.2620,0.0000,0.0000,0.0000,0.0000,False,False,False,False,False,0.0000,False
5.3088,0.0000,0.0000,0.0000,0.0000,False,False,False,False,False,0.0000,False
5.3526,0.0000,0.0000,0.0000,0.0000,False,False,False,False,False,0.0000,False
5.4020,0.0000,0.0000,0.0000,0.0000,False,False,False,False,False,0.0000,False
5.4452,0.0000,0.0000,0.0000,0.0000,False,False,False,False,False,0.0000,False
5.4887,0.0000,0.0000,0.0000,0.0000,False,False,False,False,False,0.0000,False
5.5360,0.0000,0.0000,0.0000,0.0000,False,False,False,False,False,0.0000,False
5.5920,0.0000,0.0000,0.0000,0.0000,False,False,False,False,False,0.0000,False
5.6414,0.0000,0.0000,0.0000,0.0000,False,False,False,False,False,0.0000,False
5.6886,0.0000,0.0000,0.0000,0.0000,False,False,False,False,False,0.0000,False
5.7363,0.0000,0.0000,0.0000,0.0000,False,False,False,False,False,0.0000,False
5.7818,0.0000,0.0000,0.0000,0.0000,False,False,False,False,False,0.0000,False
5.8313,0.0000,0.0000,0.0000,0.0000,False,False,False,False,False,0.0000,False
5.8843,0.0000,0.0000,0.0000,0.0000,False,False,False,False,False,0.0000,False
5.9378,0.0000,0.0000,0.0000,0.0000,False,False,False,False,False,0.0000,False
5.9935,0.0000,0.0000,0.0000,0.0000,False,False,False,False,False,0.0000,False
6.0443,0.0000,0.0000,0.0000,0.0000,False,False,False,False,False,0.0000,False
6.0936,0.0000,0.0000,0.0000,0.0000,False,False,False,False,False,0.0000,False
6.1440,0.0000,0.0000,0.0000,0.0000,False,False,False,False,False,0.0000,False
6.2072,0.0000,0.0000,0.0000,0.0000,False,False,False,False,False,0.0000,False
6.2809,0.0000,0.0000,0.0000,0.0000,False,False,False,False,False,0.0000,False
6.3485,0.0000,0.0000,0.0000,0.0000,False,False,False,False,False,0.0000,False
6.4174,0.0000,0.0000,0.0000,0.0000,False,False,False,False,False,0.0000,False
6.4766,0.0000,0.0000,0.0000,0.0000,False,False,False,False,False,0.0000,False
6.5390,0.0000,0.0000,0.0000,0.0000,False,False,False,False,False,0.0000,False
6.5918,0.0000,0.0000,0.0000,0.0000,False,False,False,False,False,0.0000,False
6.6444,0.0000,0.0000,0.0000,0.0000,False,False,False,False,False,0.0000,False
6.6968,0.0000,0.0000,0.0000,0.0000,False,False,False,False,False,0.0000,False
6.7504,0.0000,0.0000,0.0000,0.0000,False,False,False,False,False,0.0000,False
6.8010,0.0000,0.0000,0.0000,0.0000,False,False,False,False,False,0.0000,False
6.8531,0.0000,0.0000,0.0000,0.0000,False,False,False,False,False,0.0000,False
6.9018,0.0000,0.0000,0.0000,0.0000,False,False,False,False,False,0.0000,False
6.9535,0.0000,0.0000,0.0000,0.0000,False,False,False,False,False,0.0000,False
7.0066,0.0000,0.0000,0.0000,0.0000,False,False,False,False,False,0.0000,False
7.0558,0.0000,0.0000,0.0000,0.0000,False,False,False,False,False,0.0000,False
7.1050,0.0000,0.0000,0.0000,0.0000,False,False,False,False,False,0.0000,False
7.1552,0.0000,0.0000,0.0000,0.0000,False,False,False,False,False,0.0000,False
7.2103,0.0000,0.0000,0.0000,0.0000,False,False,False,False,False,0.0000,False
7.2645,0.0000,0.0000,0.0000,0.0000,False,False,False,False,False,0.0000,False
7.3251,0.0000,0.0000,0.0000,0.0000,False,False,False,False,False,0.0000,False
7.3765,0.0000,0.0000,0.0000,0.0000,False,False,False,False,False,0.0000,False
7.4258,0.0000,0.0000,0.0000,0.0000,False,False,False,False,False,0.0000,False
7.4757,0.0000,0.0000,0.0000,0.0000,False,False,False,False,False,0.0000,False
7.5285,0.0000,0.0000,0.0000,0.0000,False,False,False,False,False,0.0000,False
7.5808,0.0000,0.0000,0.0000,0.0000,False,False,False,False,False,0.0000,False
7.6403,0.0000,0.0000,0.0000,0.0000,False,False,False,False,False,0.0000,False
7.6936,0.0000,0.0000,0.0000,0.0000,False,False,False,False,False,0.0000,False
7.7516,0.0000,0.0000,0.0000,0.0000,False,False,False,False,False,0.0000,False
7.8122,0.0000,0.0000,0.0000,0.0000,False,False,False,False,False,0.0000,False
7.8687,0.0000,0.0000,0.0000,0.0000,False,False,False,False,False,0.0000,False
7.9480,0.0000,0.0000,0.0000,0.0000,False,False,False,False,False,0.0000,False
8.0089,0.0000,0.0000,0.0000,0.0000,False,False,False,False,False,0.0000,False
8.0721,0.0000,0.0000,0.0000,0.0000,False,False,False,False,False,0.0000,False
8.1414,0.0000,0.0000,0.0000,0.0000,False,False,False,False,False,0.0000,False
8.2107,0.0000,0.0000,0.0000,0.0000,False,False,False,False,False,0.0000,False
8.2749,0.0000,0.0000,0.0000,0.0000,False,False,False,False,False,0.0000,False
8.3428,0.0000,0.0000,0.0000,0.0000,False,False,False,False,False,0.0000,False
8.4064,0.0000,0.0000,0.0000,0.0000,False,False,False,False,False,0.0000,False
8.4709,0.0000,0.0000,0.0000,0.0000,False,False,False,False,False,0.0000,False
8.5357,0.0000,0.0000,0.0000,0.0000,False,False,False,False,False,0.0000,False
8.6004,0.0000,0.0000,0.0000,0.0000,False,False,False,False,False,0.0000,False
8.6676,0.0000,0.0000,0.0000,0.0000,False,False,False,False,False,0.0000,False
8.7394,0.0000,0.0000,0.0000,0.0000,False,False,False,False,False,0.0000,False
8.8021,0.0000,0.0000,0.0000,0.0000,False,False,False,False,False,0.0000,False
8.8642,0.0000,0.0000,0.0000,0.0000,False,False,False,False,False,0.0000,False
8.9259,0.0000,0.0000,0.0000,0.0000,False,False,False,False,False,0.0000,False
8.9917,0.0000,0.0000,0.0000,0.0000,False,False,False,False,False,0.0000,False
9.0648,0.0000,0.0000,0.0000,0.0000,False,False,False,False,False,0.0000,False
9.1367,0.0000,0.0000,0.0000,0.0000,False,False,False,False,False,0.0000,False
9.2088,0.0000,0.0000,0.0000,0.0000,False,False,False,False,False,0.0000,False
9.2819,0.0000,0.0000,0.0000,0.0000,False,False,False,False,False,0.0000,False
9.3524,0.0000,0.0000,0.0000,0.0000,False,False,False,False,False,0.0000,False
9.4215,0.0000,0.0000,0.0000,0.0000,False,False,False,False,False,0.0000,False
9.4916,0.0000,0.0000,0.0000,0.0000,False,False,False,False,False,0.0000,False
9.5629,0.0000,0.0000,0.0000,0.0000,False,False,False,False,False,0.0000,False
9.6323,0.0000,0.0000,0.0000,0.0000,False,False,False,False,False,0.0000,False
9.7027,0.0000,0.0000,0.0000,0.0000,False,False,False,False,False,0.0000,False
9.7774,0.0000,0.0000,0.0000,0.0000,False,False,False,False,False,0.0000,False
9.8470,0.0000,0.0000,0.0000,0.0000,False,False,False,False,False,0.0000,False
9.9195,0.0000,0.0000,0.0000,0.0000,False,False,False,False,False,0.0000,False
9.9877,0.0000,0.0000,0.0000,0.0000,False,False,False,False,False,0.0000,False
10.0630,0.0000,0.0000,0.0000,0.0000,False,False,False,False,False,0.0000,False
10.1334,0.0000,0.0000,0.0000,0.0000,False,False,False,False,False,0.0000,False
10.2037,0.0000,0.0000,0.0000,0.0000,False,False,False,False,False,0.0000,False
10.2718,0.0000,0.0000,0.0000,0.0000,False,False,False,False,False,0.0000,False
10.3415,0.0000,0.0000,0.0000,0.0000,False,False,False,False,False,0.0000,False
10.4150,0.0000,0.0000,0.0000,0.0000,False,False,False,False,False,0.0000,False
10.4834,0.0000,0.0000,0.0000,0.0000,False,False,False,False,False,0.0000,False
10.5499,0.0000,0.0000,0.0000,0.0000,False,False,False,False,False,0.0000,False
10.6183,0.0000,0.0000,0.0000,0.0000,False,False,False,False,False,0.0000,False
10.6904,0.0000,0.0000,0.0000,0.0000,False,False,False,False,False,0.0000,False
10.7658,0.0000,0.0000,0.0000,0.0000,False,False,False,False,False,0.0000,False
10.8394,0.0000,0.0000,0.0000,0.0000,False,False,False,False,False,0.0000,False
10.9116,0.0000,0.0000,0.0000,0.0000,False,False,False,False,False,0.0000,False
10.9783,0.0000,0.0000,0.0000,0.0000,False,False,False,False,False,0.0000,False
11.0452,0.0000,0.0000,0.0000,0.0000,False,False,False,False,False,0.0000,False
11.1200,0.0000,0.0000,0.0000,0.0000,False,False,False,False,False,0.0000,False
11.1877,0.0000,0.0000,0.0000,0.0000,False,False,False,False,False,0.0000,False
11.2617,0.0000,0.0000,0.0000,0.0000,False,False,False,False,False,0.0000,False
11.3287,0.0000,0.0000,0.0000,0.0000,False,False,False,False,False,0.0000,False
11.3946,0.0000,0.0000,0.0000,0.0000,False,False,False,False,False,0.0000,False
11.4602,0.0000,0.0000,0.0000,0.0000,False,False,False,False,False,0.0000,False
11.5219,0.0000,0.0000,0.0000,0.0000,False,False,False,False,False,0.0000,False
11.5856,0.0000,0.0000,0.0000,0.0000,False,False,False,False,False,0.0000,False
11.6551,0.0000,0.0000,0.0000,0.0000,False,False,False,False,False,0.0000,False
11.7212,0.0000,0.0000,0.0000,0.0000,False,False,False,False,False,0.0000,False
11.7862,0.0000,0.0000,0.0000,0.0000,False,False,False,False,False,0.0000,False
11.8505,0.0000,0.0000,0.0000,0.0000,False,False,False,False,False,0.0000,False
11.9161,0.0000,0.0000,0.0000,0.0000,False,False,False,False,False,0.0000,False
11.9746,0.0000,0.0000,0.0000,0.0000,False,False,False,False,False,0.0000,False
12.0555,0.0000,0.0000,0.0000,0.0000,False,False,False,False,False,0.0000,False
12.1193,0.0000,0.0000,0.0000,0.0000,False,False,False,False,False,0.0000,False
12.1827,0.0000,0.0000,0.0000,0.0000,False,False,False,False,False,0.0000,False
12.2496,0.0000,0.0000,0.0000,0.0000,False,False,False,False,False,0.0000,False
12.3145,0.0000,0.0000,0.0000,0.0000,False,False,False,False,False,0.0000,False
12.3753,0.0000,0.0000,0.0000,0.0000,False,False,False,False,False,0.0000,False
12.4355,0.0000,0.0000,0.0000,0.0000,False,False,False,False,False,0.0000,False
12.4979,0.0000,0.0000,0.0000,0.0000,False,False,False,False,False,0.0000,False
12.5617,0.0000,0.0000,0.0000,0.0000,False,False,False,False,False,0.0000,False
12.6238,0.0000,0.0000,0.0000,0.0000,False,False,False,False,False,0.0000,False
12.6854,0.0000,0.0000,0.0000,0.0000,False,False,False,False,False,0.0000,False
12.7523,0.0000,0.0000,0.0000,0.0000,False,False,False,False,False,0.0000,False
12.8134,0.0000,0.0000,0.0000,0.0000,False,False,False,False,False,0.0000,False
12.8739,0.0000,0.0000,0.0000,0.0000,False,False,False,False,False,0.0000,False
12.9367,0.0000,0.0000,0.0000,0.0000,False,False,False,False,False,0.0000,False
12.9913,0.0000,0.0000,0.0000,0.0000,False,False,False,False,False,0.0000,False
13.0426,0.0000,0.0000,0.0000,0.0000,False,False,False,False,False,0.0000,False
13.0919,0.0000,0.0000,0.0000,0.0000,False,False,False,False,False,0.0000,False
13.1420,0.0000,0.0000,0.0000,0.0000,False,False,False,False,False,0.0000,False
13.1893,0.0000,0.0000,0.0000,0.0000,False,False,False,False,False,0.0000,False
13.2394,0.0000,0.0000,0.0000,0.0000,False,False,False,False,False,0.0000,False
13.2862,0.0000,0.0000,0.0000,0.0000,False,False,False,False,False,0.0000,False
13.3355,0.0000,0.0000,0.0000,0.0000,False,False,False,False,False,0.0000,False
13.3972,0.0000,0.0000,0.0000,0.0000,False,False,False,False,False,0.0000,False
13.4442,0.0000,0.0000,0.0000,0.0000,False,False,False,False,False,0.0000,False
13.4955,0.0000,0.0000,0.0000,0.0000,False,False,False,False,False,0.0000,False
13.5512,0.0000,0.0000,0.0000,0.0000,False,False,False,False,False,0.0000,False
13.6022,0.0000,0.0000,0.0000,0.0000,False,False,False,False,False,0.0000,False
13.6559,0.0000,0.0000,0.0000,0.0000,False,False,False,False,False,0.0000,False
13.7108,0.0000,0.0000,0.0001,0.0000,False,False,False,False,False,0.0000,False
13.7578,0.0000,0.0000,0.0001,0.0000,False,False,False,False,False,0.0000,False
13.8049,0.0000,0.0000,0.0000,0.0000,False,False,False,False,False,0.0000,False
13.8544,0.0000,0.0000,0.0000,0.0000,False,False,False,False,False,0.0000,False
13.9033,0.0000,0.0000,0.0000,0.0000,False,False,False,False,False,0.0000,False
13.9502,0.0000,0.0000,0.0000,0.0000,False,False,False,False,False,0.0000,False
13.9998,0.0000,0.0000,0.0000,0.0000,False,False,False,False,False,0.0000,False
14.0460,0.0000,0.0000,0.0000,0.0000,False,False,False,False,False,0.0000,False
14.0966,0.0000,0.0000,0.0000,0.0000,False,False,False,False,False,0.0000,False
14.1431,0.0000,0.0000,0.0000,0.0000,False,False,False,False,False,0.0000,False
14.1903,0.0000,0.0000,0.0000,0.0000,False,False,False,False,False,0.0000,False
14.2363,0.0000,0.0000,0.0001,0.0000,False,False,False,False,False,0.0000,False
14.2834,0.0000,0.0000,0.0000,0.0000,False,False,False,False,False,0.0000,False
14.3302,0.0000,0.0000,0.0000,0.0000,False,False,False,False,False,0.0000,False
14.3764,0.0000,0.0000,0.0001,0.0000,False,False,False,False,False,0.0000,False
14.4301,0.0000,0.0000,0.0000,0.0000,False,False,False,False,False,0.0000,False
14.4759,0.0000,0.0000,0.0000,0.0000,False,False,False,False,False,0.0000,False
14.5200,0.0000,0.0000,0.0000,0.0000,False,False,False,False,False,0.0000,False
14.5633,0.0000,0.0000,0.0000,0.0000,False,False,False,False,False,0.0000,False
14.6067,0.0000,0.0000,0.0000,0.0000,False,False,False,False,False,0.0000,False
14.6492,0.0000,0.0000,0.0000,0.0000,False,False,False,False,False,0.0000,False
14.6925,0.0000,0.0000,0.0000,0.0000,False,False,False,False,False,0.0000,False
14.7464,0.0000,0.0000,0.0000,0.0000,False,False,False,False,False,0.0000,False
14.7882,0.0000,0.0000,0.0000,0.0000,False,False,False,False,False,0.0000,False
14.8297,0.0000,0.0000,0.0000,0.0000,False,False,False,False,False,0.0000,False
14.8720,0.0000,0.0000,0.0000,0.0000,False,False,False,False,False,0.0000,False
14.9153,0.0000,0.0000,0.0000,0.0000,False,False,False,False,False,0.0000,False
14.9581,0.0000,0.0000,0.0000,0.0000,False,False,False,False,False,0.0000,False
15.0009,0.0000,0.0000,0.0000,0.0000,False,False,False,False,False,0.0000,False
15.0428,0.0000,0.0000,0.0000,0.0000,False,False,False,False,False,0.0000,False
15.0845,0.0000,0.0000,0.0000,0.0000,False,False,False,False,False,0.0000,False
15.1328,0.0000,0.0000,0.0000,0.0000,False,False,False,False,False,0.0000,False
15.1736,0.0000,0.0000,0.0000,0.0000,False,False,False,False,False,0.0000,False
15.2146,0.0000,0.0000,0.0000,0.0000,False,False,False,False,False,0.0000,False
15.2552,0.0000,0.0000,0.0000,0.0000,False,False,False,False,False,0.0000,False
15.2955,0.0000,0.0000,0.0000,0.0000,False,False,False,False,False,0.0000,False
15.3352,0.0000,0.0000,0.0000,0.0000,False,False,False,False,False,0.0000,False
15.3746,0.0000,0.0000,0.0000,0.0000,False,False,False,False,False,0.0000,False
15.4145,0.0000,0.0000,0.0000,0.0000,False,False,False,False,False,0.0000,False
15.4538,0.0000,0.0000,0.0000,0.0000,False,False,False,False,False,0.0000,False
15.4933,0.0000,0.0000,0.0000,0.0000,False,False,False,False,False,0.0000,False
15.5324,0.0000,0.0000,0.0000,0.0000,False,False,False,False,False,0.0000,False
15.5717,0.0000,0.0000,0.0000,0.0000,False,False,False,False,False,0.0000,False
15.6138,0.0000,0.0000,0.0000,0.0000,False,False,False,False,False,0.0000,False
15.6535,0.0000,0.0000,0.0000,0.0000,False,False,False,False,False,0.0000,False
15.6942,0.0000,0.0000,0.0000,0.0000,False,False,False,False,False,0.0000,False
15.7430,0.0000,0.0000,0.0000,0.0000,False,False,False,False,False,0.0000,False
15.7816,0.0000,0.0000,0.0000,0.0000,False,False,False,False,False,0.0000,False
15.8204,0.0000,0.0000,0.0000,0.0000,False,False,False,False,False,0.0000,False
15.8589,0.0000,0.0000,0.0000,0.0000,False,False,False,False,False,0.0000,False
15.8986,0.0000,0.0000,0.0000,0.0000,False,False,False,False,False,0.0000,False
15.9381,0.0000,0.0000,0.0000,0.0000,False,False,False,False,False,0.0000,False
15.9767,0.0000,0.0000,0.0000,0.0000,False,False,False,False,False,0.0000,False
16.0174,0.0000,0.0000,0.0000,0.0000,False,False,False,False,False,0.0000,False
16.0560,0.0000,0.0000,0.0000,0.0000,False,False,False,False,False,0.0000,False
16.0942,0.0000,0.0000,0.0000,0.0000,False,False,False,False,False,0.0000,False
16.1328,0.0000,0.0000,0.0000,0.0000,False,False,False,False,False,0.0000,False
16.1709,0.0000,0.0000,0.0000,0.0000,False,False,False,False,False,0.0000,False
16.2091,0.0000,0.0000,0.0000,0.0000,False,False,False,False,False,0.0000,False
16.2474,0.0000,0.0000,0.0000,0.0000,False,False,False,False,False,0.0000,False
16.2860,0.0000,0.0000,0.0000,0.0000,False,False,False,False,False,0.0000,False
16.3299,0.0000,0.0000,0.0000,0.0000,False,False,False,False,False,0.0000,False
16.3719,0.0000,0.0000,0.0001,0.0000,False,False,False,False,False,0.0000,False
16.4091,0.0000,0.0000,0.0000,0.0000,False,False,False,False,False,0.0000,False
16.4462,0.0000,0.0000,0.0000,0.0000,False,False,False,False,False,0.0000,False
16.4839,0.0000,0.0000,0.0001,0.0000,False,False,False,False,False,0.0000,False
16.5207,0.0000,0.0000,0.0001,0.0000,False,False,False,False,False,0.0000,False
16.5579,0.0000,0.0000,0.0001,0.0000,False,False,False,False,False,0.0000,False
16.5946,0.0000,0.0000,0.0001,0.0000,False,False,False,False,False,0.0000,False
16.6321,0.0000,0.0000,0.0001,0.0000,False,False,False,False,False,0.0000,False
16.6697,0.0000,0.0000,0.0001,0.0000,False,False,False,False,False,0.0000,False
16.7077,0.0000,0.0000,0.0001,0.0000,False,False,False,False,False,0.0000,False
16.7449,0.0000,0.0000,0.0000,0.0000,False,False,False,False,False,0.0000,False
16.7825,0.0000,0.0000,0.0000,0.0000,False,False,False,False,False,0.0000,False
16.8188,0.0000,0.0000,0.0000,0.0000,False,False,False,False,False,0.0000,False
16.8546,0.0000,0.0000,0.0000,0.0000,False,False,False,False,False,0.0000,False
16.8945,0.0000,0.0000,0.0000,0.0000,False,False,False,False,False,0.0000,False
16.9354,0.0000,0.0000,0.0000,0.0000,False,False,False,False,False,0.0000,False
16.9712,0.0000,0.0000,0.0000,0.0000,False,False,False,False,False,0.0000,False
17.0088,0.0000,0.0000,0.0001,0.0000,False,False,False,False,False,0.0000,False
17.0442,0.0000,0.0000,0.0001,0.0000,False,False,False,False,False,0.0000,False
17.0795,0.0000,0.0000,0.0001,0.0000,False,False,False,False,False,0.0000,False
17.1143,0.0000,0.0000,0.0000,0.0000,False,False,False,False,False,0.0000,False
17.1488,0.0000,0.0000,0.0000,0.0000,False,False,False,False,False,0.0000,False
17.1837,0.0000,0.0000,0.0000,0.0000,False,False,False,False,False,0.0000,False
17.2184,0.0000,0.0000,0.0000,0.0000,False,False,False,False,False,0.0000,False
17.2527,0.0000,0.0000,0.0000,0.0000,False,False,False,False,False,0.0000,False
17.2871,0.0000,0.0000,0.0000,0.0000,False,False,False,False,False,0.0000,False
17.3217,0.0000,0.0000,0.0000,0.0000,False,False,False,False,False,0.0000,False
17.3564,0.0000,0.0000,0.0000,0.0000,False,False,False,False,False,0.0000,False
17.3906,0.0000,0.0000,0.0000,0.0000,False,False,False,False,False,0.0000,False
17.4292,0.0000,0.0000,0.0000,0.0000,False,False,False,False,False,0.0000,False
17.4698,0.0000,0.0000,0.0000,0.0000,False,False,False,False,False,0.0000,False
17.5038,0.0000,0.0000,0.0000,0.0000,False,False,False,False,False,0.0000,False
17.5403,0.0000,0.0000,0.0000,0.0000,False,False,False,False,False,0.0000,False
17.5767,0.0000,0.0000,0.0000,0.0000,False,False,False,False,False,0.0000,False
17.6107,0.0000,0.0000,0.0000,0.0000,False,False,False,False,False,0.0000,False
17.6450,0.0000,0.0000,0.0000,0.0000,False,False,False,False,False,0.0000,False
17.6802,0.0000,0.0000,0.0000,0.0000,False,False,False,False,False,0.0000,False
17.7155,0.0000,0.0000,0.0000,0.0000,False,False,False,False,False,0.0000,False
17.7504,0.0000,0.0000,0.0000,0.0000,False,False,False,False,False,0.0000,False
17.7872,0.0000,0.0000,0.0000,0.0000,False,False,False,False,False,0.0000,False
17.8220,0.0000,0.0000,0.0000,0.0000,False,False,False,False,False,0.0000,False
17.8567,0.0000,0.0000,0.0000,0.0000,False,False,False,False,False,0.0000,False
17.8911,0.0000,0.0000,0.0000,0.0000,False,False,False,False,False,0.0000,False
17.9286,0.0000,0.0000,0.0000,0.0000,False,False,False,False,False,0.0000,False
17.9629,0.0000,0.0000,0.0000,0.0000,False,False,False,False,False,0.0000,False
18.0015,0.0000,0.0000,0.0000,0.0000,False,False,False,False,False,0.0000,False
18.0417,0.0000,0.0000,0.0000,0.0000,False,False,False,False,False,0.0000,False
18.0762,0.0000,0.0000,0.0000,0.0000,False,False,False,False,False,0.0000,False
18.1109,0.0000,0.0000,0.0000,0.0000,False,False,False,False,False,0.0000,False
18.1456,0.0000,0.0000,0.0000,0.0000,False,False,False,False,False,0.0000,False
18.1815,0.0000,0.0000,0.0000,0.0000,False,False,False,False,False,0.0000,False
18.2172,0.0000,0.0000,0.0000,0.0000,False,False,False,False,False,0.0000,False
18.2524,0.0000,0.0000,0.0000,0.0000,False,False,False,False,False,0.0000,False
18.2871,0.0000,0.0000,0.0000,0.0000,False,False,False,False,False,0.0000,False
18.3216,0.0000,0.0000,0.0000,0.0000,False,False,False,False,False,0.0000,False
18.3561,0.0000,0.0000,0.0000,0.0000,False,False,False,False,False,0.0000,False
18.3902,0.0000,0.0000,0.0000,0.0000,False,False,False,False,False,0.0000,False
18.4247,0.0000,0.0000,0.0000,0.0000,False,False,False,False,False,0.0000,False
18.4594,0.0000,0.0000,0.0000,0.0000,False,False,False,False,False,0.0000,False
18.4937,0.0000,0.0000,0.0000,0.0000,False,False,False,False,False,0.0000,False
18.5280,0.0000,0.0000,0.0000,0.0000,False,False,False,False,False,0.0000,False
18.5694,0.0000,0.0000,0.0000,0.0000,False,False,False,False,False,0.0000,False
18.6036,0.0000,0.0000,0.0000,0.0000,False,False,False,False,False,0.0000,False
18.6381,0.0000,0.0000,0.0000,0.0000,False,False,False,False,False,0.0000,False
18.6722,0.0000,0.0000,0.0000,0.0000,False,False,False,False,False,0.0000,False
18.7079,0.0000,0.0000,0.0000,0.0000,False,False,False,False,False,0.0000,False
18.7432,0.0000,0.0000,0.0000,0.0000,False,False,False,False,False,0.0000,False
18.7783,0.0000,0.0000,0.0000,0.0000,False,False,False,False,False,0.0000,False
18.8137,0.0000,0.0000,0.0000,0.0000,False,False,False,False,False,0.0000,False
18.8486,0.0000,0.0000,0.0000,0.0000,False,False,False,False,False,0.0000,False
18.8840,0.0000,0.0000,0.0000,0.0000,False,False,False,False,False,0.0000,False
18.9203,0.0000,0.0000,0.0000,0.0000,False,False,False,False,False,0.0000,False
18.9559,0.0000,0.0000,0.0000,0.0000,False,False,False,False,False,0.0000,False
18.9907,0.0000,0.0000,0.0000,0.0000,False,False,False,False,False,0.0000,False
19.0266,0.0000,0.0000,0.0000,0.0000,False,False,False,False,False,0.0000,False
19.0619,0.0000,0.0000,0.0000,0.0000,False,False,False,False,False,0.0000,False
19.1063,0.0000,0.0000,0.0000,0.0000,False,False,False,False,False,0.0000,False
19.1405,0.0000,0.0000,0.0000,0.0000,False,False,False,False,False,0.0000,False
19.1753,0.0000,0.0000,0.0000,0.0000,False,False,False,False,False,0.0000,False
19.2097,0.0000,0.0000,0.0000,0.0000,False,False,False,False,False,0.0000,False
19.2447,0.0000,0.0000,0.0000,0.0000,False,False,False,False,False,0.0000,False
19.2799,0.0000,0.0000,0.0000,0.0000,False,False,False,False,False,0.0000,False
19.3144,0.0000,0.0000,0.0000,0.0000,False,False,False,False,False,0.0000,False
19.3491,0.0000,0.0000,0.0000,0.0000,False,False,False,False,False,0.0000,False
19.3836,0.0000,0.0000,0.0000,0.0000,False,False,False,False,False,0.0000,False
19.4180,0.0000,0.0000,0.0000,0.0000,False,False,False,False,False,0.0000,False
19.4528,0.0000,0.0000,0.0000,0.0000,False,False,False,False,False,0.0000,False
19.4897,0.0000,0.0000,0.0000,0.0000,False,False,False,False,False,0.0000,False
19.5249,0.0000,0.0000,0.0000,0.0000,False,False,False,False,False,0.0000,False
19.5598,0.0000,0.0000,0.0000,0.0000,False,False,False,False,False,0.0000,False
19.5941,0.0000,0.0000,0.0000,0.0000,False,False,False,False,False,0.0000,False
19.6286,0.0000,0.0000,0.0000,0.0000,False,False,False,False,False,0.0000,False
19.6669,0.0000,0.0000,0.0000,0.0000,False,False,False,False,False,0.0000,False
19.7066,0.0000,0.0000,0.0000,0.0000,False,False,False,False,False,0.0000,False
19.7427,0.0000,0.0000,0.0000,0.0000,False,False,False,False,False,0.0000,False
19.7776,0.0000,0.0000,0.0000,0.0000,False,False,False,False,False,0.0000,False
19.8121,0.0000,0.0000,0.0000,0.0000,False,False,False,False,False,0.0000,False
19.8487,0.0000,0.0000,0.0000,0.0000,False,False,False,False,False,0.0000,False
19.8830,0.0000,0.0000,0.0000,0.0000,False,False,False,False,False,0.0000,False
19.9176,0.0000,0.0000,0.0000,0.0000,False,False,False,False,False,0.0000,False
19.9516,0.0000,0.0000,0.0001,0.0000,False,False,False,False,False,0.0000,False
19.9860,0.0000,0.0000,0.0000,0.0000,False,False,False,False,False,0.0000,False
20.0204,0.0000,0.0000,0.0000,0.0000,False,False,False,False,False,0.0000,False
20.0552,0.0000,0.0000,0.0000,0.0000,False,False,False,False,False,0.0000,False
20.0896,0.0000,0.0000,0.0000,0.0000,False,False,False,False,False,0.0000,False
20.1242,0.0000,0.0000,0.0000,0.0000,False,False,False,False,False,0.0000,False
20.1588,0.0000,0.0000,0.0000,0.0000,False,False,False,False,False,0.0000,False
20.1962,0.0000,0.0000,0.0000,0.0000,False,False,False,False,False,0.0000,False
20.2355,0.0000,0.0000,0.0000,0.0000,False,False,False,False,False,0.0000,False
20.2696,0.0000,0.0000,0.0000,0.0000,False,False,False,False,False,0.0000,False
20.3037,0.0000,0.0000,0.0000,0.0000,False,False,False,False,False,0.0000,False
20.3382,0.0000,0.0000,0.0000,0.0000,False,False,False,False,False,0.0000,False
20.3722,0.0000,0.0000,0.0000,0.0000,False,False,False,False,False,0.0000,False
20.4067,0.0000,0.0000,0.0000,0.0000,False,False,False,False,False,0.0000,False
20.4410,0.0000,0.0000,0.0000,0.0000,False,False,False,False,False,0.0000,False
20.4758,0.0000,0.0000,0.0000,0.0000,False,False,False,False,False,0.0000,False
20.5110,0.0000,0.0000,0.0000,0.0000,False,False,False,False,False,0.0000,False
20.5463,0.0000,0.0000,0.0000,0.0000,False,False,False,False,False,0.0000,False
20.5903,0.0000,0.0000,0.0000,0.0000,False,False,False,False,False,0.0000,False
20.6300,0.0000,0.0000,0.0000,0.0000,False,False,False,False,False,0.0000,False
20.6683,0.0000,0.0000,0.0000,0.0000,False,False,False,False,False,0.0000,False
20.7099,0.0000,0.0000,0.0000,0.0000,False,False,False,False,False,0.0000,False
20.7556,0.0000,0.0000,0.0000,0.0000,False,False,False,False,False,0.0000,False
20.7979,0.0000,0.0000,0.0000,0.0000,False,False,False,False,False,0.0000,False
20.8420,0.0000,0.0000,0.0000,0.0000,False,False,False,False,False,0.0000,False
20.8878,0.0000,0.0000,0.0000,0.0000,False,False,False,False,False,0.0000,False
20.9294,0.0000,0.0000,0.0000,0.0000,False,False,False,False,False,0.0000,False
20.9663,0.0000,0.0000,0.0000,0.0000,False,False,False,False,False,0.0000,False
21.0037,0.0000,0.0000,0.0000,0.0000,False,False,False,False,False,0.0000,False
21.0422,0.0000,0.0000,0.0000,0.0000,False,False,False,False,False,0.0000,False
21.0833,0.0000,0.0000,0.0000,0.0000,False,False,False,False,False,0.0000,False
21.1248,0.0000,0.0000,0.0000,0.0000,False,False,False,False,False,0.0000,False
21.1635,0.0000,0.0000,0.0000,0.0000,False,False,False,False,False,0.0000,False
21.2058,0.0000,0.0000,0.0000,0.0000,False,False,False,False,False,0.0000,False
21.2446,0.0000,0.0000,0.0000,0.0000,False,False,False,False,False,0.0000,False
21.2828,0.0000,0.0000,0.0000,0.0000,False,False,False,False,False,0.0000,False
21.3209,0.0000,0.0000,0.0000,0.0000,False,False,False,False,False,0.0000,False
21.3587,0.0000,0.0000,0.0000,0.0000,False,False,False,False,False,0.0000,False
21.3960,0.0000,0.0000,0.0000,0.0000,False,False,False,False,False,0.0000,False
21.4347,0.0000,0.0000,0.0000,0.0000,False,False,False,False,False,0.0000,False
21.4830,0.0000,0.0000,0.0000,0.0000,False,False,False,False,False,0.0000,False
21.5573,0.0000,0.0000,0.0000,0.0000,False,False,False,False,False,0.0000,False
21.5939,0.0000,0.0000,0.0000,0.0000,False,False,False,False,False,0.0000,False
21.6340,0.0000,0.0000,0.0000,0.0000,False,False,False,False,False,0.0000,False
21.6759,0.0000,0.0000,0.0000,0.0000,False,False,False,False,False,0.0000,False
21.7149,0.0000,0.0000,0.0000,0.0000,False,False,False,False,False,0.0000,False
21.7537,0.0000,0.0000,0.0000,0.0000,False,False,False,False,False,0.0000,False
21.7909,0.0000,0.0000,0.0000,0.0000,False,False,False,False,False,0.0000,False
21.8282,0.0000,0.0000,0.0000,0.0000,False,False,False,False,False,0.0000,False
21.8651,0.0000,0.0000,0.0000,0.0000,False,False,False,False,False,0.0000,False
21.9022,0.0000,0.0000,0.0000,0.0000,False,False,False,False,False,0.0000,False
21.9392,0.0000,0.0000,0.0000,0.0000,False,False,False,False,False,0.0000,False
21.9762,0.0000,0.0000,0.0000,0.0000,False,False,False,False,False,0.0000,False
22.0137,0.0000,0.0000,0.0000,0.0000,False,False,False,False,False,0.0000,False
22.0578,0.0000,0.0000,0.0000,0.0000,False,False,False,False,False,0.0000,False
22.1041,0.0000,0.0000,0.0000,0.0000,False,False,False,False,False,0.0000,False
22.1422,0.0000,0.0000,0.0000,0.0000,False,False,False,False,False,0.0000,False
22.1823,0.0000,0.0000,0.0000,0.0000,False,False,False,False,False,0.0000,False
22.2217,0.0000,0.0000,0.0000,0.0000,False,False,False,False,False,0.0000,False
22.2624,0.0000,0.0000,0.0000,0.0000,False,False,False,False,False,0.0000,False
22.3002,0.0000,0.0000,0.0000,0.0000,False,False,False,False,False,0.0000,False
22.3375,0.0000,0.0000,0.0000,0.0000,False,False,False,False,False,0.0000,False
22.3773,0.0000,0.0000,0.0000,0.0000,False,False,False,False,False,0.0000,False
22.4148,0.0000,0.0000,0.0000,0.0000,False,False,False,False,False,0.0000,False
22.4523,0.0000,0.0000,0.0000,0.0000,False,False,False,False,False,0.0000,False
22.4895,0.0000,0.0000,0.0000,0.0000,False,False,False,False,False,0.0000,False
22.5270,0.0000,0.0000,0.0000,0.0000,False,False,False,False,False,0.0000,False
22.5646,0.0000,0.0000,0.0000,0.0000,False,False,False,False,False,0.0000,False
22.6016,0.0000,0.0000,0.0000,0.0000,False,False,False,False,False,0.0000,False
22.6417,0.0000,0.0000,0.0000,0.0000,False,False,False,False,False,0.0000,False
22.6879,0.0000,0.0000,0.0000,0.0000,False,False,False,False,False,0.0000,False
22.7267,0.0000,0.0000,0.0000,0.0000,False,False,False,False,False,0.0000,False
22.7636,0.0000,0.0000,0.0000,0.0000,False,False,False,False,False,0.0000,False
22.8028,0.0000,0.0000,0.0000,0.0000,False,False,False,False,False,0.0000,False
22.8416,0.0000,0.0000,0.0000,0.0000,False,False,False,False,False,0.0000,False
22.8794,0.0000,0.0000,0.0000,0.0000,False,False,False,False,False,0.0000,False
22.9170,0.0000,0.0000,0.0000,0.0000,False,False,False,False,False,0.0000,False
22.9554,0.0000,0.0000,0.0000,0.0000,False,False,False,False,False,0.0000,False
22.9933,0.0000,0.0000,0.0000,0.0000,False,False,False,False,False,0.0000,False
23.0325,0.0000,0.0000,0.0000,0.0000,False,False,False,False,False,0.0000,False
23.0711,0.0000,0.0000,0.0000,0.0000,False,False,False,False,False,0.0000,False
23.1117,0.0000,0.0000,0.0000,0.0000,False,False,False,False,False,0.0000,False
23.1515,0.0000,0.0000,0.0000,0.0000,False,False,False,False,False,0.0000,False
23.1908,0.0000,0.0000,0.0000,0.0000,False,False,False,False,False,0.0000,False
23.2314,0.0000,0.0000,0.0000,0.0000,False,False,False,False,False,0.0000,False
23.2740,0.0000,0.0000,0.0000,0.0000,False,False,False,False,False,0.0000,False
23.3115,0.0000,0.0000,0.0000,0.0000,False,False,False,False,False,0.0000,False
23.3489,0.0000,0.0000,0.0000,0.0000,False,False,False,False,False,0.0000,False
23.3856,0.0000,0.0000,0.0000,0.0000,False,False,False,False,False,0.0000,False
23.4237,0.0000,0.0000,0.0000,0.0000,False,False,False,False,False,0.0000,False
23.4629,0.0000,0.0000,0.0000,0.0000,False,False,False,False,False,0.0000,False
23.5005,0.0000,0.0000,0.0000,0.0000,False,False,False,False,False,0.0000,False
23.5382,0.0000,0.0000,0.0000,0.0000,False,False,False,False,False,0.0000,False
23.5772,0.0000,0.0000,0.0000,0.0000,False,False,False,False,False,0.0000,False
23.6195,0.0000,0.0000,0.0000,0.0000,False,False,False,False,False,0.0000,False
23.6602,0.0000,0.0000,0.0000,0.0000,False,False,False,False,False,0.0000,False
23.7011,0.0000,0.0000,0.0000,0.0000,False,False,False,False,False,0.0000,False
23.7397,0.0000,0.0000,0.0000,0.0000,False,False,False,False,False,0.0000,False
23.7826,0.0000,0.0000,0.0000,0.0000,False,False,False,False,False,0.0000,False
23.8268,0.0000,0.0000,0.0000,0.0000,False,False,False,False,False,0.0000,False
23.8649,0.0000,0.0000,0.0000,0.0000,False,False,False,False,False,0.0000,False
23.9032,0.0000,0.0000,0.0000,0.0000,False,False,False,False,False,0.0000,False
23.9409,0.0000,0.0000,0.0000,0.0000,False,False,False,False,False,0.0000,False
23.9790,0.0000,0.0000,0.0000,0.0000,False,False,False,False,False,0.0000,False
24.0197,0.0000,0.0000,0.0000,0.0000,False,False,False,False,False,0.0000,False
24.0585,0.0000,0.0000,0.0000,0.0000,False,False,False,False,False,0.0000,False
24.0970,0.0000,0.0000,0.0000,0.0000,False,False,False,False,False,0.0000,False
24.1408,0.0000,0.0000,0.0000,0.0000,False,False,False,False,False,0.0000,False
24.1809,0.0000,0.0000,0.0000,0.0000,False,False,False,False,False,0.0000,False
24.2200,0.0000,0.0000,0.0000,0.0000,False,False,False,False,False,0.0000,False
24.2610,0.0000,0.0000,0.0000,0.0000,False,False,False,False,False,0.0000,False
24.2992,0.0000,0.0000,0.0000,0.0000,False,False,False,False,False,0.0000,False
24.3373,0.0000,0.0000,0.0000,0.0000,False,False,False,False,False,0.0000,False
24.3795,0.0000,0.0000,0.0000,0.0000,False,False,False,False,False,0.0000,False
24.4251,0.0000,0.0000,0.0000,0.0000,False,False,False,False,False,0.0000,False
24.4631,0.0000,0.0000,0.0000,0.0000,False,False,False,False,False,0.0000,False
24.5018,0.0000,0.0000,0.0000,0.0000,False,False,False,False,False,0.0000,False
24.5426,0.0000,0.0000,0.0000,0.0000,False,False,False,False,False,0.0000,False
24.5809,0.0000,0.0000,0.0000,0.0000,False,False,False,False,False,0.0000,False
24.6231,0.0000,0.0000,0.0000,0.0000,False,False,False,False,False,0.0000,False
24.6662,0.0000,0.0000,0.0000,0.0000,False,False,False,False,False,0.0000,False
24.7085,0.0000,0.0000,0.0000,0.0000,False,False,False,False,False,0.0000,False
24.7514,0.0000,0.0000,0.0000,0.0000,False,False,False,False,False,0.0000,False
24.7970,0.0000,0.0000,0.0000,0.0000,False,False,False,False,False,0.0000,False
24.8475,0.0000,0.0000,0.0000,0.0000,False,False,False,False,False,0.0000,False
24.8942,0.0000,0.0000,0.0000,0.0000,False,False,False,False,False,0.0000,False
24.9425,0.0000,0.0000,0.0001,0.0000,False,False,False,False,False,0.0000,False
24.9915,0.0000,0.0000,0.0001,0.0000,False,False,False,False,False,0.0000,False
25.0451,0.0000,0.0000,0.0000,0.0000,False,False,False,False,False,0.0000,False
25.1004,0.0000,0.0000,0.0000,0.0000,False,False,False,False,False,0.0000,False
25.1549,0.0000,0.0000,0.0000,0.0000,False,False,False,False,False,0.0000,False
25.1985,0.0000,0.0000,0.0000,0.0000,False,False,False,False,False,0.0000,False
25.2419,0.0000,0.0000,0.0000,0.0000,False,False,False,False,False,0.0000,False
25.2852,0.0000,0.0000,0.0000,0.0000,False,False,False,False,False,0.0000,False
25.3313,0.0000,0.0000,0.0000,0.0000,False,False,False,False,False,0.0000,False
25.3816,0.0000,0.0000,0.0000,0.0000,False,False,False,False,False,0.0000,False
25.4296,0.0000,0.0000,0.0000,0.0000,False,False,False,False,False,0.0000,False
25.4775,0.0000,0.0000,0.0000,0.0000,False,False,False,False,False,0.0000,False
25.5209,0.0000,0.0000,0.0000,0.0000,False,False,False,False,False,0.0000,False
25.5623,0.0000,0.0000,0.0000,0.0000,False,False,False,False,False,0.0000,False
25.6043,0.0000,0.0000,0.0000,0.0000,False,False,False,False,False,0.0000,False
25.6465,0.0000,0.0000,0.0000,0.0000,False,False,False,False,False,0.0000,False
25.6876,0.0000,0.0000,0.0000,0.0000,False,False,False,False,False,0.0000,False
25.7362,0.0000,0.0000,0.0000,0.0000,False,False,False,False,False,0.0000,False
25.7750,0.0000,0.0000,0.0000,0.0000,False,False,False,False,False,0.0000,False
25.8150,0.0000,0.0000,0.0000,0.0000,False,False,False,False,False,0.0000,False
25.8552,0.0000,0.0000,0.0000,0.0000,False,False,False,False,False,0.0000,False
25.9003,0.0000,0.0000,0.0000,0.0000,False,False,False,False,False,0.0000,False
25.9465,0.0000,0.0000,0.0000,0.0000,False,False,False,False,False,0.0000,False
25.9868,0.0000,0.0000,0.0000,0.0000,False,False,False,False,False,0.0000,False
26.0300,0.0000,0.0000,0.0000,0.0000,False,False,False,False,False,0.0000,False
26.0729,0.0000,0.0000,0.0000,0.0000,False,False,False,False,False,0.0000,False
26.1134,0.0000,0.0000,0.0000,0.0000,False,False,False,False,False,0.0000,False
26.1571,0.0000,0.0000,0.0000,0.0000,False,False,False,False,False,0.0000,False
26.2069,0.0000,0.0000,0.0000,0.0000,False,False,False,False,False,0.0000,False
26.2540,0.0000,0.0000,0.0000,0.0000,False,False,False,False,False,0.0000,False
26.2995,0.0000,0.0000,0.0000,0.0000,False,False,False,False,False,0.0000,False
26.3481,0.0000,0.0000,0.0000,0.0000,False,False,False,False,False,0.0000,False
26.3983,0.0000,0.0000,0.0000,0.0000,False,False,False,False,False,0.0000,False
26.4476,0.0000,0.0000,0.0000,0.0000,False,False,False,False,False,0.0000,False
26.4930,0.0000,0.0000,0.0000,0.0000,False,False,False,False,False,0.0000,False
26.5395,0.0000,0.0000,0.0000,0.0000,False,False,False,False,False,0.0000,False
26.5888,0.0000,0.0000,0.0000,0.0000,False,False,False,False,False,0.0000,False
26.6384,0.0000,0.0000,0.0000,0.0000,False,False,False,False,False,0.0000,False
26.6885,0.0000,0.0000,0.0000,0.0000,False,False,False,False,False,0.0000,False
26.7362,0.0000,0.0000,0.0000,0.0000,False,False,False,False,False,0.0000,False
26.7865,0.0000,0.0000,0.0000,0.0000,False,False,False,False,False,0.0000,False
26.8403,0.0000,0.0000,0.0000,0.0000,False,False,True,False,False,0.0000,False
26.8928,0.0000,0.0000,0.0000,0.0000,False,False,True,False,False,121.5036,False
26.9429,0.0000,0.0000,0.0000,0.0000,False,False,True,False,False,119.9027,False
26.9938,0.0000,0.0000,0.0000,0.0000,False,False,True,False,False,118.4083,False
27.0405,0.0000,0.0000,0.0000,0.0000,False,False,True,False,False,116.9163,False
27.0924,0.0000,0.0000,0.0000,0.0000,False,False,True,False,False,115.5772,False
27.1387,0.0000,0.0000,0.0000,0.0000,False,False,True,False,False,114.1130,False
27.1884,0.0000,0.0000,0.0000,0.0000,False,False,True,False,False,112.8290,False
27.2338,0.0000,0.0000,0.0000,0.0000,False,False,True,False,False,111.4705,False
27.2787,0.0000,0.0000,0.0000,0.0000,False,False,True,False,False,110.2529,False
27.3283,0.0000,0.0000,0.0000,0.0000,False,False,True,False,False,109.0624,False
27.3759,0.0000,0.0000,0.0000,0.0000,False,False,True,False,False,107.7660,False
27.4251,0.0000,0.0000,0.0000,0.0000,False,False,True,False,False,106.5404,False
27.4717,0.0000,0.0000,0.0000,0.0000,False,False,True,False,False,105.2878,False
27.5195,0.0000,0.0000,0.0000,0.0000,False,False,True,False,False,104.1187,False
27.5689,0.0000,0.0000,0.0000,0.0000,False,False,True,False,False,102.9334,False
27.6148,0.0000,0.0000,0.0000,0.0000,False,False,True,False,False,101.7219,False
27.6638,0.0000,0.0000,0.0000,0.0000,False,False,True,False,False,100.6097,False
27.7149,0.0000,0.0000,0.0000,0.0000,False,False,True,False,False,99.4341,False
27.7682,0.0000,0.0000,0.0000,0.0000,False,False,True,False,False,98.2193,False
27.8212,0.0000,0.0000,0.0000,0.0000,False,False,True,False,False,96.9687,False
27.8736,0.0000,0.0000,0.0000,0.0000,False,False,True,False,False,95.7359,False
27.9254,0.0000,0.0000,0.0000,0.0000,False,False,True,False,False,94.5294,False
27.9729,0.0000,0.0000,0.0000,0.0000,False,False,True,False,False,93.3473,False
28.0219,0.0000,0.0000,0.0000,0.0000,False,False,True,False,False,92.2737,False
28.0716,0.0000,0.0000,0.0000,0.0000,False,False,True,False,False,91.1747,False
28.1193,0.0000,0.0000,0.0000,0.0000,False,False,True,False,False,90.0675,False
28.1692,0.0000,0.0000,0.0000,0.0000,False,False,True,False,False,89.0115,False
28.2199,0.0000,0.0000,0.0000,0.0000,False,False,True,False,False,87.9159,False
28.2710,0.0000,0.0000,0.0000,0.0000,False,False,True,False,False,86.8103,False
28.3202,0.0000,0.0000,0.0000,0.0000,False,False,True,False,False,85.7033,False
28.3672,0.0000,0.0000,0.0000,0.0000,False,False,True,False,False,84.6439,False
28.4204,0.0000,0.0000,0.0000,0.0000,False,False,True,False,False,83.6371,False
28.4754,0.0000,0.0000,0.0000,0.0000,False,False,True,False,False,82.5037,False
28.5275,0.0000,0.0000,0.0000,0.0000,False,False,True,False,False,81.3382,False
28.5766,0.0000,0.0000,0.0000,0.0000,False,False,True,False,False,80.2392,False
28.6240,0.0000,0.0000,0.0000,0.0000,False,False,True,False,False,79.2097,False
28.6734,0.0000,0.0000,0.0000,0.0000,False,False,True,False,False,78.2204,False
28.7277,0.0000,0.0000,0.0000,0.0000,False,False,True,False,False,77.1921,False
28.7818,0.0000,0.0000,0.0000,0.0000,False,False,True,False,False,76.0681,False
28.8334,0.0000,0.0000,0.0000,0.0000,False,False,True,False,False,74.9511,False
28.8880,0.0000,0.0000,0.0000,0.0000,False,False,True,False,False,73.8915,False
28.9455,0.0000,0.0000,0.0000,0.0000,False,False,True,False,False,72.7731,False
29.0007,0.0000,0.0000,0.0000,0.0000,False,False,True,False,False,71.6009,False
29.0586,0.0000,0.0000,0.0000,0.0000,False,False,True,False,False,70.4797,False
29.1159,0.0000,0.0000,0.0000,0.0000,False,False,True,False,False,69.3067,False
29.1747,0.0000,0.0000,0.0000,0.0000,False,False,True,False,False,68.1500,False
29.2401,0.0000,0.0000,0.0000,0.0000,False,False,True,False,False,66.9650,False
29.2969,0.0000,0.0000,0.0000,0.0000,False,False,True,False,False,65.6531,False
29.3565,0.0000,0.0000,0.0000,0.0000,False,False,True,False,False,64.5158,False
29.4140,0.0000,0.0000,0.0000,0.0000,False,False,True,False,False,63.3249,False
29.4743,0.0000,0.0000,0.0000,0.0000,False,False,True,False,False,62.1801,False
29.5294,0.0000,0.0000,0.0000,0.0000,False,False,True,False,False,60.9806,False
29.5871,0.0000,0.0000,0.0000,0.0000,False,False,True,False,False,59.8889,False
29.6451,0.0000,0.0000,0.0000,0.0000,False,False,True,False,False,58.7460,False
29.7063,0.0000,0.0000,0.0000,0.0000,False,False,True,False,False,57.6003,False
29.7706,0.0000,0.0000,0.0000,0.0000,False,False,True,False,False,56.3952,False
29.8359,0.0000,0.0000,0.0000,0.0000,False,False,True,False,False,55.1289,False
29.8965,0.0000,0.0000,0.0000,0.0000,False,False,True,False,False,53.8471,False
29.9628,0.0000,0.0000,0.0000,0.0000,False,False,True,False,False,52.6587,False
30.0322,0.0000,0.0000,0.0000,0.0000,False,False,True,False,False,51.3605,False
30.1020,0.0000,0.0000,0.0000,0.0000,False,False,True,False,False,50.0038,False
30.1666,0.0000,0.0000,0.0000,0.0000,False,False,True,False,False,48.6418,False
30.2318,0.0000,0.0000,0.0000,0.0000,False,False,True,False,False,47.3848,False
30.2949,0.0000,0.0000,0.0000,0.0000,False,False,True,False,False,46.1161,False
30.3606,0.0000,0.0000,0.0000,0.0000,False,False,True,False,False,44.8904,False
30.4258,0.0000,0.0000,0.0000,0.0000,False,False,True,False,False,43.6178,False
30.4933,0.0000,0.0000,0.0000,0.0000,False,False,True,False,False,42.3541,False
30.5599,0.0000,0.0000,0.0000,0.0000,False,False,True,False,False,41.0493,False
30.6258,0.0000,0.0000,0.0000,0.0000,False,False,True,False,False,39.7623,False
30.6904,0.0000,0.0000,0.0000,0.0000,False,False,True,False,False,38.4922,False
30.7596,0.0000,0.0000,0.0000,0.0000,False,False,True,False,False,37.2467,False
30.8282,0.0000,0.0000,0.0000,0.0000,False,False,True,False,False,35.9168,False
30.8929,0.0000,0.0000,0.0000,0.0000,False,False,True,False,False,34.5988,False
30.9702,0.0000,0.0000,0.0000,0.0000,False,False,True,False,False,33.3560,False
31.0432,0.0000,0.0000,0.0000,0.0000,False,False,True,False,False,31.8762,False
31.1396,0.0000,0.0000,0.0000,0.0000,False,False,True,False,False,30.4807,False
31.2050,0.0000,0.0000,0.0000,0.0000,False,False,True,False,False,28.6429,False
31.2759,0.0000,0.0000,0.0000,0.0000,False,False,True,False,False,27.3982,False
31.3448,0.0000,0.0000,0.0000,0.0000,False,False,True,False,False,26.0522,False
31.4112,0.0000,0.0000,0.0000,0.0000,False,False,True,False,False,24.7480,False
31.4823,0.0000,0.0000,0.0000,0.0000,False,False,True,False,False,23.4939,False
31.5511,0.0000,0.0000,0.0000,0.0000,False,False,True,False,False,22.1540,False
31.6170,0.0000,0.0000,0.0000,0.0000,False,False,True,False,False,20.8597,False
31.6848,0.0000,0.0000,0.0000,0.0000,False,False,True,False,False,19.6263,False
31.7550,0.0000,0.0000,0.0000,0.0000,False,False,True,False,False,18.3604,False
31.8229,0.0000,0.0000,0.0000,0.0000,False,False,True,False,False,17.0546,False
31.8958,0.0000,0.0000,0.0000,0.0000,False,False,True,False,False,15.7848,False
31.9677,0.0000,0.0000,0.0000,0.0000,False,False,True,False,False,14.4151,False
32.0488,0.0000,0.0000,0.0000,0.0000,False,False,True,False,False,13.0632,False
32.1197,0.0000,0.0000,0.0000,0.0000,False,False,True,False,False,11.5383,False
32.1900,0.0000,0.0000,0.0000,0.0000,False,False,True,False,False,10.1990,False
32.2647,0.0000,0.0000,0.0000,0.0000,False,False,True,False,False,8.8716,False
32.3349,0.0000,0.0000,0.0000,0.0000,False,False,True,False,False,7.4642,False
32.4055,0.0000,0.0000,0.0000,0.0000,False,False,True,False,False,6.1494,False
32.5041,0.0000,0.0000,0.0000,0.0000,False,False,True,False,False,4.8491,False
32.5721,0.0000,0.0000,0.0000,0.0000,False,False,True,False,False,3.1348,False
32.6378,0.0000,0.0000,0.0000,0.0000,False,False,True,False,False,2.1500,False
32.7034,0.0000,0.0000,0.0000,0.0000,False,False,True,False,False,1.7026,False
32.7728,0.0000,0.0000,0.0000,0.0000,False,False,True,False,False,2.0987,False
32.8414,0.0000,0.0000,0.0000,0.0000,False,False,True,False,False,3.0797,False
32.9106,0.0000,0.0000,0.0000,0.0000,False,False,True,False,False,4.2383,False
32.9879,0.0000,0.0000,0.0000,0.0000,False,False,True,False,False,5.4696,False
33.0556,0.0000,0.0000,0.0000,0.0000,False,False,True,False,False,6.8702,False
33.1238,0.0000,0.0000,0.0000,0.0000,False,False,True,False,False,8.1085,False
33.1917,0.0000,0.0000,0.0000,0.0000,False,False,True,False,False,9.3594,False
33.2616,0.0000,0.0000,0.0000,0.0000,False,False,True,False,False,10.6071,False
33.3273,0.0000,0.0000,0.0000,0.0000,False,False,True,False,False,11.8947,False
33.3904,0.0000,0.0000,0.0000,0.0000,False,False,True,False,False,13.1101,False
33.4549,0.0000,0.0000,0.0000,0.0000,False,False,True,False,False,14.2805,False
33.5133,0.0000,0.0000,0.0000,0.0000,False,False,True,False,False,15.4599,False
33.5736,0.0000,0.0000,0.0000,0.0000,False,False,True,False,False,16.5239,False
33.6349,0.0000,0.0000,0.0000,0.0000,False,False,True,False,False,17.6243,False
33.6909,0.0000,0.0000,0.0000,0.0000,False,False,True,False,False,18.7474,False
33.7534,0.0000,0.0000,0.0000,0.0000,False,False,True,False,False,19.7778,False
33.8123,0.0000,0.0000,0.0000,0.0000,False,False,True,False,False,20.9317,False
33.8689,0.0000,0.0000,0.0000,0.0000,False,False,True,False,False,22.0210,False
33.9182,0.0000,0.0000,0.0000,0.0000,False,False,True,False,False,23.0747,False
33.9652,0.0000,0.0000,0.0000,0.0000,False,False,True,False,False,23.9904,False
34.0149,0.0000,0.0000,0.0000,0.0000,False,False,True,False,False,24.8654,False
34.0607,0.0000,0.0000,0.0000,0.0000,False,False,True,False,False,25.7777,False
34.1070,0.0000,0.0000,0.0000,0.0000,False,False,True,False,False,26.6232,False
34.1528,0.0000,0.0000,0.0000,0.0000,False,False,True,False,False,27.4805,False
34.1980,0.0000,0.0000,0.0000,0.0000,False,False,True,False,False,28.3287,False
34.2460,0.0000,0.0000,0.0000,0.0000,False,False,True,False,False,29.1708,False
34.2936,0.0000,0.0000,0.0000,0.0000,False,False,True,False,False,30.0665,False
34.3425,0.0000,0.0000,0.0000,0.0000,False,False,True,False,False,30.9564,False
34.3898,0.0000,0.0000,0.0000,0.0000,False,False,True,False,False,31.8747,False
34.4341,0.0000,0.0000,0.0000,0.0000,False,False,True,False,False,32.7639,False
34.4782,0.0000,0.0000,0.0000,0.0000,False,False,True,False,False,33.5997,False
34.5273,0.0000,0.0000,0.0000,0.0000,False,False,True,False,False,34.4303,False
34.5763,0.0000,0.0000,0.0001,0.0000,False,False,True,False,False,35.3596,False
34.6193,0.0000,0.0000,0.0001,0.0000,False,False,True,False,False,36.2918,False
34.6627,0.0000,0.0000,0.0001,0.0000,False,False,True,False,False,37.1152,False
34.7081,0.0000,0.0000,0.0001,0.0000,False,False,True,False,False,37.9552,False
34.7544,0.0000,0.0000,0.0000,0.0000,False,False,True,False,False,38.8375,False
34.7987,0.0000,0.0000,0.0001,0.0000,False,False,True,False,False,39.7419,False
34.8444,0.0000,0.0000,0.0000,0.0000,False,False,True,False,False,40.6103,False
34.8883,0.0000,0.0000,0.0000,0.0000,False,False,True,False,False,41.5105,False
34.9303,0.0000,0.0000,0.0000,0.0000,False,False,True,False,False,42.3809,False
34.9725,0.0000,0.0000,0.0000,0.0000,False,False,True,False,False,43.2223,False
35.0140,0.0000,0.0000,0.0000,0.0000,False,False,True,False,False,44.0700,False
35.0561,0.0000,0.0000,0.0000,0.0000,False,False,True,False,False,44.9074,False
35.0982,0.0000,0.0000,0.0000,0.0000,False,False,True,False,False,45.7601,False
35.1402,0.0000,0.0000,0.0000,0.0000,False,False,True,False,False,46.6172,False
35.1863,0.0000,0.0000,0.0000,0.0000,False,False,True,False,False,47.4740,False
35.2347,0.0000,0.0000,0.0000,0.0000,False,False,True,False,False,48.4214,False
35.2807,0.0000,0.0000,0.0000,0.0000,False,False,True,False,False,49.4180,False
35.3266,0.0000,0.0000,0.0000,0.0000,False,False,True,False,False,50.3712,False
35.3727,0.0000,0.0000,0.0000,0.0000,False,False,True,False,False,51.3265,False
35.4134,0.0000,0.0000,0.0000,0.0000,False,False,True,False,False,52.2900,False
35.4526,0.0000,0.0000,0.0000,0.0000,False,False,True,False,False,53.1439,False
35.4909,0.0000,0.0000,0.0000,0.0000,False,False,True,False,False,53.9654,False
35.5295,0.0000,0.0000,0.0000,0.0000,False,False,True,False,False,54.7690,False
35.5681,0.0000,0.0000,0.0000,0.0000,False,False,True,False,False,55.5793,False
35.6059,0.0000,0.0000,0.0000,0.0000,False,False,True,False,False,56.3878,False
35.6439,0.0000,0.0000,0.0000,0.0000,False,False,True,False,False,57.1778,False
35.6816,0.0000,0.0000,0.0000,0.0000,False,False,True,False,False,57.9728,False
35.7228,0.0000,0.0000,0.0000,0.0000,False,False,True,False,False,58.7637,False
35.7609,0.0000,0.0000,0.0000,0.0000,False,False,True,False,False,59.6324,False
35.7994,0.0000,0.0000,0.0000,0.0000,False,False,True,False,False,60.4352,False
35.8392,0.0000,0.0000,0.0001,0.0000,False,False,True,False,False,61.2483,False
35.8794,0.0000,0.0000,0.0001,0.0000,False,False,True,False,False,62.0874,False
35.9247,0.0000,0.0000,0.0000,0.0000,False,False,True,False,False,62.9373,False
35.9642,0.0000,0.0000,0.0000,0.0000,False,False,True,False,False,63.8948,False
36.0014,0.0000,0.0000,0.0000,0.0000,False,False,True,False,False,64.7306,False
36.0381,0.0000,0.0000,0.0000,0.0000,False,False,True,False,False,65.5161,False
36.0751,0.0000,0.0000,0.0000,0.0000,False,False,True,False,False,66.2938,False
36.1126,0.0000,0.0000,0.0000,0.0000,False,False,True,False,False,67.0790,False
36.1497,0.0000,0.0000,0.0000,0.0000,False,False,True,False,False,67.8726,False
36.1874,0.0000,0.0000,0.0000,0.0000,False,False,True,False,False,68.6597,False
36.2277,0.0000,0.0000,0.0000,0.0000,False,False,True,False,False,69.4604,False
36.2656,0.0000,0.0000,0.0000,0.0000,False,False,True,False,False,70.3214,False
36.3036,0.0000,0.0000,0.0000,0.0000,False,False,True,False,False,71.1301,False
36.3430,0.0000,0.0000,0.0000,0.0000,False,False,True,False,False,71.9404,False
36.3816,0.0000,0.0000,0.0000,0.0000,False,False,True,False,False,72.7820,False
36.4181,0.0000,0.0000,0.0000,0.0000,False,False,True,False,False,73.6070,False
36.4542,0.0000,0.0000,0.0000,0.0000,False,False,True,False,False,74.3878,False
36.4981,0.0000,0.0000,0.0000,0.0000,False,False,True,False,False,75.1610,False
36.5339,0.0000,0.0000,0.0000,0.0000,False,False,True,False,False,76.1033,False
36.5702,0.0000,0.0000,0.0001,0.0000,False,False,True,False,False,76.8729,False
36.6062,0.0000,0.0000,0.0000,0.0000,False,False,True,False,False,77.6544,False
36.6425,0.0000,0.0000,0.0000,0.0000,False,False,True,False,False,78.4299,False
36.6792,0.0000,0.0000,0.0000,0.0000,False,False,True,False,False,79.2114,False
36.7156,0.0000,0.0000,0.0001,0.0000,False,False,True,False,False,80.0001,False
36.7542,0.0000,0.0000,0.0001,0.0000,False,False,True,False,False,80.7867,False
36.7896,0.0000,0.0000,0.0001,0.0000,False,False,True,False,False,81.6211,False
36.8284,0.0000,0.0000,0.0001,0.0000,False,False,True,False,False,82.3878,False
36.8655,0.0000,0.0000,0.0000,0.0000,False,False,True,False,False,83.2299,False
36.9014,0.0000,0.0000,0.0000,0.0000,False,False,True,False,False,84.0334,False
36.9368,0.0000,0.0000,0.0000,0.0000,False,False,True,False,False,84.8103,False
36.9722,0.0000,0.0000,0.0000,0.0000,False,False,True,False,False,85.5775,False
37.0107,0.0000,0.0000,0.0000,0.0000,False,False,True,False,False,86.3449,False
37.0505,0.0000,0.0000,0.0001,0.0000,False,False,True,False,False,87.1806,False
37.0860,0.0000,0.0000,0.0000,0.0000,False,False,True,False,False,88.0425,False
37.1213,0.0000,0.0000,0.0000,0.0000,False,False,True,False,False,88.8133,False
37.1571,0.0000,0.0000,0.0000,0.0000,False,False,True,False,False,89.5786,False
37.1919,0.0000,0.0000,0.0001,0.0000,False,False,True,False,False,90.3541,False
37.2300,0.0000,0.0000,0.0001,0.0000,False,False,True,False,False,91.1070,False
37.2651,0.0000,0.0000,0.0001,0.0000,False,False,True,False,False,91.9292,False
37.3005,0.0000,0.0000,0.0000,0.0000,False,False,True,False,False,92.6866,False
37.3360,0.0000,0.0000,0.0000,0.0000,False,False,True,False,False,93.4511,False
37.3727,0.0000,0.0000,0.0000,0.0000,False,False,True,False,False,94.2192,False
37.4093,0.0000,0.0000,0.0000,0.0000,False,False,True,False,False,95.0117,False
37.4449,0.0000,0.0000,0.0000,0.0000,False,False,True,False,False,95.8016,False
37.4799,0.0000,0.0000,0.0000,0.0000,False,False,True,False,False,96.5687,False
37.5148,0.0000,0.0000,0.0000,0.0000,False,False,True,False,False,97.3210,False
37.5571,0.0000,0.0000,0.0000,0.0000,False,False,True,False,False,98.0703,False
37.5920,0.0000,0.0000,0.0000,0.0000,False,False,True,False,False,98.9802,False
37.6268,0.0000,0.0000,0.0000,0.0000,False,False,True,False,False,99.7300,False
37.6612,0.0000,0.0000,0.0000,0.0000,False,False,True,False,False,100.4798,False
37.6964,0.0000,0.0000,0.0000,0.0000,False,False,True,False,False,101.2188,False
37.7368,0.0000,0.0000,0.0000,0.0000,False,False,True,False,False,101.9733,False
37.7727,0.0000,0.0000,0.0001,0.0000,False,False,True,False,False,102.8361,False
37.8072,0.0000,0.0000,0.0001,0.0000,False,False,True,False,False,103.6048,False
37.8422,0.0000,0.0000,0.0001,0.0000,False,False,True,False,False,104.3416,False
37.8917,0.0000,0.0000,0.0000,0.0000,False,False,True,False,False,105.0921,False
37.9258,0.0000,0.0000,0.0000,0.0000,False,False,True,False,False,106.1502,False
37.9603,0.0000,0.0000,0.0000,0.0000,False,False,True,False,False,106.8803,False
37.9947,0.0000,0.0000,0.0000,0.0000,False,False,True,False,False,107.6151,False
38.0292,0.0000,0.0000,0.0000,0.0000,False,False,True,False,False,108.3462,False
38.0641,0.0000,0.0000,0.0000,0.0000,False,False,True,False,False,109.0791,False
38.1030,0.0000,0.0000,0.0000,0.0000,False,False,True,False,False,109.8219,False
38.1437,0.0000,0.0000,0.0000,0.0000,False,False,True,False,False,110.6502,False
38.1787,0.0000,0.0000,0.0000,0.0000,False,False,True,False,False,111.5154,False
38.2142,0.0000,0.0000,0.0000,0.0000,False,False,True,False,False,112.2604,False
38.2531,0.0000,0.0000,0.0000,0.0000,False,False,True,False,False,113.0150,False
38.2905,0.0000,0.0000,0.0000,0.0000,False,False,True,False,False,113.8434,False
38.3302,0.0000,0.0000,0.0000,0.0000,False,False,True,False,False,114.6406,False
38.3700,0.0000,0.0000,0.0000,0.0000,False,False,True,False,False,115.4844,False
38.4133,0.0000,0.0000,0.0001,0.0000,False,False,True,False,False,116.3324,False
38.4517,0.0000,0.0000,0.0000,0.0000,False,False,True,False,False,117.2548,False
38.4892,0.0000,0.0000,0.0000,0.0000,False,False,True,False,False,118.0728,False
38.5251,0.0000,0.0000,0.0000,0.0000,False,False,True,False,False,118.8718,False
38.5626,0.0000,0.0000,0.0000,0.0000,False,False,True,False,False,119.6366,False
38.5987,0.0000,0.0000,0.0000,0.0000,False,False,True,False,False,120.4337,False
38.6377,0.0000,0.0000,0.0000,0.0000,False,False,True,False,False,121.2034,False
38.6784,0.0000,0.0000,0.0000,0.0000,False,False,True,False,False,122.0339,False
38.7138,0.0000,0.0000,0.0000,0.0000,False,False,True,False,False,122.9049,False
38.7506,0.0000,0.0000,0.0000,0.0000,False,False,True,False,False,123.6628,False
38.7863,0.0000,0.0000,0.0000,0.0000,False,False,True,False,False,124.4520,False
38.8260,0.0000,0.0000,0.0001,0.0000,False,False,True,False,False,125.2166,False
38.8662,0.0000,0.0000,0.0000,0.0000,False,False,True,False,False,126.0688,False
38.9054,0.0000,0.0000,0.0001,0.0000,False,False,True,False,False,126.9312,False
38.9415,0.0000,0.0000,0.0001,0.0000,False,False,True,False,False,127.7718,False
38.9795,0.0000,0.0000,0.0000,0.0000,False,False,True,False,False,128.5454,False
39.0182,0.0000,0.0000,0.0001,0.0000,False,False,True,False,False,129.3598,False
39.0546,0.0000,0.0000,0.0001,0.0000,False,False,True,False,False,130.1915,False
39.0914,0.0000,0.0000,0.0001,0.0000,False,False,True,False,False,130.9708,False
39.1278,0.0000,0.0000,0.0001,0.0000,False,False,True,False,False,131.7624,False
39.1644,0.0000,0.0000,0.0000,0.0000,False,False,True,False,False,132.5433,False
39.2040,0.0000,0.0000,0.0000,0.0000,False,False,True,False,False,133.3284,False
39.2481,0.0000,0.0000,0.0000,0.0000,False,False,True,False,False,134.1773,False
39.2842,0.0000,0.0000,0.0000,0.0000,False,False,True,False,False,135.1241,False
39.3236,0.0000,0.0000,0.0000,0.0000,False,False,True,False,False,135.8984,False
39.3626,0.0000,0.0000,0.0000,0.0000,False,False,True,False,False,136.7442,False
39.3997,0.0000,0.0000,0.0000,0.0000,False,False,True,False,False,137.5813,False
39.4388,0.0000,0.0000,0.0000,0.0000,False,False,True,False,False,138.3794,False
39.4754,0.0000,0.0000,0.0000,0.0000,False,False,True,False,False,139.2177,False
39.5119,0.0000,0.0000,0.0000,0.0000,False,False,True,False,False,140.0043,False
39.5484,0.0000,0.0000,0.0000,0.0000,False,False,True,False,False,140.7872,False
39.5854,0.0000,0.0000,0.0000,0.0000,False,False,True,False,False,141.5725,False
39.6246,0.0000,0.0000,0.0000,0.0000,False,False,True,False,False,142.3661,False
39.6632,0.0000,0.0000,0.0000,0.0000,False,False,True,False,False,143.2085,False
39.7021,0.0000,0.0000,0.0000,0.0000,False,False,True,False,False,144.0433,False
39.7405,0.0000,0.0000,0.0000,0.0000,False,False,True,False,False,144.8850,False
39.7813,0.0000,0.0000,0.0000,0.0000,False,False,True,False,False,145.7164,False
39.8272,0.0000,0.0000,0.0000,0.0000,False,False,True,False,False,146.5996,False
39.8682,0.0000,0.0000,0.0000,0.0000,False,False,True,False,False,147.5933,False
39.9087,0.0000,0.0000,0.0000,0.0000,False,False,True,False,False,148.4809,False
39.9492,0.0000,0.0000,0.0000,0.0000,False,False,True,False,False,149.3561,False
39.9864,0.0000,0.0000,0.0000,0.0000,False,False,True,False,False,150.2337,False
40.0269,0.0000,0.0000,0.0000,0.0000,False,False,True,False,False,151.0399,False
40.0642,0.0000,0.0000,0.0000,0.0000,False,False,True,False,False,151.9157,False
40.1014,0.0000,0.0000,0.0000,0.0000,False,False,True,False,False,152.7240,False
40.1412,0.0000,0.0000,0.0000,0.0000,False,False,True,False,False,153.5272,False
40.1818,0.0000,0.0000,0.0000,0.0000,False,False,True,False,False,154.3889,False
40.2222,0.0000,0.0000,0.0000,0.0000,False,False,True,False,False,155.2695,False
40.2627,0.0000,0.0000,0.0000,0.0000,False,False,True,False,False,156.1444,False
40.2996,0.0000,0.0000,0.0000,0.0000,False,False,True,False,False,157.0211,False
40.3394,0.0000,0.0000,0.0000,0.0000,False,False,True,False,False,157.8191,False
40.3765,0.0000,0.0000,0.0000,0.0000,False,False,True,False,False,158.6816,False
40.4224,0.0000,0.0000,0.0000,0.0000,False,False,True,False,False,159.4837,False
40.4588,0.0000,0.0000,0.0000,0.0000,False,False,True,False,False,160.4780,False
40.4955,0.0000,0.0000,0.0000,0.0000,False,False,True,False,False,161.2698,False
40.5350,0.0000,0.0000,0.0000,0.0000,False,False,True,False,False,162.0662,False
40.5743,0.0000,0.0000,0.0000,0.0000,False,False,True,False,False,162.9251,False
40.6398,0.0000,0.0000,0.0000,0.0000,False,False,True,False,False,163.7778,False
40.6750,0.0000,0.0000,0.0000,0.0000,False,False,True,False,False,165.2022,False
40.7109,0.0000,0.0000,0.0000,0.0000,False,False,True,False,False,165.9677,False
40.7470,0.0000,0.0000,0.0000,0.0000,False,False,True,False,False,166.7478,False
40.7832,0.0000,0.0000,0.0000,0.0000,False,False,True,False,False,167.5325,False
40.8199,0.0000,0.0000,0.0000,0.0000,False,False,True,False,False,168.3191,False
40.8566,0.0000,0.0000,0.0000,0.0000,False,False,True,False,False,169.1149,False
40.8929,0.0000,0.0000,0.0000,0.0000,False,False,True,False,False,169.9135,False
40.9288,0.0000,0.0000,0.0000,0.0000,False,False,True,False,False,170.7025,False
40.9684,0.0000,0.0000,0.0000,0.0000,False,False,True,False,False,171.4820,False
41.0098,0.0000,0.0000,0.0000,0.0000,False,False,True,False,False,172.3435,False
41.0457,0.0000,0.0000,0.0000,0.0000,False,False,True,False,False,173.2428,False
41.0847,0.0000,0.0000,0.0000,0.0000,False,False,True,False,False,174.0245,False
41.1217,0.0000,0.0000,0.0000,0.0000,False,False,True,False,False,174.8701,False
41.1583,0.0000,0.0000,0.0000,0.0000,False,False,True,False,False,175.6746,False
41.1944,0.0000,0.0000,0.0000,0.0000,False,False,True,False,False,176.4705,False
41.2308,0.0000,0.0000,0.0000,0.0000,False,False,True,False,False,177.2565,False
41.2685,0.0000,0.0000,0.0000,0.0000,False,False,True,False,False,178.0460,False
41.3077,0.0000,0.0000,0.0000,0.0000,False,False,True,False,False,178.8656,False
41.3444,0.0000,0.0000,0.0000,0.0000,False,False,True,False,False,179.7192,False
41.3819,0.0000,0.0000,0.0000,0.0000,False,False,True,False,False,180.5173,False
41.4185,0.0000,0.0000,0.0000,0.0000,False,False,True,False,False,181.3324,False
41.4552,0.0000,0.0000,0.0000,0.0000,False,False,True,False,False,182.1261,False
41.4917,0.0000,0.0000,0.0000,0.0000,False,False,True,False,False,182.9195,False
41.5318,0.0000,0.0000,0.0000,0.0000,False,False,True,False,False,183.7096,False
41.5737,0.0000,0.0000,0.0000,0.0000,False,False,True,False,False,184.5770,False
41.6102,0.0000,0.0000,0.0000,0.0000,False,False,True,False,False,185.4829,False
41.6464,0.0000,0.0000,0.0000,0.0000,False,False,True,False,False,186.2741,False
41.6821,0.0000,0.0000,0.0000,0.0000,False,False,True,False,False,187.0533,False
41.7203,0.0000,0.0000,0.0000,0.0000,False,False,True,False,False,187.8245,False
41.7567,0.0000,0.0000,0.0000,0.0000,False,False,True,False,False,188.6476,False
41.7951,0.0000,0.0000,0.0001,0.0000,False,False,True,False,False,189.4287,False
41.8338,0.0000,0.0000,0.0000,0.0000,False,False,True,False,False,190.2532,False
41.8698,0.0000,0.0000,0.0000,0.0000,False,False,True,False,False,191.0849,False
41.9078,0.0000,0.0000,0.0000,0.0000,False,False,True,False,False,191.8592,False
41.9442,0.0000,0.0000,0.0000,0.0000,False,False,True,False,False,192.6746,False
41.9840,0.0000,0.0000,0.0000,0.0000,False,False,True,False,False,193.4577,False
42.0234,0.0000,0.0000,0.0000,0.0000,False,False,True,False,False,194.3121,False
42.0630,0.0000,0.0000,0.0000,0.0000,False,False,True,False,False,195.1594,False
42.1059,0.0000,0.0000,0.0000,0.0000,False,False,True,False,False,196.0109,False
42.1477,0.0000,0.0000,0.0000,0.0000,False,False,True,False,False,196.9337,False
42.1838,0.0000,0.0000,0.0000,0.0000,False,False,True,False,False,197.8307,False
42.2225,0.0000,0.0000,0.0000,0.0000,False,False,True,False,False,198.6069,False
42.2610,0.0000,0.0000,0.0000,0.0000,False,False,True,False,False,199.4379,False
42.2993,0.0000,0.0000,0.0000,0.0000,False,False,True,False,False,200.2663,False
42.3370,0.0000,0.0000,0.0000,0.0000,False,False,True,False,False,201.0891,False
42.3727,0.0000,0.0000,0.0000,0.0000,False,False,True,False,False,201.9007,False
42.4090,0.0000,0.0000,0.0000,0.0000,False,False,True,False,False,202.6680,False
42.4478,0.0000,0.0000,0.0001,0.0000,False,False,True,False,False,203.4468,False
42.4846,0.0000,0.0000,0.0000,0.0000,False,False,True,False,False,204.2864,False
42.5225,0.0000,0.0000,0.0001,0.0000,False,False,True,False,False,205.0803,False
42.5616,0.0000,0.0000,0.0000,0.0000,False,False,True,False,False,205.9003,False
42.6020,0.0000,0.0000,0.0000,0.0000,False,False,True,False,False,206.7441,False
42.6412,0.0000,0.0000,0.0000,0.0000,False,False,True,False,False,207.6162,False
42.6806,0.0000,0.0000,0.0000,0.0000,False,False,True,False,False,208.4630,False
42.7274,0.0000,0.0000,0.0000,0.0000,False,False,True,False,False,209.3144,False
42.7747,0.0000,0.0000,0.0000,0.0000,False,False,True,False,False,210.3267,False
42.8211,0.0000,0.0000,0.0000,0.0000,False,False,True,False,False,211.3469,False
42.8690,0.0000,0.0000,0.0000,0.0000,False,False,True,False,False,212.3504,False
42.9178,0.0000,0.0000,0.0000,0.0000,False,False,True,False,False,213.3852,False
42.9658,0.0000,0.0000,0.0000,0.0000,False,False,True,False,False,214.4406,False
43.0081,0.0000,0.0000,0.0000,0.0000,False,False,True,False,False,215.4779,False
43.0500,0.0000,0.0000,0.0000,0.0000,False,False,True,False,False,216.3910,False
43.0880,0.0000,0.0000,0.0000,0.0000,False,False,True,False,False,217.2959,False
43.1260,0.0000,0.0000,0.0000,0.0000,False,False,True,False,False,218.1165,False
43.1680,0.0000,0.0000,0.0000,0.0000,False,False,True,False,False,218.9385,False
43.2164,0.0000,0.0000,0.0000,0.0000,False,False,True,False,False,219.8461,False
43.2623,0.0000,0.0000,0.0000,0.0000,False,False,True,False,False,220.8919,False
43.3082,0.0000,0.0000,0.0000,0.0000,False,False,True,False,False,221.8846,False
43.3554,0.0000,0.0000,0.0000,0.0000,False,False,True,False,False,222.8761,False
43.4031,0.0000,0.0000,0.0000,0.0000,False,False,True,False,False,223.8952,False
43.4423,0.0000,0.0000,0.0000,0.0000,False,False,True,False,False,224.9253,False
43.4812,0.0000,0.0000,0.0000,0.0000,False,False,True,False,False,225.7729,False
43.5211,0.0000,0.0000,0.0000,0.0000,False,False,True,False,False,226.6141,False
43.5592,0.0000,0.0000,0.0000,0.0000,False,False,True,False,False,227.4758,False
43.5999,0.0000,0.0000,0.0000,0.0000,False,False,True,False,False,228.3002,False
43.6378,0.0000,0.0000,0.0000,0.0000,False,False,True,False,False,229.1787,False
43.6778,0.0000,0.0000,0.0000,0.0000,False,False,True,False,False,229.9981,False
43.7161,0.0000,0.0000,0.0000,0.0000,False,False,True,False,False,230.8629,False
43.7552,0.0000,0.0000,0.0000,0.0000,False,False,True,False,False,231.6906,False
43.7990,0.0000,0.0000,0.0000,0.0000,False,False,True,False,False,232.5359,False
43.8406,0.0000,0.0000,0.0000,0.0000,False,False,True,False,False,233.4819,False
43.8804,0.0000,0.0000,0.0000,0.0000,False,False,True,False,False,234.3816,False
43.9203,0.0000,0.0000,0.0000,0.0000,False,False,True,False,False,235.2426,False
43.9659,0.0000,0.0000,0.0000,0.0000,False,False,True,False,False,236.1039,False
44.0114,0.0000,0.0000,0.0000,0.0000,False,False,True,False,False,237.0903,False
44.0548,0.0000,0.0000,0.0000,0.0000,False,False,True,False,False,238.0741,False
44.0984,0.0000,0.0000,0.0000,0.0000,False,False,True,False,False,239.0172,False
44.1434,0.0000,0.0000,0.0000,0.0000,False,False,True,False,False,239.9655,False
44.1880,0.0000,0.0000,0.0000,0.0000,False,False,True,False,False,240.9429,False
44.2321,0.0000,0.0000,0.0000,0.0000,False,False,True,False,False,241.9129,False
44.2797,0.0000,0.0000,0.0000,0.0000,False,False,True,False,False,242.8720,False
44.3268,0.0000,0.0000,0.0000,0.0000,False,False,True,False,False,243.9068,False
44.3738,0.0000,0.0000,0.0000,0.0000,False,False,True,False,False,244.9320,False
44.4186,0.0000,0.0000,0.0000,0.0000,False,False,True,False,False,245.9550,False
44.4630,0.0000,0.0000,0.0000,0.0000,False,False,True,False,False,246.9282,False
44.5102,0.0000,0.0000,0.0000,0.0000,False,False,True,False,False,247.8928,False
44.5565,0.0000,0.0000,0.0000,0.0000,False,False,True,False,False,248.9196,False
44.6016,0.0000,0.0000,0.0000,0.0000,False,False,True,False,False,249.9271,False
44.6568,0.0000,0.0000,0.0000,0.0000,False,False,True,False,False,250.9079,False
44.7067,0.0000,0.0000,0.0000,0.0000,False,False,False,True,False,250.9079,False
44.7544,0.0000,0.0000,0.0000,0.0000,False,False,False,True,False,140.1454,False
44.8007,0.0000,0.0000,0.0000,0.0000,False,False,False,True,False,138.6909,False
44.8434,0.0000,0.0000,0.0000,0.0000,False,False,False,True,False,137.3137,False
44.8869,0.0000,0.0000,0.0000,0.0000,False,False,False,True,False,136.0328,False
44.9297,0.0000,0.0000,0.0000,0.0000,False,False,False,True,False,134.8092,False
44.9734,0.0000,0.0000,0.0000,0.0000,False,False,False,True,False,133.6028,False
45.0146,0.0000,0.0000,0.0000,0.0000,False,False,False,True,False,132.4113,False
45.0568,0.0000,0.0000,0.0000,0.0000,False,False,False,True,False,131.2590,False
45.0988,0.0000,0.0000,0.0000,0.0000,False,False,False,True,False,130.1431,False
45.1431,0.0000,0.0000,0.0000,0.0000,False,False,False,True,False,129.0291,False
45.1865,0.0000,0.0000,0.0000,0.0000,False,False,False,True,False,127.9039,False
45.2313,0.0000,0.0000,0.0000,0.0000,False,False,False,True,False,126.7723,False
45.2823,0.0000,0.0000,0.0000,0.0000,False,False,False,True,False,125.6484,False
45.3300,0.0000,0.0000,0.0000,0.0000,False,False,False,True,False,124.4484,False
45.3724,0.0000,0.0000,0.0000,0.0000,False,False,False,True,False,123.2168,False
45.4172,0.0000,0.0000,0.0000,0.0000,False,False,False,True,False,122.1016,False
45.4610,0.0000,0.0000,0.0000,0.0000,False,False,False,True,False,121.0441,False
45.5044,0.0000,0.0000,0.0000,0.0000,False,False,False,True,False,119.9745,False
45.5466,0.0000,0.0000,0.0000,0.0000,False,False,False,True,False,118.9337,False
45.5894,0.0000,0.0000,0.0001,0.0000,False,False,False,True,False,117.9186,False
45.6319,0.0000,0.0000,0.0000,0.0000,False,False,False,True,False,116.9220,False
45.6765,0.0000,0.0000,0.0000,0.0000,False,False,False,True,False,115.9295,False
45.7198,0.0000,0.0000,0.0000,0.0000,False,False,False,True,False,114.9296,False
45.7642,0.0000,0.0000,0.0000,0.0000,False,False,False,True,False,113.9205,False
45.8131,0.0000,0.0000,0.0001,0.0000,False,False,False,True,False,112.9265,False
45.8590,0.0000,0.0000,0.0001,0.0000,False,False,False,True,False,111.8849,False
45.9023,0.0000,0.0000,0.0000,0.0000,False,False,False,True,False,110.8148,False
45.9517,0.0000,0.0000,0.0000,0.0000,False,False,False,True,False,109.8148,False
46.0011,0.0000,0.0000,0.0000,0.0000,False,False,False,True,False,108.8074,False
46.0463,0.0000,0.0000,0.0000,0.0000,False,False,False,True,False,107.7236,False
46.0892,0.0000,0.0000,0.0000,0.0000,False,False,False,True,False,106.6792,False
46.1349,0.0000,0.0000,0.0000,0.0000,False,False,False,True,False,105.7164,False
46.1815,0.0000,0.0000,0.0000,0.0000,False,False,False,True,False,104.7683,False
46.2281,0.0000,0.0000,0.0000,0.0000,False,False,False,True,False,103.7802,False
46.2771,0.0000,0.0000,0.0000,0.0000,False,False,False,True,False,102.7842,False
46.3249,0.0000,0.0000,0.0000,0.0000,False,False,False,True,False,101.7762,False
46.3728,0.0000,0.0000,0.0000,0.0000,False,False,False,True,False,100.7470,False
46.4214,0.0000,0.0000,0.0000,0.0000,False,False,False,True,False,99.7393,False
46.4677,0.0000,0.0000,0.0000,0.0000,False,False,False,True,False,98.7302,False
46.5133,0.0000,0.0000,0.0000,0.0000,False,False,False,True,False,97.7313,False
46.5601,0.0000,0.0000,0.0000,0.0000,False,False,False,True,False,96.7727,False
46.6066,0.0000,0.0000,0.0000,0.0000,False,False,False,True,False,95.8190,False
46.6613,0.0000,0.0000,0.0000,0.0000,False,False,False,True,False,94.8538,False
46.7106,0.0000,0.0000,0.0000,0.0000,False,False,False,True,False,93.8401,False
46.7572,0.0000,0.0000,0.0000,0.0000,False,False,False,True,False,92.7525,False
46.8084,0.0000,0.0000,0.0000,0.0000,False,False,False,True,False,91.7616,False
46.8610,0.0000,0.0000,0.0000,0.0000,False,False,False,True,False,90.7808,False
46.9129,0.0000,0.0000,0.0000,0.0000,False,False,False,True,False,89.7298,False
46.9680,0.0000,0.0000,0.0000,0.0000,False,False,False,True,False,88.6665,False
47.0207,0.0000,0.0000,0.0000,0.0000,False,False,False,True,False,87.5963,False
47.0738,0.0000,0.0000,0.0000,0.0000,False,False,False,True,False,86.4991,False
47.1267,0.0000,0.0000,0.0000,0.0000,False,False,False,True,False,85.4355,False
47.1824,0.0000,0.0000,0.0000,0.0000,False,False,False,True,False,84.3699,False
47.2378,0.0000,0.0000,0.0000,0.0000,False,False,False,True,False,83.2930,False
47.2972,0.0000,0.0000,0.0000,0.0000,False,False,False,True,False,82.1806,False
47.3545,0.0000,0.0000,0.0000,0.0000,False,False,False,True,False,81.0500,False
47.4217,0.0000,0.0000,0.0000,0.0000,False,False,False,True,False,79.8786,False
47.4921,0.0000,0.0000,0.0000,0.0000,False,False,False,True,False,78.6793,False
47.5588,0.0000,0.0000,0.0000,0.0000,False,False,False,True,False,77.3271,False
47.6267,0.0000,0.0000,0.0000,0.0000,False,False,False,True,False,75.9561,False
47.6946,0.0000,0.0000,0.0000,0.0000,False,False,False,True,False,74.6305,False
47.7577,0.0000,0.0000,0.0000,0.0000,False,False,False,True,False,73.2904,False
47.8304,0.0000,0.0000,0.0000,0.0000,False,False,False,True,False,71.9815,False
47.9028,0.0000,0.0000,0.0000,0.0000,False,False,False,True,False,70.6841,False
47.9685,0.0000,0.0000,0.0000,0.0000,False,False,False,True,False,69.2574,False
48.0349,0.0000,0.0000,0.0000,0.0000,False,False,False,True,False,67.8766,False
48.0997,0.0000,0.0000,0.0000,0.0000,False,False,False,True,False,66.5851,False
48.1649,0.0000,0.0000,0.0000,0.0000,False,False,False,True,False,65.2938,False
48.2322,0.0000,0.0000,0.0000,0.0000,False,False,False,True,False,64.0245,False
48.2968,0.0000,0.0000,0.0000,0.0000,False,False,False,True,False,62.7385,False
48.3685,0.0000,0.0000,0.0000,0.0000,False,False,False,True,False,61.4411,False
48.4355,0.0000,0.0000,0.0000,0.0000,False,False,False,True,False,60.1410,False
48.5045,0.0000,0.0000,0.0000,0.0000,False,False,False,True,False,58.7706,False
48.5726,0.0000,0.0000,0.0000,0.0000,False,False,False,True,False,57.4550,False
48.6433,0.0000,0.0000,0.0000,0.0000,False,False,False,True,False,56.1184,False
48.7086,0.0000,0.0000,0.0000,0.0000,False,False,False,True,False,54.7803,False
48.7748,0.0000,0.0000,0.0001,0.0000,False,False,False,True,False,53.4374,False
48.8484,0.0000,0.0000,0.0000,0.0000,False,False,False,True,False,52.1655,False
48.9173,0.0000,0.0000,0.0000,0.0000,False,False,False,True,False,50.8408,False
48.9860,0.0000,0.0000,0.0000,0.0000,False,False,False,True,False,49.4432,False
49.0549,0.0000,0.0000,0.0000,0.0000,False,False,False,True,False,48.1130,False
49.1235,0.0000,0.0000,0.0000,0.0000,False,False,False,True,False,46.7852,False
49.1970,0.0000,0.0000,0.0000,0.0000,False,False,False,True,False,45.4589,False
49.2675,0.0000,0.0000,0.0000,0.0000,False,False,False,True,False,44.1137,False
49.3411,0.0000,0.0000,0.0000,0.0000,False,False,False,True,False,42.7203,False
49.4130,0.0000,0.0000,0.0000,0.0000,False,False,False,True,False,41.3554,False
49.4847,0.0000,0.0000,0.0000,0.0000,False,False,False,True,False,39.9626,False
49.5563,0.0000,0.0000,0.0000,0.0000,False,False,False,True,False,38.5987,False
49.6351,0.0000,0.0000,0.0000,0.0000,False,False,False,True,False,37.2421,False
49.7084,0.0000,0.0000,0.0000,0.0000,False,False,False,True,False,35.8362,False
49.7809,0.0000,0.0000,0.0000,0.0000,False,False,False,True,False,34.3487,False
49.8586,0.0000,0.0000,0.0000,0.0000,False,False,False,True,False,32.9338,False
49.9406,0.0000,0.0000,0.0000,0.0000,False,False,False,True,False,31.4981,False
50.0195,0.0000,0.0000,0.0000,0.0000,False,False,False,True,False,29.9630,False
50.0916,0.0000,0.0000,0.0000,0.0000,False,False,False,True,False,28.3854,False
50.1648,0.0000,0.0000,0.0000,0.0000,False,False,False,True,False,26.8870,False
50.2438,0.0000,0.0000,0.0000,0.0000,False,False,False,True,False,25.4745,False
50.3228,0.0000,0.0000,0.0000,0.0000,False,False,False,True,False,24.0169,False
50.4037,0.0000,0.0000,0.0000,0.0000,False,False,False,True,False,22.4836,False
50.4834,0.0000,0.0000,0.0000,0.0000,False,False,False,True,False,20.9596,False
50.5624,0.0000,0.0000,0.0000,0.0000,False,False,False,True,False,19.4604,False
50.6392,0.0000,0.0000,0.0000,0.0000,False,False,False,True,False,18.0191,False
50.7067,0.0000,0.0000,0.0000,0.0000,False,False,False,True,False,16.6329,False
50.7744,0.0000,0.0000,0.0000,0.0000,False,False,False,True,False,15.3419,False
50.8518,0.0000,0.0000,0.0000,0.0000,False,False,False,True,False,14.2136,False
50.9169,0.0000,0.0000,0.0000,0.0000,False,False,False,True,False,13.1028,False
50.9765,0.0000,0.0000,0.0000,0.0000,False,False,False,True,False,11.9363,False
51.0344,0.0000,0.0000,0.0000,0.0000,False,False,False,True,False,11.0000,False
51.0916,0.0000,0.0000,0.0000,0.0000,False,False,False,True,False,10.1991,False
51.1462,0.0000,0.0000,0.0000,0.0000,False,False,False,True,False,9.4935,False
51.2003,0.0000,0.0000,0.0000,0.0000,False,False,False,True,False,8.8782,False
51.2566,0.0000,0.0000,0.0000,0.0000,False,False,False,True,False,8.3917,False
51.3159,0.0000,0.0000,0.0000,0.0000,False,False,False,True,False,8.0355,False
51.3719,0.0000,0.0000,0.0000,0.0000,False,False,False,True,False,7.8163,False
51.4268,0.0000,0.0000,0.0000,0.0000,False,False,False,True,False,7.7123,False
51.4823,0.0000,0.0000,0.0000,0.0000,False,False,False,True,False,7.7845,False
51.5394,0.0000,0.0000,0.0000,0.0000,False,False,False,True,False,8.0153,False
51.5900,0.0000,0.0000,0.0000,0.0000,False,False,False,True,False,8.3956,False
51.6420,0.0000,0.0000,0.0000,0.0000,False,False,False,True,False,8.8251,False
51.6910,0.0000,0.0000,0.0000,0.0000,False,False,False,True,False,9.3762,False
51.7385,0.0000,0.0000,0.0000,0.0000,False,False,False,True,False,9.9675,False
51.7853,0.0000,0.0000,0.0000,0.0000,False,False,False,True,False,10.5967,False
51.8329,0.0000,0.0000,0.0000,0.0000,False,False,False,True,False,11.2589,False
51.8794,0.0000,0.0000,0.0000,0.0000,False,False,False,True,False,11.9636,False
51.9249,0.0000,0.0000,0.0000,0.0000,False,False,False,True,False,12.6878,False
51.9708,0.0000,0.0000,0.0000,0.0000,False,False,False,True,False,13.4194,False
52.0168,0.0000,0.0000,0.0000,0.0000,False,False,False,True,False,14.1712,False
52.0630,0.0000,0.0000,0.0000,0.0000,False,False,False,True,False,14.9452,False
52.1092,0.0000,0.0000,0.0000,0.0000,False,False,False,True,False,15.7387,False
52.1570,0.0000,0.0000,0.0000,0.0000,False,False,False,True,False,16.5471,False
52.2097,0.0000,0.0000,0.0000,0.0000,False,False,False,True,False,17.3883,False
52.2561,0.0000,0.0000,0.0000,0.0000,False,False,False,True,False,18.3103,False
52.3011,0.0000,0.0000,0.0000,0.0000,False,False,False,True,False,19.2011,False
52.3455,0.0000,0.0000,0.0000,0.0000,False,False,False,True,False,20.0462,False
52.3903,0.0000,0.0000,0.0000,0.0000,False,False,False,True,False,20.8838,False
52.4351,0.0000,0.0000,0.0000,0.0000,False,False,False,True,False,21.7303,False
52.4793,0.0000,0.0000,0.0000,0.0000,False,False,False,True,False,22.5877,False
52.5235,0.0000,0.0000,0.0000,0.0000,False,False,False,True,False,23.4457,False
52.5679,0.0000,0.0000,0.0000,0.0000,False,False,False,True,False,24.3053,False
52.6115,0.0000,0.0000,0.0000,0.0000,False,False,False,True,False,25.1751,False
52.6548,0.0000,0.0000,0.0000,0.0000,False,False,False,True,False,26.0420,False
52.6977,0.0000,0.0000,0.0000,0.0000,False,False,False,True,False,26.9023,False
52.7409,0.0000,0.0000,0.0000,0.0000,False,False,False,True,False,27.7610,False
52.7854,0.0000,0.0000,0.0000,0.0000,False,False,False,True,False,28.6267,False
52.8338,0.0000,0.0000,0.0000,0.0000,False,False,False,True,False,29.5133,False
52.8841,0.0000,0.0000,0.0000,0.0000,False,False,False,True,False,30.4628,False
52.9304,0.0000,0.0000,0.0000,0.0000,False,False,False,True,False,31.4688,False
52.9743,0.0000,0.0000,0.0000,0.0000,False,False,False,True,False,32.4432,False
53.0189,0.0000,0.0000,0.0000,0.0000,False,False,False,True,False,33.3580,False
53.0638,0.0000,0.0000,0.0000,0.0000,False,False,False,True,False,34.2671,False
53.1091,0.0000,0.0000,0.0000,0.0000,False,False,False,True,False,35.1922,False
53.1540,0.0000,0.0000,0.0000,0.0000,False,False,False,True,False,36.1280,False
53.1984,0.0000,0.0000,0.0000,0.0000,False,False,False,True,False,37.0676,False
53.2431,0.0000,0.0000,0.0000,0.0000,False,False,False,True,False,38.0027,False
53.2878,0.0000,0.0000,0.0000,0.0000,False,False,False,True,False,38.9405,False
53.3308,0.0000,0.0000,0.0000,0.0000,False,False,False,True,False,39.8859,False
53.3745,0.0000,0.0000,0.0000,0.0000,False,False,False,True,False,40.8143,False
53.4171,0.0000,0.0000,0.0000,0.0000,False,False,False,True,False,41.7426,False
53.4596,0.0000,0.0000,0.0000,0.0000,False,False,False,True,False,42.6664,False
53.5027,0.0000,0.0000,0.0000,0.0000,False,False,False,True,False,43.5832,False
53.5479,0.0000,0.0000,0.0000,0.0000,False,False,False,True,False,44.5113,False
53.5946,0.0000,0.0000,0.0000,0.0000,False,False,False,True,False,45.4740,False
53.6366,0.0000,0.0000,0.0000,0.0000,False,False,False,True,False,46.4731,False
53.6785,0.0000,0.0000,0.0000,0.0000,False,False,False,True,False,47.4232,False
53.7199,0.0000,0.0000,0.0000,0.0000,False,False,False,True,False,48.3322,False
53.7617,0.0000,0.0000,0.0000,0.0000,False,False,False,True,False,49.2333,False
53.8042,0.0000,0.0000,0.0000,0.0000,False,False,False,True,False,50.1363,False
53.8464,0.0000,0.0000,0.0000,0.0000,False,False,False,True,False,51.0519,False
53.8884,0.0000,0.0000,0.0000,0.0000,False,False,False,True,False,51.9697,False
53.9300,0.0000,0.0000,0.0000,0.0000,False,False,False,True,False,52.8817,False
53.9719,0.0000,0.0000,0.0000,0.0000,False,False,False,True,False,53.7872,False
54.0132,0.0000,0.0000,0.0000,0.0000,False,False,False,True,False,54.6931,False
54.0547,0.0000,0.0000,0.0000,0.0000,False,False,False,True,False,55.5934,False
54.0953,0.0000,0.0000,0.0000,0.0000,False,False,False,True,False,56.4918,False
54.1358,0.0000,0.0000,0.0000,0.0000,False,False,False,True,False,57.3801,False
54.1835,0.0000,0.0000,0.0000,0.0000,False,False,False,True,False,58.2594,False
54.2238,0.0000,0.0000,0.0000,0.0000,False,False,False,True,False,59.2328,False
54.2839,0.0000,0.0000,0.0000,0.0000,False,False,False,True,False,60.1692,False
54.3243,0.0000,0.0000,0.0000,0.0000,False,False,False,True,False,61.3048,False
54.3662,0.0000,0.0000,0.0000,0.0000,False,False,False,True,False,62.3483,False
54.4066,0.0000,0.0000,0.0000,0.0000,False,False,False,True,False,63.2444,False
54.4468,0.0000,0.0000,0.0000,0.0000,False,False,False,True,False,64.1336,False
54.4898,0.0000,0.0000,0.0000,0.0000,False,False,False,True,False,65.0067,False
54.5286,0.0000,0.0000,0.0000,0.0000,False,False,False,True,False,65.9157,False
54.5680,0.0000,0.0000,0.0000,0.0000,False,False,False,True,False,66.7932,False
54.6103,0.0000,0.0000,0.0000,0.0000,False,False,False,True,False,67.6423,False
54.6492,0.0000,0.0000,0.0000,0.0000,False,False,False,True,False,68.5355,False
54.6879,0.0000,0.0000,0.0000,0.0000,False,False,False,True,False,69.4091,False
54.7268,0.0000,0.0000,0.0000,0.0000,False,False,False,True,False,70.2500,False
54.7656,0.0000,0.0000,0.0000,0.0000,False,False,False,True,False,71.0912,False
54.8112,0.0000,0.0000,0.0000,0.0000,False,False,False,True,False,71.9335,False
54.8501,0.0000,0.0000,0.0000,0.0000,False,False,False,True,False,72.8661,False
54.8880,0.0000,0.0000,0.0000,0.0000,False,False,False,True,False,73.7676,False
54.9259,0.0000,0.0000,0.0000,0.0000,False,False,False,True,False,74.5985,False
54.9636,0.0000,0.0000,0.0000,0.0000,False,False,False,True,False,75.4218,False
55.0016,0.0000,0.0000,0.0000,0.0000,False,False,False,True,False,76.2413,False
55.0392,0.0000,0.0000,0.0000,0.0000,False,False,False,True,False,77.0630,False
55.0760,0.0000,0.0000,0.0000,0.0000,False,False,False,True,False,77.8821,False
55.1128,0.0000,0.0000,0.0000,0.0000,False,False,False,True,False,78.6882,False
55.1503,0.0000,0.0000,0.0000,0.0000,False,False,False,True,False,79.4878,False
55.1867,0.0000,0.0000,0.0000,0.0000,False,False,False,True,False,80.2953,False
55.2233,0.0000,0.0000,0.0000,0.0000,False,False,False,True,False,81.0951,False
55.2592,0.0000,0.0000,0.0000,0.0000,False,False,False,True,False,81.8875,False
55.2968,0.0000,0.0000,0.0000,0.0000,False,False,False,True,False,82.6742,False
55.3362,0.0000,0.0000,0.0000,0.0000,False,False,False,True,False,83.4797,False
55.3771,0.0000,0.0000,0.0000,0.0000,False,False,False,True,False,84.3235,False
55.4128,0.0000,0.0000,0.0000,0.0000,False,False,False,True,False,85.2008,False
55.4482,0.0000,0.0000,0.0000,0.0000,False,False,False,True,False,86.0230,False
55.4837,0.0000,0.0000,0.0000,0.0000,False,False,False,True,False,86.7977,False
55.5195,0.0000,0.0000,0.0000,0.0000,False,False,False,True,False,87.5708,False
55.5541,0.0000,0.0000,0.0000,0.0000,False,False,False,True,False,88.3475,False
55.5892,0.0000,0.0000,0.0000,0.0000,False,False,False,True,False,89.1118,False
55.6245,0.0000,0.0000,0.0000,0.0000,False,False,False,True,False,89.8724,False
55.6599,0.0000,0.0000,0.0000,0.0000,False,False,False,True,False,90.6399,False
55.6947,0.0000,0.0000,0.0000,0.0000,False,False,False,True,False,91.4107,False
55.7299,0.0000,0.0000,0.0000,0.0000,False,False,False,True,False,92.1748,False
55.7646,0.0000,0.0000,0.0000,0.0000,False,False,False,True,False,92.9383,False
55.7989,0.0000,0.0000,0.0000,0.0000,False,False,False,True,False,93.6986,False
55.8333,0.0000,0.0000,0.0000,0.0000,False,False,False,True,False,94.4498,False
55.8685,0.0000,0.0000,0.0000,0.0000,False,False,False,True,False,95.1985,False
55.9112,0.0000,0.0000,0.0000,0.0000,False,False,False,True,False,95.9582,False
55.9456,0.0000,0.0000,0.0000,0.0000,False,False,False,True,False,96.8199,False
55.9802,0.0000,0.0000,0.0000,0.0000,False,False,False,True,False,97.6371,False
56.0144,0.0000,0.0000,0.0000,0.0000,False,False,False,True,False,98.3842,False
56.0487,0.0000,0.0000,0.0000,0.0000,False,False,False,True,False,99.1280,False
56.0835,0.0000,0.0000,0.0000,0.0000,False,False,False,True,False,99.8698,False
56.1183,0.0000,0.0000,0.0000,0.0000,False,False,False,True,False,100.6193,False
56.1527,0.0000,0.0000,0.0000,0.0000,False,False,False,True,False,101.3734,False
56.1889,0.0000,0.0000,0.0000,0.0000,False,False,False,True,False,102.1224,False
56.2262,0.0000,0.0000,0.0000,0.0000,False,False,False,True,False,102.8905,False
56.2642,0.0000,0.0000,0.0000,0.0000,False,False,False,True,False,103.6891,False
56.3040,0.0000,0.0000,0.0000,0.0000,False,False,False,True,False,104.5055,False
56.3416,0.0000,0.0000,0.0000,0.0000,False,False,False,True,False,105.3514,False
56.3789,0.0000,0.0000,0.0000,0.0000,False,False,False,True,False,106.1852,False
56.4159,0.0000,0.0000,0.0000,0.0000,False,False,False,True,False,106.9954,False
56.4603,0.0000,0.0000,0.0000,0.0000,False,False,False,True,False,107.7992,False
56.5001,0.0000,0.0000,0.0000,0.0000,False,False,False,True,False,108.6975,False
56.5366,0.0000,0.0000,0.0000,0.0000,False,False,False,True,False,109.5996,False
56.5721,0.0000,0.0000,0.0000,0.0000,False,False,False,True,False,110.4183,False
56.6070,0.0000,0.0000,0.0000,0.0000,False,False,False,True,False,111.1963,False
56.6417,0.0000,0.0000,0.0000,0.0000,False,False,False,True,False,111.9579,False
56.6773,0.0000,0.0000,0.0000,0.0000,False,False,False,True,False,112.7103,False
56.7115,0.0000,0.0000,0.0000,0.0000,False,False,False,True,False,113.4728,False
56.7458,0.0000,0.0000,0.0000,0.0000,False,False,False,True,False,114.2264,False
56.7831,0.0000,0.0000,0.0000,0.0000,False,False,False,True,False,114.9693,False
56.8177,0.0000,0.0000,0.0000,0.0000,False,False,False,True,False,115.7508,False
56.8520,0.0000,0.0000,0.0000,0.0000,False,False,False,True,False,116.5231,False
56.8898,0.0000,0.0000,0.0000,0.0000,False,False,False,True,False,117.2683,False
56.9244,0.0000,0.0000,0.0000,0.0000,False,False,False,True,False,118.0564,False
56.9626,0.0000,0.0000,0.0000,0.0000,False,False,False,True,False,118.8342,False
57.0047,0.0000,0.0000,0.0001,0.0000,False,False,False,True,False,119.6303,False
57.0392,0.0000,0.0000,0.0000,0.0000,False,False,False,True,False,120.5082,False
57.0761,0.0000,0.0000,0.0000,0.0000,False,False,False,True,False,121.3219,False
57.1106,0.0000,0.0000,0.0000,0.0000,False,False,False,True,False,122.1003,False
57.1447,0.0000,0.0000,0.0000,0.0000,False,False,False,True,False,122.8708,False
57.1795,0.0000,0.0000,0.0000,0.0000,False,False,False,True,False,123.6161,False
57.2134,0.0000,0.0000,0.0000,0.0000,False,False,False,True,False,124.3673,False
57.2482,0.0000,0.0000,0.0000,0.0000,False,False,False,True,False,125.1125,False
57.2838,0.0000,0.0000,0.0000,0.0000,False,False,False,True,False,125.8621,False
57.3186,0.0000,0.0000,0.0000,0.0000,False,False,False,True,False,126.6302,False
57.3530,0.0000,0.0000,0.0000,0.0000,False,False,False,True,False,127.3943,False
57.3874,0.0000,0.0000,0.0000,0.0000,False,False,False,True,False,128.1455,False
57.4217,0.0000,0.0000,0.0000,0.0000,False,False,False,True,False,128.8938,False
57.4569,0.0000,0.0000,0.0000,0.0000,False,False,False,True,False,129.6420,False
57.4944,0.0000,0.0000,0.0000,0.0000,False,False,False,True,False,130.3999,False
57.5338,0.0000,0.0000,0.0000,0.0000,False,False,False,True,False,131.1958,False
57.5677,0.0000,0.0000,0.0000,0.0000,False,False,False,True,False,132.0369,False
57.6052,0.0000,0.0000,0.0000,0.0000,False,False,False,True,False,132.8223,False
57.6394,0.0000,0.0000,0.0000,0.0000,False,False,False,True,False,133.6062,False
57.6734,0.0000,0.0000,0.0000,0.0000,False,False,False,True,False,134.3788,False
57.7075,0.0000,0.0000,0.0000,0.0000,False,False,False,True,False,135.1206,False
57.7423,0.0000,0.0000,0.0000,0.0000,False,False,False,True,False,135.8623,False
57.7767,0.0000,0.0000,0.0000,0.0000,False,False,False,True,False,136.6136,False
57.8108,0.0000,0.0000,0.0000,0.0000,False,False,False,True,False,137.3653,False
57.8458,0.0000,0.0000,0.0000,0.0000,False,False,False,True,False,138.1101,False
57.8804,0.0000,0.0000,0.0000,0.0000,False,False,False,True,False,138.8642,False
57.9165,0.0000,0.0000,0.0000,0.0000,False,False,False,True,False,139.6208,False
57.9515,0.0000,0.0000,0.0000,0.0000,False,False,False,True,False,140.3925,False
57.9862,0.0000,0.0000,0.0000,0.0000,False,False,False,True,False,141.1641,False
58.0204,0.0000,0.0000,0.0000,0.0000,False,False,False,True,False,141.9218,False
58.0577,0.0000,0.0000,0.0000,0.0000,False,False,False,True,False,142.6705,False
58.0992,0.0000,0.0000,0.0000,0.0000,False,False,False,True,False,143.4555,False
58.1359,0.0000,0.0000,0.0000,0.0000,False,False,False,True,False,144.3208,False
58.1701,0.0000,0.0000,0.0000,0.0000,False,False,False,True,False,145.1608,False
58.2048,0.0000,0.0000,0.0000,0.0000,False,False,False,True,False,145.9276,False
58.2406,0.0000,0.0000,0.0000,0.0000,False,False,False,True,False,146.6786,False
58.2768,0.0000,0.0000,0.0000,0.0000,False,False,False,True,False,147.4480,False
58.3121,0.0000,0.0000,0.0000,0.0000,False,False,False,True,False,148.2322,False
58.3593,0.0000,0.0000,0.0000,0.0000,False,False,False,True,False,149.0076,False
58.3936,0.0000,0.0000,0.0000,0.0000,False,False,False,True,False,149.9286,False
58.4307,0.0000,0.0000,0.0000,0.0000,False,False,False,True,False,150.7841,False
58.4648,0.0000,0.0000,0.0000,0.0000,False,False,False,True,False,151.5621,False
58.5020,0.0000,0.0000,0.0000,0.0000,False,False,False,True,False,152.3267,False
58.5419,0.0000,0.0000,0.0000,0.0000,False,False,False,True,False,153.1042,False
58.5819,0.0000,0.0000,0.0000,0.0000,False,False,False,True,False,153.9433,False
58.6293,0.0000,0.0000,0.0000,0.0000,False,False,False,True,False,154.8084,False
58.6678,0.0000,0.0000,0.0000,0.0000,False,False,False,True,False,155.7691,False
58.7101,0.0000,0.0000,0.0000,0.0000,False,False,False,True,False,156.6791,False
58.7461,0.0000,0.0000,0.0000,0.0000,False,False,False,True,False,157.5605,False
58.7839,0.0000,0.0000,0.0000,0.0000,False,False,False,True,False,158.3950,False
58.8204,0.0000,0.0000,0.0000,0.0000,False,False,False,True,False,159.1978,False
58.8573,0.0000,0.0000,0.0000,0.0000,False,False,False,True,False,159.9982,False
58.8938,0.0000,0.0000,0.0000,0.0000,False,False,False,True,False,160.7932,False
58.9320,0.0000,0.0000,0.0000,0.0000,False,False,False,True,False,161.5859,False
58.9699,0.0000,0.0000,0.0000,0.0000,False,False,False,True,False,162.3971,False
59.0080,0.0000,0.0000,0.0000,0.0000,False,False,False,True,False,163.2195,False
59.0459,0.0000,0.0000,0.0000,0.0000,False,False,False,True,False,164.0421,False
59.0840,0.0000,0.0000,0.0000,0.0000,False,False,False,True,False,164.8644,False
59.1215,0.0000,0.0000,0.0000,0.0000,False,False,False,True,False,165.6865,False
59.1596,0.0000,0.0000,0.0000,0.0000,False,False,False,True,False,166.5045,False
59.2048,0.0000,0.0000,0.0000,0.0000,False,False,False,True,False,167.3269,False
59.2426,0.0000,0.0000,0.0000,0.0000,False,False,False,True,False,168.2471,False
59.2815,0.0000,0.0000,0.0000,0.0000,False,False,False,True,False,169.1328,False
59.3196,0.0000,0.0000,0.0000,0.0000,False,False,False,True,False,169.9686,False
59.3612,0.0000,0.0000,0.0000,0.0000,False,False,False,True,False,170.8033,False
59.3990,0.0000,0.0000,0.0000,0.0000,False,False,False,True,False,171.6759,False
59.4363,0.0000,0.0000,0.0000,0.0000,False,False,False,True,False,172.5303,False
59.4742,0.0000,0.0000,0.0000,0.0000,False,False,False,True,False,173.3460,False
59.5123,0.0000,0.0000,0.0000,0.0000,False,False,False,True,False,174.1644,False
59.5509,0.0000,0.0000,0.0000,0.0000,False,False,False,True,False,174.9908,False
59.5893,0.0000,0.0000,0.0000,0.0000,False,False,False,True,False,175.8249,False
59.6278,0.0000,0.0000,0.0000,0.0000,False,False,False,True,False,176.6606,False
59.6659,0.0000,0.0000,0.0000,0.0000,False,False,False,True,False,177.4954,False
59.7336,0.0000,0.0000,0.0000,0.0000,False,False,False,True,False,178.3269,False
59.7723,0.0000,0.0000,0.0000,0.0000,False,False,False,True,False,179.5383,False
59.8183,0.0000,0.0000,0.0000,0.0000,False,False,False,True,False,180.6327,False
59.8568,0.0000,0.0000,0.0000,0.0000,False,False,False,True,False,181.5687,False
59.8960,0.0000,0.0000,0.0000,0.0000,False,False,False,True,False,182.4714,False
59.9353,0.0000,0.0000,0.0000,0.0000,False,False,False,True,False,183.3166,False
59.9745,0.0000,0.0000,0.0000,0.0000,False,False,False,True,False,184.1696,False
60.0141,0.0000,0.0000,0.0000,0.0000,False,False,False,True,False,185.0223,False
60.0577,0.0000,0.0000,0.0000,0.0000,False,False,False,True,False,185.8787,False
60.0972,0.0000,0.0000,0.0000,0.0000,False,False,False,True,False,186.7881,False
60.1368,0.0000,0.0000,0.0000,0.0000,False,False,False,True,False,187.6788,False
60.1767,0.0000,0.0000,0.0000,0.0000,False,False,False,True,False,188.5350,False
60.2168,0.0000,0.0000,0.0000,0.0000,False,False,False,True,False,189.3958,False
60.2573,0.0000,0.0000,0.0001,0.0000,False,False,False,True,False,190.2602,False
60.2980,0.0000,0.0000,0.0000,0.0000,False,False,False,True,False,191.1322,False
60.3384,0.0000,0.0000,0.0000,0.0000,False,False,False,True,False,192.0102,False
60.3783,0.0000,0.0000,0.0000,0.0000,False,False,False,True,False,192.8867,False
60.4188,0.0000,0.0000,0.0000,0.0000,False,False,False,True,False,193.7542,False
60.4659,0.0000,0.0000,0.0000,0.0000,False,False,False,True,False,194.6240,False
60.5056,0.0000,0.0000,0.0000,0.0000,False,False,False,True,False,195.5843,False
60.5453,0.0000,0.0000,0.0000,0.0000,False,False,False,True,False,196.5086,False
60.5867,0.0000,0.0000,0.0000,0.0000,False,False,False,True,False,197.3669,False
60.6263,0.0000,0.0000,0.0000,0.0000,False,False,False,True,False,198.2465,False
60.6657,0.0000,0.0000,0.0000,0.0000,False,False,False,True,False,199.1183,False
60.7096,0.0000,0.0000,0.0000,0.0000,False,False,False,True,False,199.9724,False
60.7491,0.0000,0.0000,0.0000,0.0000,False,False,False,True,False,200.8820,False
60.7891,0.0000,0.0000,0.0001,0.0000,False,False,False,True,False,201.7746,False
60.8285,0.0000,0.0000,0.0000,0.0000,False,False,False,True,False,202.6350,False
60.8684,0.0000,0.0000,0.0000,0.0000,False,False,False,True,False,203.4919,False
60.9118,0.0000,0.0000,0.0000,0.0000,False,False,False,True,False,204.3509,False
60.9516,0.0000,0.0000,0.0000,0.0000,False,False,False,True,False,205.2593,False
60.9952,0.0000,0.0000,0.0000,0.0000,False,False,False,True,False,206.1510,False
61.0354,0.0000,0.0000,0.0000,0.0000,False,False,False,True,False,207.0598,False
61.0791,0.0000,0.0000,0.0000,0.0000,False,False,False,True,False,207.9593,False
61.1232,0.0000,0.0000,0.0000,0.0000,False,False,False,True,False,208.8742,False
61.1687,0.0000,0.0000,0.0000,0.0000,False,False,False,True,False,209.8241,False
61.2149,0.0000,0.0000,0.0000,0.0000,False,False,False,True,False,210.7958,False
61.2619,0.0000,0.0000,0.0000,0.0000,False,False,False,True,False,211.7904,False
61.3033,0.0000,0.0000,0.0000,0.0000,False,False,False,True,False,212.8022,False
61.3436,0.0000,0.0000,0.0000,0.0000,False,False,False,True,False,213.7489,False
61.3855,0.0000,0.0000,0.0000,0.0000,False,False,False,True,False,214.6324,False
61.4251,0.0000,0.0000,0.0000,0.0000,False,False,False,True,False,215.5266,False
61.4674,0.0000,0.0000,0.0000,0.0000,False,False,False,True,False,216.4051,False
61.5069,0.0000,0.0000,0.0000,0.0000,False,False,False,True,False,217.2986,False
61.5507,0.0000,0.0000,0.0000,0.0000,False,False,False,True,False,218.1790,False
61.5903,0.0000,0.0000,0.0000,0.0000,False,False,False,True,False,219.0905,False
61.6346,0.0000,0.0000,0.0000,0.0000,False,False,False,True,False,219.9867,False
61.6754,0.0000,0.0000,0.0000,0.0000,False,False,False,True,False,220.9063,False
61.7157,0.0000,0.0000,0.0000,0.0000,False,False,False,True,False,221.8210,False
61.7565,0.0000,0.0000,0.0000,0.0000,False,False,False,True,False,222.6995,False
61.7975,0.0000,0.0000,0.0000,0.0000,False,False,False,True,False,223.5796,False
61.8463,0.0000,0.0000,0.0000,0.0000,False,False,False,True,False,224.4663,False
61.8918,0.0000,0.0000,0.0000,0.0000,False,False,False,True,False,225.4561,False
61.9368,0.0000,0.0000,0.0000,0.0000,False,False,False,True,False,226.4713,False
61.9785,0.0000,0.0000,0.0000,0.0000,False,False,False,True,False,227.4516,False
62.0214,0.0000,0.0000,0.0000,0.0000,False,False,False,True,False,228.3848,False
62.0645,0.0000,0.0000,0.0000,0.0000,False,False,False,True,False,229.3041,False
62.1066,0.0000,0.0000,0.0000,0.0000,False,False,False,True,False,230.2365,False
62.1516,0.0000,0.0000,0.0000,0.0000,False,False,False,True,False,231.1587,False
62.1924,0.0000,0.0000,0.0000,0.0000,False,False,False,True,False,232.1109,False
62.2338,0.0000,0.0000,0.0000,0.0000,False,False,False,True,False,233.0341,False
62.2744,0.0000,0.0000,0.0000,0.0000,False,False,False,True,False,233.9287,False
62.3161,0.0000,0.0000,0.0000,0.0000,False,False,False,True,False,234.8181,False
62.3619,0.0000,0.0000,0.0000,0.0000,False,False,False,True,False,235.7136,False
62.4036,0.0000,0.0000,0.0000,0.0000,False,False,False,True,False,236.6717,False
62.4457,0.0000,0.0000,0.0000,0.0000,False,False,False,True,False,237.6137,False
62.4949,0.0000,0.0000,0.0000,0.0000,False,False,False,True,False,238.5252,False
62.5373,0.0000,0.0000,0.0000,0.0000,False,False,False,True,False,239.5325,False
62.5834,0.0000,0.0000,0.0000,0.0000,False,False,False,True,False,240.5134,False
62.6253,0.0000,0.0000,0.0000,0.0000,False,False,False,True,False,241.4817,False
62.6721,0.0000,0.0000,0.0000,0.0000,False,False,False,True,False,242.4290,False
62.7145,0.0000,0.0000,0.0000,0.0000,False,False,False,True,False,243.4026,False
62.7619,0.0000,0.0000,0.0000,0.0000,False,False,False,True,False,244.3620,False
62.8055,0.0000,0.0000,0.0000,0.0000,False,False,False,True,False,245.3480,False
62.8556,0.0000,0.0000,0.0000,0.0000,False,False,False,True,False,246.3293,False
62.9063,0.0000,0.0000,0.0000,0.0000,False,False,False,True,False,247.3608,False
62.9624,0.0000,0.0000,0.0000,0.0000,False,False,False,True,False,248.4573,False
63.0197,0.0000,0.0000,0.0000,0.0000,False,False,False,True,False,249.6282,False
63.0709,0.0000,0.0000,0.0000,0.0000,False,False,False,True,False,250.8621,False
63.1256,0.0000,0.0000,0.0000,0.0000,False,False,False,True,False,252.0279,False
63.1758,0.0000,0.0000,0.0000,0.0000,False,False,False,True,False,253.1861,False
63.2312,0.0000,0.0000,0.0000,0.0000,False,False,False,True,False,254.3168,False
63.2791,0.0000,0.0000,0.0000,0.0000,False,False,False,True,False,255.4745,False
63.3337,0.0000,0.0000,0.0000,0.0000,False,False,False,True,False,256.5811,False
63.3945,0.0000,0.0000,0.0000,0.0000,False,False,False,True,False,257.7078,False
63.4521,0.0000,0.0000,0.0000,0.0000,False,False,False,True,False,258.9738,False
63.5028,0.0000,0.0000,0.0000,0.0000,False,False,False,True,False,260.2542,False
63.5527,0.0000,0.0000,0.0000,0.0000,False,False,False,True,False,261.4167,False
63.6034,0.0000,0.0000,0.0000,0.0000,False,False,False,True,False,262.5074,False
63.6495,0.0000,0.0000,0.0000,0.0000,False,False,False,True,False,263.6017,False
63.6953,0.0000,0.0000,0.0000,0.0000,False,False,False,True,False,264.6443,False
63.7446,0.0000,0.0000,0.0000,0.0000,False,False,False,True,False,265.6417,False
63.8314,0.0000,0.0000,0.0000,0.0000,False,False,False,True,False,266.6814,False
63.8796,0.0000,0.0000,0.0000,0.0000,False,False,False,True,False,268.2381,False
63.9255,0.0000,0.0000,0.0000,0.0000,False,False,False,True,False,269.6244,False
63.9724,0.0000,0.0000,0.0000,0.0000,False,False,False,True,False,270.6418,False
64.0270,0.0000,0.0000,0.0000,0.0000,False,False,False,True,False,271.6524,False
64.0823,0.0000,0.0000,0.0000,0.0000,False,False,False,True,False,272.7705,False
64.1349,0.0000,0.0000,0.0000,0.0000,False,False,False,True,False,273.9661,False
64.1901,0.0000,0.0000,0.0000,0.0000,False,False,False,True,False,275.1317,False
64.2429,0.0000,0.0000,0.0000,0.0000,False,False,False,True,False,276.3073,False
64.2960,0.0000,0.0000,0.0000,0.0000,False,False,False,True,False,277.4767,False
64.3544,0.0000,0.0000,0.0000,0.0000,False,False,False,True,False,278.6278,False
64.4083,0.0000,0.0000,0.0000,0.0000,False,False,False,True,False,279.8493,False
64.4649,0.0000,0.0000,0.0000,0.0000,False,False,False,True,False,281.0604,False
64.5206,0.0000,0.0000,0.0000,0.0000,False,False,False,True,False,282.2661,False
64.5803,0.0000,0.0000,0.0000,0.0000,False,False,False,True,False,283.4844,False
64.6378,0.0000,0.0000,0.0000,0.0000,False,False,False,True,False,284.7465,False
64.6941,0.0000,0.0000,0.0000,0.0000,False,False,False,True,False,286.0145,False
64.7525,0.0000,0.0000,0.0000,0.0000,False,False,False,True,False,287.2474,False
64.8120,0.0000,0.0000,0.0000,0.0000,False,False,False,True,False,288.4973,False
64.8728,0.0000,0.0000,0.0000,0.0000,False,False,False,True,False,289.7804,False
64.9287,0.0000,0.0000,0.0000,0.0000,False,False,False,False,True,289.7804,False
64.9849,0.0000,0.0000,0.0000,0.0000,False,False,False,False,True,144.4519,False
65.0437,0.0000,0.0000,0.0000,0.0000,False,False,False,False,True,142.8138,False
65.1012,0.0000,0.0000,0.0000,0.0000,False,False,False,False,True,141.1366,False
65.1567,0.0000,0.0000,0.0000,0.0000,False,False,False,False,True,139.5321,False
65.2089,0.0000,0.0000,0.0000,0.0000,False,False,False,False,True,138.0114,False
65.2656,0.0000,0.0000,0.0000,0.0000,False,False,False,False,True,136.6090,False
65.3222,0.0000,0.0000,0.0000,0.0000,False,False,False,False,True,135.1073,False
65.3782,0.0000,0.0000,0.0000,0.0000,False,False,False,False,True,133.6351,False
65.4352,0.0000,0.0000,0.0000,0.0000,False,False,False,False,True,132.1996,False
65.4925,0.0000,0.0000,0.0000,0.0000,False,False,False,False,True,130.7626,False
65.5516,0.0000,0.0000,0.0000,0.0000,False,False,False,False,True,129.3385,False
65.6068,0.0000,0.0000,0.0000,0.0000,False,False,False,False,True,127.8897,False
65.6720,0.0000,0.0000,0.0000,0.0000,False,False,False,False,True,126.5554,False
65.7248,0.0000,0.0000,0.0000,0.0000,False,False,False,False,True,124.9975,False
65.7782,0.0000,0.0000,0.0000,0.0000,False,False,False,False,True,123.7513,False
65.8351,0.0000,0.0000,0.0000,0.0000,False,False,False,False,True,122.5058,False
65.8943,0.0000,0.0000,0.0000,0.0000,False,False,False,False,True,121.1914,False
65.9600,0.0000,0.0000,0.0000,0.0000,False,False,False,False,True,119.8384,False
66.0249,0.0000,0.0000,0.0000,0.0000,False,False,False,False,True,118.3504,False
66.0864,0.0000,0.0000,0.0000,0.0000,False,False,False,False,True,116.8982,False
66.1426,0.0000,0.0000,0.0000,0.0000,False,False,False,False,True,115.5338,False
66.1984,0.0000,0.0000,0.0000,0.0000,False,False,False,False,True,114.2980,False
66.2570,0.0000,0.0000,0.0000,0.0000,False,False,False,False,True,113.0787,False
66.3152,0.0000,0.0000,0.0000,0.0000,False,False,False,False,True,111.8087,False
66.3756,0.0000,0.0000,0.0000,0.0000,False,False,False,False,True,110.5552,False
66.4338,0.0000,0.0000,0.0000,0.0000,False,False,False,False,True,109.2612,False
66.4936,0.0000,0.0000,0.0000,0.0000,False,False,False,False,True,108.0249,False
66.5589,0.0000,0.0000,0.0000,0.0000,False,False,False,False,True,106.7607,False
66.6207,0.0000,0.0000,0.0000,0.0000,False,False,False,False,True,105.3862,False
66.6834,0.0000,0.0000,0.0000,0.0000,False,False,False,False,True,104.0933,False
66.7456,0.0000,0.0000,0.0000,0.0000,False,False,False,False,True,102.7887,False
66.8104,0.0000,0.0000,0.0000,0.0000,False,False,False,False,True,101.5022,False
66.8747,0.0000,0.0000,0.0000,0.0000,False,False,False,False,True,100.1660,False
66.9422,0.0000,0.0000,0.0000,0.0000,False,False,False,False,True,98.8455,False
67.0088,0.0000,0.0000,0.0000,0.0000,False,False,False,False,True,97.4647,False
67.0819,0.0000,0.0000,0.0000,0.0000,False,False,False,False,True,96.1075,False
67.1525,0.0000,0.0000,0.0000,0.0000,False,False,False,False,True,94.6234,False
67.2142,0.0000,0.0000,0.0000,0.0000,False,False,False,False,True,93.1967,False
67.2793,0.0000,0.0000,0.0000,0.0000,False,False,False,False,True,91.9519,False
67.3431,0.0000,0.0000,0.0000,0.0000,False,False,False,False,True,90.6433,False
67.4064,0.0000,0.0000,0.0000,0.0000,False,False,False,False,True,89.3636,False
67.4748,0.0000,0.0000,0.0000,0.0000,False,False,False,False,True,88.0972,False
67.5379,0.0000,0.0000,0.0000,0.0000,False,False,False,False,True,86.7320,False
67.6069,0.0000,0.0000,0.0000,0.0000,False,False,False,False,True,85.4765,False
67.6750,0.0000,0.0000,0.0000,0.0000,False,False,False,False,True,84.1039,False
67.7472,0.0000,0.0000,0.0000,0.0000,False,False,False,False,True,82.7540,False
67.8154,0.0000,0.0000,0.0000,0.0000,False,False,False,False,True,81.3234,False
67.8871,0.0000,0.0000,0.0000,0.0000,False,False,False,False,True,79.9757,False
67.9620,0.0000,0.0000,0.0000,0.0000,False,False,False,False,True,78.5613,False
68.0342,0.0000,0.0000,0.0000,0.0000,False,False,False,False,True,77.0863,False
68.1142,0.0000,0.0000,0.0000,0.0000,False,False,False,False,True,75.6643,False
68.1891,0.0000,0.0000,0.0000,0.0000,False,False,False,False,True,74.0925,False
68.2657,0.0000,0.0000,0.0000,0.0000,False,False,False,False,True,72.6240,False
68.3440,0.0000,0.0000,0.0000,0.0000,False,False,False,False,True,71.1223,False
68.4216,0.0000,0.0000,0.0000,0.0000,False,False,False,False,True,69.5907,False
68.4990,0.0000,0.0000,0.0000,0.0000,False,False,False,False,True,68.0740,False
68.5730,0.0000,0.0000,0.0000,0.0000,False,False,False,False,True,66.5616,False
68.6503,0.0000,0.0000,0.0000,0.0000,False,False,False,False,True,65.1172,False
68.7302,0.0000,0.0000,0.0000,0.0000,False,False,False,False,True,63.6116,False
68.8094,0.0000,0.0000,0.0000,0.0000,False,False,False,False,True,62.0543,False
68.8844,0.0000,0.0000,0.0000,0.0000,False,False,False,False,True,60.5130,False
68.9579,0.0000,0.0000,0.0000,0.0000,False,False,False,False,True,59.0539,False
69.0415,0.0000,0.0000,0.0000,0.0000,False,False,False,False,True,57.6257,False
69.1279,0.0000,0.0000,0.0000,0.0000,False,False,False,False,True,55.9850,False
69.2050,0.0000,0.0000,0.0000,0.0000,False,False,False,False,True,54.2722,False
69.3065,0.0000,0.0000,0.0000,0.0000,False,False,False,False,True,52.7268,False
69.3812,0.0000,0.0000,0.0000,0.0000,False,False,False,False,True,50.6758,False
69.4604,0.0000,0.0000,0.0000,0.0000,False,False,False,False,True,49.1508,False
69.5371,0.0000,0.0000,0.0000,0.0000,False,False,False,False,True,47.5174,False
69.6285,0.0000,0.0000,0.0000,0.0000,False,False,False,False,True,45.9224,False
69.7079,0.0000,0.0000,0.0000,0.0000,False,False,False,False,True,44.0036,False
69.7844,0.0000,0.0000,0.0000,0.0000,False,False,False,False,True,42.3239,False
69.8683,0.0000,0.0000,0.0000,0.0000,False,False,False,False,True,40.6744,False
69.9487,0.0000,0.0000,0.0000,0.0000,False,False,False,False,True,38.8389,False
70.0289,0.0000,0.0000,0.0000,0.0000,False,False,False,False,True,37.0528,False
70.1189,0.0000,0.0000,0.0000,0.0000,False,False,False,False,True,35.2494,False
70.2015,0.0000,0.0000,0.0000,0.0000,False,False,False,False,True,33.2044,False
70.2834,0.0000,0.0000,0.0000,0.0000,False,False,False,False,True,31.3116,False
70.3702,0.0000,0.0000,0.0000,0.0000,False,False,False,False,True,29.4146,False
70.4547,0.0000,0.0000,0.0000,0.0000,False,False,False,False,True,27.3849,False
70.5413,0.0000,0.0000,0.0000,0.0000,False,False,False,False,True,25.3976,False
70.6309,0.0000,0.0000,0.0000,0.0000,False,False,False,False,True,23.3514,False
70.7213,0.0000,0.0000,0.0000,0.0000,False,False,False,False,True,21.2312,False
70.8089,0.0000,0.0000,0.0000,0.0000,False,False,False,False,True,19.1012,False
70.8956,0.0000,0.0000,0.0000,0.0000,False,False,False,False,True,17.0517,False
70.9784,0.0000,0.0000,0.0000,0.0000,False,False,False,False,True,15.0652,False
71.0594,0.0000,0.0000,0.0000,0.0000,False,False,False,False,True,13.2274,False
71.1411,0.0000,0.0000,0.0000,0.0000,False,False,False,False,True,11.5139,False
71.2131,0.0000,0.0000,0.0000,0.0000,False,False,False,False,True,9.9042,False
71.2823,0.0000,0.0000,0.0000,0.0000,False,False,False,False,True,8.6285,False
71.3479,0.0000,0.0000,0.0000,0.0000,False,False,False,False,True,7.5901,False
71.4214,0.0000,0.0000,0.0000,0.0000,False,False,False,False,True,6.8531,False
71.4848,0.0000,0.0000,0.0000,0.0000,False,False,False,False,True,6.4106,False
71.5478,0.0000,0.0000,0.0000,0.0000,False,False,False,False,True,6.4181,False
71.6121,0.0000,0.0000,0.0000,0.0000,False,False,False,False,True,6.7823,False
71.6749,0.0000,0.0000,0.0000,0.0000,False,False,False,False,True,7.4632,False
71.7399,0.0000,0.0000,0.0000,0.0000,False,False,False,False,True,8.3551,False
71.8068,0.0000,0.0000,0.0000,0.0000,False,False,False,False,True,9.4349,False
71.8712,0.0000,0.0000,0.0000,0.0000,False,False,False,False,True,10.6609,False
71.9299,0.0000,0.0000,0.0000,0.0000,False,False,False,False,True,11.9258,False
72.0169,0.0000,0.0000,0.0000,0.0000,False,False,False,False,True,13.1344,False
72.0764,0.0000,0.0000,0.0000,0.0000,False,False,False,False,True,14.9883,False
72.1315,0.0000,0.0000,0.0000,0.0000,False,False,False,False,True,16.2954,False
72.1880,0.0000,0.0000,0.0000,0.0000,False,False,False,False,True,17.5274,False
72.2441,0.0000,0.0000,0.0000,0.0000,False,False,False,False,True,18.8071,False
72.3019,0.0000,0.0000,0.0000,0.0000,False,False,False,False,True,20.0962,False
72.3579,0.0000,0.0000,0.0000,0.0000,False,False,False,False,True,21.4338,False
72.4146,0.0000,0.0000,0.0000,0.0000,False,False,False,False,True,22.7348,False
72.4740,0.0000,0.0000,0.0000,0.0000,False,False,False,False,True,24.0555,False
72.5292,0.0000,0.0000,0.0000,0.0000,False,False,False,False,True,25.1967,False
72.5867,0.0000,0.0000,0.0000,0.0000,False,False,False,False,True,25.9755,False
72.6497,0.0000,0.0000,0.0000,0.0000,False,False,False,False,True,26.8089,False
72.7085,0.0000,0.0000,0.0000,0.0000,False,False,False,False,True,27.7436,False
72.7650,0.0000,0.0000,0.0000,0.0000,False,False,False,False,True,28.6365,False
72.8223,0.0000,0.0000,0.0000,0.0000,False,False,False,False,True,29.5096,False
72.8782,0.0000,0.0000,0.0000,0.0000,False,False,False,False,True,30.4120,False
72.9324,0.0000,0.0000,0.0000,0.0000,False,False,False,False,True,31.3039,False
72.9895,0.0000,0.0000,0.0000,0.0000,False,False,False,False,True,32.1814,False
73.0445,0.0000,0.0000,0.0000,0.0000,False,False,False,False,True,33.1158,False
73.0992,0.0000,0.0000,0.0000,0.0000,False,False,False,False,True,34.0253,False
73.1529,0.0000,0.0000,0.0000,0.0000,False,False,False,False,True,34.9404,False
73.2064,0.0000,0.0000,0.0000,0.0000,False,False,False,False,True,35.8453,False
73.2620,0.0000,0.0000,0.0000,0.0000,False,False,False,False,True,36.7548,False
73.3174,0.0000,0.0000,0.0000,0.0000,False,False,False,False,True,37.7080,False
73.3706,0.0000,0.0000,0.0000,0.0000,False,False,False,False,True,38.6642,False
73.4251,0.0000,0.0000,0.0000,0.0000,False,False,False,False,True,39.5877,False
73.4822,0.0000,0.0000,0.0000,0.0000,False,False,False,False,True,40.5395,False
73.5424,0.0000,0.0000,0.0000,0.0000,False,False,False,False,True,41.5419,False
73.5993,0.0000,0.0000,0.0000,0.0000,False,False,False,False,True,42.6056,False
73.6558,0.0000,0.0000,0.0000,0.0000,False,False,False,False,True,43.6149,False
73.7089,0.0000,0.0000,0.0000,0.0000,False,False,False,False,True,44.6213,False
73.7636,0.0000,0.0000,0.0000,0.0000,False,False,False,False,True,45.5729,False
73.8175,0.0000,0.0000,0.0000,0.0000,False,False,False,False,True,46.5546,False
73.8747,0.0000,0.0000,0.0000,0.0000,False,False,False,False,True,47.5279,False
73.9279,0.0000,0.0000,0.0000,0.0000,False,False,False,False,True,48.5625,False
73.9831,0.0000,0.0000,0.0000,0.0000,False,False,False,False,True,49.5267,False
74.0367,0.0000,0.0000,0.0000,0.0000,False,False,False,False,True,50.5321,False
74.0924,0.0000,0.0000,0.0000,0.0000,False,False,False,False,True,51.5097,False
74.1460,0.0000,0.0000,0.0000,0.0000,False,False,False,False,True,52.5289,False
74.1983,0.0000,0.0000,0.0000,0.0000,False,False,False,False,True,53.5130,False
74.2508,0.0000,0.0000,0.0000,0.0000,False,False,False,False,True,54.4738,False
74.3065,0.0000,0.0000,0.0000,0.0000,False,False,False,False,True,55.4399,False
74.3642,0.0000,0.0000,0.0000,0.0000,False,False,False,False,True,56.4681,False
74.4181,0.0000,0.0000,0.0000,0.0000,False,False,False,False,True,57.5362,False
74.4708,0.0000,0.0000,0.0000,0.0000,False,False,False,False,True,58.5338,False
74.5236,0.0000,0.0000,0.0000,0.0000,False,False,False,False,True,59.5134,False
74.5762,0.0000,0.0000,0.0000,0.0000,False,False,False,False,True,60.4940,False
74.6282,0.0000,0.0000,0.0000,0.0000,False,False,False,False,True,61.4736,False
74.6810,0.0000,0.0000,0.0000,0.0000,False,False,False,False,True,62.4420,False
74.7329,0.0000,0.0000,0.0000,0.0000,False,False,False,False,True,63.4276,False
74.7849,0.0000,0.0000,0.0000,0.0000,False,False,False,False,True,64.3977,False
74.8374,0.0000,0.0000,0.0000,0.0000,False,False,False,False,True,65.3714,False
74.8893,0.0000,0.0000,0.0000,0.0000,False,False,False,False,True,66.3547,False
74.9415,0.0000,0.0000,0.0000,0.0000,False,False,False,False,True,67.3282,False
74.9938,0.0000,0.0000,0.0000,0.0000,False,False,False,False,True,68.3099,False
75.0470,0.0000,0.0000,0.0000,0.0000,False,False,False,False,True,69.2915,False
75.1036,0.0000,0.0000,0.0000,0.0000,False,False,False,False,True,70.2928,False
75.1605,0.0000,0.0000,0.0000,0.0000,False,False,False,False,True,71.3593,False
75.2156,0.0000,0.0000,0.0000,0.0000,False,False,False,False,True,72.4306,False
75.2678,0.0000,0.0000,0.0000,0.0000,False,False,False,False,True,73.4716,False
75.3227,0.0000,0.0000,0.0000,0.0000,False,False,False,False,True,74.4577,False
75.3752,0.0000,0.0000,0.0000,0.0000,False,False,False,False,True,75.4944,False
75.4273,0.0000,0.0000,0.0000,0.0000,False,False,False,False,True,76.4879,False
75.4817,0.0000,0.0000,0.0000,0.0000,False,False,False,False,True,77.4739,False
75.5334,0.0000,0.0000,0.0000,0.0000,False,False,False,False,True,78.5051,False
75.5873,0.0000,0.0000,0.0000,0.0000,False,False,False,False,True,79.4849,False
75.6387,0.0000,0.0000,0.0000,0.0000,False,False,False,False,True,80.5062,False
75.6903,0.0000,0.0000,0.0000,0.0000,False,False,False,False,True,81.4825,False
75.7413,0.0000,0.0000,0.0000,0.0000,False,False,False,False,True,82.4618,False
75.7930,0.0000,0.0000,0.0000,0.0000,False,False,False,False,True,83.4317,False
75.8442,0.0000,0.0000,0.0000,0.0000,False,False,False,False,True,84.4139,False
75.9031,0.0000,0.0000,0.0000,0.0000,False,False,False,False,True,85.3883,False
75.9556,0.0000,0.0000,0.0000,0.0000,False,False,False,False,True,86.5089,False
76.0089,0.0000,0.0000,0.0000,0.0000,False,False,False,False,True,87.5090,False
76.0629,0.0000,0.0000,0.0000,0.0000,False,False,False,False,True,88.5235,False
76.1168,0.0000,0.0000,0.0000,0.0000,False,False,False,False,True,89.5529,False
76.1689,0.0000,0.0000,0.0000,0.0000,False,False,False,False,True,90.5810,False
76.2264,0.0000,0.0000,0.0000,0.0000,False,False,False,False,True,91.5753,False
76.2797,0.0000,0.0000,0.0000,0.0000,False,False,False,False,True,92.6735,False
76.3318,0.0000,0.0000,0.0000,0.0000,False,False,False,False,True,93.6899,False
76.3853,0.0000,0.0000,0.0000,0.0000,False,False,False,False,True,94.6851,False
76.4430,0.0000,0.0000,0.0000,0.0000,False,False,False,False,True,95.7071,False
76.4971,0.0000,0.0000,0.0000,0.0000,False,False,False,False,True,96.8113,False
76.5498,0.0000,0.0000,0.0000,0.0000,False,False,False,False,True,97.8453,False
76.6025,0.0000,0.0000,0.0000,0.0000,False,False,False,False,True,98.8541,False
76.6566,0.0000,0.0000,0.0000,0.0000,False,False,False,False,True,99.8625,False
76.7180,0.0000,0.0000,0.0000,0.0000,False,False,False,False,True,100.8977,False
76.7700,0.0000,0.0000,0.0000,0.0000,False,False,False,False,True,102.0731,False
76.8226,0.0000,0.0000,0.0000,0.0000,False,False,False,False,True,103.0702,False
76.8766,0.0000,0.0000,0.0000,0.0000,False,False,False,False,True,104.0780,False
76.9304,0.0000,0.0000,0.0000,0.0000,False,False,False,False,True,105.1136,False
76.9833,0.0000,0.0000,0.0000,0.0000,False,False,False,False,True,106.1436,False
77.0363,0.0000,0.0000,0.0000,0.0000,False,False,False,False,True,107.1578,False
77.0893,0.0000,0.0000,0.0000,0.0000,False,False,False,False,True,108.1754,False
77.1468,0.0000,0.0000,0.0000,0.0000,False,False,False,False,True,109.1930,False
77.1991,0.0000,0.0000,0.0000,0.0000,False,False,False,False,True,110.2962,False
77.2510,0.0000,0.0000,0.0000,0.0000,False,False,False,False,True,111.2993,False
77.3030,0.0000,0.0000,0.0000,0.0000,False,False,False,False,True,112.2967,False
77.3549,0.0000,0.0000,0.0000,0.0000,False,False,False,False,True,113.2955,False
77.4072,0.0000,0.0000,0.0000,0.0000,False,False,False,False,True,114.2916,False
77.4807,0.0000,0.0000,0.0000,0.0000,False,False,False,False,True,115.2965,False
77.5381,0.0000,0.0000,0.0000,0.0000,False,False,False,False,True,116.7104,False
77.5905,0.0000,0.0000,0.0000,0.0000,False,False,False,False,True,117.8124,False
77.6468,0.0000,0.0000,0.0000,0.0000,False,False,False,False,True,118.8209,False
77.7035,0.0000,0.0000,0.0000,0.0000,False,False,False,False,True,119.9044,False
77.7646,0.0000,0.0000,0.0000,0.0000,False,False,False,False,True,120.9935,False
