Time,Accel,Brake,Car_Speed,Car_AutoSpeed,Car_AutoStatus,Bike_A_Status,Bike_B_Status,Bike_C_Status,Bike_D_Status,Bike_Distance,Vibrate_Status,BPM
0.0200,0.0000,0.0000,0.0000,0.0000,False,False,False,False,False,0.0000,False
0.0400,0.0000,0.0000,0.7049,0.0000,False,False,False,False,False,0.0000,False
0.3733,0.0000,0.0000,1.1529,0.0000,False,False,False,False,False,0.0000,False
0.4525,0.0000,0.0000,0.3516,0.0000,False,False,False,False,False,0.0000,False
0.4895,0.0000,0.0000,0.1348,0.0000,False,False,False,False,False,0.0000,False
0.5387,0.0000,0.0000,0.0296,0.0000,False,False,False,False,False,0.0000,False
0.5744,0.0000,0.0000,0.0707,0.0000,False,False,False,False,False,0.0000,False
0.6265,0.0000,0.0000,0.0949,0.0000,False,False,False,False,False,0.0000,False
0.6860,0.0000,0.0000,0.0794,0.0000,False,False,False,False,False,0.0000,False
0.7473,0.0000,0.0000,0.0530,0.0000,False,False,False,False,False,0.0000,False
0.7822,0.0000,0.0000,0.0365,0.0000,False,False,False,False,False,0.0000,False
0.8206,0.0000,0.0000,0.0231,0.0000,False,False,False,False,False,0.0000,False
0.8589,0.0000,0.0000,0.0176,0.0000,False,False,False,False,False,0.0000,False
0.8968,0.0000,0.0000,0.0092,0.0000,False,False,False,False,False,0.0000,False
0.9309,0.0000,0.0000,0.0038,0.0000,False,False,False,False,False,0.0000,False
0.9721,0.0000,0.0000,0.0015,0.0000,False,False,False,False,False,0.0000,False
1.0110,0.0000,0.0000,0.0022,0.0000,False,False,False,False,False,0.0000,False
1.0456,0.0000,0.0000,0.0027,0.0000,False,False,False,False,False,0.0000,False
1.0800,0.0000,0.0000,0.0027,0.0000,False,False,False,False,False,0.0000,False
1.1146,0.0000,0.0000,0.0025,0.0000,False,False,False,False,False,0.0000,False
1.1489,0.0000,0.0000,0.0021,0.0000,False,False,False,False,False,0.0000,False
1.1833,0.0000,0.0000,0.0015,0.0000,False,False,False,False,False,0.0000,False
1.2180,0.0000,0.0000,0.0013,0.0000,False,False,False,False,False,0.0000,False
1.2517,0.0000,0.0000,0.0008,0.0000,False,False,False,False,False,0.0000,False
1.2862,0.0000,0.0000,0.0005,0.0000,False,False,False,False,False,0.0000,False
1.3209,0.0000,0.0000,0.0002,0.0000,False,False,False,False,False,0.0000,False
1.3587,0.0000,0.0000,0.0002,0.0000,False,False,False,False,False,0.0000,False
1.3927,0.0000,0.0000,0.0001,0.0000,False,False,False,False,False,0.0000,False
1.4271,0.0000,0.0000,0.0001,0.0000,False,False,False,False,False,0.0000,False
1.4611,0.0000,0.0000,0.0001,0.0000,False,False,False,False,False,0.0000,False
1.4954,0.0000,0.0000,0.0001,0.0000,False,False,False,False,False,0.0000,False
1.5368,0.0000,0.0000,0.0001,0.0000,False,False,False,False,False,0.0000,False
1.5726,0.0000,0.0000,0.0001,0.0000,False,False,False,False,False,0.0000,False
1.6081,0.0000,0.0000,0.0001,0.0000,False,False,False,False,False,0.0000,False
1.6423,0.0000,0.0000,0.0001,0.0000,False,False,False,False,False,0.0000,False
1.6769,0.0000,0.0000,0.0000,0.0000,False,False,False,False,False,0.0000,False
1.7113,0.0000,0.0000,0.0000,0.0000,False,False,False,False,False,0.0000,False
1.7502,0.0000,0.0000,0.0000,0.0000,False,False,False,False,False,0.0000,False
1.7882,0.0000,0.0000,0.0000,0.0000,False,False,False,False,False,0.0000,False
1.8231,0.0000,0.0000,0.0000,0.0000,False,False,False,False,False,0.0000,False
1.8585,0.0000,0.0000,0.0000,0.0000,False,False,False,False,False,0.0000,False
1.8937,0.0000,0.0000,0.0000,0.0000,False,False,False,False,False,0.0000,False
1.9294,0.0000,0.0000,0.0000,0.0000,False,False,False,False,False,0.0000,False
1.9652,0.0000,0.0000,0.0000,0.0000,False,False,False,False,False,0.0000,False
2.0049,0.0000,0.0000,0.0000,0.0000,False,False,False,False,False,0.0000,False
2.0444,0.0000,0.0000,0.0000,0.0000,False,False,False,False,False,0.0000,False
2.0913,0.0000,0.0000,0.0000,0.0000,False,False,False,False,False,0.0000,False
2.1270,0.0000,0.0000,0.0000,0.0000,False,False,False,False,False,0.0000,False
2.1662,0.0000,0.0000,0.0000,0.0000,False,False,False,False,False,0.0000,False
2.2021,0.0000,0.0000,0.0000,0.0000,False,False,False,False,False,0.0000,False
2.2375,0.0000,0.0000,0.0000,0.0000,False,False,False,False,False,0.0000,False
2.2766,0.0000,0.0000,0.0000,0.0000,False,False,False,False,False,0.0000,False
2.3120,0.0000,0.0000,0.0000,0.0000,False,False,False,False,False,0.0000,False
2.3474,0.0000,0.0000,0.0001,0.0000,False,False,False,False,False,0.0000,False
2.3861,0.0000,0.0000,0.0001,0.0000,False,False,False,False,False,0.0000,False
2.4253,0.0000,0.0000,0.0000,0.0000,False,False,False,False,False,0.0000,False
2.4608,0.0000,0.0000,0.0000,0.0000,False,False,False,False,False,0.0000,False
2.4959,0.0000,0.0000,0.0000,0.0000,False,False,False,False,False,0.0000,False
2.5348,0.0000,0.0000,0.0001,0.0000,False,False,False,False,False,0.0000,False
2.5699,0.0000,0.0000,0.0001,0.0000,False,False,False,False,False,0.0000,False
2.6056,0.0000,0.0000,0.0000,0.0000,False,False,False,False,False,0.0000,False
2.6442,0.0000,0.0000,0.0000,0.0000,False,False,False,False,False,0.0000,False
2.6834,0.0000,0.0000,0.0000,0.0000,False,False,False,False,False,0.0000,False
2.7195,0.0000,0.0000,0.0000,0.0000,False,False,False,False,False,0.0000,False
2.7545,0.0000,0.0000,0.0000,0.0000,False,False,False,False,False,0.0000,False
2.7895,0.0000,0.0000,0.0000,0.0000,False,False,False,False,False,0.0000,False
2.8247,0.0000,0.0000,0.0000,0.0000,False,False,False,False,False,0.0000,False
2.8605,0.0000,0.0000,0.0000,0.0000,False,False,False,False,False,0.0000,False
2.8956,0.0000,0.0000,0.0000,0.0000,False,False,False,False,False,0.0000,False
2.9305,0.0000,0.0000,0.0000,0.0000,False,False,False,False,False,0.0000,False
2.9659,0.0000,0.0000,0.0000,0.0000,False,False,False,False,False,0.0000,False
3.0014,0.0000,0.0000,0.0000,0.0000,False,False,False,False,False,0.0000,False
3.0403,0.0000,0.0000,0.0000,0.0000,False,False,False,False,False,0.0000,False
3.0758,0.0000,0.0000,0.0000,0.0000,False,False,False,False,False,0.0000,False
3.1154,0.0000,0.0000,0.0000,0.0000,False,False,False,False,False,0.0000,False
3.1536,0.0000,0.0000,0.0000,0.0000,False,False,False,False,False,0.0000,False
3.2012,0.0000,0.0000,0.0000,0.0000,False,False,False,False,False,0.0000,False
3.2411,0.0000,0.0000,0.0000,0.0000,False,False,False,False,False,0.0000,False
3.2812,0.0000,0.0000,0.0000,0.0000,False,False,False,False,False,0.0000,False
3.3222,0.0000,0.0000,0.0000,0.0000,False,False,False,False,False,0.0000,False
3.3628,0.0000,0.0000,0.0000,0.0000,False,False,False,False,False,0.0000,False
3.4033,0.0000,0.0000,0.0000,0.0000,False,False,False,False,False,0.0000,False
3.4441,0.0000,0.0000,0.0000,0.0000,False,False,False,False,False,0.0000,False
3.4845,0.0000,0.0000,0.0000,0.0000,False,False,False,False,False,0.0000,False
3.5250,0.0000,0.0000,0.0000,0.0000,False,False,False,False,False,0.0000,False
3.5660,0.0000,0.0000,0.0000,0.0000,False,False,False,False,False,0.0000,False
3.6090,0.0000,0.0000,0.0000,0.0000,False,False,False,False,False,0.0000,False
3.6503,0.0000,0.0000,0.0000,0.0000,False,False,False,False,False,0.0000,False
3.6916,0.0000,0.0000,0.0000,0.0000,False,False,False,False,False,0.0000,False
3.7333,0.0000,0.0000,0.0000,0.0000,False,False,False,False,False,0.0000,False
3.7783,0.0000,0.0000,0.0000,0.0000,False,False,False,False,False,0.0000,False
3.8292,0.0000,0.0000,0.0000,0.0000,False,False,False,False,False,0.0000,False
3.8690,0.0000,0.0000,0.0000,0.0000,False,False,False,False,False,0.0000,False
3.9088,0.0000,0.0000,0.0000,0.0000,False,False,False,False,False,0.0000,False
3.9509,0.0000,0.0000,0.0000,0.0000,False,False,False,False,False,0.0000,False
3.9962,0.0000,0.0000,0.0000,0.0000,False,False,False,False,False,0.0000,False
4.0390,0.0000,0.0000,0.0000,0.0000,False,False,False,False,False,0.0000,False
4.0802,0.0000,0.0000,0.0000,0.0000,False,False,False,False,False,0.0000,False
4.1262,0.0000,0.0000,0.0000,0.0000,False,False,False,False,False,0.0000,False
4.1715,0.0000,0.0000,0.0000,0.0000,False,False,False,False,False,0.0000,False
4.2165,0.0000,0.0000,0.0000,0.0000,False,False,False,False,False,0.0000,False
4.2579,0.0000,0.0000,0.0000,0.0000,False,False,False,False,False,0.0000,False
4.3033,0.0000,0.0000,0.0000,0.0000,False,False,False,False,False,0.0000,False
4.3461,0.0000,0.0000,0.0000,0.0000,False,False,False,False,False,0.0000,False
4.3906,0.0000,0.0000,0.0000,0.0000,False,False,False,False,False,0.0000,False
4.4326,0.0000,0.0000,0.0000,0.0000,False,False,False,False,False,0.0000,False
4.4822,0.0000,0.0000,0.0000,0.0000,False,False,False,False,False,0.0000,False
4.5253,0.0000,0.0000,0.0000,0.0000,False,False,False,False,False,0.0000,False
4.5729,0.0000,0.0000,0.0000,0.0000,False,False,False,False,False,0.0000,False
4.6238,0.0000,0.0000,0.0000,0.0000,False,False,False,False,False,0.0000,False
4.6747,0.0000,0.0000,0.0000,0.0000,False,False,False,False,False,0.0000,False
4.7309,0.0000,0.0000,0.0000,0.0000,False,False,False,False,False,0.0000,False
4.7840,0.0000,0.0000,0.0000,0.0000,False,False,False,False,False,0.0000,False
4.8354,0.0000,0.0000,0.0000,0.0000,False,False,False,False,False,0.0000,False
4.8862,0.0000,0.0000,0.0000,0.0000,False,False,False,False,False,0.0000,False
4.9305,0.0000,0.0000,0.0000,0.0000,False,False,False,False,False,0.0000,False
4.9738,0.0000,0.0000,0.0000,0.0000,False,False,False,False,False,0.0000,False
5.0183,0.0000,0.0000,0.0000,0.0000,False,False,False,False,False,0.0000,False
5.0691,0.0000,0.0000,0.0000,0.0000,False,False,False,False,False,0.0000,False
5.1197,0.0000,0.0000,0.0000,0.0000,False,False,False,False,False,0.0000,False
5.1713,0.0000,0.0000,0.0000,0.0000,False,False,False,False,False,0.0000,False
5.2273,0.0000,0.0000,0.0000,0.0000,False,False,False,False,False,0.0000,False
5.2717,0.0000,0.0000,0.0000,0.0000,False,False,False,False,False,0.0000,False
5.3145,0.0000,0.0000,0.0000,0.0000,False,False,False,False,False,0.0000,False
5.3561,0.0000,0.0000,0.0000,0.0000,False,False,False,False,False,0.0000,False
5.4017,0.0000,0.0000,0.0000,0.0000,False,False,False,False,False,0.0000,False
5.4474,0.0000,0.0000,0.0000,0.0000,False,False,False,False,False,0.0000,False
5.4890,0.0000,0.0000,0.0000,0.0000,False,False,False,False,False,0.0000,False
5.5310,0.0000,0.0000,0.0000,0.0000,False,False,False,False,False,0.0000,False
5.5763,0.0000,0.0000,0.0000,0.0000,False,False,False,False,False,0.0000,False
5.6199,0.0000,0.0000,0.0000,0.0000,False,False,False,False,False,0.0000,False
5.6674,0.0000,0.0000,0.0000,0.0000,False,False,False,False,False,0.0000,False
5.7132,0.0000,0.0000,0.0000,0.0000,False,False,False,False,False,0.0000,False
5.7619,0.0000,0.0000,0.0000,0.0000,False,False,False,False,False,0.0000,False
5.8073,0.0000,0.0000,0.0000,0.0000,False,False,False,False,False,0.0000,False
5.8519,0.0000,0.0000,0.0000,0.0000,False,False,False,False,False,0.0000,False
5.9114,0.0000,0.0000,0.0000,0.0000,False,False,False,False,False,0.0000,False
5.9602,0.0000,0.0000,0.0000,0.0000,False,False,False,False,False,0.0000,False
6.0090,0.0000,0.0000,0.0000,0.0000,False,False,False,False,False,0.0000,False
6.0572,0.0000,0.0000,0.0000,0.0000,False,False,False,False,False,0.0000,False
6.1059,0.0000,0.0000,0.0000,0.0000,False,False,False,False,False,0.0000,False
6.1546,0.0000,0.0000,0.0000,0.0000,False,False,False,False,False,0.0000,False
6.2050,0.0000,0.0000,0.0000,0.0000,False,False,False,False,False,0.0000,False
6.2577,0.0000,0.0000,0.0000,0.0000,False,False,False,False,False,0.0000,False
6.3137,0.0000,0.0000,0.0000,0.0000,False,False,False,False,False,0.0000,False
6.3693,0.0000,0.0000,0.0000,0.0000,False,False,False,False,False,0.0000,False
6.4198,0.0000,0.0000,0.0000,0.0000,False,False,False,False,False,0.0000,False
6.4698,0.0000,0.0000,0.0000,0.0000,False,False,False,False,False,0.0000,False
6.5235,0.0000,0.0000,0.0000,0.0000,False,False,False,False,False,0.0000,False
6.5789,0.0000,0.0000,0.0000,0.0000,False,False,False,False,False,0.0000,False
6.6347,0.0000,0.0000,0.0000,0.0000,False,False,False,False,False,0.0000,False
6.7030,0.0000,0.0000,0.0000,0.0000,False,True,False,False,False,0.0000,False
6.7631,0.0000,0.0000,0.0000,0.0000,False,True,False,False,False,134.2372,False
6.8258,0.0000,0.0000,0.0000,0.0000,False,True,False,False,False,132.4141,False
6.8762,0.0000,0.0000,0.0000,0.0000,False,True,False,False,False,130.7049,False
6.9254,0.0000,0.0000,0.0000,0.0000,False,True,False,False,False,129.1602,False
6.9756,0.0000,0.0000,0.0000,0.0000,False,True,False,False,False,127.8232,False
7.0290,0.0000,0.0000,0.0000,0.0000,False,True,False,False,False,126.5114,False
7.0818,0.0000,0.0000,0.0000,0.0000,False,True,False,False,False,125.1652,False
7.1317,0.0000,0.0000,0.0000,0.0000,False,True,False,False,False,123.8025,False
7.1837,0.0000,0.0000,0.0000,0.0000,False,True,False,False,False,122.5011,False
7.2371,0.0000,0.0000,0.0000,0.0000,False,True,False,False,False,121.2324,False
7.2879,0.0000,0.0000,0.0000,0.0000,False,True,False,False,False,119.9359,False
7.3398,0.0000,0.0000,0.0000,0.0000,False,True,False,False,False,118.6636,False
7.3895,0.0000,0.0000,0.0000,0.0000,False,True,False,False,False,117.4301,False
7.4416,0.0000,0.0000,0.0000,0.0000,False,True,False,False,False,116.2171,False
7.4924,0.0000,0.0000,0.0000,0.0000,False,True,False,False,False,115.0239,False
7.5493,0.0000,0.0000,0.0000,0.0000,False,True,False,False,False,113.8222,False
7.6076,0.0000,0.0000,0.0000,0.0000,False,True,False,False,False,112.5923,False
7.6641,0.0000,0.0000,0.0000,0.0000,False,True,False,False,False,111.2794,False
7.7271,0.0000,0.0000,0.0000,0.0000,False,True,False,False,False,109.9771,False
7.7932,0.0000,0.0000,0.0000,0.0000,False,True,False,False,False,108.6534,False
7.8579,0.0000,0.0000,0.0000,0.0000,False,True,False,False,False,107.2267,False
7.9217,0.0000,0.0000,0.0000,0.0000,False,True,False,False,False,105.7840,False
7.9793,0.0000,0.0000,0.0000,0.0000,False,True,False,False,False,104.3805,False
8.0398,0.0000,0.0000,0.0000,0.0000,False,True,False,False,False,103.0474,False
8.1033,0.0000,0.0000,0.0000,0.0000,False,True,False,False,False,101.7858,False
8.1690,0.0000,0.0000,0.0000,0.0000,False,True,False,False,False,100.4710,False
8.2341,0.0000,0.0000,0.0000,0.0000,False,True,False,False,False,99.1071,False
8.2973,0.0000,0.0000,0.0000,0.0000,False,True,False,False,False,97.7263,False
8.3641,0.0000,0.0000,0.0000,0.0000,False,True,False,False,False,96.3761,False
8.4336,0.0000,0.0000,0.0000,0.0000,False,True,False,False,False,95.0333,False
8.5050,0.0000,0.0000,0.0000,0.0000,False,True,False,False,False,93.6289,False
8.5665,0.0000,0.0000,0.0000,0.0000,False,True,False,False,False,92.1831,False
8.6286,0.0000,0.0000,0.0000,0.0000,False,True,False,False,False,90.7833,False
8.6955,0.0000,0.0000,0.0000,0.0000,False,True,False,False,False,89.5218,False
8.7663,0.0000,0.0000,0.0000,0.0000,False,True,False,False,False,88.2245,False
8.8303,0.0000,0.0000,0.0000,0.0000,False,True,False,False,False,86.8423,False
8.8945,0.0000,0.0000,0.0000,0.0000,False,True,False,False,False,85.4532,False
8.9596,0.0000,0.0000,0.0000,0.0000,False,True,False,False,False,84.1627,False
9.0234,0.0000,0.0000,0.0000,0.0000,False,True,False,False,False,82.8675,False
9.0875,0.0000,0.0000,0.0000,0.0000,False,True,False,False,False,81.5702,False
9.1518,0.0000,0.0000,0.0000,0.0000,False,True,False,False,False,80.2943,False
9.2200,0.0000,0.0000,0.0000,0.0000,False,True,False,False,False,79.0150,False
9.2910,0.0000,0.0000,0.0000,0.0000,False,True,False,False,False,77.7115,False
9.3634,0.0000,0.0000,0.0000,0.0000,False,True,False,False,False,76.3403,False
9.4454,0.0000,0.0000,0.0000,0.0000,False,True,False,False,False,74.9259,False
9.5200,0.0000,0.0000,0.0000,0.0000,False,True,False,False,False,73.4380,False
9.5909,0.0000,0.0000,0.0000,0.0000,False,True,False,False,False,71.8655,False
9.6663,0.0000,0.0000,0.0000,0.0000,False,True,False,False,False,70.4195,False
9.7477,0.0000,0.0000,0.0000,0.0000,False,True,False,False,False,69.0003,False
9.8287,0.0000,0.0000,0.0000,0.0000,False,True,False,False,False,67.4865,False
9.9002,0.0000,0.0000,0.0000,0.0000,False,True,False,False,False,65.8958,False
9.9736,0.0000,0.0000,0.0000,0.0000,False,True,False,False,False,64.3674,False
10.0439,0.0000,0.0000,0.0000,0.0000,False,True,False,False,False,62.9612,False
10.1154,0.0000,0.0000,0.0000,0.0000,False,True,False,False,False,61.5481,False
10.1914,0.0000,0.0000,0.0000,0.0000,False,True,False,False,False,60.1725,False
10.2679,0.0000,0.0000,0.0000,0.0000,False,True,False,False,False,58.7428,False
10.3423,0.0000,0.0000,0.0000,0.0000,False,True,False,False,False,57.2342,False
10.4126,0.0000,0.0000,0.0000,0.0000,False,True,False,False,False,55.7158,False
10.4927,0.0000,0.0000,0.0000,0.0000,False,True,False,False,False,54.2364,False
10.5608,0.0000,0.0000,0.0000,0.0000,False,True,False,False,False,52.7449,False
10.6338,0.0000,0.0000,0.0000,0.0000,False,True,False,False,False,51.1630,False
10.7086,0.0000,0.0000,0.0000,0.0000,False,True,False,False,False,49.7189,False
10.7846,0.0000,0.0000,0.0000,0.0000,False,True,False,False,False,48.1782,False
10.8619,0.0000,0.0000,0.0000,0.0000,False,True,False,False,False,46.5901,False
10.9325,0.0000,0.0000,0.0000,0.0000,False,True,False,False,False,44.9622,False
11.0016,0.0000,0.0000,0.0000,0.0000,False,True,False,False,False,43.3371,False
11.0724,0.0000,0.0000,0.0000,0.0000,False,True,False,False,False,41.8143,False
11.1408,0.0000,0.0000,0.0000,0.0000,False,True,False,False,False,40.2936,False
11.2080,0.0000,0.0000,0.0000,0.0000,False,True,False,False,False,38.7465,False
11.2790,0.0000,0.0000,0.0000,0.0000,False,True,False,False,False,37.2348,False
11.3474,0.0000,0.0000,0.0000,0.0000,False,True,False,False,False,35.7107,False
11.4188,0.0000,0.0000,0.0000,0.0000,False,True,False,False,False,34.1310,False
11.4966,0.0000,0.0000,0.0000,0.0000,False,True,False,False,False,32.5681,False
11.5621,0.0000,0.0000,0.0000,0.0000,False,True,False,False,False,30.9113,False
11.6333,0.0000,0.0000,0.0000,0.0000,False,True,False,False,False,29.1980,False
11.7074,0.0000,0.0000,0.0000,0.0000,False,True,False,False,False,27.6466,False
11.7814,0.0000,0.0000,0.0000,0.0000,False,True,False,False,False,25.9559,False
11.8536,0.0000,0.0000,0.0000,0.0000,False,True,False,False,False,24.1886,False
11.9251,0.0000,0.0000,0.0000,0.0000,False,True,False,False,False,22.4113,False
11.9912,0.0000,0.0000,0.0000,0.0000,False,True,False,False,False,20.6482,False
12.0601,0.0000,0.0000,0.0000,0.0000,False,True,False,False,False,18.9119,False
12.1335,0.0000,0.0000,0.0000,0.0000,False,True,False,False,False,17.2465,False
12.2035,0.0000,0.0000,0.0000,0.0000,False,True,False,False,False,15.5009,False
12.2755,0.0000,0.0000,0.0000,0.0000,False,True,False,False,False,13.6939,False
12.3463,0.0000,0.0000,0.0000,0.0000,False,True,False,False,False,11.9355,False
12.4258,0.0000,0.0000,0.0000,0.0000,False,True,False,False,False,10.1454,False
12.5117,0.0000,0.0000,0.0000,0.0000,False,True,False,False,False,8.3195,False
12.5848,0.0000,0.0000,0.0000,0.0000,False,True,False,False,False,6.2887,False
12.6608,0.0000,0.0000,0.0000,0.0000,False,True,False,False,False,4.2283,False
12.7377,0.0000,0.0000,0.0000,0.0000,False,True,False,False,False,2.3910,False
12.8140,0.0000,0.0000,0.0000,0.0000,False,True,False,False,False,0.5614,False
12.8879,0.0000,0.0000,0.0000,0.0000,False,True,False,False,False,1.4225,False
12.9532,0.0000,0.0000,0.0000,0.0000,False,True,False,False,False,3.2628,False
13.0147,0.0000,0.0000,0.0000,0.0000,False,True,False,False,False,5.0166,False
13.0752,0.0000,0.0000,0.0000,0.0000,False,True,False,False,False,6.5836,False
13.1360,0.0000,0.0000,0.0000,0.0000,False,True,False,False,False,8.0710,False
13.1978,0.0000,0.0000,0.0000,0.0000,False,True,False,False,False,9.5316,False
13.2565,0.0000,0.0000,0.0000,0.0000,False,True,False,False,False,10.9801,False
13.3138,0.0000,0.0000,0.0000,0.0000,False,True,False,False,False,12.3976,False
13.3709,0.0000,0.0000,0.0000,0.0000,False,True,False,False,False,13.7491,False
13.4368,0.0000,0.0000,0.0000,0.0000,False,True,False,False,False,15.0740,False
13.4943,0.0000,0.0000,0.0000,0.0000,False,True,False,False,False,16.4368,False
13.5512,0.0000,0.0000,0.0000,0.0000,False,True,False,False,False,17.9140,False
13.6136,0.0000,0.0000,0.0000,0.0000,False,True,False,False,False,19.2306,False
13.6794,0.0000,0.0000,0.0000,0.0000,False,True,False,False,False,20.5558,False
13.7426,0.0000,0.0000,0.0000,0.0000,False,True,False,False,False,21.9854,False
13.7941,0.0000,0.0000,0.0000,0.0000,False,True,False,False,False,23.4687,False
13.8439,0.0000,0.0000,0.0000,0.0000,False,True,False,False,False,24.8515,False
13.8938,0.0000,0.0000,0.0000,0.0000,False,True,False,False,False,26.0216,False
13.9460,0.0000,0.0000,0.0000,0.0000,False,True,False,False,False,27.1661,False
13.9964,0.0000,0.0000,0.0000,0.0000,False,True,False,False,False,28.3289,False
14.0467,0.0000,0.0000,0.0000,0.0000,False,True,False,False,False,29.5258,False
14.0956,0.0000,0.0000,0.0000,0.0000,False,True,False,False,False,30.6883,False
14.1456,0.0000,0.0000,0.0000,0.0000,False,True,False,False,False,31.8453,False
14.1969,0.0000,0.0000,0.0000,0.0000,False,True,False,False,False,32.9867,False
14.2515,0.0000,0.0000,0.0000,0.0000,False,True,False,False,False,34.1603,False
14.3012,0.0000,0.0000,0.0000,0.0000,False,True,False,False,False,35.3809,False
14.3501,0.0000,0.0000,0.0000,0.0000,False,True,False,False,False,36.6324,False
14.3995,0.0000,0.0000,0.0000,0.0000,False,True,False,False,False,37.7971,False
14.4473,0.0000,0.0000,0.0000,0.0000,False,True,False,False,False,38.9502,False
14.4952,0.0000,0.0000,0.0000,0.0000,False,True,False,False,False,40.1042,False
14.5426,0.0000,0.0000,0.0000,0.0000,False,True,False,False,False,41.2342,False
14.5887,0.0000,0.0000,0.0000,0.0000,False,True,False,False,False,42.3671,False
14.6344,0.0000,0.0000,0.0000,0.0000,False,True,False,False,False,43.4848,False
14.6790,0.0000,0.0000,0.0000,0.0000,False,True,False,False,False,44.5820,False
14.7228,0.0000,0.0000,0.0000,0.0000,False,True,False,False,False,45.6684,False
14.7667,0.0000,0.0000,0.0000,0.0000,False,True,False,False,False,46.7318,False
14.8103,0.0000,0.0000,0.0000,0.0000,False,True,False,False,False,47.7840,False
14.8539,0.0000,0.0000,0.0000,0.0000,False,True,False,False,False,48.8347,False
14.9050,0.0000,0.0000,0.0000,0.0000,False,True,False,False,False,49.8829,False
14.9484,0.0000,0.0000,0.0000,0.0000,False,True,False,False,False,50.9900,False
14.9914,0.0000,0.0000,0.0000,0.0000,False,True,False,False,False,52.1712,False
15.0353,0.0000,0.0000,0.0000,0.0000,False,True,False,False,False,53.2212,False
15.0793,0.0000,0.0000,0.0000,0.0000,False,True,False,False,False,54.2744,False
15.1222,0.0000,0.0000,0.0000,0.0000,False,True,False,False,False,55.3465,False
15.1700,0.0000,0.0000,0.0000,0.0000,False,True,False,False,False,56.4161,False
15.2153,0.0000,0.0000,0.0000,0.0000,False,True,False,False,False,57.5070,False
15.2618,0.0000,0.0000,0.0000,0.0000,False,True,False,False,False,58.6649,False
15.3086,0.0000,0.0000,0.0000,0.0000,False,True,False,False,False,59.7944,False
15.3533,0.0000,0.0000,0.0000,0.0000,False,True,False,False,False,60.9489,False
15.3968,0.0000,0.0000,0.0000,0.0000,False,True,False,False,False,62.0950,False
15.4405,0.0000,0.0000,0.0000,0.0000,False,True,False,False,False,63.2007,False
15.4846,0.0000,0.0000,0.0000,0.0000,False,True,False,False,False,64.2914,False
15.5273,0.0000,0.0000,0.0000,0.0000,False,True,False,False,False,65.3906,False
15.6117,0.0000,0.0000,0.0000,0.0000,False,True,False,False,False,66.4895,False
15.6526,0.0000,0.0000,0.0000,0.0000,False,True,False,False,False,67.9312,False
15.6918,0.0000,0.0000,0.0000,0.0000,False,True,False,False,False,69.6760,False
15.7314,0.0000,0.0000,0.0000,0.0000,False,True,False,False,False,70.6925,False
15.7735,0.0000,0.0000,0.0000,0.0000,False,True,False,False,False,71.6840,False
15.8136,0.0000,0.0000,0.0000,0.0000,False,True,False,False,False,72.7038,False
15.8534,0.0000,0.0000,0.0000,0.0000,False,True,False,False,False,73.7493,False
15.8960,0.0000,0.0000,0.0000,0.0000,False,True,False,False,False,74.7628,False
15.9376,0.0000,0.0000,0.0000,0.0000,False,True,False,False,False,75.7987,False
15.9771,0.0000,0.0000,0.0000,0.0000,False,True,False,False,False,76.8713,False
16.0168,0.0000,0.0000,0.0000,0.0000,False,True,False,False,False,77.9087,False
16.0558,0.0000,0.0000,0.0000,0.0000,False,True,False,False,False,78.9147,False
16.0967,0.0000,0.0000,0.0000,0.0000,False,True,False,False,False,79.9172,False
16.1355,0.0000,0.0000,0.0000,0.0000,False,True,False,False,False,80.9263,False
16.1771,0.0000,0.0000,0.0000,0.0000,False,True,False,False,False,81.9461,False
16.2203,0.0000,0.0000,0.0000,0.0000,False,True,False,False,False,82.9580,False
16.2586,0.0000,0.0000,0.0000,0.0000,False,True,False,False,False,84.0315,False
16.2976,0.0000,0.0000,0.0000,0.0000,False,True,False,False,False,85.0842,False
16.3357,0.0000,0.0000,0.0000,0.0000,False,True,False,False,False,86.0660,False
16.3735,0.0000,0.0000,0.0000,0.0000,False,True,False,False,False,87.0494,False
16.4117,0.0000,0.0000,0.0000,0.0000,False,True,False,False,False,88.0198,False
16.4498,0.0000,0.0000,0.0001,0.0000,False,True,False,False,False,88.9918,False
16.4877,0.0000,0.0000,0.0001,0.0000,False,True,False,False,False,89.9693,False
16.5251,0.0000,0.0000,0.0000,0.0000,False,True,False,False,False,90.9429,False
16.5619,0.0000,0.0000,0.0001,0.0000,False,True,False,False,False,91.9087,False
16.5988,0.0000,0.0000,0.0000,0.0000,False,True,False,False,False,92.8606,False
16.6360,0.0000,0.0000,0.0001,0.0000,False,True,False,False,False,93.8042,False
16.6726,0.0000,0.0000,0.0000,0.0000,False,True,False,False,False,94.7527,False
16.7107,0.0000,0.0000,0.0000,0.0000,False,True,False,False,False,95.7002,False
16.7512,0.0000,0.0000,0.0001,0.0000,False,True,False,False,False,96.6531,False
16.7923,0.0000,0.0000,0.0000,0.0000,False,True,False,False,False,97.6518,False
16.8303,0.0000,0.0000,0.0000,0.0000,False,True,False,False,False,98.6952,False
16.8663,0.0000,0.0000,0.0000,0.0000,False,True,False,False,False,99.7191,False
16.9023,0.0000,0.0000,0.0000,0.0000,False,True,False,False,False,100.6739,False
16.9418,0.0000,0.0000,0.0001,0.0000,False,True,False,False,False,101.5967,False
16.9787,0.0000,0.0000,0.0000,0.0000,False,True,False,False,False,102.5543,False
17.0145,0.0000,0.0000,0.0001,0.0000,False,True,False,False,False,103.5432,False
17.0498,0.0000,0.0000,0.0000,0.0000,False,True,False,False,False,104.4780,False
17.0852,0.0000,0.0000,0.0001,0.0000,False,True,False,False,False,105.3908,False
17.1202,0.0000,0.0000,0.0001,0.0000,False,True,False,False,False,106.2980,False
17.1552,0.0000,0.0000,0.0000,0.0000,False,True,False,False,False,107.2015,False
17.1901,0.0000,0.0000,0.0001,0.0000,False,True,False,False,False,108.0963,False
17.2248,0.0000,0.0000,0.0001,0.0000,False,True,False,False,False,108.9887,False
17.2597,0.0000,0.0000,0.0000,0.0000,False,True,False,False,False,109.8775,False
17.2940,0.0000,0.0000,0.0000,0.0000,False,True,False,False,False,110.7645,False
17.3359,0.0000,0.0000,0.0000,0.0000,False,True,False,False,False,111.6491,False
17.3699,0.0000,0.0000,0.0000,0.0000,False,True,False,False,False,112.5978,False
17.4044,0.0000,0.0000,0.0000,0.0000,False,True,False,False,False,113.5903,False
17.4389,0.0000,0.0000,0.0000,0.0000,False,True,False,False,False,114.4631,False
17.4757,0.0000,0.0000,0.0000,0.0000,False,True,False,False,False,115.3434,False
17.5100,0.0000,0.0000,0.0000,0.0000,False,True,False,False,False,116.2466,False
17.5441,0.0000,0.0000,0.0000,0.0000,False,True,False,False,False,117.1620,False
17.5784,0.0000,0.0000,0.0000,0.0000,False,True,False,False,False,118.0359,False
17.6123,0.0000,0.0000,0.0000,0.0000,False,True,False,False,False,118.9086,False
17.6475,0.0000,0.0000,0.0000,0.0000,False,True,False,False,False,119.7811,False
17.6819,0.0000,0.0000,0.0000,0.0000,False,True,False,False,False,120.6588,False
17.7157,0.0000,0.0000,0.0000,0.0000,False,True,False,False,False,121.5501,False
17.7493,0.0000,0.0000,0.0000,0.0000,False,True,False,False,False,122.4221,False
17.7837,0.0000,0.0000,0.0000,0.0000,False,True,False,False,False,123.2839,False
17.8210,0.0000,0.0000,0.0000,0.0000,False,True,False,False,False,124.1501,False
17.8602,0.0000,0.0000,0.0000,0.0000,False,True,False,False,False,125.0565,False
17.8950,0.0000,0.0000,0.0000,0.0000,False,True,False,False,False,126.0280,False
17.9288,0.0000,0.0000,0.0000,0.0000,False,True,False,False,False,126.9852,False
17.9627,0.0000,0.0000,0.0000,0.0000,False,True,False,False,False,127.8648,False
17.9969,0.0000,0.0000,0.0000,0.0000,False,True,False,False,False,128.7293,False
18.0307,0.0000,0.0000,0.0000,0.0000,False,True,False,False,False,129.5982,False
18.0648,0.0000,0.0000,0.0000,0.0000,False,True,False,False,False,130.4675,False
18.0986,0.0000,0.0000,0.0000,0.0000,False,True,False,False,False,131.3338,False
18.1326,0.0000,0.0000,0.0000,0.0000,False,True,False,False,False,132.2033,False
18.1670,0.0000,0.0000,0.0000,0.0000,False,True,False,False,False,133.0694,False
18.2013,0.0000,0.0000,0.0000,0.0000,False,True,False,False,False,133.9412,False
18.2367,0.0000,0.0000,0.0000,0.0000,False,True,False,False,False,134.8186,False
18.2713,0.0000,0.0000,0.0000,0.0000,False,True,False,False,False,135.7064,False
18.3249,0.0000,0.0000,0.0000,0.0000,False,True,False,False,False,136.6026,False
18.3616,0.0000,0.0000,0.0000,0.0000,False,True,False,False,False,137.6747,False
18.3998,0.0000,0.0000,0.0000,0.0000,False,True,False,False,False,138.8772,False
18.4331,0.0000,0.0000,0.0000,0.0000,False,True,False,False,False,139.8304,False
18.4673,0.0000,0.0000,0.0000,0.0000,False,True,False,False,False,140.7585,False
18.5014,0.0000,0.0000,0.0000,0.0000,False,True,False,False,False,141.6188,False
18.5354,0.0000,0.0000,0.0000,0.0000,False,True,False,False,False,142.4915,False
18.5695,0.0000,0.0000,0.0000,0.0000,False,True,False,False,False,143.3620,False
18.6036,0.0000,0.0000,0.0000,0.0000,False,True,False,False,False,144.2324,False
18.6388,0.0000,0.0000,0.0000,0.0000,False,True,False,False,False,145.1040,False
18.6731,0.0000,0.0000,0.0000,0.0000,False,True,False,False,False,145.9859,False
18.7072,0.0000,0.0000,0.0000,0.0000,False,True,False,False,False,146.8773,False
18.7413,0.0000,0.0000,0.0000,0.0000,False,True,False,False,False,147.7529,False
18.7753,0.0000,0.0000,0.0000,0.0000,False,True,False,False,False,148.6243,False
18.8089,0.0000,0.0000,0.0000,0.0000,False,True,False,False,False,149.4955,False
18.8434,0.0000,0.0000,0.0000,0.0000,False,True,False,False,False,150.3604,False
18.8783,0.0000,0.0000,0.0000,0.0000,False,True,False,False,False,151.2280,False
18.9161,0.0000,0.0000,0.0000,0.0000,False,True,False,False,False,152.1107,False
18.9547,0.0000,0.0000,0.0000,0.0000,False,True,False,False,False,153.0281,False
18.9887,0.0000,0.0000,0.0000,0.0000,False,True,False,False,False,153.9980,False
19.0237,0.0000,0.0000,0.0000,0.0000,False,True,False,False,False,154.9356,False
19.0579,0.0000,0.0000,0.0000,0.0000,False,True,False,False,False,155.8108,False
19.0923,0.0000,0.0000,0.0000,0.0000,False,True,False,False,False,156.6954,False
19.1288,0.0000,0.0000,0.0000,0.0000,False,True,False,False,False,157.5697,False
19.1627,0.0000,0.0000,0.0000,0.0000,False,True,False,False,False,158.4668,False
19.1969,0.0000,0.0000,0.0000,0.0000,False,True,False,False,False,159.3725,False
19.2309,0.0000,0.0000,0.0000,0.0000,False,True,False,False,False,160.2394,False
19.2648,0.0000,0.0000,0.0000,0.0000,False,True,False,False,False,161.1090,False
19.2994,0.0000,0.0000,0.0000,0.0000,False,True,False,False,False,161.9752,False
19.3337,0.0000,0.0000,0.0000,0.0000,False,True,False,False,False,162.8469,False
19.3680,0.0000,0.0000,0.0000,0.0000,False,True,False,False,False,163.7259,False
19.4017,0.0000,0.0000,0.0000,0.0000,False,True,False,False,False,164.5998,False
19.4426,0.0000,0.0000,0.0000,0.0000,False,True,False,False,False,165.4685,False
19.4765,0.0000,0.0000,0.0000,0.0000,False,True,False,False,False,166.3993,False
19.5099,0.0000,0.0000,0.0000,0.0000,False,True,False,False,False,167.3721,False
19.5440,0.0000,0.0000,0.0000,0.0000,False,True,False,False,False,168.2316,False
19.5779,0.0000,0.0000,0.0000,0.0000,False,True,False,False,False,169.0906,False
19.6119,0.0000,0.0000,0.0000,0.0000,False,True,False,False,False,169.9583,False
19.6849,0.0000,0.0000,0.0000,0.0000,False,True,False,False,False,170.8247,False
19.7186,0.0000,0.0000,0.0000,0.0000,False,True,False,False,False,172.0863,False
19.7517,0.0000,0.0000,0.0000,0.0000,False,True,False,False,False,173.5566,False
19.7861,0.0000,0.0000,0.0000,0.0000,False,True,False,False,False,174.4129,False
19.8200,0.0000,0.0000,0.0000,0.0000,False,True,False,False,False,175.2734,False
19.8549,0.0000,0.0000,0.0000,0.0000,False,True,False,False,False,176.1496,False
19.8895,0.0000,0.0000,0.0000,0.0000,False,True,False,False,False,177.0278,False
19.9242,0.0000,0.0000,0.0000,0.0000,False,True,False,False,False,177.9174,False
19.9586,0.0000,0.0000,0.0000,0.0000,False,True,False,False,False,178.8034,False
19.9999,0.0000,0.0000,0.0000,0.0000,False,True,False,False,False,179.6897,False
20.0338,0.0000,0.0000,0.0000,0.0000,False,True,False,False,False,180.6402,False
20.0682,0.0000,0.0000,0.0000,0.0000,False,True,False,False,False,181.6223,False
20.1021,0.0000,0.0000,0.0000,0.0000,False,True,False,False,False,182.4950,False
20.1362,0.0000,0.0000,0.0000,0.0000,False,True,False,False,False,183.3698,False
20.1698,0.0000,0.0000,0.0000,0.0000,False,True,False,False,False,184.2402,False
20.2036,0.0000,0.0000,0.0000,0.0000,False,True,False,False,False,185.1093,False
20.2401,0.0000,0.0000,0.0000,0.0000,False,True,False,False,False,185.9711,False
20.2742,0.0000,0.0000,0.0000,0.0000,False,True,False,False,False,186.8641,False
20.3083,0.0000,0.0000,0.0000,0.0000,False,True,False,False,False,187.7738,False
20.3420,0.0000,0.0000,0.0000,0.0000,False,True,False,False,False,188.6458,False
20.3778,0.0000,0.0000,0.0000,0.0000,False,True,False,False,False,189.5139,False
20.4114,0.0000,0.0000,0.0000,0.0000,False,True,False,False,False,190.3941,False
20.4453,0.0000,0.0000,0.0000,0.0000,False,True,False,False,False,191.2850,False
20.4794,0.0000,0.0000,0.0000,0.0000,False,True,False,False,False,192.1447,False
20.5160,0.0000,0.0000,0.0000,0.0000,False,True,False,False,False,193.0118,False
20.5543,0.0000,0.0000,0.0000,0.0000,False,True,False,False,False,193.9075,False
20.5955,0.0000,0.0000,0.0000,0.0000,False,True,False,False,False,194.8596,False
20.6381,0.0000,0.0000,0.0000,0.0000,False,True,False,False,False,195.8670,False
20.6783,0.0000,0.0000,0.0000,0.0000,False,True,False,False,False,196.9320,False
20.7160,0.0000,0.0000,0.0000,0.0000,False,True,False,False,False,197.9956,False
20.7532,0.0000,0.0000,0.0000,0.0000,False,True,False,False,False,198.9976,False
20.7912,0.0000,0.0000,0.0000,0.0000,False,True,False,False,False,199.9543,False
20.8292,0.0000,0.0000,0.0000,0.0000,False,True,False,False,False,200.9115,False
20.8672,0.0000,0.0000,0.0000,0.0000,False,True,False,False,False,201.8816,False
20.9055,0.0000,0.0000,0.0000,0.0000,False,True,False,False,False,202.8517,False
20.9471,0.0000,0.0000,0.0000,0.0000,False,True,False,False,False,203.8244,False
20.9853,0.0000,0.0000,0.0000,0.0000,False,True,False,False,False,204.8362,False
21.0233,0.0000,0.0000,0.0000,0.0000,False,True,False,False,False,205.8625,False
21.0617,0.0000,0.0000,0.0000,0.0000,False,True,False,False,False,206.8358,False
21.1116,0.0000,0.0000,0.0000,0.0000,False,True,False,False,False,207.8105,False
21.1575,0.0000,0.0000,0.0000,0.0000,False,True,False,False,False,208.9084,False
21.2007,0.0000,0.0000,0.0000,0.0000,False,True,False,False,False,210.1419,False
21.2465,0.0000,0.0000,0.0000,0.0000,False,True,False,False,False,211.2868,False
21.2843,0.0000,0.0000,0.0000,0.0000,False,True,False,False,False,212.4159,False
21.3240,0.0000,0.0000,0.0000,0.0000,False,True,False,False,False,213.5046,False
21.3663,0.0000,0.0000,0.0000,0.0000,False,True,False,False,False,214.4930,False
21.4052,0.0000,0.0000,0.0000,0.0000,False,True,False,False,False,215.5368,False
21.4444,0.0000,0.0000,0.0000,0.0000,False,True,False,False,False,216.5861,False
21.4865,0.0000,0.0000,0.0000,0.0000,False,True,False,False,False,217.5852,False
21.5262,0.0000,0.0000,0.0000,0.0000,False,True,False,False,False,218.6197,False
21.5665,0.0000,0.0000,0.0000,0.0000,False,True,False,False,False,219.6749,False
21.6091,0.0000,0.0000,0.0000,0.0000,False,True,False,False,False,220.6992,False
21.6488,0.0000,0.0000,0.0000,0.0000,False,True,False,False,False,221.7552,False
21.6875,0.0000,0.0000,0.0000,0.0000,False,True,False,False,False,222.8170,False
21.7255,0.0000,0.0000,0.0000,0.0000,False,True,False,False,False,223.8243,False
21.7633,0.0000,0.0000,0.0000,0.0000,False,True,False,False,False,224.8084,False
21.8044,0.0000,0.0000,0.0000,0.0000,False,True,False,False,False,225.7804,False
21.8461,0.0000,0.0000,0.0000,0.0000,False,True,False,False,False,226.7833,False
21.8835,0.0000,0.0000,0.0000,0.0000,False,True,False,False,False,227.8439,False
21.9217,0.0000,0.0000,0.0000,0.0000,False,True,False,False,False,228.8687,False
21.9598,0.0000,0.0000,0.0000,0.0000,False,True,False,False,False,229.8352,False
21.9966,0.0000,0.0000,0.0000,0.0000,False,True,False,False,False,230.8126,False
22.0346,0.0000,0.0000,0.0000,0.0000,False,True,False,False,False,231.7757,False
22.0755,0.0000,0.0000,0.0000,0.0000,False,True,False,False,False,232.7308,False
22.1166,0.0000,0.0000,0.0000,0.0000,False,True,False,False,False,233.7353,False
22.1549,0.0000,0.0000,0.0000,0.0000,False,True,False,False,False,234.7872,False
22.1959,0.0000,0.0000,0.0000,0.0000,False,True,False,False,False,235.8111,False
22.2389,0.0000,0.0000,0.0000,0.0000,False,True,False,False,False,236.8196,False
22.2777,0.0000,0.0000,0.0000,0.0000,False,True,False,False,False,237.8920,False
22.3155,0.0000,0.0000,0.0000,0.0000,False,True,False,False,False,238.9513,False
22.3559,0.0000,0.0000,0.0000,0.0000,False,True,False,False,False,239.9349,False
22.4335,0.0000,0.0000,0.0000,0.0000,False,True,False,False,False,240.9311,False
22.4695,0.0000,0.0000,0.0000,0.0000,False,True,False,False,False,242.3528,False
22.5060,0.0000,0.0000,0.0000,0.0000,False,True,False,False,False,243.9111,False
22.5426,0.0000,0.0000,0.0000,0.0000,False,True,False,False,False,244.8388,False
22.5811,0.0000,0.0000,0.0000,0.0000,False,True,False,False,False,245.7755,False
22.6215,0.0000,0.0000,0.0000,0.0000,False,True,False,False,False,246.7339,False
22.6591,0.0000,0.0000,0.0000,0.0000,False,True,False,False,False,247.7401,False
22.6985,0.0000,0.0000,0.0000,0.0000,False,True,False,False,False,248.7470,False
22.7381,0.0000,0.0000,0.0000,0.0000,False,True,False,False,False,249.7287,False
22.7757,0.0000,0.0000,0.0000,0.0000,False,True,False,False,False,250.7405,False
22.8140,0.0000,0.0000,0.0000,0.0000,False,True,False,False,False,251.7360,False
22.8528,0.0000,0.0000,0.0000,0.0000,False,True,False,False,False,252.7075,False
22.8908,0.0000,0.0000,0.0000,0.0000,False,True,False,False,False,253.6946,False
22.9301,0.0000,0.0000,0.0000,0.0000,False,True,False,False,False,254.6812,False
22.9756,0.0000,0.0000,0.0000,0.0000,False,True,False,False,False,255.6685,False
23.0134,0.0000,0.0000,0.0000,0.0000,False,True,False,False,False,256.7404,False
23.0511,0.0000,0.0000,0.0000,0.0000,False,True,False,False,False,257.8267,False
23.0894,0.0000,0.0000,0.0000,0.0000,False,True,False,False,False,258.7941,False
23.1302,0.0000,0.0000,0.0000,0.0000,False,True,False,False,False,259.7672,False
23.1700,0.0000,0.0000,0.0000,0.0000,False,True,False,False,False,260.7755,False
23.2090,0.0000,0.0000,0.0000,0.0000,False,True,False,False,False,261.8105,False
23.2464,0.0000,0.0000,0.0000,0.0000,False,True,False,False,False,262.8231,False
23.2859,0.0000,0.0000,0.0000,0.0000,False,True,False,False,False,263.8064,False
23.3230,0.0000,0.0000,0.0000,0.0000,False,True,False,False,False,264.7863,False
23.3643,0.0000,0.0000,0.0000,0.0000,False,True,False,False,False,265.7748,False
23.4019,0.0000,0.0000,0.0000,0.0000,False,True,False,False,False,266.7695,False
23.4397,0.0000,0.0000,0.0000,0.0000,False,True,False,False,False,267.7907,False
23.4771,0.0000,0.0000,0.0000,0.0000,False,True,False,False,False,268.7561,False
23.5152,0.0000,0.0000,0.0000,0.0000,False,True,False,False,False,269.7203,False
23.5568,0.0000,0.0000,0.0000,0.0000,False,True,False,False,False,270.6869,False
23.6010,0.0000,0.0000,0.0000,0.0000,False,True,False,False,False,271.7000,False
23.6455,0.0000,0.0000,0.0000,0.0000,False,True,False,False,False,272.7941,False
23.6896,0.0000,0.0000,0.0000,0.0000,False,True,False,False,False,273.9296,False
23.7289,0.0000,0.0000,0.0000,0.0000,False,True,False,False,False,275.0663,False
23.7729,0.0000,0.0000,0.0000,0.0000,False,True,False,False,False,276.1474,False
23.8152,0.0000,0.0000,0.0000,0.0000,False,True,False,False,False,277.2043,False
23.8552,0.0000,0.0000,0.0000,0.0000,False,True,False,False,False,278.3127,False
23.8941,0.0000,0.0000,0.0000,0.0000,False,True,False,False,False,279.3702,False
23.9344,0.0000,0.0000,0.0000,0.0000,False,True,False,False,False,280.3802,False
23.9740,0.0000,0.0000,0.0000,0.0000,False,True,False,False,False,281.3880,False
24.0162,0.0000,0.0000,0.0000,0.0000,False,True,False,False,False,282.4106,False
24.0554,0.0000,0.0000,0.0000,0.0000,False,True,False,False,False,283.4496,False
24.0948,0.0000,0.0000,0.0000,0.0000,False,True,False,False,False,284.4973,False
24.1383,0.0000,0.0000,0.0000,0.0000,False,True,False,False,False,285.5016,False
24.1883,0.0000,0.0000,0.0000,0.0000,False,True,False,False,False,286.5513,False
24.2269,0.0000,0.0000,0.0000,0.0000,False,True,False,False,False,287.7303,False
24.2687,0.0000,0.0000,0.0000,0.0000,False,True,False,False,False,288.8900,False
24.3078,0.0000,0.0000,0.0000,0.0000,False,True,False,False,False,289.9093,False
24.3479,0.0000,0.0000,0.0000,0.0000,False,True,False,False,False,290.9507,False
24.3873,0.0000,0.0000,0.0000,0.0000,False,True,False,False,False,291.9599,False
24.4262,0.0000,0.0000,0.0000,0.0000,False,True,False,False,False,292.9771,False
24.4649,0.0000,0.0000,0.0000,0.0000,False,True,False,False,False,293.9781,False
24.5037,0.0000,0.0000,0.0000,0.0000,False,True,False,False,False,294.9709,False
24.5448,0.0000,0.0000,0.0000,0.0000,False,True,False,False,False,295.9624,False
24.5838,0.0000,0.0000,0.0000,0.0000,False,True,False,False,False,296.9775,False
24.6253,0.0000,0.0000,0.0000,0.0000,False,True,False,False,False,298.0056,False
24.6722,0.0000,0.0000,0.0000,0.0000,False,True,False,False,False,299.0278,False
24.7117,0.0000,0.0000,0.0000,0.0000,False,True,False,False,False,300.1441,False
24.7559,0.0000,0.0000,0.0000,0.0000,False,True,False,False,False,301.2668,False
24.8059,0.0000,0.0000,0.0000,0.0000,False,True,False,False,False,302.3285,False
24.8512,0.0000,0.0000,0.0000,0.0000,False,True,False,False,False,303.5242,False
24.9000,0.0000,0.0000,0.0000,0.0000,False,True,False,False,False,304.7579,False
24.9494,0.0000,0.0000,0.0000,0.0000,False,True,False,False,False,305.9567,False
25.0020,0.0000,0.0000,0.0000,0.0000,False,True,False,False,False,307.2161,False
25.0508,0.0000,0.0000,0.0000,0.0000,False,True,False,False,False,308.5181,False
25.1025,0.0000,0.0000,0.0000,0.0000,False,True,False,False,False,309.8292,False
25.1563,0.0000,0.0000,0.0000,0.0000,False,True,False,False,False,311.1125,False
25.2025,0.0000,0.0000,0.0000,0.0000,False,True,False,False,False,312.4605,False
25.2481,0.0000,0.0000,0.0000,0.0000,False,True,False,False,False,313.7620,False
25.2900,0.0000,0.0000,0.0000,0.0000,False,True,False,False,False,314.9428,False
25.3356,0.0000,0.0000,0.0000,0.0000,False,True,False,False,False,316.0747,False
25.3835,0.0000,0.0000,0.0000,0.0000,False,True,False,False,False,317.1887,False
25.4352,0.0000,0.0000,0.0000,0.0000,False,True,False,False,False,318.3840,False
25.4876,0.0000,0.0000,0.0000,0.0000,False,True,False,False,False,319.6536,False
25.5326,0.0000,0.0000,0.0000,0.0000,False,True,False,False,False,320.9879,False
25.5758,0.0000,0.0000,0.0000,0.0000,False,True,False,False,False,322.2552,False
25.6169,0.0000,0.0000,0.0000,0.0000,False,True,False,False,False,323.3904,False
25.6622,0.0000,0.0000,0.0000,0.0000,False,True,False,False,False,324.4778,False
25.7045,0.0000,0.0000,0.0000,0.0000,False,True,False,False,False,325.5777,False
25.7491,0.0000,0.0000,0.0000,0.0000,False,True,False,False,False,326.7092,False
25.7916,0.0000,0.0000,0.0000,0.0000,False,True,False,False,False,327.8187,False
25.8313,0.0000,0.0000,0.0000,0.0000,False,True,False,False,False,328.9418,False
25.8742,0.0000,0.0000,0.0000,0.0000,False,True,False,False,False,329.9963,False
25.9167,0.0000,0.0000,0.0000,0.0000,False,True,False,False,False,331.0430,False
25.9622,0.0000,0.0000,0.0000,0.0000,False,True,False,False,False,332.1337,False
26.0041,0.0000,0.0000,0.0000,0.0000,False,True,False,False,False,333.2490,False
26.0473,0.0000,0.0000,0.0000,0.0000,False,True,False,False,False,334.3735,False
26.0975,0.0000,0.0000,0.0000,0.0000,False,True,False,False,False,335.4564,False
26.1383,0.0000,0.0000,0.0000,0.0000,False,True,False,False,False,336.6306,False
26.1845,0.0000,0.0000,0.0000,0.0000,False,True,False,False,False,337.8144,False
26.2322,0.0000,0.0000,0.0000,0.0000,False,True,False,False,False,338.9115,False
26.2798,0.0000,0.0000,0.0000,0.0000,False,True,False,False,False,340.1060,False
26.3259,0.0000,0.0000,0.0000,0.0000,False,True,False,False,False,341.3223,False
26.3728,0.0000,0.0000,0.0000,0.0000,False,True,False,False,False,342.5219,False
26.4196,0.0000,0.0000,0.0000,0.0000,False,True,False,False,False,343.7069,False
26.4692,0.0000,0.0000,0.0000,0.0000,False,True,False,False,False,344.9026,False
26.5186,0.0000,0.0000,0.0000,0.0000,False,True,False,False,False,346.1264,False
26.5668,0.0000,0.0000,0.0000,0.0000,False,True,False,False,False,347.3908,False
26.6176,0.0000,0.0000,0.0000,0.0000,False,True,False,False,False,348.6388,False
26.6699,0.0000,0.0000,0.0000,0.0000,False,True,False,False,False,349.8955,False
26.7212,0.0000,0.0000,0.0000,0.0000,False,True,False,False,False,351.2086,False
26.7820,0.0000,0.0000,0.0000,0.0000,False,True,False,False,False,352.5331,False
26.8319,0.0000,0.0000,0.0000,0.0000,False,True,False,False,False,353.9399,False
26.8837,0.0000,0.0000,0.0000,0.0000,False,False,False,False,False,353.9399,False
26.9342,0.0000,0.0000,0.0000,0.0000,False,False,False,False,False,353.9399,False
26.9813,0.0000,0.0000,0.0000,0.0000,False,False,False,False,False,353.9399,False
27.0269,0.0000,0.0000,0.0000,0.0000,False,False,False,False,False,353.9399,False
27.0701,0.0000,0.0000,0.0000,0.0000,False,False,False,False,False,353.9399,False
27.1149,0.0000,0.0000,0.0000,0.0000,False,False,False,False,False,353.9399,False
27.1625,0.0000,0.0000,0.0000,0.0000,False,False,False,False,False,353.9399,False
27.2070,0.0000,0.0000,0.0000,0.0000,False,False,False,False,False,353.9399,False
27.2520,0.0000,0.0000,0.0000,0.0000,False,False,False,False,False,353.9399,False
27.2996,0.0000,0.0000,0.0000,0.0000,False,False,False,False,False,353.9399,False
27.3467,0.0000,0.0000,0.0000,0.0000,False,False,False,False,False,353.9399,False
27.3922,0.0000,0.0000,0.0000,0.0000,False,False,False,False,False,353.9399,False
27.4415,0.0000,0.0000,0.0000,0.0000,False,False,False,False,False,353.9399,False
27.4960,0.0000,0.0000,0.0000,0.0000,False,False,False,False,False,353.9399,False
27.5441,0.0000,0.0000,0.0000,0.0000,False,False,False,False,False,353.9399,False
27.5917,0.0000,0.0000,0.0000,0.0000,False,False,False,False,False,353.9399,False
27.6383,0.0000,0.0000,0.0000,0.0000,False,False,False,False,False,353.9399,False
27.6871,0.0000,0.0000,0.0000,0.0000,False,False,False,False,False,353.9399,False
27.7377,0.0000,0.0000,0.0000,0.0000,False,False,False,False,False,353.9399,False
27.7872,0.0000,0.0000,0.0000,0.0000,False,False,False,False,False,353.9399,False
27.8368,0.0000,0.0000,0.0000,0.0000,False,False,False,False,False,353.9399,False
27.8861,0.0000,0.0000,0.0000,0.0000,False,False,False,False,False,353.9399,False
27.9374,0.0000,0.0000,0.0000,0.0000,False,False,False,False,False,353.9399,False
27.9932,0.0000,0.0000,0.0000,0.0000,False,False,False,False,False,353.9399,False
28.0436,0.0000,0.0000,0.0000,0.0000,False,False,False,False,False,353.9399,False
28.0914,0.0000,0.0000,0.0000,0.0000,False,False,False,False,False,353.9399,False
28.1421,0.0000,0.0000,0.0000,0.0000,False,False,False,False,False,353.9399,False
28.1987,0.0000,0.0000,0.0000,0.0000,False,False,False,False,False,353.9399,False
28.2464,0.0000,0.0000,0.0000,0.0000,False,False,False,False,False,353.9399,False
28.2993,0.0000,0.0000,0.0000,0.0000,False,False,False,False,False,353.9399,False
28.3480,0.0000,0.0000,0.0000,0.0000,False,False,False,False,False,353.9399,False
28.3976,0.0000,0.0000,0.0000,0.0000,False,False,False,False,False,353.9399,False
28.4521,0.0000,0.0000,0.0000,0.0000,False,False,False,False,False,353.9399,False
28.5017,0.0000,0.0000,0.0000,0.0000,False,False,False,False,False,353.9399,False
28.5498,0.0000,0.0000,0.0000,0.0000,False,False,False,False,False,353.9399,False
28.6003,0.0000,0.0000,0.0000,0.0000,False,False,False,False,False,353.9399,False
28.6518,0.0000,0.0000,0.0000,0.0000,False,False,False,False,False,353.9399,False
28.7053,0.0000,0.0000,0.0000,0.0000,False,False,False,False,False,353.9399,False
28.7579,0.0000,0.0000,0.0000,0.0000,False,False,False,False,False,353.9399,False
28.8090,0.0000,0.0000,0.0000,0.0000,False,False,False,False,False,353.9399,False
28.8603,0.0000,0.0000,0.0000,0.0000,False,False,False,False,False,353.9399,False
28.9152,0.0000,0.0000,0.0000,0.0000,False,False,False,False,False,353.9399,False
28.9752,0.0000,0.0000,0.0000,0.0000,False,False,False,False,False,353.9399,False
29.0312,0.0000,0.0000,0.0000,0.0000,False,False,False,False,False,353.9399,False
29.0891,0.0000,0.0000,0.0000,0.0000,False,False,False,False,False,353.9399,False
29.1471,0.0000,0.0000,0.0000,0.0000,False,False,False,False,False,353.9399,False
29.2076,0.0000,0.0000,0.0000,0.0000,False,False,False,False,False,353.9399,False
29.2672,0.0000,0.0000,0.0000,0.0000,False,False,False,False,False,353.9399,False
29.3250,0.0000,0.0000,0.0000,0.0000,False,False,False,False,False,353.9399,False
29.3813,0.0000,0.0000,0.0000,0.0000,False,False,False,False,False,353.9399,False
29.4383,0.0000,0.0000,0.0000,0.0000,False,False,False,False,False,353.9399,False
29.4969,0.0000,0.0000,0.0000,0.0000,False,False,False,False,False,353.9399,False
29.5531,0.0000,0.0000,0.0000,0.0000,False,False,False,False,False,353.9399,False
29.6115,0.0000,0.0000,0.0000,0.0000,False,False,False,False,False,353.9399,False
29.6703,0.0000,0.0000,0.0000,0.0000,False,False,False,False,False,353.9399,False
29.7349,0.0000,0.0000,0.0000,0.0000,False,False,False,False,False,353.9399,False
29.7996,0.0000,0.0000,0.0000,0.0000,False,False,False,False,False,353.9399,False
29.8616,0.0000,0.0000,0.0000,0.0000,False,False,False,False,False,353.9399,False
29.9238,0.0000,0.0000,0.0000,0.0000,False,False,False,False,False,353.9399,False
29.9887,0.0000,0.0000,0.0000,0.0000,False,False,False,False,False,353.9399,False
30.0534,0.0000,0.0000,0.0000,0.0000,False,False,False,False,False,353.9399,False
30.1153,0.0000,0.0000,0.0000,0.0000,False,False,False,False,False,353.9399,False
30.1771,0.0000,0.0000,0.0000,0.0000,False,False,False,False,False,353.9399,False
30.2434,0.0000,0.0000,0.0000,0.0000,False,False,False,False,False,353.9399,False
30.3069,0.0000,0.0000,0.0000,0.0000,False,False,False,False,False,353.9399,False
30.3721,0.0000,0.0000,0.0000,0.0000,False,False,False,False,False,353.9399,False
30.4372,0.0000,0.0000,0.0000,0.0000,False,False,False,False,False,353.9399,False
30.5043,0.0000,0.0000,0.0000,0.0000,False,False,False,False,False,353.9399,False
30.5744,0.0000,0.0000,0.0000,0.0000,False,False,False,False,False,353.9399,False
30.6458,0.0000,0.0000,0.0000,0.0000,False,False,False,False,False,353.9399,False
30.7085,0.0000,0.0000,0.0000,0.0000,False,False,False,False,False,353.9399,False
30.7776,0.0000,0.0000,0.0000,0.0000,False,False,False,False,False,353.9399,False
30.8433,0.0000,0.0000,0.0000,0.0000,False,False,False,False,False,353.9399,False
30.9067,0.0000,0.0000,0.0000,0.0000,False,False,False,False,False,353.9399,False
30.9755,0.0000,0.0000,0.0000,0.0000,False,False,False,False,False,353.9399,False
31.0425,0.0000,0.0000,0.0000,0.0000,False,False,False,False,False,353.9399,False
31.1106,0.0000,0.0000,0.0000,0.0000,False,False,False,False,False,353.9399,False
31.1747,0.0000,0.0000,0.0000,0.0000,False,False,False,False,False,353.9399,False
31.2429,0.0000,0.0000,0.0000,0.0000,False,False,False,False,False,353.9399,False
31.3069,0.0000,0.0000,0.0000,0.0000,False,False,False,False,False,353.9399,False
31.3740,0.0000,0.0000,0.0000,0.0000,False,False,False,False,False,353.9399,False
31.4407,0.0000,0.0000,0.0000,0.0000,False,False,False,False,False,353.9399,False
31.5106,0.0000,0.0000,0.0000,0.0000,False,False,False,False,False,353.9399,False
31.5829,0.0000,0.0000,0.0000,0.0000,False,False,False,False,False,353.9399,False
31.6486,0.0000,0.0000,0.0000,0.0000,False,False,False,False,False,353.9399,False
31.7132,0.0000,0.0000,0.0000,0.0000,False,False,False,False,False,353.9399,False
31.7837,0.0000,0.0000,0.0000,0.0000,False,False,False,False,False,353.9399,False
31.8506,0.0000,0.0000,0.0000,0.0000,False,False,False,False,False,353.9399,False
31.9182,0.0000,0.0000,0.0000,0.0000,False,False,False,False,False,353.9399,False
31.9941,0.0000,0.0000,0.0000,0.0000,False,False,False,False,False,353.9399,False
32.0640,0.0000,0.0000,0.0000,0.0000,False,False,False,False,False,353.9399,False
32.1346,0.0000,0.0000,0.0000,0.0000,False,False,False,False,False,353.9399,False
32.2015,0.0000,0.0000,0.0000,0.0000,False,False,False,False,False,353.9399,False
32.2764,0.0000,0.0000,0.0000,0.0000,False,False,False,False,False,353.9399,False
32.3434,0.0000,0.0000,0.0000,0.0000,False,False,False,False,False,353.9399,False
32.4152,0.0000,0.0000,0.0000,0.0000,False,False,False,False,False,353.9399,False
32.4920,0.0000,0.0000,0.0000,0.0000,False,False,False,False,False,353.9399,False
32.5613,0.0000,0.0000,0.0000,0.0000,False,False,False,False,False,353.9399,False
32.6259,0.0000,0.0000,0.0000,0.0000,False,False,False,False,False,353.9399,False
32.6910,0.0000,0.0000,0.0000,0.0000,False,False,False,False,False,353.9399,False
32.7561,0.0000,0.0000,0.0000,0.0000,False,False,False,False,False,353.9399,False
32.8231,0.0000,0.0000,0.0000,0.0000,False,False,False,False,False,353.9399,False
32.8959,0.0000,0.0000,0.0000,0.0000,False,False,False,False,False,353.9399,False
32.9622,0.0000,0.0000,0.0000,0.0000,False,False,False,False,False,353.9399,False
33.0340,0.0000,0.0000,0.0000,0.0000,False,False,False,False,False,353.9399,False
33.1015,0.0000,0.0000,0.0000,0.0000,False,False,False,False,False,353.9399,False
33.1674,0.0000,0.0000,0.0000,0.0000,False,False,False,False,False,353.9399,False
33.2387,0.0000,0.0000,0.0000,0.0000,False,False,False,False,False,353.9399,False
33.3062,0.0000,0.0000,0.0000,0.0000,False,False,False,False,False,353.9399,False
33.3710,0.0000,0.0000,0.0000,0.0000,False,False,False,False,False,353.9399,False
33.4352,0.0000,0.0000,0.0000,0.0000,False,False,False,False,False,353.9399,False
33.5025,0.0000,0.0000,0.0000,0.0000,False,False,False,False,False,353.9399,False
33.5583,0.0000,0.0000,0.0000,0.0000,False,False,False,False,False,353.9399,False
33.6147,0.0000,0.0000,0.0000,0.0000,False,False,False,False,False,353.9399,False
33.6751,0.0000,0.0000,0.0000,0.0000,False,False,False,False,False,353.9399,False
33.7332,0.0000,0.0000,0.0000,0.0000,False,False,False,False,False,353.9399,False
33.7916,0.0000,0.0000,0.0000,0.0000,False,False,False,False,False,353.9399,False
33.8444,0.0000,0.0000,0.0000,0.0000,False,False,False,False,False,353.9399,False
33.8965,0.0000,0.0000,0.0000,0.0000,False,False,False,False,False,353.9399,False
33.9435,0.0000,0.0000,0.0000,0.0000,False,False,False,False,False,353.9399,False
33.9907,0.0000,0.0000,0.0000,0.0000,False,False,False,False,False,353.9399,False
34.0400,0.0000,0.0000,0.0000,0.0000,False,False,False,False,False,353.9399,False
34.0853,0.0000,0.0000,0.0000,0.0000,False,False,False,False,False,353.9399,False
34.1300,0.0000,0.0000,0.0001,0.0000,False,False,False,False,False,353.9399,False
34.1788,0.0000,0.0000,0.0000,0.0000,False,False,False,False,False,353.9399,False
34.2293,0.0000,0.0000,0.0000,0.0000,False,False,False,False,False,353.9399,False
34.2745,0.0000,0.0000,0.0000,0.0000,False,False,False,False,False,353.9399,False
34.3200,0.0000,0.0000,0.0000,0.0000,False,False,False,False,False,353.9399,False
34.3653,0.0000,0.0000,0.0000,0.0000,False,False,False,False,False,353.9399,False
34.4094,0.0000,0.0000,0.0000,0.0000,False,False,False,False,False,353.9399,False
34.4531,0.0000,0.0000,0.0000,0.0000,False,False,False,False,False,353.9399,False
34.4962,0.0000,0.0000,0.0000,0.0000,False,False,False,False,False,353.9399,False
34.5395,0.0000,0.0000,0.0000,0.0000,False,False,False,False,False,353.9399,False
34.5815,0.0000,0.0000,0.0000,0.0000,False,False,False,False,False,353.9399,False
34.6239,0.0000,0.0000,0.0001,0.0000,False,False,False,False,False,353.9399,False
34.6663,0.0000,0.0000,0.0001,0.0000,False,False,False,False,False,353.9399,False
34.7087,0.0000,0.0000,0.0001,0.0000,False,False,False,False,False,353.9399,False
34.7535,0.0000,0.0000,0.0000,0.0000,False,False,False,False,False,353.9399,False
34.7965,0.0000,0.0000,0.0000,0.0000,False,False,False,False,False,353.9399,False
34.8441,0.0000,0.0000,0.0000,0.0000,False,False,False,False,False,353.9399,False
34.8912,0.0000,0.0000,0.0000,0.0000,False,False,False,False,False,353.9399,False
34.9317,0.0000,0.0000,0.0000,0.0000,False,False,False,False,False,353.9399,False
34.9725,0.0000,0.0000,0.0000,0.0000,False,False,False,False,False,353.9399,False
35.0177,0.0000,0.0000,0.0000,0.0000,False,False,False,False,False,353.9399,False
35.0582,0.0000,0.0000,0.0001,0.0000,False,False,False,False,False,353.9399,False
35.0981,0.0000,0.0000,0.0000,0.0000,False,False,False,False,False,353.9399,False
35.1379,0.0000,0.0000,0.0000,0.0000,False,False,False,False,False,353.9399,False
35.1786,0.0000,0.0000,0.0001,0.0000,False,False,False,False,False,353.9399,False
35.2203,0.0000,0.0000,0.0000,0.0000,False,False,False,False,False,353.9399,False
35.2608,0.0000,0.0000,0.0000,0.0000,False,False,False,False,False,353.9399,False
35.2992,0.0000,0.0000,0.0000,0.0000,False,False,False,False,False,353.9399,False
35.3385,0.0000,0.0000,0.0000,0.0000,False,False,False,False,False,353.9399,False
35.3777,0.0000,0.0000,0.0000,0.0000,False,False,False,False,False,353.9399,False
35.4200,0.0000,0.0000,0.0000,0.0000,False,False,False,False,False,353.9399,False
35.4609,0.0000,0.0000,0.0000,0.0000,False,False,False,False,False,353.9399,False
35.5039,0.0000,0.0000,0.0000,0.0000,False,False,False,False,False,353.9399,False
35.5464,0.0000,0.0000,0.0000,0.0000,False,False,False,False,False,353.9399,False
35.5883,0.0000,0.0000,0.0000,0.0000,False,False,False,False,False,353.9399,False
35.6245,0.0000,0.0000,0.0000,0.0000,False,False,False,False,False,353.9399,False
35.6605,0.0000,0.0000,0.0000,0.0000,False,False,False,False,False,353.9399,False
35.6966,0.0000,0.0000,0.0000,0.0000,False,False,False,False,False,353.9399,False
35.7353,0.0000,0.0000,0.0001,0.0000,False,False,False,False,False,353.9399,False
35.7712,0.0000,0.0000,0.0001,0.0000,False,False,False,False,False,353.9399,False
35.8077,0.0000,0.0000,0.0001,0.0000,False,False,False,False,False,353.9399,False
35.8463,0.0000,0.0000,0.0000,0.0000,False,False,False,False,False,353.9399,False
35.8849,0.0000,0.0000,0.0000,0.0000,False,False,False,False,False,353.9399,False
35.9211,0.0000,0.0000,0.0000,0.0000,False,False,False,False,False,353.9399,False
35.9594,0.0000,0.0000,0.0000,0.0000,False,False,False,False,False,353.9399,False
35.9956,0.0000,0.0000,0.0000,0.0000,False,False,False,False,False,353.9399,False
36.0325,0.0000,0.0000,0.0000,0.0000,False,False,False,False,False,353.9399,False
36.0688,0.0000,0.0000,0.0000,0.0000,False,False,False,False,False,353.9399,False
36.1119,0.0000,0.0000,0.0000,0.0000,False,False,False,False,False,353.9399,False
36.1498,0.0000,0.0000,0.0000,0.0000,False,False,False,False,False,353.9399,False
36.1860,0.0000,0.0000,0.0000,0.0000,False,False,False,False,False,353.9399,False
36.2241,0.0000,0.0000,0.0000,0.0000,False,False,False,False,False,353.9399,False
36.2598,0.0000,0.0000,0.0000,0.0000,False,False,False,False,False,353.9399,False
36.2969,0.0000,0.0000,0.0000,0.0000,False,False,False,False,False,353.9399,False
36.3358,0.0000,0.0000,0.0000,0.0000,False,False,False,False,False,353.9399,False
36.3732,0.0000,0.0000,0.0000,0.0000,False,False,False,False,False,353.9399,False
36.4096,0.0000,0.0000,0.0000,0.0000,False,False,False,False,False,353.9399,False
36.4456,0.0000,0.0000,0.0000,0.0000,False,False,False,False,False,353.9399,False
36.4810,0.0000,0.0000,0.0000,0.0000,False,False,False,False,False,353.9399,False
36.5173,0.0000,0.0000,0.0000,0.0000,False,False,False,False,False,353.9399,False
36.5522,0.0000,0.0000,0.0000,0.0000,False,False,False,False,False,353.9399,False
36.5871,0.0000,0.0000,0.0000,0.0000,False,False,False,False,False,353.9399,False
36.6224,0.0000,0.0000,0.0000,0.0000,False,False,False,False,False,353.9399,False
36.6604,0.0000,0.0000,0.0000,0.0000,False,False,False,False,False,353.9399,False
36.7024,0.0000,0.0000,0.0000,0.0000,False,False,False,False,False,353.9399,False
36.7400,0.0000,0.0000,0.0000,0.0000,False,False,False,False,False,353.9399,False
36.7751,0.0000,0.0000,0.0000,0.0000,False,False,False,False,False,353.9399,False
36.8111,0.0000,0.0000,0.0000,0.0000,False,False,False,False,False,353.9399,False
36.8484,0.0000,0.0000,0.0000,0.0000,False,False,False,False,False,353.9399,False
36.8853,0.0000,0.0000,0.0000,0.0000,False,False,False,False,False,353.9399,False
36.9188,0.0000,0.0000,0.0000,0.0000,False,False,False,False,False,353.9399,False
36.9522,0.0000,0.0000,0.0000,0.0000,False,False,False,False,False,353.9399,False
36.9862,0.0000,0.0000,0.0001,0.0000,False,False,False,False,False,353.9399,False
37.0199,0.0000,0.0000,0.0000,0.0000,False,False,False,False,False,353.9399,False
37.0537,0.0000,0.0000,0.0000,0.0000,False,False,False,False,False,353.9399,False
37.0882,0.0000,0.0000,0.0000,0.0000,False,False,False,False,False,353.9399,False
37.1248,0.0000,0.0000,0.0000,0.0000,False,False,False,False,False,353.9399,False
37.1592,0.0000,0.0000,0.0000,0.0000,False,False,False,False,False,353.9399,False
37.2007,0.0000,0.0000,0.0001,0.0000,False,False,False,False,False,353.9399,False
37.2374,0.0000,0.0000,0.0000,0.0000,False,False,False,False,False,353.9399,False
37.2709,0.0000,0.0000,0.0001,0.0000,False,False,False,False,False,353.9399,False
37.3051,0.0000,0.0000,0.0000,0.0000,False,False,False,False,False,353.9399,False
37.3396,0.0000,0.0000,0.0000,0.0000,False,False,False,False,False,353.9399,False
37.3760,0.0000,0.0000,0.0000,0.0000,False,False,False,False,False,353.9399,False
37.4118,0.0000,0.0000,0.0000,0.0000,False,False,False,False,False,353.9399,False
37.4480,0.0000,0.0000,0.0000,0.0000,False,False,False,False,False,353.9399,False
37.4832,0.0000,0.0000,0.0000,0.0000,False,False,False,False,False,353.9399,False
37.5179,0.0000,0.0000,0.0000,0.0000,False,False,False,False,False,353.9399,False
37.5526,0.0000,0.0000,0.0000,0.0000,False,False,False,False,False,353.9399,False
37.5874,0.0000,0.0000,0.0000,0.0000,False,False,False,False,False,353.9399,False
37.6214,0.0000,0.0000,0.0000,0.0000,False,False,False,False,False,353.9399,False
37.6557,0.0000,0.0000,0.0000,0.0000,False,False,False,False,False,353.9399,False
37.6953,0.0000,0.0000,0.0000,0.0000,False,False,False,False,False,353.9399,False
37.7381,0.0000,0.0000,0.0000,0.0000,False,False,False,False,False,353.9399,False
37.7735,0.0000,0.0000,0.0000,0.0000,False,False,False,False,False,353.9399,False
37.8077,0.0000,0.0000,0.0000,0.0000,False,False,False,False,False,353.9399,False
37.8422,0.0000,0.0000,0.0001,0.0000,False,False,False,False,False,353.9399,False
37.8758,0.0000,0.0000,0.0000,0.0000,False,False,False,False,False,353.9399,False
37.9092,0.0000,0.0000,0.0001,0.0000,False,False,False,False,False,353.9399,False
37.9430,0.0000,0.0000,0.0000,0.0000,False,False,False,False,False,353.9399,False
37.9768,0.0000,0.0000,0.0000,0.0000,False,False,False,False,False,353.9399,False
38.0103,0.0000,0.0000,0.0000,0.0000,False,False,False,False,False,353.9399,False
38.0445,0.0000,0.0000,0.0001,0.0000,False,False,False,False,False,353.9399,False
38.0798,0.0000,0.0000,0.0001,0.0000,False,False,False,False,False,353.9399,False
38.1139,0.0000,0.0000,0.0001,0.0000,False,False,False,False,False,353.9399,False
38.1481,0.0000,0.0000,0.0000,0.0000,False,False,False,False,False,353.9399,False
38.1821,0.0000,0.0000,0.0000,0.0000,False,False,False,False,False,353.9399,False
38.2196,0.0000,0.0000,0.0000,0.0000,False,False,False,False,False,353.9399,False
38.2645,0.0000,0.0000,0.0000,0.0000,False,False,False,False,False,353.9399,False
38.3003,0.0000,0.0000,0.0001,0.0000,False,False,False,False,False,353.9399,False
38.3342,0.0000,0.0000,0.0001,0.0000,False,False,False,False,False,353.9399,False
38.3677,0.0000,0.0000,0.0000,0.0000,False,False,False,False,False,353.9399,False
38.4063,0.0000,0.0000,0.0000,0.0000,False,False,False,False,False,353.9399,False
38.4467,0.0000,0.0000,0.0000,0.0000,False,False,False,False,False,353.9399,False
38.4844,0.0000,0.0000,0.0000,0.0000,False,False,False,False,False,353.9399,False
38.5195,0.0000,0.0000,0.0000,0.0000,False,False,False,False,False,353.9399,False
38.5542,0.0000,0.0000,0.0001,0.0000,False,False,False,False,False,353.9399,False
38.5895,0.0000,0.0000,0.0000,0.0000,False,False,False,False,False,353.9399,False
38.6249,0.0000,0.0000,0.0000,0.0000,False,False,False,False,False,353.9399,False
38.6602,0.0000,0.0000,0.0000,0.0000,False,False,False,False,False,353.9399,False
38.6955,0.0000,0.0000,0.0000,0.0000,False,False,False,False,False,353.9399,False
38.7339,0.0000,0.0000,0.0000,0.0000,False,False,False,False,False,353.9399,False
38.7859,0.0000,0.0000,0.0000,0.0000,False,False,False,False,False,353.9399,False
38.8240,0.0000,0.0000,0.0000,0.0000,False,False,False,False,False,353.9399,False
38.8599,0.0000,0.0000,0.0000,0.0000,False,False,False,False,False,353.9399,False
38.8972,0.0000,0.0000,0.0001,0.0000,False,False,False,False,False,353.9399,False
38.9337,0.0000,0.0000,0.0000,0.0000,False,False,False,False,False,353.9399,False
38.9722,0.0000,0.0000,0.0000,0.0000,False,False,False,False,False,353.9399,False
39.0076,0.0000,0.0000,0.0001,0.0000,False,False,False,False,False,353.9399,False
39.0441,0.0000,0.0000,0.0001,0.0000,False,False,False,False,False,353.9399,False
39.0808,0.0000,0.0000,0.0001,0.0000,False,False,False,False,False,353.9399,False
39.1172,0.0000,0.0000,0.0000,0.0000,False,False,False,False,False,353.9399,False
39.1559,0.0000,0.0000,0.0000,0.0000,False,False,False,False,False,353.9399,False
39.1946,0.0000,0.0000,0.0001,0.0000,False,False,False,False,False,353.9399,False
39.2309,0.0000,0.0000,0.0001,0.0000,False,False,False,False,False,353.9399,False
39.2693,0.0000,0.0000,0.0001,0.0000,False,False,False,False,False,353.9399,False
39.3083,0.0000,0.0000,0.0001,0.0000,False,False,False,False,False,353.9399,False
39.3496,0.0000,0.0000,0.0001,0.0000,False,False,False,False,False,353.9399,False
39.3849,0.0000,0.0000,0.0000,0.0000,False,False,False,False,False,353.9399,False
39.4210,0.0000,0.0000,0.0000,0.0000,False,False,False,False,False,353.9399,False
39.4568,0.0000,0.0000,0.0000,0.0000,False,False,False,False,False,353.9399,False
39.4926,0.0000,0.0000,0.0000,0.0000,False,False,False,False,False,353.9399,False
39.5294,0.0000,0.0000,0.0000,0.0000,False,False,False,False,False,353.9399,False
39.5684,0.0000,0.0000,0.0000,0.0000,False,False,False,False,False,353.9399,False
39.6070,0.0000,0.0000,0.0000,0.0000,False,False,False,False,False,353.9399,False
39.6457,0.0000,0.0000,0.0000,0.0000,False,False,False,False,False,353.9399,False
39.6822,0.0000,0.0000,0.0000,0.0000,False,False,False,False,False,353.9399,False
39.7187,0.0000,0.0000,0.0000,0.0000,False,False,False,False,False,353.9399,False
39.7572,0.0000,0.0000,0.0000,0.0000,False,False,False,False,False,353.9399,False
39.7950,0.0000,0.0000,0.0000,0.0000,False,False,False,False,False,353.9399,False
39.8356,0.0000,0.0000,0.0000,0.0000,False,False,False,False,False,353.9399,False
39.8797,0.0000,0.0000,0.0000,0.0000,False,False,False,False,False,353.9399,False
39.9164,0.0000,0.0000,0.0000,0.0000,False,False,False,False,False,353.9399,False
39.9531,0.0000,0.0000,0.0000,0.0000,False,False,False,False,False,353.9399,False
39.9896,0.0000,0.0000,0.0000,0.0000,False,False,False,False,False,353.9399,False
40.0253,0.0000,0.0000,0.0000,0.0000,False,False,False,False,False,353.9399,False
40.0611,0.0000,0.0000,0.0000,0.0000,False,False,False,False,False,353.9399,False
40.1407,0.0000,0.0000,0.0000,0.0000,False,False,False,False,False,353.9399,False
40.1761,0.0000,0.0000,0.0000,0.0000,False,False,False,False,False,353.9399,False
40.2125,0.0000,0.0000,0.0000,0.0000,False,False,False,False,False,353.9399,False
40.2483,0.0000,0.0000,0.0000,0.0000,False,False,False,False,False,353.9399,False
40.2843,0.0000,0.0000,0.0000,0.0000,False,False,False,False,False,353.9399,False
40.3223,0.0000,0.0000,0.0000,0.0000,False,False,False,False,False,353.9399,False
40.3583,0.0000,0.0000,0.0000,0.0000,False,False,False,False,False,353.9399,False
40.3939,0.0000,0.0000,0.0000,0.0000,False,False,False,False,False,353.9399,False
40.4333,0.0000,0.0000,0.0000,0.0000,False,False,False,False,False,353.9399,False
40.4749,0.0000,0.0000,0.0000,0.0000,False,False,False,False,False,353.9399,False
40.5183,0.0000,0.0000,0.0000,0.0000,False,False,False,False,False,353.9399,False
40.5534,0.0000,0.0000,0.0000,0.0000,False,False,False,False,False,353.9399,False
40.5926,0.0000,0.0000,0.0000,0.0000,False,False,False,False,False,353.9399,False
40.6310,0.0000,0.0000,0.0000,0.0000,False,False,False,False,False,353.9399,False
40.6694,0.0000,0.0000,0.0000,0.0000,False,False,False,False,False,353.9399,False
40.7044,0.0000,0.0000,0.0000,0.0000,False,False,False,False,False,353.9399,False
40.7397,0.0000,0.0000,0.0000,0.0000,False,False,False,False,False,353.9399,False
40.7746,0.0000,0.0000,0.0000,0.0000,False,False,False,False,False,353.9399,False
40.8099,0.0000,0.0000,0.0000,0.0000,False,False,False,False,False,353.9399,False
40.8456,0.0000,0.0000,0.0000,0.0000,False,False,False,False,False,353.9399,False
40.8811,0.0000,0.0000,0.0000,0.0000,False,False,False,False,False,353.9399,False
40.9168,0.0000,0.0000,0.0000,0.0000,False,False,False,False,False,353.9399,False
40.9516,0.0000,0.0000,0.0000,0.0000,False,False,False,False,False,353.9399,False
40.9877,0.0000,0.0000,0.0000,0.0000,False,False,False,False,False,353.9399,False
41.0276,0.0000,0.0000,0.0000,0.0000,False,False,False,False,False,353.9399,False
41.0672,0.0000,0.0000,0.0000,0.0000,False,False,False,False,False,353.9399,False
41.1034,0.0000,0.0000,0.0000,0.0000,False,False,False,False,False,353.9399,False
41.1395,0.0000,0.0000,0.0000,0.0000,False,False,False,False,False,353.9399,False
41.1769,0.0000,0.0000,0.0000,0.0000,False,False,False,False,False,353.9399,False
41.2119,0.0000,0.0000,0.0000,0.0000,False,False,False,False,False,353.9399,False
41.2494,0.0000,0.0000,0.0000,0.0000,False,False,False,False,False,353.9399,False
41.2865,0.0000,0.0000,0.0000,0.0000,False,False,False,False,False,353.9399,False
41.3215,0.0000,0.0000,0.0000,0.0000,False,False,False,False,False,353.9399,False
41.3596,0.0000,0.0000,0.0000,0.0000,False,False,False,False,False,353.9399,False
41.3949,0.0000,0.0000,0.0000,0.0000,False,False,False,False,False,353.9399,False
41.4333,0.0000,0.0000,0.0000,0.0000,False,False,False,False,False,353.9399,False
41.4968,0.0000,0.0000,0.0000,0.0000,False,False,False,False,False,353.9399,False
41.5314,0.0000,0.0000,0.0000,0.0000,False,False,False,False,False,353.9399,False
41.5692,0.0000,0.0000,0.0000,0.0000,False,False,False,False,False,353.9399,False
41.6111,0.0000,0.0000,0.0000,0.0000,False,False,False,False,False,353.9399,False
41.6489,0.0000,0.0000,0.0000,0.0000,False,False,False,False,False,353.9399,False
41.6839,0.0000,0.0000,0.0000,0.0000,False,False,False,False,False,353.9399,False
41.7193,0.0000,0.0000,0.0000,0.0000,False,False,False,False,False,353.9399,False
41.7548,0.0000,0.0000,0.0000,0.0000,False,False,False,False,False,353.9399,False
41.7900,0.0000,0.0000,0.0000,0.0000,False,False,False,False,False,353.9399,False
41.8252,0.0000,0.0000,0.0000,0.0000,False,False,False,False,False,353.9399,False
41.8644,0.0000,0.0000,0.0000,0.0000,False,False,False,False,False,353.9399,False
41.9001,0.0000,0.0000,0.0000,0.0000,False,False,False,False,False,353.9399,False
41.9384,0.0000,0.0000,0.0000,0.0000,False,False,False,False,False,353.9399,False
41.9763,0.0000,0.0000,0.0000,0.0000,False,False,False,False,False,353.9399,False
42.0143,0.0000,0.0000,0.0000,0.0000,False,False,False,False,False,353.9399,False
42.0493,0.0000,0.0000,0.0001,0.0000,False,False,False,False,False,353.9399,False
42.0845,0.0000,0.0000,0.0000,0.0000,False,False,False,False,False,353.9399,False
42.1264,0.0000,0.0000,0.0000,0.0000,False,False,False,False,False,353.9399,False
42.1672,0.0000,0.0000,0.0000,0.0000,False,False,False,False,False,353.9399,False
42.2026,0.0000,0.0000,0.0000,0.0000,False,False,False,False,False,353.9399,False
42.2404,0.0000,0.0000,0.0000,0.0000,False,False,False,False,False,353.9399,False
42.2778,0.0000,0.0000,0.0000,0.0000,False,False,False,False,False,353.9399,False
42.3124,0.0000,0.0000,0.0000,0.0000,False,False,False,False,False,353.9399,False
42.3472,0.0000,0.0000,0.0000,0.0000,False,False,False,False,False,353.9399,False
42.3830,0.0000,0.0000,0.0000,0.0000,False,False,False,False,False,353.9399,False
42.4184,0.0000,0.0000,0.0000,0.0000,False,False,False,False,False,353.9399,False
42.4563,0.0000,0.0000,0.0000,0.0000,False,False,False,False,False,353.9399,False
42.4917,0.0000,0.0000,0.0000,0.0000,False,False,False,False,False,353.9399,False
42.5280,0.0000,0.0000,0.0000,0.0000,False,False,False,False,False,353.9399,False
42.5666,0.0000,0.0000,0.0000,0.0000,False,False,False,False,False,353.9399,False
42.6026,0.0000,0.0000,0.0000,0.0000,False,False,False,False,False,353.9399,False
42.6392,0.0000,0.0000,0.0000,0.0000,False,False,False,False,False,353.9399,False
42.6763,0.0000,0.0000,0.0000,0.0000,False,False,False,False,False,353.9399,False
42.7187,0.0000,0.0000,0.0000,0.0000,False,False,False,False,False,353.9399,False
42.7657,0.0000,0.0000,0.0000,0.0000,False,False,False,False,False,353.9399,False
42.8089,0.0000,0.0000,0.0000,0.0000,False,False,False,False,False,353.9399,False
42.8758,0.0000,0.0000,0.0000,0.0000,False,False,False,False,False,353.9399,False
42.9218,0.0000,0.0000,0.0000,0.0000,False,False,False,False,False,353.9399,False
42.9696,0.0000,0.0000,0.0000,0.0000,False,False,False,False,False,353.9399,False
43.0140,0.0000,0.0000,0.0000,0.0000,False,False,False,False,False,353.9399,False
43.0569,0.0000,0.0000,0.0000,0.0000,False,False,False,False,False,353.9399,False
43.0948,0.0000,0.0000,0.0000,0.0000,False,False,False,False,False,353.9399,False
43.1355,0.0000,0.0000,0.0000,0.0000,False,False,False,False,False,353.9399,False
43.1730,0.0000,0.0000,0.0000,0.0000,False,False,False,False,False,353.9399,False
43.2183,0.0000,0.0000,0.0000,0.0000,False,False,False,False,False,353.9399,False
43.2623,0.0000,0.0000,0.0000,0.0000,False,False,False,False,False,353.9399,False
43.3085,0.0000,0.0000,0.0000,0.0000,False,False,False,False,False,353.9399,False
43.3532,0.0000,0.0000,0.0000,0.0000,False,False,False,False,False,353.9399,False
43.4043,0.0000,0.0000,0.0000,0.0000,False,False,False,False,False,353.9399,False
43.4457,0.0000,0.0000,0.0000,0.0000,False,False,False,False,False,353.9399,False
43.4854,0.0000,0.0000,0.0000,0.0000,False,False,False,False,False,353.9399,False
43.5222,0.0000,0.0000,0.0000,0.0000,False,False,False,False,False,353.9399,False
43.5593,0.0000,0.0000,0.0000,0.0000,False,False,False,False,False,353.9399,False
43.5983,0.0000,0.0000,0.0000,0.0000,False,False,False,False,False,353.9399,False
43.6356,0.0000,0.0000,0.0000,0.0000,False,False,False,False,False,353.9399,False
43.6723,0.0000,0.0000,0.0000,0.0000,False,False,False,False,False,353.9399,False
43.7115,0.0000,0.0000,0.0000,0.0000,False,False,False,False,False,353.9399,False
43.7482,0.0000,0.0000,0.0000,0.0000,False,False,False,False,False,353.9399,False
43.7878,0.0000,0.0000,0.0000,0.0000,False,False,False,False,False,353.9399,False
43.8322,0.0000,0.0000,0.0000,0.0000,False,False,False,False,False,353.9399,False
43.8726,0.0000,0.0000,0.0000,0.0000,False,False,False,False,False,353.9399,False
43.9105,0.0000,0.0000,0.0000,0.0000,False,False,False,False,False,353.9399,False
43.9550,0.0000,0.0000,0.0000,0.0000,False,False,False,False,False,353.9399,False
44.0008,0.0000,0.0000,0.0000,0.0000,False,False,False,False,False,353.9399,False
44.0422,0.0000,0.0000,0.0000,0.0000,False,False,False,False,False,353.9399,False
44.0848,0.0000,0.0000,0.0000,0.0000,False,False,False,False,False,353.9399,False
44.1292,0.0000,0.0000,0.0000,0.0000,False,False,False,False,False,353.9399,False
44.1768,0.0000,0.0000,0.0000,0.0000,False,False,False,False,False,353.9399,False
44.2209,0.0000,0.0000,0.0000,0.0000,False,False,False,False,False,353.9399,False
44.2647,0.0000,0.0000,0.0000,0.0000,False,False,False,False,False,353.9399,False
44.3135,0.0000,0.0000,0.0000,0.0000,False,False,False,False,False,353.9399,False
44.3612,0.0000,0.0000,0.0000,0.0000,False,False,False,False,False,353.9399,False
44.4073,0.0000,0.0000,0.0000,0.0000,False,False,False,False,False,353.9399,False
44.4534,0.0000,0.0000,0.0000,0.0000,False,False,False,False,False,353.9399,False
44.4972,0.0000,0.0000,0.0000,0.0000,False,False,False,False,False,353.9399,False
44.5399,0.0000,0.0000,0.0000,0.0000,False,False,False,False,False,353.9399,False
44.5833,0.0000,0.0000,0.0000,0.0000,False,False,False,False,False,353.9399,False
44.6319,0.0000,0.0000,0.0000,0.0000,False,False,False,False,False,353.9399,False
44.6816,0.0000,0.0000,0.0000,0.0000,False,False,False,False,False,353.9399,False
44.7299,0.0000,0.0000,0.0000,0.0000,False,False,False,True,False,353.9399,False
44.7780,0.0000,0.0000,0.0000,0.0000,False,False,False,True,False,140.1963,False
44.8245,0.0000,0.0000,0.0000,0.0000,False,False,False,True,False,138.7565,False
44.8677,0.0000,0.0000,0.0000,0.0000,False,False,False,True,False,137.3705,False
44.9104,0.0000,0.0000,0.0000,0.0000,False,False,False,True,False,136.0785,False
44.9527,0.0000,0.0000,0.0000,0.0000,False,False,False,True,False,134.8584,False
44.9949,0.0000,0.0000,0.0000,0.0000,False,False,False,True,False,133.6710,False
45.0362,0.0000,0.0000,0.0000,0.0000,False,False,False,True,False,132.5072,False
45.0771,0.0000,0.0000,0.0000,0.0000,False,False,False,True,False,131.3716,False
45.1185,0.0000,0.0000,0.0000,0.0000,False,False,False,True,False,130.2694,False
45.1639,0.0000,0.0000,0.0000,0.0000,False,False,False,True,False,129.1804,False
45.2070,0.0000,0.0000,0.0000,0.0000,False,False,False,True,False,128.0476,False
45.2528,0.0000,0.0000,0.0000,0.0000,False,False,False,True,False,126.9015,False
45.3033,0.0000,0.0000,0.0000,0.0000,False,False,False,True,False,125.7697,False
45.3479,0.0000,0.0000,0.0000,0.0000,False,False,False,True,False,124.5623,False
45.3916,0.0000,0.0000,0.0000,0.0000,False,False,False,True,False,123.3701,False
45.4349,0.0000,0.0000,0.0000,0.0000,False,False,False,True,False,122.2815,False
45.4802,0.0000,0.0000,0.0000,0.0000,False,False,False,True,False,121.2214,False
45.5250,0.0000,0.0000,0.0000,0.0000,False,False,False,True,False,120.1547,False
45.5693,0.0000,0.0000,0.0000,0.0000,False,False,False,True,False,119.0771,False
45.6110,0.0000,0.0000,0.0001,0.0000,False,False,False,True,False,118.0219,False
45.6531,0.0000,0.0000,0.0000,0.0000,False,False,False,True,False,117.0065,False
45.6985,0.0000,0.0000,0.0000,0.0000,False,False,False,True,False,116.0316,False
45.7415,0.0000,0.0000,0.0000,0.0000,False,False,False,True,False,115.0288,False
45.7850,0.0000,0.0000,0.0000,0.0000,False,False,False,True,False,114.0105,False
45.8325,0.0000,0.0000,0.0001,0.0000,False,False,False,True,False,113.0273,False
45.8769,0.0000,0.0000,0.0001,0.0000,False,False,False,True,False,112.0100,False
45.9199,0.0000,0.0000,0.0000,0.0000,False,False,False,True,False,110.9722,False
45.9739,0.0000,0.0000,0.0000,0.0000,False,False,False,True,False,109.9960,False
46.0192,0.0000,0.0000,0.0000,0.0000,False,False,False,True,False,108.9533,False
46.0637,0.0000,0.0000,0.0000,0.0000,False,False,False,True,False,107.8377,False
46.1065,0.0000,0.0000,0.0000,0.0000,False,False,False,True,False,106.8546,False
46.1502,0.0000,0.0000,0.0000,0.0000,False,False,False,True,False,105.9010,False
46.1954,0.0000,0.0000,0.0000,0.0000,False,False,False,True,False,104.9696,False
46.2408,0.0000,0.0000,0.0000,0.0000,False,False,False,True,False,104.0196,False
46.2865,0.0000,0.0000,0.0000,0.0000,False,False,False,True,False,103.0509,False
46.3368,0.0000,0.0000,0.0000,0.0000,False,False,False,True,False,102.0824,False
46.3885,0.0000,0.0000,0.0000,0.0000,False,False,False,True,False,101.0791,False
46.4344,0.0000,0.0000,0.0000,0.0000,False,False,False,True,False,100.0078,False
46.4799,0.0000,0.0000,0.0001,0.0000,False,False,False,True,False,98.9647,False
46.5261,0.0000,0.0000,0.0000,0.0000,False,False,False,True,False,98.0076,False
46.5727,0.0000,0.0000,0.0000,0.0000,False,False,False,True,False,97.0535,False
46.6264,0.0000,0.0000,0.0000,0.0000,False,False,False,True,False,96.0923,False
46.6799,0.0000,0.0000,0.0000,0.0000,False,False,False,True,False,95.0807,False
46.7284,0.0000,0.0000,0.0000,0.0000,False,False,False,True,False,93.9756,False
46.7757,0.0000,0.0000,0.0001,0.0000,False,False,False,True,False,92.9099,False
46.8303,0.0000,0.0000,0.0000,0.0000,False,False,False,True,False,91.9241,False
46.8826,0.0000,0.0000,0.0000,0.0000,False,False,False,True,False,90.9109,False
46.9477,0.0000,0.0000,0.0000,0.0000,False,False,False,True,False,89.8149,False
46.9981,0.0000,0.0000,0.0000,0.0000,False,False,False,True,False,88.6707,False
47.0501,0.0000,0.0000,0.0000,0.0000,False,False,False,True,False,87.4475,False
47.1026,0.0000,0.0000,0.0000,0.0000,False,False,False,True,False,86.4202,False
47.1606,0.0000,0.0000,0.0000,0.0000,False,False,False,True,False,85.3702,False
47.2157,0.0000,0.0000,0.0000,0.0000,False,False,False,True,False,84.2810,False
47.2712,0.0000,0.0000,0.0000,0.0000,False,False,False,True,False,83.1370,False
47.3329,0.0000,0.0000,0.0000,0.0000,False,False,False,True,False,82.0334,False
47.3919,0.0000,0.0000,0.0000,0.0000,False,False,False,True,False,80.8883,False
47.4578,0.0000,0.0000,0.0000,0.0000,False,False,False,True,False,79.6759,False
47.5288,0.0000,0.0000,0.0000,0.0000,False,False,False,True,False,78.4617,False
47.5982,0.0000,0.0000,0.0000,0.0000,False,False,False,True,False,77.1233,False
47.6590,0.0000,0.0000,0.0001,0.0000,False,False,False,True,False,75.7273,False
47.7240,0.0000,0.0000,0.0000,0.0000,False,False,False,True,False,74.4078,False
47.7872,0.0000,0.0000,0.0000,0.0000,False,False,False,True,False,73.1842,False
47.8599,0.0000,0.0000,0.0000,0.0000,False,False,False,True,False,71.9140,False
47.9275,0.0000,0.0000,0.0000,0.0000,False,False,False,True,False,70.6151,False
47.9933,0.0000,0.0000,0.0000,0.0000,False,False,False,True,False,69.2177,False
48.0580,0.0000,0.0000,0.0000,0.0000,False,False,False,True,False,67.9012,False
48.1248,0.0000,0.0000,0.0000,0.0000,False,False,False,True,False,66.6185,False
48.1911,0.0000,0.0000,0.0000,0.0000,False,False,False,True,False,65.3404,False
48.2589,0.0000,0.0000,0.0000,0.0000,False,False,False,True,False,64.0371,False
48.3279,0.0000,0.0000,0.0000,0.0000,False,False,False,True,False,62.7333,False
48.3977,0.0000,0.0000,0.0000,0.0000,False,False,False,True,False,61.4034,False
48.4636,0.0000,0.0000,0.0000,0.0000,False,False,False,True,False,60.0530,False
48.5337,0.0000,0.0000,0.0000,0.0000,False,False,False,True,False,58.7149,False
48.6071,0.0000,0.0000,0.0000,0.0000,False,False,False,True,False,57.4085,False
48.6717,0.0000,0.0000,0.0000,0.0000,False,False,False,True,False,56.0263,False
48.7385,0.0000,0.0000,0.0000,0.0000,False,False,False,True,False,54.6502,False
48.8052,0.0000,0.0000,0.0000,0.0000,False,False,False,True,False,53.3833,False
48.8780,0.0000,0.0000,0.0000,0.0000,False,False,False,True,False,52.0885,False
48.9448,0.0000,0.0000,0.0000,0.0000,False,False,False,True,False,50.7612,False
49.0181,0.0000,0.0000,0.0000,0.0000,False,False,False,True,False,49.3866,False
49.0911,0.0000,0.0000,0.0000,0.0000,False,False,False,True,False,48.0584,False
49.1595,0.0000,0.0000,0.0000,0.0000,False,False,False,True,False,46.6448,False
49.2301,0.0000,0.0000,0.0000,0.0000,False,False,False,True,False,45.2640,False
49.3002,0.0000,0.0000,0.0000,0.0000,False,False,False,True,False,43.9373,False
49.3703,0.0000,0.0000,0.0000,0.0000,False,False,False,True,False,42.5870,False
49.4395,0.0000,0.0000,0.0000,0.0000,False,False,False,True,False,41.2470,False
49.5154,0.0000,0.0000,0.0000,0.0000,False,False,False,True,False,39.9173,False
49.5935,0.0000,0.0000,0.0000,0.0000,False,False,False,True,False,38.5679,False
49.6600,0.0000,0.0000,0.0000,0.0000,False,False,False,True,False,37.1188,False
49.7315,0.0000,0.0000,0.0000,0.0000,False,False,False,True,False,35.6896,False
49.8019,0.0000,0.0000,0.0000,0.0000,False,False,False,True,False,34.3812,False
49.8798,0.0000,0.0000,0.0000,0.0000,False,False,False,True,False,33.0045,False
49.9606,0.0000,0.0000,0.0000,0.0000,False,False,False,True,False,31.5968,False
50.0327,0.0000,0.0000,0.0000,0.0000,False,False,False,True,False,30.0666,False
50.1093,0.0000,0.0000,0.0000,0.0000,False,False,False,True,False,28.5442,False
50.1826,0.0000,0.0000,0.0000,0.0000,False,False,False,True,False,27.1130,False
50.2635,0.0000,0.0000,0.0000,0.0000,False,False,False,True,False,25.6385,False
50.3393,0.0000,0.0000,0.0000,0.0000,False,False,False,True,False,24.1694,False
50.4242,0.0000,0.0000,0.0000,0.0000,False,False,False,True,False,22.6264,False
50.4988,0.0000,0.0000,0.0000,0.0000,False,False,False,True,False,21.1206,False
50.5810,0.0000,0.0000,0.0000,0.0000,False,False,False,True,False,19.5848,False
50.6531,0.0000,0.0000,0.0000,0.0000,False,False,False,True,False,18.1946,False
50.7215,0.0000,0.0000,0.0000,0.0000,False,False,False,True,False,16.7755,False
50.7895,0.0000,0.0000,0.0000,0.0000,False,False,False,True,False,15.5399,False
50.8578,0.0000,0.0000,0.0000,0.0000,False,False,False,True,False,14.3899,False
50.9255,0.0000,0.0000,0.0000,0.0000,False,False,False,True,False,13.2843,False
50.9893,0.0000,0.0000,0.0000,0.0000,False,False,False,True,False,12.2214,False
51.0473,0.0000,0.0000,0.0000,0.0000,False,False,False,True,False,11.2284,False
51.1027,0.0000,0.0000,0.0000,0.0000,False,False,False,True,False,10.3547,False
51.1590,0.0000,0.0000,0.0000,0.0000,False,False,False,True,False,9.6240,False
51.2147,0.0000,0.0000,0.0000,0.0000,False,False,False,True,False,9.0090,False
51.2687,0.0000,0.0000,0.0000,0.0000,False,False,False,True,False,8.4774,False
51.3246,0.0000,0.0000,0.0001,0.0000,False,False,False,True,False,8.0616,False
51.3800,0.0000,0.0000,0.0001,0.0000,False,False,False,True,False,7.8053,False
51.4412,0.0000,0.0000,0.0000,0.0000,False,False,False,True,False,7.6758,False
51.4936,0.0000,0.0000,0.0000,0.0000,False,False,False,True,False,7.7565,False
51.5445,0.0000,0.0000,0.0000,0.0000,False,False,False,True,False,7.8834,False
51.5955,0.0000,0.0000,0.0000,0.0000,False,False,False,True,False,8.1786,False
51.6482,0.0000,0.0000,0.0000,0.0000,False,False,False,True,False,8.5910,False
51.6949,0.0000,0.0000,0.0000,0.0000,False,False,False,True,False,9.1150,False
51.7427,0.0000,0.0000,0.0000,0.0000,False,False,False,True,False,9.6514,False
51.7899,0.0000,0.0000,0.0000,0.0000,False,False,False,True,False,10.2597,False
51.8350,0.0000,0.0000,0.0000,0.0000,False,False,False,True,False,10.9087,False
51.8803,0.0000,0.0000,0.0000,0.0000,False,False,False,True,False,11.5710,False
51.9286,0.0000,0.0000,0.0000,0.0000,False,False,False,True,False,12.2595,False
51.9738,0.0000,0.0000,0.0000,0.0000,False,False,False,True,False,13.0075,False
52.0182,0.0000,0.0000,0.0000,0.0000,False,False,False,True,False,13.7539,False
52.0632,0.0000,0.0000,0.0000,0.0000,False,False,False,True,False,14.4971,False
52.1081,0.0000,0.0000,0.0000,0.0000,False,False,False,True,False,15.2600,False
52.1588,0.0000,0.0000,0.0000,0.0000,False,False,False,True,False,16.0395,False
52.2037,0.0000,0.0000,0.0000,0.0000,False,False,False,True,False,16.9004,False
52.2495,0.0000,0.0000,0.0000,0.0000,False,False,False,True,False,17.7401,False
52.2948,0.0000,0.0000,0.0000,0.0000,False,False,False,True,False,18.5672,False
52.3395,0.0000,0.0000,0.0000,0.0000,False,False,False,True,False,19.4054,False
52.3836,0.0000,0.0000,0.0000,0.0000,False,False,False,True,False,20.2427,False
52.4285,0.0000,0.0000,0.0000,0.0000,False,False,False,True,False,21.0765,False
52.4732,0.0000,0.0000,0.0000,0.0000,False,False,False,True,False,21.9241,False
52.5175,0.0000,0.0000,0.0000,0.0000,False,False,False,True,False,22.7828,False
52.5613,0.0000,0.0000,0.0000,0.0000,False,False,False,True,False,23.6423,False
52.6055,0.0000,0.0000,0.0000,0.0000,False,False,False,True,False,24.5000,False
52.6484,0.0000,0.0000,0.0000,0.0000,False,False,False,True,False,25.3661,False
52.6915,0.0000,0.0000,0.0000,0.0000,False,False,False,True,False,26.2233,False
52.7358,0.0000,0.0000,0.0000,0.0000,False,False,False,True,False,27.0779,False
52.7792,0.0000,0.0000,0.0000,0.0000,False,False,False,True,False,27.9537,False
52.8295,0.0000,0.0000,0.0000,0.0000,False,False,False,True,False,28.8331,False
52.8734,0.0000,0.0000,0.0000,0.0000,False,False,False,True,False,29.7924,False
52.9185,0.0000,0.0000,0.0000,0.0000,False,False,False,True,False,30.7335,False
52.9630,0.0000,0.0000,0.0000,0.0000,False,False,False,True,False,31.6417,False
53.0077,0.0000,0.0000,0.0000,0.0000,False,False,False,True,False,32.5525,False
53.0540,0.0000,0.0000,0.0000,0.0000,False,False,False,True,False,33.4629,False
53.0975,0.0000,0.0000,0.0000,0.0000,False,False,False,True,False,34.4003,False
53.1418,0.0000,0.0000,0.0000,0.0000,False,False,False,True,False,35.3221,False
53.1857,0.0000,0.0000,0.0000,0.0000,False,False,False,True,False,36.2352,False
53.2294,0.0000,0.0000,0.0000,0.0000,False,False,False,True,False,37.1532,False
53.2746,0.0000,0.0000,0.0000,0.0000,False,False,False,True,False,38.0702,False
53.3185,0.0000,0.0000,0.0000,0.0000,False,False,False,True,False,39.0109,False
53.3610,0.0000,0.0000,0.0000,0.0000,False,False,False,True,False,39.9512,False
53.4035,0.0000,0.0000,0.0000,0.0000,False,False,False,True,False,40.8658,False
53.4485,0.0000,0.0000,0.0000,0.0000,False,False,False,True,False,41.7733,False
53.4945,0.0000,0.0000,0.0000,0.0000,False,False,False,True,False,42.7179,False
53.5359,0.0000,0.0000,0.0000,0.0000,False,False,False,True,False,43.7012,False
53.5769,0.0000,0.0000,0.0000,0.0000,False,False,False,True,False,44.6366,False
53.6204,0.0000,0.0000,0.0000,0.0000,False,False,False,True,False,45.5288,False
53.6604,0.0000,0.0000,0.0000,0.0000,False,False,False,True,False,46.4514,False
53.7021,0.0000,0.0000,0.0000,0.0000,False,False,False,True,False,47.3484,False
53.7823,0.0000,0.0000,0.0000,0.0000,False,False,False,True,False,48.2377,False
53.8226,0.0000,0.0000,0.0000,0.0000,False,False,False,True,False,49.6540,False
53.8627,0.0000,0.0000,0.0000,0.0000,False,False,False,True,False,50.8616,False
53.9042,0.0000,0.0000,0.0000,0.0000,False,False,False,True,False,51.7331,False
53.9460,0.0000,0.0000,0.0000,0.0000,False,False,False,True,False,52.6208,False
53.9873,0.0000,0.0000,0.0000,0.0000,False,False,False,True,False,53.5242,False
54.0281,0.0000,0.0000,0.0000,0.0000,False,False,False,True,False,54.4241,False
54.0689,0.0000,0.0000,0.0000,0.0000,False,False,False,True,False,55.3131,False
54.1135,0.0000,0.0000,0.0000,0.0000,False,False,False,True,False,56.1981,False
54.1580,0.0000,0.0000,0.0000,0.0000,False,False,False,True,False,57.1332,False
54.1978,0.0000,0.0000,0.0000,0.0000,False,False,False,True,False,58.0991,False
54.2386,0.0000,0.0000,0.0000,0.0000,False,False,False,True,False,59.0026,False
54.2812,0.0000,0.0000,0.0000,0.0000,False,False,False,True,False,59.8788,False
54.3224,0.0000,0.0000,0.0000,0.0000,False,False,False,True,False,60.7880,False
54.3629,0.0000,0.0000,0.0000,0.0000,False,False,False,True,False,61.6941,False
54.4031,0.0000,0.0000,0.0000,0.0000,False,False,False,True,False,62.5776,False
54.4433,0.0000,0.0000,0.0000,0.0000,False,False,False,True,False,63.4523,False
54.4829,0.0000,0.0000,0.0000,0.0000,False,False,False,True,False,64.3242,False
54.5217,0.0000,0.0000,0.0000,0.0000,False,False,False,True,False,65.1885,False
54.5601,0.0000,0.0000,0.0000,0.0000,False,False,False,True,False,66.0369,False
54.5987,0.0000,0.0000,0.0000,0.0000,False,False,False,True,False,66.8734,False
54.6376,0.0000,0.0000,0.0000,0.0000,False,False,False,True,False,67.7085,False
54.6752,0.0000,0.0000,0.0000,0.0000,False,False,False,True,False,68.5490,False
54.7201,0.0000,0.0000,0.0000,0.0000,False,False,False,True,False,69.3767,False
54.7585,0.0000,0.0000,0.0000,0.0000,False,False,False,True,False,70.2882,False
54.7954,0.0000,0.0000,0.0000,0.0000,False,False,False,True,False,71.1763,False
54.8327,0.0000,0.0000,0.0000,0.0000,False,False,False,True,False,71.9901,False
54.8696,0.0000,0.0000,0.0000,0.0000,False,False,False,True,False,72.7965,False
54.9065,0.0000,0.0000,0.0001,0.0000,False,False,False,True,False,73.6013,False
54.9439,0.0000,0.0000,0.0000,0.0000,False,False,False,True,False,74.4013,False
54.9815,0.0000,0.0000,0.0000,0.0000,False,False,False,True,False,75.2087,False
55.0180,0.0000,0.0000,0.0000,0.0000,False,False,False,True,False,76.0228,False
55.0550,0.0000,0.0000,0.0000,0.0000,False,False,False,True,False,76.8249,False
55.0912,0.0000,0.0000,0.0000,0.0000,False,False,False,True,False,77.6239,False
55.1272,0.0000,0.0000,0.0000,0.0000,False,False,False,True,False,78.4164,False
55.1631,0.0000,0.0000,0.0000,0.0000,False,False,False,True,False,79.2000,False
55.1993,0.0000,0.0000,0.0000,0.0000,False,False,False,True,False,79.9793,False
55.2381,0.0000,0.0000,0.0000,0.0000,False,False,False,True,False,80.7621,False
55.2784,0.0000,0.0000,0.0000,0.0000,False,False,False,True,False,81.5820,False
55.3145,0.0000,0.0000,0.0000,0.0000,False,False,False,True,False,82.4454,False
55.3506,0.0000,0.0000,0.0000,0.0000,False,False,False,True,False,83.2681,False
55.3858,0.0000,0.0000,0.0000,0.0000,False,False,False,True,False,84.0547,False
55.4208,0.0000,0.0000,0.0000,0.0000,False,False,False,True,False,84.8295,False
55.4557,0.0000,0.0000,0.0000,0.0000,False,False,False,True,False,85.5946,False
55.4902,0.0000,0.0000,0.0000,0.0000,False,False,False,True,False,86.3567,False
55.5250,0.0000,0.0000,0.0000,0.0000,False,False,False,True,False,87.1119,False
55.5594,0.0000,0.0000,0.0000,0.0000,False,False,False,True,False,87.8672,False
55.5943,0.0000,0.0000,0.0000,0.0000,False,False,False,True,False,88.6205,False
55.6292,0.0000,0.0000,0.0000,0.0000,False,False,False,True,False,89.3760,False
55.6637,0.0000,0.0000,0.0000,0.0000,False,False,False,True,False,90.1368,False
55.6976,0.0000,0.0000,0.0000,0.0000,False,False,False,True,False,90.8924,False
55.7312,0.0000,0.0000,0.0000,0.0000,False,False,False,True,False,91.6367,False
55.7653,0.0000,0.0000,0.0000,0.0000,False,False,False,True,False,92.3717,False
55.8023,0.0000,0.0000,0.0000,0.0000,False,False,False,True,False,93.1096,False
55.8407,0.0000,0.0000,0.0000,0.0000,False,False,False,True,False,93.8908,False
55.8744,0.0000,0.0000,0.0000,0.0000,False,False,False,True,False,94.7157,False
55.9074,0.0000,0.0000,0.0000,0.0000,False,False,False,True,False,95.4905,False
55.9414,0.0000,0.0000,0.0000,0.0000,False,False,False,True,False,96.2154,False
55.9760,0.0000,0.0000,0.0000,0.0000,False,False,False,True,False,96.9427,False
56.0102,0.0000,0.0000,0.0000,0.0000,False,False,False,True,False,97.6878,False
56.0442,0.0000,0.0000,0.0000,0.0000,False,False,False,True,False,98.4320,False
56.0775,0.0000,0.0000,0.0000,0.0000,False,False,False,True,False,99.1695,False
56.1108,0.0000,0.0000,0.0000,0.0000,False,False,False,True,False,99.8971,False
56.1440,0.0000,0.0000,0.0000,0.0000,False,False,False,True,False,100.6191,False
56.1774,0.0000,0.0000,0.0000,0.0000,False,False,False,True,False,101.3391,False
56.2128,0.0000,0.0000,0.0000,0.0000,False,False,False,True,False,102.0602,False
56.2459,0.0000,0.0000,0.0000,0.0000,False,False,False,True,False,102.8089,False
56.2790,0.0000,0.0000,0.0000,0.0000,False,False,False,True,False,103.5453,False
56.3205,0.0000,0.0000,0.0000,0.0000,False,False,False,True,False,104.2628,False
56.3547,0.0000,0.0000,0.0000,0.0000,False,False,False,True,False,105.0888,False
56.3880,0.0000,0.0000,0.0000,0.0000,False,False,False,True,False,105.8926,False
56.4220,0.0000,0.0000,0.0000,0.0000,False,False,False,True,False,106.6223,False
56.4585,0.0000,0.0000,0.0000,0.0000,False,False,False,True,False,107.3522,False
56.4921,0.0000,0.0000,0.0000,0.0000,False,False,False,True,False,108.1215,False
56.5260,0.0000,0.0000,0.0000,0.0000,False,False,False,True,False,108.8740,False
56.5597,0.0000,0.0000,0.0000,0.0000,False,False,False,True,False,109.6056,False
56.5933,0.0000,0.0000,0.0000,0.0000,False,False,False,True,False,110.3373,False
56.6270,0.0000,0.0000,0.0000,0.0000,False,False,False,True,False,111.0655,False
56.6607,0.0000,0.0000,0.0000,0.0000,False,False,False,True,False,111.7952,False
56.6950,0.0000,0.0000,0.0000,0.0000,False,False,False,True,False,112.5255,False
56.7295,0.0000,0.0000,0.0000,0.0000,False,False,False,True,False,113.2623,False
56.7647,0.0000,0.0000,0.0000,0.0000,False,False,False,True,False,114.0080,False
56.8018,0.0000,0.0000,0.0000,0.0000,False,False,False,True,False,114.7643,False
56.8414,0.0000,0.0000,0.0000,0.0000,False,False,False,True,False,115.5519,False
56.8756,0.0000,0.0000,0.0000,0.0000,False,False,False,True,False,116.3876,False
56.9089,0.0000,0.0000,0.0000,0.0000,False,False,False,True,False,117.1756,False
56.9429,0.0000,0.0000,0.0000,0.0000,False,False,False,True,False,117.9047,False
56.9773,0.0000,0.0000,0.0000,0.0000,False,False,False,True,False,118.6346,False
57.0111,0.0000,0.0000,0.0000,0.0000,False,False,False,True,False,119.3767,False
57.0450,0.0000,0.0000,0.0000,0.0000,False,False,False,True,False,120.1148,False
57.0791,0.0000,0.0000,0.0000,0.0000,False,False,False,True,False,120.8476,False
57.1126,0.0000,0.0000,0.0000,0.0000,False,False,False,True,False,121.5839,False
57.1462,0.0000,0.0000,0.0000,0.0000,False,False,False,True,False,122.3164,False
57.1818,0.0000,0.0000,0.0000,0.0000,False,False,False,True,False,123.0467,False
57.2155,0.0000,0.0000,0.0000,0.0000,False,False,False,True,False,123.8026,False
57.2485,0.0000,0.0000,0.0000,0.0000,False,False,False,True,False,124.5512,False
57.2825,0.0000,0.0000,0.0000,0.0000,False,False,False,True,False,125.2758,False
57.3166,0.0000,0.0000,0.0000,0.0000,False,False,False,True,False,126.0072,False
57.3532,0.0000,0.0000,0.0000,0.0000,False,False,False,True,False,126.7484,False
57.3924,0.0000,0.0000,0.0000,0.0000,False,False,False,True,False,127.5235,False
57.4256,0.0000,0.0000,0.0000,0.0000,False,False,False,True,False,128.3532,False
57.4585,0.0000,0.0000,0.0000,0.0000,False,False,False,True,False,129.1272,False
57.4914,0.0000,0.0000,0.0000,0.0000,False,False,False,True,False,129.8461,False
57.5257,0.0000,0.0000,0.0000,0.0000,False,False,False,True,False,130.5627,False
57.5598,0.0000,0.0000,0.0000,0.0000,False,False,False,True,False,131.2969,False
57.5933,0.0000,0.0000,0.0000,0.0000,False,False,False,True,False,132.0399,False
57.6274,0.0000,0.0000,0.0000,0.0000,False,False,False,True,False,132.7742,False
57.6636,0.0000,0.0000,0.0000,0.0000,False,False,False,True,False,133.5108,False
57.6972,0.0000,0.0000,0.0000,0.0000,False,False,False,True,False,134.2800,False
57.7311,0.0000,0.0000,0.0000,0.0000,False,False,False,True,False,135.0336,False
57.7642,0.0000,0.0000,0.0000,0.0000,False,False,False,True,False,135.7688,False
57.7977,0.0000,0.0000,0.0000,0.0000,False,False,False,True,False,136.4958,False
57.8544,0.0000,0.0000,0.0000,0.0000,False,False,False,True,False,137.2208,False
57.8948,0.0000,0.0000,0.0000,0.0000,False,False,False,True,False,138.2532,False
57.9282,0.0000,0.0000,0.0000,0.0000,False,False,False,True,False,139.2751,False
57.9621,0.0000,0.0000,0.0000,0.0000,False,False,False,True,False,140.0622,False
57.9968,0.0000,0.0000,0.0000,0.0000,False,False,False,True,False,140.7952,False
58.0307,0.0000,0.0000,0.0000,0.0000,False,False,False,True,False,141.5431,False
58.0649,0.0000,0.0000,0.0000,0.0000,False,False,False,True,False,142.2886,False
58.0994,0.0000,0.0000,0.0000,0.0000,False,False,False,True,False,143.0305,False
58.1338,0.0000,0.0000,0.0000,0.0000,False,False,False,True,False,143.7787,False
58.1677,0.0000,0.0000,0.0000,0.0000,False,False,False,True,False,144.5278,False
58.2022,0.0000,0.0000,0.0000,0.0000,False,False,False,True,False,145.2691,False
58.2364,0.0000,0.0000,0.0000,0.0000,False,False,False,True,False,146.0150,False
58.2702,0.0000,0.0000,0.0000,0.0000,False,False,False,True,False,146.7615,False
58.3045,0.0000,0.0000,0.0000,0.0000,False,False,False,True,False,147.5007,False
58.3399,0.0000,0.0000,0.0000,0.0000,False,False,False,True,False,148.2428,False
58.3769,0.0000,0.0000,0.0000,0.0000,False,False,False,True,False,149.0033,False
58.4181,0.0000,0.0000,0.0000,0.0000,False,False,False,True,False,149.7934,False
58.4521,0.0000,0.0000,0.0000,0.0000,False,False,False,True,False,150.6498,False
58.4875,0.0000,0.0000,0.0000,0.0000,False,False,False,True,False,151.4478,False
58.5214,0.0000,0.0000,0.0000,0.0000,False,False,False,True,False,152.2008,False
58.5618,0.0000,0.0000,0.0000,0.0000,False,False,False,True,False,152.9481,False
58.6013,0.0000,0.0000,0.0000,0.0000,False,False,False,True,False,153.7650,False
58.6397,0.0000,0.0000,0.0000,0.0000,False,False,False,True,False,154.6272,False
58.6773,0.0000,0.0000,0.0000,0.0000,False,False,False,True,False,155.4684,False
58.7140,0.0000,0.0000,0.0000,0.0000,False,False,False,True,False,156.2892,False
58.7546,0.0000,0.0000,0.0000,0.0000,False,False,False,True,False,157.0909,False
58.7905,0.0000,0.0000,0.0000,0.0000,False,False,False,True,False,157.9342,False
58.8299,0.0000,0.0000,0.0000,0.0000,False,False,False,True,False,158.7518,False
58.8694,0.0000,0.0000,0.0000,0.0000,False,False,False,True,False,159.5731,False
58.9052,0.0000,0.0000,0.0000,0.0000,False,False,False,True,False,160.4273,False
58.9417,0.0000,0.0000,0.0000,0.0000,False,False,False,True,False,161.2349,False
58.9819,0.0000,0.0000,0.0000,0.0000,False,False,False,True,False,162.0178,False
59.0240,0.0000,0.0000,0.0000,0.0000,False,False,False,True,False,162.8548,False
59.0618,0.0000,0.0000,0.0000,0.0000,False,False,False,True,False,163.7490,False
59.1073,0.0000,0.0000,0.0000,0.0000,False,False,False,True,False,164.6046,False
59.1485,0.0000,0.0000,0.0000,0.0000,False,False,False,True,False,165.5215,False
59.1866,0.0000,0.0000,0.0000,0.0000,False,False,False,True,False,166.4519,False
59.2285,0.0000,0.0000,0.0000,0.0000,False,False,False,True,False,167.3063,False
59.2691,0.0000,0.0000,0.0000,0.0000,False,False,False,True,False,168.1836,False
59.3114,0.0000,0.0000,0.0000,0.0000,False,False,False,True,False,169.0768,False
59.3497,0.0000,0.0000,0.0000,0.0000,False,False,False,True,False,169.9809,False
59.3965,0.0000,0.0000,0.0000,0.0000,False,False,False,True,False,170.8489,False
59.4400,0.0000,0.0000,0.0000,0.0000,False,False,False,True,False,171.7915,False
59.4819,0.0000,0.0000,0.0000,0.0000,False,False,False,True,False,172.7648,False
59.5208,0.0000,0.0000,0.0000,0.0000,False,False,False,True,False,173.6893,False
59.5695,0.0000,0.0000,0.0000,0.0000,False,False,False,True,False,174.5603,False
59.6182,0.0000,0.0000,0.0000,0.0000,False,False,False,True,False,175.5323,False
59.6585,0.0000,0.0000,0.0000,0.0000,False,False,False,True,False,176.5909,False
59.6970,0.0000,0.0000,0.0000,0.0000,False,False,False,True,False,177.5395,False
59.7397,0.0000,0.0000,0.0000,0.0000,False,False,False,True,False,178.3916,False
59.7818,0.0000,0.0000,0.0000,0.0000,False,False,False,True,False,179.2833,False
59.8193,0.0000,0.0000,0.0000,0.0000,False,False,False,True,False,180.2036,False
59.8579,0.0000,0.0000,0.0000,0.0000,False,False,False,True,False,181.0578,False
59.8979,0.0000,0.0000,0.0000,0.0000,False,False,False,True,False,181.8868,False
59.9412,0.0000,0.0000,0.0000,0.0000,False,False,False,True,False,182.7437,False
59.9805,0.0000,0.0000,0.0000,0.0000,False,False,False,True,False,183.6558,False
60.0198,0.0000,0.0000,0.0000,0.0000,False,False,False,True,False,184.5446,False
60.0610,0.0000,0.0000,0.0000,0.0000,False,False,False,True,False,185.3982,False
60.1068,0.0000,0.0000,0.0000,0.0000,False,False,False,True,False,186.2749,False
60.1520,0.0000,0.0000,0.0000,0.0000,False,False,False,True,False,187.2258,False
60.2067,0.0000,0.0000,0.0000,0.0000,False,False,False,True,False,188.2095,False
60.2479,0.0000,0.0000,0.0000,0.0000,False,False,False,True,False,189.3092,False
60.2882,0.0000,0.0000,0.0000,0.0000,False,False,False,True,False,190.3185,False
60.3288,0.0000,0.0000,0.0000,0.0000,False,False,False,True,False,191.1979,False
60.3697,0.0000,0.0000,0.0001,0.0000,False,False,False,True,False,192.0737,False
60.4103,0.0000,0.0000,0.0001,0.0000,False,False,False,True,False,192.9553,False
60.4512,0.0000,0.0000,0.0001,0.0000,False,False,False,True,False,193.8358,False
60.4911,0.0000,0.0000,0.0000,0.0000,False,False,False,True,False,194.7172,False
60.5323,0.0000,0.0000,0.0000,0.0000,False,False,False,True,False,195.5888,False
60.5759,0.0000,0.0000,0.0001,0.0000,False,False,False,True,False,196.4680,False
60.6219,0.0000,0.0000,0.0000,0.0000,False,False,False,True,False,197.3901,False
60.6683,0.0000,0.0000,0.0001,0.0000,False,False,False,True,False,198.3638,False
60.7074,0.0000,0.0000,0.0000,0.0000,False,False,False,True,False,199.3639,False
60.7519,0.0000,0.0000,0.0000,0.0000,False,False,False,True,False,200.2737,False
60.8022,0.0000,0.0000,0.0000,0.0000,False,False,False,True,False,201.1886,False
60.8511,0.0000,0.0000,0.0000,0.0000,False,False,False,True,False,202.2248,False
60.8963,0.0000,0.0000,0.0000,0.0000,False,False,False,True,False,203.2947,False
60.9437,0.0000,0.0000,0.0000,0.0000,False,False,False,True,False,204.3038,False
60.9827,0.0000,0.0000,0.0000,0.0000,False,False,False,True,False,205.3087,False
61.0209,0.0000,0.0000,0.0000,0.0000,False,False,False,True,False,206.2267,False
61.0598,0.0000,0.0000,0.0000,0.0000,False,False,False,True,False,207.0603,False
61.1010,0.0000,0.0000,0.0000,0.0000,False,False,False,True,False,207.8950,False
61.1421,0.0000,0.0000,0.0000,0.0000,False,False,False,True,False,208.7656,False
61.1860,0.0000,0.0000,0.0000,0.0000,False,False,False,True,False,209.6555,False
61.2248,0.0000,0.0000,0.0000,0.0000,False,False,False,True,False,210.5793,False
61.2643,0.0000,0.0000,0.0000,0.0000,False,False,False,True,False,211.4628,False
61.3085,0.0000,0.0000,0.0000,0.0000,False,False,False,True,False,212.3128,False
61.3491,0.0000,0.0000,0.0000,0.0000,False,False,False,True,False,213.2299,False
61.3899,0.0000,0.0000,0.0000,0.0000,False,False,False,True,False,214.1424,False
61.4308,0.0000,0.0000,0.0000,0.0000,False,False,False,True,False,215.0253,False
61.4751,0.0000,0.0000,0.0000,0.0000,False,False,False,True,False,215.9105,False
61.5221,0.0000,0.0000,0.0000,0.0000,False,False,False,True,False,216.8415,False
61.5663,0.0000,0.0000,0.0000,0.0000,False,False,False,True,False,217.8366,False
61.6087,0.0000,0.0000,0.0000,0.0000,False,False,False,True,False,218.8199,False
61.6550,0.0000,0.0000,0.0000,0.0000,False,False,False,True,False,219.7555,False
61.6957,0.0000,0.0000,0.0000,0.0000,False,False,False,True,False,220.7247,False
61.7351,0.0000,0.0000,0.0000,0.0000,False,False,False,True,False,221.6567,False
61.7794,0.0000,0.0000,0.0000,0.0000,False,False,False,True,False,222.5218,False
61.8194,0.0000,0.0000,0.0000,0.0000,False,False,False,True,False,223.4382,False
61.8593,0.0000,0.0000,0.0001,0.0000,False,False,False,True,False,224.3432,False
61.8999,0.0000,0.0000,0.0000,0.0000,False,False,False,True,False,225.2096,False
61.9510,0.0000,0.0000,0.0000,0.0000,False,False,False,True,False,226.0838,False
61.9916,0.0000,0.0000,0.0000,0.0000,False,False,False,True,False,227.1001,False
62.0320,0.0000,0.0000,0.0000,0.0000,False,False,False,True,False,228.0729,False
62.0763,0.0000,0.0000,0.0000,0.0000,False,False,False,True,False,228.9496,False
62.1210,0.0000,0.0000,0.0000,0.0000,False,False,False,True,False,229.8757,False
62.1734,0.0000,0.0000,0.0000,0.0000,False,False,False,True,False,230.8411,False
62.2205,0.0000,0.0000,0.0000,0.0000,False,False,False,True,False,231.9116,False
62.2656,0.0000,0.0000,0.0000,0.0000,False,False,False,True,False,232.9818,False
62.3102,0.0000,0.0000,0.0000,0.0000,False,False,False,True,False,233.9791,False
62.3519,0.0000,0.0000,0.0000,0.0000,False,False,False,True,False,234.9522,False
62.3927,0.0000,0.0000,0.0000,0.0000,False,False,False,True,False,235.8837,False
62.4337,0.0000,0.0000,0.0000,0.0000,False,False,False,True,False,236.7781,False
62.4751,0.0000,0.0000,0.0000,0.0000,False,False,False,True,False,237.6674,False
62.5161,0.0000,0.0000,0.0000,0.0000,False,False,False,True,False,238.5626,False
62.5579,0.0000,0.0000,0.0000,0.0000,False,False,False,True,False,239.4562,False
62.5992,0.0000,0.0000,0.0000,0.0000,False,False,False,True,False,240.3573,False
62.6435,0.0000,0.0000,0.0000,0.0000,False,False,False,True,False,241.2594,False
62.6919,0.0000,0.0000,0.0000,0.0000,False,False,False,True,False,242.1959,False
62.7356,0.0000,0.0000,0.0000,0.0000,False,False,False,True,False,243.2117,False
62.7848,0.0000,0.0000,0.0000,0.0000,False,False,False,True,False,244.2018,False
62.8315,0.0000,0.0000,0.0000,0.0000,False,False,False,True,False,245.2221,False
62.8756,0.0000,0.0000,0.0000,0.0000,False,False,False,True,False,246.2589,False
62.9254,0.0000,0.0000,0.0000,0.0000,False,False,False,True,False,247.2397,False
62.9780,0.0000,0.0000,0.0000,0.0000,False,False,False,True,False,248.2716,False
63.0299,0.0000,0.0000,0.0000,0.0000,False,False,False,True,False,249.3900,False
63.0852,0.0000,0.0000,0.0000,0.0000,False,False,False,True,False,250.5237,False
63.1431,0.0000,0.0000,0.0000,0.0000,False,False,False,True,False,251.6958,False
63.1929,0.0000,0.0000,0.0000,0.0000,False,False,False,True,False,252.9314,False
63.2419,0.0000,0.0000,0.0000,0.0000,False,False,False,True,False,254.0835,False
63.3273,0.0000,0.0000,0.0000,0.0000,False,False,False,True,False,255.1548,False
63.3847,0.0000,0.0000,0.0000,0.0000,False,False,False,True,False,256.6901,False
63.4422,0.0000,0.0000,0.0000,0.0000,False,False,False,True,False,258.1834,False
63.4991,0.0000,0.0000,0.0000,0.0000,False,False,False,True,False,259.4319,False
63.5504,0.0000,0.0000,0.0000,0.0000,False,False,False,True,False,260.6734,False
63.6028,0.0000,0.0000,0.0000,0.0000,False,False,False,True,False,261.8371,False
63.6549,0.0000,0.0000,0.0000,0.0000,False,False,False,True,False,262.9652,False
63.7055,0.0000,0.0000,0.0000,0.0000,False,False,False,True,False,264.1003,False
63.7546,0.0000,0.0000,0.0000,0.0000,False,False,False,True,False,265.2136,False
63.8027,0.0000,0.0000,0.0000,0.0000,False,False,False,True,False,266.2926,False
63.8524,0.0000,0.0000,0.0000,0.0000,False,False,False,True,False,267.3465,False
63.8974,0.0000,0.0000,0.0000,0.0000,False,False,False,True,False,268.4128,False
63.9442,0.0000,0.0000,0.0000,0.0000,False,False,False,True,False,269.4309,False
63.9919,0.0000,0.0000,0.0000,0.0000,False,False,False,True,False,270.4317,False
64.0389,0.0000,0.0000,0.0000,0.0000,False,False,False,True,False,271.4601,False
64.0926,0.0000,0.0000,0.0000,0.0000,False,False,False,True,False,272.4868,False
64.1440,0.0000,0.0000,0.0000,0.0000,False,False,False,True,False,273.5957,False
64.1959,0.0000,0.0000,0.0000,0.0000,False,False,False,True,False,274.7325,False
64.2491,0.0000,0.0000,0.0000,0.0000,False,False,False,True,False,275.8549,False
64.3120,0.0000,0.0000,0.0000,0.0000,False,False,False,True,False,276.9990,False
64.3628,0.0000,0.0000,0.0000,0.0000,False,False,False,True,False,278.2808,False
64.4179,0.0000,0.0000,0.0000,0.0000,False,False,False,True,False,279.4911,False
64.4701,0.0000,0.0000,0.0000,0.0000,False,False,False,True,False,280.6507,False
64.5229,0.0000,0.0000,0.0000,0.0000,False,False,False,True,False,281.8098,False
64.5796,0.0000,0.0000,0.0000,0.0000,False,False,False,True,False,282.9514,False
64.6406,0.0000,0.0000,0.0000,0.0000,False,False,False,True,False,284.1496,False
64.7003,0.0000,0.0000,0.0000,0.0000,False,False,False,True,False,285.4366,False
64.7568,0.0000,0.0000,0.0000,0.0000,False,False,False,True,False,286.7450,False
64.8168,0.0000,0.0000,0.0000,0.0000,False,False,False,True,False,288.0005,False
64.8769,0.0000,0.0000,0.0000,0.0000,False,False,False,True,False,289.2729,False
64.9334,0.0000,0.0000,0.0000,0.0000,False,False,False,False,True,289.2729,False
64.9908,0.0000,0.0000,0.0000,0.0000,False,False,False,False,True,120.7741,False
65.0496,0.0000,0.0000,0.0000,0.0000,False,False,False,False,True,119.0635,False
65.1094,0.0000,0.0000,0.0000,0.0000,False,False,False,False,True,117.3509,False
65.1691,0.0000,0.0000,0.0000,0.0000,False,False,False,False,True,115.6482,False
65.2237,0.0000,0.0000,0.0000,0.0000,False,False,False,False,True,113.9820,False
65.2766,0.0000,0.0000,0.0000,0.0000,False,False,False,False,True,112.4898,False
65.3293,0.0000,0.0000,0.0000,0.0000,False,False,False,False,True,111.0711,False
65.3871,0.0000,0.0000,0.0000,0.0000,False,False,False,False,True,109.6797,False
65.4397,0.0000,0.0000,0.0000,0.0000,False,False,False,False,True,108.1765,False
65.4958,0.0000,0.0000,0.0000,0.0000,False,False,False,False,True,106.8305,False
65.5512,0.0000,0.0000,0.0000,0.0000,False,False,False,False,True,105.4161,False
65.6133,0.0000,0.0000,0.0000,0.0000,False,False,False,False,True,104.0398,False
65.6705,0.0000,0.0000,0.0000,0.0000,False,False,False,False,True,102.5162,False
65.7245,0.0000,0.0000,0.0000,0.0000,False,False,False,False,True,101.1338,False
65.7813,0.0000,0.0000,0.0000,0.0000,False,False,False,False,True,99.8440,False
65.8377,0.0000,0.0000,0.0000,0.0000,False,False,False,False,True,98.5030,False
65.9029,0.0000,0.0000,0.0000,0.0000,False,False,False,False,True,97.1880,False
65.9574,0.0000,0.0000,0.0000,0.0000,False,False,False,False,True,95.6832,False
66.0198,0.0000,0.0000,0.0000,0.0000,False,False,False,False,True,94.4397,False
66.0814,0.0000,0.0000,0.0000,0.0000,False,False,False,False,True,93.0283,False
66.1384,0.0000,0.0000,0.0000,0.0000,False,False,False,False,True,91.6494,False
66.2015,0.0000,0.0000,0.0000,0.0000,False,False,False,False,True,90.3864,False
66.2640,0.0000,0.0000,0.0000,0.0000,False,False,False,False,True,88.9987,False
66.3180,0.0000,0.0000,0.0000,0.0000,False,False,False,False,True,87.6351,False
66.3771,0.0000,0.0000,0.0000,0.0000,False,False,False,False,True,86.4649,False
66.4368,0.0000,0.0000,0.0000,0.0000,False,False,False,False,True,85.1940,False
66.4944,0.0000,0.0000,0.0000,0.0000,False,False,False,False,True,83.9191,False
66.5555,0.0000,0.0000,0.0000,0.0000,False,False,False,False,True,82.6962,False
66.6170,0.0000,0.0000,0.0000,0.0000,False,False,False,False,True,81.4068,False
66.6825,0.0000,0.0000,0.0000,0.0000,False,False,False,False,True,80.1156,False
66.7532,0.0000,0.0000,0.0000,0.0000,False,False,False,False,True,78.7474,False
66.8180,0.0000,0.0000,0.0000,0.0000,False,False,False,False,True,77.2800,False
66.8815,0.0000,0.0000,0.0000,0.0000,False,False,False,False,True,75.9423,False
66.9435,0.0000,0.0000,0.0000,0.0000,False,False,False,False,True,74.6359,False
67.0070,0.0000,0.0000,0.0000,0.0000,False,False,False,False,True,73.3668,False
67.0726,0.0000,0.0000,0.0000,0.0000,False,False,False,False,True,72.0714,False
67.1473,0.0000,0.0000,0.0000,0.0000,False,False,False,False,True,70.7388,False
67.2148,0.0000,0.0000,0.0000,0.0000,False,False,False,False,True,69.2264,False
67.2781,0.0000,0.0000,0.0000,0.0000,False,False,False,False,True,67.8632,False
67.3405,0.0000,0.0000,0.0000,0.0000,False,False,False,False,True,66.5917,False
67.4336,0.0000,0.0000,0.0000,0.0000,False,False,False,False,True,65.3404,False
67.4997,0.0000,0.0000,0.0000,0.0000,False,False,False,False,True,63.4794,False
67.5636,0.0000,0.0000,0.0000,0.0000,False,False,False,False,True,62.1609,False
67.6424,0.0000,0.0000,0.0000,0.0000,False,False,False,False,True,60.8907,False
67.7134,0.0000,0.0000,0.0000,0.0000,False,False,False,False,True,59.3298,False
67.7828,0.0000,0.0000,0.0000,0.0000,False,False,False,False,True,57.9233,False
67.8533,0.0000,0.0000,0.0000,0.0000,False,False,False,False,True,56.5549,False
67.9221,0.0000,0.0000,0.0000,0.0000,False,False,False,False,True,55.1647,False
67.9913,0.0000,0.0000,0.0000,0.0000,False,False,False,False,True,53.8120,False
68.0637,0.0000,0.0000,0.0000,0.0000,False,False,False,False,True,52.4533,False
68.1476,0.0000,0.0000,0.0000,0.0000,False,False,False,False,True,51.0341,False
68.2242,0.0000,0.0000,0.0000,0.0000,False,False,False,False,True,49.3931,False
68.3000,0.0000,0.0000,0.0000,0.0000,False,False,False,False,True,47.8959,False
68.3753,0.0000,0.0000,0.0000,0.0000,False,False,False,False,True,46.4173,False
68.4479,0.0000,0.0000,0.0000,0.0000,False,False,False,False,True,44.9519,False
68.5208,0.0000,0.0000,0.0000,0.0000,False,False,False,False,True,43.5407,False
68.6014,0.0000,0.0000,0.0000,0.0000,False,False,False,False,True,42.1246,False
68.6831,0.0000,0.0000,0.0000,0.0000,False,False,False,False,True,40.5614,False
68.8042,0.0000,0.0000,0.0000,0.0000,False,False,False,False,True,38.9792,False
68.8837,0.0000,0.0000,0.0000,0.0000,False,False,False,False,True,36.6396,False
68.9594,0.0000,0.0000,0.0000,0.0000,False,False,False,False,True,35.1048,False
69.0399,0.0000,0.0000,0.0000,0.0000,False,False,False,False,True,33.6472,False
69.1258,0.0000,0.0000,0.0000,0.0000,False,False,False,False,True,32.0984,False
69.2055,0.0000,0.0000,0.0000,0.0000,False,False,False,False,True,30.4500,False
69.2869,0.0000,0.0000,0.0000,0.0000,False,False,False,False,True,28.9215,False
69.3655,0.0000,0.0000,0.0000,0.0000,False,False,False,False,True,27.3666,False
69.4465,0.0000,0.0000,0.0000,0.0000,False,False,False,False,True,25.8673,False
69.5244,0.0000,0.0000,0.0000,0.0000,False,False,False,False,True,24.3254,False
69.6034,0.0000,0.0000,0.0000,0.0000,False,False,False,False,True,22.8455,False
69.6888,0.0000,0.0000,0.0000,0.0000,False,False,False,False,True,21.3506,False
69.7782,0.0000,0.0000,0.0000,0.0000,False,False,False,False,True,19.7203,False
69.8625,0.0000,0.0000,0.0000,0.0000,False,False,False,False,True,18.0001,False
69.9432,0.0000,0.0000,0.0000,0.0000,False,False,False,False,True,16.3659,False
70.0242,0.0000,0.0000,0.0000,0.0000,False,False,False,False,True,14.7914,False
70.1076,0.0000,0.0000,0.0000,0.0000,False,False,False,False,True,13.2062,False
70.1919,0.0000,0.0000,0.0000,0.0000,False,False,False,False,True,11.5722,False
70.2751,0.0000,0.0000,0.0000,0.0000,False,False,False,False,True,9.9170,False
70.3611,0.0000,0.0000,0.0000,0.0000,False,False,False,False,True,8.2787,False
70.4483,0.0000,0.0000,0.0000,0.0000,False,False,False,False,True,6.5858,False
70.5312,0.0000,0.0000,0.0000,0.0000,False,False,False,False,True,4.8727,False
70.6193,0.0000,0.0000,0.0000,0.0000,False,False,False,False,True,3.2564,False
70.7036,0.0000,0.0000,0.0000,0.0000,False,False,False,False,True,1.5934,False
70.7910,0.0000,0.0000,0.0000,0.0000,False,False,False,False,True,0.6845,False
70.8759,0.0000,0.0000,0.0000,0.0000,False,False,False,False,True,2.0153,False
70.9599,0.0000,0.0000,0.0000,0.0000,False,False,False,False,True,3.5984,False
71.0352,0.0000,0.0000,0.0000,0.0000,False,False,False,False,True,5.1813,False
71.1098,0.0000,0.0000,0.0000,0.0000,False,False,False,False,True,6.6035,False
71.1749,0.0000,0.0000,0.0000,0.0000,False,False,False,False,True,8.0108,False
71.2437,0.0000,0.0000,0.0000,0.0000,False,False,False,False,True,9.2397,False
71.3030,0.0000,0.0000,0.0000,0.0000,False,False,False,False,True,10.5385,False
71.3577,0.0000,0.0000,0.0000,0.0000,False,False,False,False,True,11.6600,False
71.4132,0.0000,0.0000,0.0000,0.0000,False,False,False,False,True,12.6935,False
71.4925,0.0000,0.0000,0.0000,0.0000,False,False,False,False,True,13.7403,False
71.5475,0.0000,0.0000,0.0000,0.0000,False,False,False,False,True,15.2333,False
71.6056,0.0000,0.0000,0.0000,0.0000,False,False,False,False,True,16.2661,False
71.6612,0.0000,0.0000,0.0000,0.0000,False,False,False,False,True,17.3479,False
71.7179,0.0000,0.0000,0.0000,0.0000,False,False,False,False,True,18.3619,False
71.7839,0.0000,0.0000,0.0000,0.0000,False,False,False,False,True,19.3982,False
71.8396,0.0000,0.0000,0.0000,0.0000,False,False,False,False,True,20.6174,False
71.8957,0.0000,0.0000,0.0000,0.0000,False,False,False,False,True,21.6570,False
71.9491,0.0000,0.0000,0.0000,0.0000,False,False,False,False,True,22.7102,False
72.0053,0.0000,0.0000,0.0000,0.0000,False,False,False,False,True,23.7190,False
72.0592,0.0000,0.0000,0.0000,0.0000,False,False,False,False,True,24.7846,False
72.1165,0.0000,0.0000,0.0000,0.0000,False,False,False,False,True,25.8152,False
72.1735,0.0000,0.0000,0.0000,0.0000,False,False,False,False,True,26.9141,False
72.2306,0.0000,0.0000,0.0000,0.0000,False,False,False,False,True,28.0145,False
72.2861,0.0000,0.0000,0.0000,0.0000,False,False,False,False,True,29.1196,False
72.3403,0.0000,0.0000,0.0000,0.0000,False,False,False,False,True,30.1906,False
72.3941,0.0000,0.0000,0.0000,0.0000,False,False,False,False,True,31.2332,False
72.4476,0.0000,0.0000,0.0000,0.0000,False,False,False,False,True,32.0728,False
72.5011,0.0000,0.0000,0.0000,0.0000,False,False,False,False,True,32.6967,False
72.5562,0.0000,0.0000,0.0000,0.0000,False,False,False,False,True,33.3244,False
72.6148,0.0000,0.0000,0.0000,0.0000,False,False,False,False,True,33.9775,False
72.6661,0.0000,0.0000,0.0000,0.0000,False,False,False,False,True,34.6754,False
72.7212,0.0000,0.0000,0.0000,0.0000,False,False,False,False,True,35.2913,False
72.7742,0.0000,0.0000,0.0000,0.0000,False,False,False,False,True,35.9565,False
72.8730,0.0000,0.0000,0.0000,0.0000,False,False,False,False,True,36.5993,False
72.9270,0.0000,0.0000,0.0000,0.0000,False,False,False,False,True,37.8082,False
72.9787,0.0000,0.0000,0.0000,0.0000,False,False,False,False,True,38.4743,False
73.0309,0.0000,0.0000,0.0000,0.0000,False,False,False,False,True,39.1129,False
73.0858,0.0000,0.0000,0.0000,0.0000,False,False,False,False,True,39.7626,False
73.1389,0.0000,0.0000,0.0000,0.0000,False,False,False,False,True,40.4467,False
73.1961,0.0000,0.0000,0.0000,0.0000,False,False,False,False,True,41.1123,False
73.2563,0.0000,0.0000,0.0000,0.0000,False,False,False,False,True,41.8322,False
73.3101,0.0000,0.0000,0.0000,0.0000,False,False,False,False,True,42.5917,False
73.3671,0.0000,0.0000,0.0000,0.0000,False,False,False,False,True,43.2724,False
73.4264,0.0000,0.0000,0.0000,0.0000,False,False,False,False,True,43.9974,False
73.4786,0.0000,0.0000,0.0000,0.0000,False,False,False,False,True,44.7534,False
73.5358,0.0000,0.0000,0.0000,0.0000,False,False,False,False,True,45.4207,False
73.5889,0.0000,0.0000,0.0000,0.0000,False,False,False,False,True,46.1546,False
73.6409,0.0000,0.0000,0.0000,0.0000,False,False,False,False,True,46.8367,False
73.6977,0.0000,0.0000,0.0000,0.0000,False,False,False,False,True,47.5071,False
73.7600,0.0000,0.0000,0.0000,0.0000,False,False,False,False,True,48.2402,False
73.8136,0.0000,0.0000,0.0000,0.0000,False,False,False,False,True,49.0467,False
73.8652,0.0000,0.0000,0.0000,0.0000,False,False,False,False,True,49.7421,False
73.9171,0.0000,0.0000,0.0000,0.0000,False,False,False,False,True,50.4132,False
73.9701,0.0000,0.0000,0.0000,0.0000,False,False,False,False,True,51.0885,False
74.0242,0.0000,0.0000,0.0000,0.0000,False,False,False,False,True,51.7808,False
74.0758,0.0000,0.0000,0.0000,0.0000,False,False,False,False,True,52.4877,False
74.1306,0.0000,0.0000,0.0000,0.0000,False,False,False,False,True,53.1633,False
74.1999,0.0000,0.0000,0.0000,0.0000,False,False,False,False,True,53.8826,False
74.2565,0.0000,0.0000,0.0000,0.0000,False,False,False,False,True,54.7932,False
74.3115,0.0000,0.0000,0.0000,0.0000,False,False,False,False,True,55.5382,False
74.3651,0.0000,0.0000,0.0000,0.0000,False,False,False,False,True,56.2621,False
74.4197,0.0000,0.0000,0.0000,0.0000,False,False,False,False,True,56.9697,False
74.4722,0.0000,0.0000,0.0000,0.0000,False,False,False,False,True,57.6915,False
74.5247,0.0000,0.0000,0.0000,0.0000,False,False,False,False,True,58.3867,False
74.5792,0.0000,0.0000,0.0000,0.0000,False,False,False,False,True,59.0819,False
74.6339,0.0000,0.0000,0.0000,0.0000,False,False,False,False,True,59.8048,False
74.6885,0.0000,0.0000,0.0000,0.0000,False,False,False,False,True,60.5319,False
74.7480,0.0000,0.0000,0.0000,0.0000,False,False,False,False,True,61.2575,False
74.8014,0.0000,0.0000,0.0000,0.0000,False,False,False,False,True,62.0494,False
74.8553,0.0000,0.0000,0.0000,0.0000,False,False,False,False,True,62.7606,False
74.9070,0.0000,0.0000,0.0000,0.0000,False,False,False,False,True,63.4802,False
74.9676,0.0000,0.0000,0.0000,0.0000,False,False,False,False,True,64.1704,False
75.0251,0.0000,0.0000,0.0000,0.0000,False,False,False,False,True,64.9805,False
75.0769,0.0000,0.0000,0.0000,0.0000,False,False,False,False,True,65.7489,False
75.1336,0.0000,0.0000,0.0000,0.0000,False,False,False,False,True,66.4420,False
75.1872,0.0000,0.0000,0.0000,0.0000,False,False,False,False,True,67.2020,False
75.2508,0.0000,0.0000,0.0000,0.0000,False,False,False,False,True,67.9212,False
75.3051,0.0000,0.0000,0.0000,0.0000,False,False,False,False,True,68.7738,False
75.3569,0.0000,0.0000,0.0000,0.0000,False,False,False,False,True,69.5038,False
75.4103,0.0000,0.0000,0.0000,0.0000,False,False,False,False,True,70.1990,False
75.4629,0.0000,0.0000,0.0000,0.0000,False,False,False,False,True,70.9180,False
75.5157,0.0000,0.0000,0.0000,0.0000,False,False,False,False,True,71.6258,False
75.5689,0.0000,0.0000,0.0000,0.0000,False,False,False,False,True,72.3363,False
75.6287,0.0000,0.0000,0.0000,0.0000,False,False,False,False,True,73.0532,False
75.6879,0.0000,0.0000,0.0000,0.0000,False,False,False,False,True,73.8605,False
75.7554,0.0000,0.0000,0.0000,0.0000,False,False,False,False,True,74.6584,False
75.8213,0.0000,0.0000,0.0000,0.0000,False,False,False,False,True,75.5696,False
75.8768,0.0000,0.0000,0.0000,0.0000,False,False,False,False,True,76.4608,False
75.9334,0.0000,0.0000,0.0000,0.0000,False,False,False,False,True,77.2110,False
75.9893,0.0000,0.0000,0.0000,0.0000,False,False,False,False,True,77.9765,False
76.0435,0.0000,0.0000,0.0000,0.0000,False,False,False,False,True,78.7335,False
76.0982,0.0000,0.0000,0.0000,0.0000,False,False,False,False,True,79.4673,False
76.1544,0.0000,0.0000,0.0000,0.0000,False,False,False,False,True,80.2075,False
76.2071,0.0000,0.0000,0.0000,0.0000,False,False,False,False,True,80.9690,False
76.2692,0.0000,0.0000,0.0000,0.0000,False,False,False,False,True,81.6843,False
76.3223,0.0000,0.0000,0.0000,0.0000,False,False,False,False,True,82.5264,False
76.3798,0.0000,0.0000,0.0000,0.0000,False,False,False,False,True,83.2471,False
76.4327,0.0000,0.0000,0.0000,0.0000,False,False,False,False,True,84.0277,False
76.4873,0.0000,0.0000,0.0000,0.0000,False,False,False,False,True,84.7460,False
76.5424,0.0000,0.0000,0.0000,0.0000,False,False,False,False,True,85.4881,False
76.6019,0.0000,0.0000,0.0000,0.0000,False,False,False,False,True,86.2379,False
76.6547,0.0000,0.0000,0.0000,0.0000,False,False,False,False,True,87.0468,False
76.7059,0.0000,0.0000,0.0000,0.0000,False,False,False,False,True,87.7650,False
76.7631,0.0000,0.0000,0.0000,0.0000,False,False,False,False,True,88.4619,False
76.8168,0.0000,0.0000,0.0000,0.0000,False,False,False,False,True,89.2395,False
76.8714,0.0000,0.0000,0.0000,0.0000,False,False,False,False,True,89.9715,False
76.9556,0.0000,0.0000,0.0000,0.0000,False,False,False,False,True,90.7154,False
77.0092,0.0000,0.0000,0.0000,0.0000,False,False,False,False,True,91.8622,False
77.0625,0.0000,0.0000,0.0000,0.0000,False,False,False,False,True,92.5929,False
77.1152,0.0000,0.0000,0.0000,0.0000,False,False,False,False,True,93.3202,False
77.1728,0.0000,0.0000,0.0000,0.0000,False,False,False,False,True,94.0390,False
77.2258,0.0000,0.0000,0.0000,0.0000,False,False,False,False,True,94.8252,False
77.2830,0.0000,0.0000,0.0000,0.0000,False,False,False,False,True,95.5484,False
77.3401,0.0000,0.0000,0.0000,0.0000,False,False,False,False,True,96.3303,False
77.3971,0.0000,0.0000,0.0000,0.0000,False,False,False,False,True,97.1091,False
77.4546,0.0000,0.0000,0.0000,0.0000,False,False,False,False,True,97.8881,False
77.5147,0.0000,0.0000,0.0000,0.0000,False,False,False,False,True,98.6733,False
77.5739,0.0000,0.0000,0.0000,0.0000,False,False,False,False,True,99.4952,False
77.6266,0.0000,0.0000,0.0000,0.0000,False,False,False,False,True,100.3040,False
77.6804,0.0000,0.0000,0.0000,0.0000,False,False,False,False,True,101.0255,False
77.7351,0.0000,0.0000,0.0000,0.0000,False,False,False,False,True,101.7605,False
77.7944,0.0000,0.0000,0.0000,0.0000,False,False,False,False,True,102.5095,False
77.8517,0.0000,0.0000,0.0000,0.0000,False,False,False,False,True,103.3216,False
77.9066,0.0000,0.0000,0.0000,0.0000,False,False,False,False,True,104.1049,False
77.9634,0.0000,0.0000,0.0000,0.0000,False,False,False,False,True,104.8562,False
78.0182,0.0000,0.0000,0.0000,0.0000,False,False,False,False,True,105.6347,False
78.0702,0.0000,0.0000,0.0000,0.0000,False,False,False,False,True,106.3856,False
78.1222,0.0000,0.0000,0.0000,0.0000,False,False,False,False,True,107.0975,False
78.1789,0.0000,0.0000,0.0000,0.0000,False,False,False,False,True,107.8095,False
78.2371,0.0000,0.0000,0.0000,0.0000,False,False,False,False,True,108.5865,False
78.2983,0.0000,0.0000,0.0000,0.0000,False,False,False,False,True,109.3850,False
78.3584,0.0000,0.0000,0.0000,0.0000,False,False,False,False,True,110.2243,False
78.4136,0.0000,0.0000,0.0000,0.0000,False,False,False,False,True,111.0484,False
78.4667,0.0000,0.0000,0.0000,0.0000,False,False,False,False,True,111.8053,False
78.5238,0.0000,0.0000,0.0000,0.0000,False,False,False,False,True,112.5335,False
78.5775,0.0000,0.0000,0.0000,0.0000,False,False,False,False,True,113.3161,False
78.6323,0.0000,0.0000,0.0000,0.0000,False,False,False,False,True,114.0534,False
78.6876,0.0000,0.0000,0.0000,0.0000,False,False,False,False,True,114.8061,False
78.7434,0.0000,0.0000,0.0000,0.0000,False,False,False,False,True,115.5647,False
78.8013,0.0000,0.0000,0.0000,0.0000,False,False,False,False,True,116.3306,False
78.8555,0.0000,0.0000,0.0000,0.0000,False,False,False,False,True,117.1257,False
78.9083,0.0000,0.0000,0.0000,0.0000,False,False,False,False,True,117.8691,False
78.9624,0.0000,0.0000,0.0000,0.0000,False,False,False,False,True,118.5953,False
79.0154,0.0000,0.0000,0.0000,0.0000,False,False,False,False,True,119.3382,False
79.0714,0.0000,0.0000,0.0000,0.0000,False,False,False,False,True,120.0664,False
79.1313,0.0000,0.0000,0.0000,0.0000,False,False,False,False,True,120.8355,False
79.1868,0.0000,0.0000,0.0000,0.0000,False,False,False,False,True,121.6586,False
79.2417,0.0000,0.0000,0.0000,0.0000,False,False,False,False,True,122.4221,False
79.3008,0.0000,0.0000,0.0000,0.0000,False,False,False,False,True,123.1763,False
79.3560,0.0000,0.0000,0.0000,0.0000,False,False,False,False,True,123.9880,False
79.4146,0.0000,0.0000,0.0000,0.0000,False,False,False,False,True,124.7476,False
79.4707,0.0000,0.0000,0.0000,0.0000,False,False,False,False,True,125.5532,False
79.5246,0.0000,0.0000,0.0000,0.0000,False,False,False,False,True,126.3245,False
79.5810,0.0000,0.0000,0.0000,0.0000,False,False,False,False,True,127.0664,False
79.6370,0.0000,0.0000,0.0000,0.0000,False,False,False,False,True,127.8415,False
79.6901,0.0000,0.0000,0.0000,0.0000,False,False,False,False,True,128.6117,False
79.7465,0.0000,0.0000,0.0000,0.0000,False,False,False,False,True,129.3430,False
79.8078,0.0000,0.0000,0.0000,0.0000,False,False,False,False,True,130.1193,False
79.8678,0.0000,0.0000,0.0000,0.0000,False,False,False,False,True,130.9626,False
79.9280,0.0000,0.0000,0.0000,0.0000,False,False,False,False,True,131.7886,False
79.9840,0.0000,0.0000,0.0000,0.0000,False,False,False,False,True,132.6174,False
80.0396,0.0000,0.0000,0.0000,0.0000,False,False,False,False,True,133.3880,False
80.0919,0.0000,0.0000,0.0000,0.0000,False,False,False,False,True,134.1535,False
80.1504,0.0000,0.0000,0.0000,0.0000,False,False,False,False,True,134.8742,False
80.2046,0.0000,0.0000,0.0000,0.0000,False,False,False,False,True,135.6790,False
80.2610,0.0000,0.0000,0.0000,0.0000,False,False,False,False,True,136.4255,False
80.3222,0.0000,0.0000,0.0000,0.0000,False,False,False,False,True,137.2021,False
80.3788,0.0000,0.0000,0.0000,0.0000,False,False,False,False,True,138.0455,False
80.4315,0.0000,0.0000,0.0000,0.0000,False,False,False,False,True,138.8255,False
80.4863,0.0000,0.0000,0.0000,0.0000,False,False,False,False,True,139.5517,False
80.5455,0.0000,0.0000,0.0000,0.0000,False,False,False,False,True,140.3070,False
80.6013,0.0000,0.0000,0.0000,0.0000,False,False,False,False,True,141.1221,False
80.6600,0.0000,0.0000,0.0000,0.0000,False,False,False,False,True,141.8909,False
80.7352,0.0000,0.0000,0.0000,0.0000,False,False,False,False,True,142.7005,False
80.7978,0.0000,0.0000,0.0000,0.0000,False,False,False,False,True,143.7366,False
80.8577,0.0000,0.0000,0.0000,0.0000,False,False,False,False,True,144.5996,False
80.9146,0.0000,0.0000,0.0000,0.0000,False,False,False,False,True,145.4254,False
80.9685,0.0000,0.0000,0.0000,0.0000,False,False,False,False,True,146.2092,False
81.0228,0.0000,0.0000,0.0000,0.0000,False,False,False,False,True,146.9528,False
81.0781,0.0000,0.0000,0.0000,0.0000,False,False,False,False,True,147.7016,False
81.1347,0.0000,0.0000,0.0000,0.0000,False,False,False,False,True,148.4648,False
81.1889,0.0000,0.0000,0.0000,0.0000,False,False,False,False,True,149.2451,False
81.2433,0.0000,0.0000,0.0000,0.0000,False,False,False,False,True,149.9925,False
81.3003,0.0000,0.0000,0.0000,0.0000,False,False,False,False,True,150.7423,False
81.3624,0.0000,0.0000,0.0000,0.0000,False,False,False,False,True,151.5286,False
81.4222,0.0000,0.0000,0.0000,0.0000,False,False,False,False,True,152.3862,False
81.4797,0.0000,0.0000,0.0000,0.0000,False,False,False,False,True,153.2109,False
81.5452,0.0000,0.0000,0.0000,0.0000,False,False,False,False,True,154.0050,False
81.6018,0.0000,0.0000,0.0000,0.0000,False,False,False,False,True,154.9081,False
81.6622,0.0000,0.0000,0.0000,0.0000,False,False,False,False,True,155.6891,False
