Time,Accel,Brake,Car_Speed,Car_AutoSpeed,Car_AutoStatus,Bike_A_Status,Bike_B_Status,Bike_C_Status,Bike_D_Status,Bike_Distance,Vibrate_Status,BPM
0.0200,0.0000,0.0000,0.0000,0.0000,False,False,False,False,False,0.0000,False
0.0400,0.0000,0.0000,0.7049,0.0000,False,False,False,False,False,0.0000,False
0.3733,0.0000,0.0000,1.1529,0.0000,False,False,False,False,False,0.0000,False
0.4567,0.0000,0.0000,0.3516,0.0000,False,False,False,False,False,0.0000,False
0.5075,0.0000,0.0000,0.0643,0.0000,False,False,False,False,False,0.0000,False
0.5443,0.0000,0.0000,0.0480,0.0000,False,False,False,False,False,0.0000,False
0.5792,0.0000,0.0000,0.0708,0.0000,False,False,False,False,False,0.0000,False
0.6134,0.0000,0.0000,0.0932,0.0000,False,False,False,False,False,0.0000,False
0.6474,0.0000,0.0000,0.0923,0.0000,False,False,False,False,False,0.0000,False
0.6821,0.0000,0.0000,0.0794,0.0000,False,False,False,False,False,0.0000,False
0.7970,0.0000,0.0000,0.0365,0.0000,False,False,False,False,False,0.0000,False
0.8333,0.0000,0.0000,0.0231,0.0000,False,False,False,False,False,0.0000,False
0.8704,0.0000,0.0000,0.0130,0.0000,False,False,False,False,False,0.0000,False
0.9052,0.0000,0.0000,0.0061,0.0000,False,False,False,False,False,0.0000,False
0.9393,0.0000,0.0000,0.0038,0.0000,False,False,False,False,False,0.0000,False
0.9729,0.0000,0.0000,0.0015,0.0000,False,False,False,False,False,0.0000,False
1.0068,0.0000,0.0000,0.0022,0.0000,False,False,False,False,False,0.0000,False
1.0437,0.0000,0.0000,0.0027,0.0000,False,False,False,False,False,0.0000,False
1.0819,0.0000,0.0000,0.0027,0.0000,False,False,False,False,False,0.0000,False
1.1166,0.0000,0.0000,0.0025,0.0000,False,False,False,False,False,0.0000,False
1.1514,0.0000,0.0000,0.0021,0.0000,False,False,False,False,False,0.0000,False
1.1888,0.0000,0.0000,0.0015,0.0000,False,False,False,False,False,0.0000,False
1.2235,0.0000,0.0000,0.0011,0.0000,False,False,False,False,False,0.0000,False
1.2584,0.0000,0.0000,0.0008,0.0000,False,False,False,False,False,0.0000,False
1.2927,0.0000,0.0000,0.0005,0.0000,False,False,False,False,False,0.0000,False
1.3269,0.0000,0.0000,0.0002,0.0000,False,False,False,False,False,0.0000,False
1.3606,0.0000,0.0000,0.0001,0.0000,False,False,False,False,False,0.0000,False
1.3948,0.0000,0.0000,0.0001,0.0000,False,False,False,False,False,0.0000,False
1.4304,0.0000,0.0000,0.0001,0.0000,False,False,False,False,False,0.0000,False
1.4649,0.0000,0.0000,0.0001,0.0000,False,False,False,False,False,0.0000,False
1.5004,0.0000,0.0000,0.0001,0.0000,False,False,False,False,False,0.0000,False
1.5396,0.0000,0.0000,0.0001,0.0000,False,False,False,False,False,0.0000,False
1.5774,0.0000,0.0000,0.0001,0.0000,False,False,False,False,False,0.0000,False
1.6160,0.0000,0.0000,0.0001,0.0000,False,False,False,False,False,0.0000,False
1.6504,0.0000,0.0000,0.0000,0.0000,False,False,False,False,False,0.0000,False
1.6842,0.0000,0.0000,0.0000,0.0000,False,False,False,False,False,0.0000,False
1.7191,0.0000,0.0000,0.0000,0.0000,False,False,False,False,False,0.0000,False
1.7531,0.0000,0.0000,0.0000,0.0000,False,False,False,False,False,0.0000,False
1.7898,0.0000,0.0000,0.0000,0.0000,False,False,False,False,False,0.0000,False
1.8246,0.0000,0.0000,0.0000,0.0000,False,False,False,False,False,0.0000,False
1.8643,0.0000,0.0000,0.0000,0.0000,False,False,False,False,False,0.0000,False
1.9046,0.0000,0.0000,0.0000,0.0000,False,False,False,False,False,0.0000,False
1.9544,0.0000,0.0000,0.0000,0.0000,False,False,False,False,False,0.0000,False
1.9997,0.0000,0.0000,0.0000,0.0000,False,False,False,False,False,0.0000,False
2.0411,0.0000,0.0000,0.0000,0.0000,False,False,False,False,False,0.0000,False
2.0774,0.0000,0.0000,0.0000,0.0000,False,False,False,False,False,0.0000,False
2.1127,0.0000,0.0000,0.0000,0.0000,False,False,False,False,False,0.0000,False
2.1510,0.0000,0.0000,0.0000,0.0000,False,False,False,False,False,0.0000,False
2.1908,0.0000,0.0000,0.0000,0.0000,False,False,False,False,False,0.0000,False
2.2266,0.0000,0.0000,0.0000,0.0000,False,False,False,False,False,0.0000,False
2.2623,0.0000,0.0000,0.0000,0.0000,False,False,False,False,False,0.0000,False
2.2977,0.0000,0.0000,0.0000,0.0000,False,False,False,False,False,0.0000,False
2.3332,0.0000,0.0000,0.0000,0.0000,False,False,False,False,False,0.0000,False
2.3703,0.0000,0.0000,0.0001,0.0000,False,False,False,False,False,0.0000,False
2.4061,0.0000,0.0000,0.0001,0.0000,False,False,False,False,False,0.0000,False
2.4409,0.0000,0.0000,0.0000,0.0000,False,False,False,False,False,0.0000,False
2.4757,0.0000,0.0000,0.0000,0.0000,False,False,False,False,False,0.0000,False
2.5138,0.0000,0.0000,0.0000,0.0000,False,False,False,False,False,0.0000,False
2.5488,0.0000,0.0000,0.0000,0.0000,False,False,False,False,False,0.0000,False
2.5830,0.0000,0.0000,0.0000,0.0000,False,False,False,False,False,0.0000,False
2.6171,0.0000,0.0000,0.0000,0.0000,False,False,False,False,False,0.0000,False
2.6513,0.0000,0.0000,0.0000,0.0000,False,False,False,False,False,0.0000,False
2.6860,0.0000,0.0000,0.0000,0.0000,False,False,False,False,False,0.0000,False
2.7242,0.0000,0.0000,0.0000,0.0000,False,False,False,False,False,0.0000,False
2.7633,0.0000,0.0000,0.0000,0.0000,False,False,False,False,False,0.0000,False
2.7986,0.0000,0.0000,0.0000,0.0000,False,False,False,False,False,0.0000,False
2.8368,0.0000,0.0000,0.0000,0.0000,False,False,False,False,False,0.0000,False
2.8721,0.0000,0.0000,0.0000,0.0000,False,False,False,False,False,0.0000,False
2.9098,0.0000,0.0000,0.0000,0.0000,False,False,False,False,False,0.0000,False
2.9443,0.0000,0.0000,0.0000,0.0000,False,False,False,False,False,0.0000,False
2.9790,0.0000,0.0000,0.0000,0.0000,False,False,False,False,False,0.0000,False
3.0170,0.0000,0.0000,0.0000,0.0000,False,False,False,False,False,0.0000,False
3.0519,0.0000,0.0000,0.0000,0.0000,False,False,False,False,False,0.0000,False
3.0898,0.0000,0.0000,0.0000,0.0000,False,False,False,False,False,0.0000,False
3.1250,0.0000,0.0000,0.0000,0.0000,False,False,False,False,False,0.0000,False
3.1596,0.0000,0.0000,0.0000,0.0000,False,False,False,False,False,0.0000,False
3.1947,0.0000,0.0000,0.0000,0.0000,False,False,False,False,False,0.0000,False
3.2308,0.0000,0.0000,0.0000,0.0000,False,False,False,False,False,0.0000,False
3.2931,0.0000,0.0000,0.0000,0.0000,False,False,False,False,False,0.0000,False
3.3299,0.0000,0.0000,0.0000,0.0000,False,False,False,False,False,0.0000,False
3.3662,0.0000,0.0000,0.0000,0.0000,False,False,False,False,False,0.0000,False
3.4019,0.0000,0.0000,0.0000,0.0000,False,False,False,False,False,0.0000,False
3.4385,0.0000,0.0000,0.0000,0.0000,False,False,False,False,False,0.0000,False
3.4745,0.0000,0.0000,0.0000,0.0000,False,False,False,False,False,0.0000,False
3.5127,0.0000,0.0000,0.0000,0.0000,False,False,False,False,False,0.0000,False
3.5522,0.0000,0.0000,0.0000,0.0000,False,False,False,False,False,0.0000,False
3.5928,0.0000,0.0000,0.0000,0.0000,False,False,False,False,False,0.0000,False
3.6330,0.0000,0.0000,0.0000,0.0000,False,False,False,False,False,0.0000,False
3.6781,0.0000,0.0000,0.0000,0.0000,False,False,False,False,False,0.0000,False
3.7218,0.0000,0.0000,0.0000,0.0000,False,False,False,False,False,0.0000,False
3.7675,0.0000,0.0000,0.0000,0.0000,False,False,False,False,False,0.0000,False
3.8073,0.0000,0.0000,0.0000,0.0000,False,False,False,False,False,0.0000,False
3.8517,0.0000,0.0000,0.0000,0.0000,False,False,False,False,False,0.0000,False
3.9017,0.0000,0.0000,0.0000,0.0000,False,False,False,False,False,0.0000,False
3.9463,0.0000,0.0000,0.0000,0.0000,False,False,False,False,False,0.0000,False
3.9960,0.0000,0.0000,0.0000,0.0000,False,False,False,False,False,0.0000,False
4.0461,0.0000,0.0000,0.0000,0.0000,False,False,False,False,False,0.0000,False
4.0871,0.0000,0.0000,0.0000,0.0000,False,False,False,False,False,0.0000,False
4.1295,0.0000,0.0000,0.0000,0.0000,False,False,False,False,False,0.0000,False
4.1710,0.0000,0.0000,0.0000,0.0000,False,False,False,False,False,0.0000,False
4.2171,0.0000,0.0000,0.0000,0.0000,False,False,False,False,False,0.0000,False
4.2591,0.0000,0.0000,0.0000,0.0000,False,False,False,False,False,0.0000,False
4.3046,0.0000,0.0000,0.0000,0.0000,False,False,False,False,False,0.0000,False
4.3481,0.0000,0.0000,0.0000,0.0000,False,False,False,False,False,0.0000,False
4.3902,0.0000,0.0000,0.0000,0.0000,False,False,False,False,False,0.0000,False
4.4321,0.0000,0.0000,0.0000,0.0000,False,False,False,False,False,0.0000,False
4.4752,0.0000,0.0000,0.0000,0.0000,False,False,False,False,False,0.0000,False
4.5204,0.0000,0.0000,0.0000,0.0000,False,False,False,False,False,0.0000,False
4.5659,0.0000,0.0000,0.0000,0.0000,False,False,False,False,False,0.0000,False
4.6206,0.0000,0.0000,0.0000,0.0000,False,False,False,False,False,0.0000,False
4.6762,0.0000,0.0000,0.0000,0.0000,False,False,False,False,False,0.0000,False
4.7347,0.0000,0.0000,0.0000,0.0000,False,False,False,False,False,0.0000,False
4.7893,0.0000,0.0000,0.0000,0.0000,False,False,False,False,False,0.0000,False
4.8411,0.0000,0.0000,0.0000,0.0000,False,False,False,False,False,0.0000,False
4.8881,0.0000,0.0000,0.0000,0.0000,False,False,False,False,False,0.0000,False
4.9356,0.0000,0.0000,0.0000,0.0000,False,False,False,False,False,0.0000,False
4.9825,0.0000,0.0000,0.0000,0.0000,False,False,False,False,False,0.0000,False
5.0296,0.0000,0.0000,0.0000,0.0000,False,False,False,False,False,0.0000,False
5.0914,0.0000,0.0000,0.0000,0.0000,False,False,False,False,False,0.0000,False
5.1492,0.0000,0.0000,0.0000,0.0000,False,False,False,False,False,0.0000,False
5.2007,0.0000,0.0000,0.0000,0.0000,False,False,False,False,False,0.0000,False
5.2472,0.0000,0.0000,0.0000,0.0000,False,False,False,False,False,0.0000,False
5.2912,0.0000,0.0000,0.0000,0.0000,False,False,False,False,False,0.0000,False
5.3337,0.0000,0.0000,0.0000,0.0000,False,False,False,False,False,0.0000,False
5.3751,0.0000,0.0000,0.0000,0.0000,False,False,False,False,False,0.0000,False
5.4259,0.0000,0.0000,0.0000,0.0000,False,False,False,False,False,0.0000,False
5.4740,0.0000,0.0000,0.0000,0.0000,False,False,False,False,False,0.0000,False
5.5158,0.0000,0.0000,0.0000,0.0000,False,False,False,False,False,0.0000,False
5.5609,0.0000,0.0000,0.0000,0.0000,False,False,False,False,False,0.0000,False
5.6036,0.0000,0.0000,0.0000,0.0000,False,False,False,False,False,0.0000,False
5.6473,0.0000,0.0000,0.0000,0.0000,False,False,False,False,False,0.0000,False
5.6937,0.0000,0.0000,0.0000,0.0000,False,False,False,False,False,0.0000,False
5.7393,0.0000,0.0000,0.0000,0.0000,False,False,False,False,False,0.0000,False
5.7839,0.0000,0.0000,0.0000,0.0000,False,False,False,False,False,0.0000,False
5.8270,0.0000,0.0000,0.0000,0.0000,False,False,False,False,False,0.0000,False
5.8749,0.0000,0.0000,0.0000,0.0000,False,False,False,False,False,0.0000,False
5.9231,0.0000,0.0000,0.0000,0.0000,False,False,False,False,False,0.0000,False
5.9722,0.0000,0.0000,0.0000,0.0000,False,False,False,False,False,0.0000,False
6.0218,0.0000,0.0000,0.0000,0.0000,False,False,False,False,False,0.0000,False
6.0784,0.0000,0.0000,0.0000,0.0000,False,False,False,False,False,0.0000,False
6.1318,0.0000,0.0000,0.0000,0.0000,False,False,False,False,False,0.0000,False
6.1854,0.0000,0.0000,0.0000,0.0000,False,False,False,False,False,0.0000,False
6.2387,0.0000,0.0000,0.0000,0.0000,False,False,False,False,False,0.0000,False
6.2910,0.0000,0.0000,0.0000,0.0000,False,False,False,False,False,0.0000,False
6.3427,0.0000,0.0000,0.0000,0.0000,False,False,False,False,False,0.0000,False
6.3931,0.0000,0.0000,0.0000,0.0000,False,False,False,False,False,0.0000,False
6.4468,0.0000,0.0000,0.0000,0.0000,False,False,False,False,False,0.0000,False
6.5013,0.0000,0.0000,0.0000,0.0000,False,False,False,False,False,0.0000,False
6.5529,0.0000,0.0000,0.0000,0.0000,False,False,False,False,False,0.0000,False
6.6110,0.0000,0.0000,0.0000,0.0000,False,False,False,False,False,0.0000,False
6.6686,0.0000,0.0000,0.0000,0.0000,False,True,False,False,False,0.0000,False
6.7194,0.0000,0.0000,0.0000,0.0000,False,True,False,False,False,134.7224,False
6.7739,0.0000,0.0000,0.0000,0.0000,False,True,False,False,False,133.1478,False
6.8258,0.0000,0.0000,0.0000,0.0000,False,True,False,False,False,131.6418,False
6.8840,0.0000,0.0000,0.0000,0.0000,False,True,False,False,False,130.1509,False
6.9346,0.0000,0.0000,0.0000,0.0000,False,True,False,False,False,128.6353,False
6.9854,0.0000,0.0000,0.0000,0.0000,False,True,False,False,False,127.1635,False
7.0356,0.0000,0.0000,0.0000,0.0000,False,True,False,False,False,125.8151,False
7.0835,0.0000,0.0000,0.0000,0.0000,False,True,False,False,False,124.4914,False
7.1367,0.0000,0.0000,0.0000,0.0000,False,True,False,False,False,123.2222,False
7.1909,0.0000,0.0000,0.0000,0.0000,False,True,False,False,False,121.9404,False
7.2475,0.0000,0.0000,0.0000,0.0000,False,True,False,False,False,120.5931,False
7.3021,0.0000,0.0000,0.0000,0.0000,False,True,False,False,False,119.2239,False
7.3547,0.0000,0.0000,0.0000,0.0000,False,True,False,False,False,117.8615,False
7.4035,0.0000,0.0000,0.0000,0.0000,False,True,False,False,False,116.5636,False
7.4562,0.0000,0.0000,0.0000,0.0000,False,True,False,False,False,115.3475,False
7.5089,0.0000,0.0000,0.0000,0.0000,False,True,False,False,False,114.1570,False
7.5605,0.0000,0.0000,0.0000,0.0000,False,True,False,False,False,112.9248,False
7.6201,0.0000,0.0000,0.0000,0.0000,False,True,False,False,False,111.7148,False
7.6796,0.0000,0.0000,0.0000,0.0000,False,True,False,False,False,110.4592,False
7.7371,0.0000,0.0000,0.0000,0.0000,False,True,False,False,False,109.1073,False
7.7929,0.0000,0.0000,0.0000,0.0000,False,True,False,False,False,107.7872,False
7.8491,0.0000,0.0000,0.0000,0.0000,False,True,False,False,False,106.5209,False
7.9051,0.0000,0.0000,0.0000,0.0000,False,True,False,False,False,105.2844,False
7.9655,0.0000,0.0000,0.0000,0.0000,False,True,False,False,False,104.0534,False
8.0282,0.0000,0.0000,0.0000,0.0000,False,True,False,False,False,102.7989,False
8.0938,0.0000,0.0000,0.0000,0.0000,False,True,False,False,False,101.4759,False
8.1563,0.0000,0.0000,0.0000,0.0000,False,True,False,False,False,100.1080,False
8.2227,0.0000,0.0000,0.0000,0.0000,False,True,False,False,False,98.7339,False
8.2925,0.0000,0.0000,0.0000,0.0000,False,True,False,False,False,97.3823,False
8.3597,0.0000,0.0000,0.0000,0.0000,False,True,False,False,False,95.9605,False
8.4213,0.0000,0.0000,0.0000,0.0000,False,True,False,False,False,94.5200,False
8.4858,0.0000,0.0000,0.0000,0.0000,False,True,False,False,False,93.1615,False
8.5516,0.0000,0.0000,0.0000,0.0000,False,True,False,False,False,91.8664,False
8.6147,0.0000,0.0000,0.0000,0.0000,False,True,False,False,False,90.5295,False
8.6773,0.0000,0.0000,0.0000,0.0000,False,True,False,False,False,89.1978,False
8.7406,0.0000,0.0000,0.0000,0.0000,False,True,False,False,False,87.9125,False
8.8019,0.0000,0.0000,0.0000,0.0000,False,True,False,False,False,86.6346,False
8.8679,0.0000,0.0000,0.0000,0.0000,False,True,False,False,False,85.3642,False
8.9964,0.0000,0.0000,0.0000,0.0000,False,True,False,False,False,84.0947,False
9.0617,0.0000,0.0000,0.0000,0.0000,False,True,False,False,False,82.3691,False
9.1293,0.0000,0.0000,0.0000,0.0000,False,True,False,False,False,80.1891,False
9.1999,0.0000,0.0000,0.0000,0.0000,False,True,False,False,False,78.8702,False
9.2690,0.0000,0.0000,0.0000,0.0000,False,True,False,False,False,77.5050,False
9.3428,0.0000,0.0000,0.0000,0.0000,False,True,False,False,False,76.1100,False
9.4120,0.0000,0.0000,0.0000,0.0000,False,True,False,False,False,74.7121,False
9.4815,0.0000,0.0000,0.0000,0.0000,False,True,False,False,False,73.2803,False
9.5585,0.0000,0.0000,0.0000,0.0000,False,True,False,False,False,71.9117,False
9.6327,0.0000,0.0000,0.0000,0.0000,False,True,False,False,False,70.4984,False
9.7078,0.0000,0.0000,0.0000,0.0000,False,True,False,False,False,69.0003,False
9.7843,0.0000,0.0000,0.0000,0.0000,False,True,False,False,False,67.5375,False
9.8592,0.0000,0.0000,0.0000,0.0000,False,True,False,False,False,66.0574,False
9.9319,0.0000,0.0000,0.0000,0.0000,False,True,False,False,False,64.5702,False
10.0011,0.0000,0.0000,0.0000,0.0000,False,True,False,False,False,63.1192,False
10.0716,0.0000,0.0000,0.0000,0.0000,False,True,False,False,False,61.7211,False
10.1441,0.0000,0.0000,0.0000,0.0000,False,True,False,False,False,60.3648,False
10.2129,0.0000,0.0000,0.0000,0.0000,False,True,False,False,False,58.9678,False
10.2838,0.0000,0.0000,0.0000,0.0000,False,True,False,False,False,57.5509,False
10.3559,0.0000,0.0000,0.0000,0.0000,False,True,False,False,False,56.1639,False
10.4238,0.0000,0.0000,0.0000,0.0000,False,True,False,False,False,54.7268,False
10.5061,0.0000,0.0000,0.0000,0.0000,False,True,False,False,False,53.2803,False
10.5737,0.0000,0.0000,0.0000,0.0000,False,True,False,False,False,51.8017,False
10.6414,0.0000,0.0000,0.0000,0.0000,False,True,False,False,False,50.1790,False
10.7164,0.0000,0.0000,0.0000,0.0000,False,True,False,False,False,48.7621,False
10.7903,0.0000,0.0000,0.0000,0.0000,False,True,False,False,False,47.2912,False
10.8581,0.0000,0.0000,0.0000,0.0000,False,True,False,False,False,45.7025,False
10.9248,0.0000,0.0000,0.0000,0.0000,False,True,False,False,False,44.1505,False
10.9931,0.0000,0.0000,0.0000,0.0000,False,True,False,False,False,42.6901,False
11.0614,0.0000,0.0000,0.0000,0.0000,False,True,False,False,False,41.2269,False
11.1332,0.0000,0.0000,0.0000,0.0000,False,True,False,False,False,39.7267,False
11.2053,0.0000,0.0000,0.0000,0.0000,False,True,False,False,False,38.1971,False
11.2737,0.0000,0.0000,0.0000,0.0000,False,True,False,False,False,36.5953,False
11.3438,0.0000,0.0000,0.0000,0.0000,False,True,False,False,False,35.0014,False
11.4126,0.0000,0.0000,0.0000,0.0000,False,True,False,False,False,33.4495,False
11.4803,0.0000,0.0000,0.0000,0.0000,False,True,False,False,False,31.8677,False
11.5562,0.0000,0.0000,0.0000,0.0000,False,True,False,False,False,30.3049,False
11.6264,0.0000,0.0000,0.0000,0.0000,False,True,False,False,False,28.6938,False
11.6953,0.0000,0.0000,0.0000,0.0000,False,True,False,False,False,26.9459,False
11.7654,0.0000,0.0000,0.0000,0.0000,False,True,False,False,False,25.2828,False
11.8366,0.0000,0.0000,0.0000,0.0000,False,True,False,False,False,23.6143,False
11.9048,0.0000,0.0000,0.0000,0.0000,False,True,False,False,False,21.8975,False
11.9754,0.0000,0.0000,0.0000,0.0000,False,True,False,False,False,20.1598,False
12.0514,0.0000,0.0000,0.0000,0.0000,False,True,False,False,False,18.4464,False
12.1228,0.0000,0.0000,0.0000,0.0000,False,True,False,False,False,16.6481,False
12.1917,0.0000,0.0000,0.0000,0.0000,False,True,False,False,False,14.7783,False
12.2606,0.0000,0.0000,0.0000,0.0000,False,True,False,False,False,13.0100,False
12.3328,0.0000,0.0000,0.0000,0.0000,False,True,False,False,False,11.2851,False
12.4059,0.0000,0.0000,0.0000,0.0000,False,True,False,False,False,9.5387,False
12.4891,0.0000,0.0000,0.0000,0.0000,False,True,False,False,False,7.7210,False
12.5670,0.0000,0.0000,0.0000,0.0000,False,True,False,False,False,5.8192,False
12.6408,0.0000,0.0000,0.0000,0.0000,False,True,False,False,False,3.7690,False
12.7215,0.0000,0.0000,0.0000,0.0000,False,True,False,False,False,1.8553,False
12.7966,0.0000,0.0000,0.0000,0.0000,False,True,False,False,False,0.0133,False
12.8677,0.0000,0.0000,0.0000,0.0000,False,True,False,False,False,1.9548,False
12.9329,0.0000,0.0000,0.0000,0.0000,False,True,False,False,False,3.7718,False
12.9938,0.0000,0.0000,0.0000,0.0000,False,True,False,False,False,5.4745,False
13.0553,0.0000,0.0000,0.0000,0.0000,False,True,False,False,False,7.0374,False
13.1124,0.0000,0.0000,0.0000,0.0000,False,True,False,False,False,8.5172,False
13.1710,0.0000,0.0000,0.0000,0.0000,False,True,False,False,False,9.9631,False
13.2302,0.0000,0.0000,0.0000,0.0000,False,True,False,False,False,11.3043,False
13.2907,0.0000,0.0000,0.0000,0.0000,False,True,False,False,False,12.6663,False
13.3464,0.0000,0.0000,0.0000,0.0000,False,True,False,False,False,14.0470,False
13.4071,0.0000,0.0000,0.0000,0.0000,False,True,False,False,False,15.4233,False
13.4713,0.0000,0.0000,0.0000,0.0000,False,True,False,False,False,16.7379,False
13.5258,0.0000,0.0000,0.0000,0.0000,False,True,False,False,False,18.1558,False
13.5843,0.0000,0.0000,0.0000,0.0000,False,True,False,False,False,19.5754,False
13.6338,0.0000,0.0000,0.0000,0.0000,False,True,False,False,False,20.8336,False
13.6826,0.0000,0.0000,0.0000,0.0000,False,True,False,False,False,22.1177,False
13.7317,0.0000,0.0000,0.0000,0.0000,False,True,False,False,False,23.2443,False
13.7822,0.0000,0.0000,0.0000,0.0000,False,True,False,False,False,24.3640,False
13.8302,0.0000,0.0000,0.0000,0.0000,False,True,False,False,False,25.4986,False
13.8793,0.0000,0.0000,0.0000,0.0000,False,True,False,False,False,26.6473,False
13.9297,0.0000,0.0000,0.0000,0.0000,False,True,False,False,False,27.7634,False
13.9778,0.0000,0.0000,0.0000,0.0000,False,True,False,False,False,28.9086,False
14.0251,0.0000,0.0000,0.0000,0.0000,False,True,False,False,False,30.0619,False
14.0738,0.0000,0.0000,0.0000,0.0000,False,True,False,False,False,31.1736,False
14.1217,0.0000,0.0000,0.0000,0.0000,False,True,False,False,False,32.2825,False
14.1728,0.0000,0.0000,0.0000,0.0000,False,True,False,False,False,33.4157,False
14.2250,0.0000,0.0000,0.0000,0.0000,False,True,False,False,False,34.5568,False
14.2748,0.0000,0.0000,0.0000,0.0000,False,True,False,False,False,35.7643,False
14.3225,0.0000,0.0000,0.0000,0.0000,False,True,False,False,False,36.9805,False
14.3702,0.0000,0.0000,0.0000,0.0000,False,True,False,False,False,38.1418,False
14.4193,0.0000,0.0000,0.0000,0.0000,False,True,False,False,False,39.2672,False
14.4657,0.0000,0.0000,0.0000,0.0000,False,True,False,False,False,40.4059,False
14.5108,0.0000,0.0000,0.0000,0.0000,False,True,False,False,False,41.5545,False
14.5555,0.0000,0.0000,0.0000,0.0000,False,True,False,False,False,42.6512,False
14.5999,0.0000,0.0000,0.0000,0.0000,False,True,False,False,False,43.7263,False
14.6430,0.0000,0.0000,0.0000,0.0000,False,True,False,False,False,44.7945,False
14.6865,0.0000,0.0000,0.0000,0.0000,False,True,False,False,False,45.8525,False
14.7292,0.0000,0.0000,0.0000,0.0000,False,True,False,False,False,46.8928,False
14.7718,0.0000,0.0000,0.0000,0.0000,False,True,False,False,False,47.9323,False
14.8144,0.0000,0.0000,0.0000,0.0000,False,True,False,False,False,48.9598,False
14.8648,0.0000,0.0000,0.0000,0.0000,False,True,False,False,False,49.9882,False
14.9081,0.0000,0.0000,0.0000,0.0000,False,True,False,False,False,51.0785,False
14.9514,0.0000,0.0000,0.0000,0.0000,False,True,False,False,False,52.2492,False
14.9946,0.0000,0.0000,0.0000,0.0000,False,True,False,False,False,53.3054,False
15.0393,0.0000,0.0000,0.0000,0.0000,False,True,False,False,False,54.3631,False
15.0825,0.0000,0.0000,0.0000,0.0000,False,True,False,False,False,55.4341,False
15.1254,0.0000,0.0000,0.0000,0.0000,False,True,False,False,False,56.5218,False
15.1677,0.0000,0.0000,0.0000,0.0000,False,True,False,False,False,57.5843,False
15.2102,0.0000,0.0000,0.0000,0.0000,False,True,False,False,False,58.6393,False
15.2504,0.0000,0.0000,0.0000,0.0000,False,True,False,False,False,59.6897,False
15.2916,0.0000,0.0000,0.0000,0.0000,False,True,False,False,False,60.7278,False
15.3326,0.0000,0.0000,0.0000,0.0000,False,True,False,False,False,61.7393,False
15.3727,0.0000,0.0000,0.0000,0.0000,False,True,False,False,False,62.7672,False
15.4130,0.0000,0.0000,0.0000,0.0000,False,True,False,False,False,63.7889,False
15.4529,0.0000,0.0000,0.0000,0.0000,False,True,False,False,False,64.8002,False
15.4998,0.0000,0.0000,0.0000,0.0000,False,True,False,False,False,65.8124,False
15.5396,0.0000,0.0000,0.0000,0.0000,False,True,False,False,False,66.8799,False
15.5787,0.0000,0.0000,0.0000,0.0000,False,True,False,False,False,67.9996,False
15.6186,0.0000,0.0000,0.0000,0.0000,False,True,False,False,False,68.9967,False
15.6578,0.0000,0.0000,0.0000,0.0000,False,True,False,False,False,69.9899,False
15.6976,0.0000,0.0000,0.0000,0.0000,False,True,False,False,False,70.9913,False
15.7376,0.0000,0.0000,0.0000,0.0000,False,True,False,False,False,71.9867,False
15.7769,0.0000,0.0000,0.0000,0.0000,False,True,False,False,False,72.9928,False
15.8181,0.0000,0.0000,0.0000,0.0000,False,True,False,False,False,74.0008,False
15.8586,0.0000,0.0000,0.0000,0.0000,False,True,False,False,False,75.0170,False
15.8993,0.0000,0.0000,0.0000,0.0000,False,True,False,False,False,76.0580,False
15.9392,0.0000,0.0000,0.0000,0.0000,False,True,False,False,False,77.0898,False
15.9784,0.0000,0.0000,0.0000,0.0000,False,True,False,False,False,78.1174,False
16.0163,0.0000,0.0000,0.0000,0.0000,False,True,False,False,False,79.1265,False
16.0585,0.0000,0.0000,0.0000,0.0000,False,True,False,False,False,80.1112,False
16.1012,0.0000,0.0000,0.0000,0.0000,False,True,False,False,False,81.1155,False
16.1391,0.0000,0.0000,0.0000,0.0000,False,True,False,False,False,82.1947,False
16.1765,0.0000,0.0000,0.0000,0.0000,False,True,False,False,False,83.2359,False
16.2143,0.0000,0.0000,0.0000,0.0000,False,True,False,False,False,84.1955,False
16.2518,0.0000,0.0000,0.0000,0.0000,False,True,False,False,False,85.1516,False
16.2903,0.0000,0.0000,0.0000,0.0000,False,True,False,False,False,86.1110,False
16.3280,0.0000,0.0000,0.0000,0.0000,False,True,False,False,False,87.0776,False
16.3651,0.0000,0.0000,0.0001,0.0000,False,True,False,False,False,88.0568,False
16.4016,0.0000,0.0000,0.0001,0.0000,False,True,False,False,False,89.0176,False
16.4386,0.0000,0.0000,0.0000,0.0000,False,True,False,False,False,89.9625,False
16.4754,0.0000,0.0000,0.0000,0.0000,False,True,False,False,False,90.9022,False
16.5120,0.0000,0.0000,0.0000,0.0000,False,True,False,False,False,91.8477,False
16.5486,0.0000,0.0000,0.0000,0.0000,False,True,False,False,False,92.7900,False
16.5844,0.0000,0.0000,0.0000,0.0000,False,True,False,False,False,93.7288,False
16.6239,0.0000,0.0000,0.0000,0.0000,False,True,False,False,False,94.6585,False
16.6658,0.0000,0.0000,0.0000,0.0000,False,True,False,False,False,95.6123,False
16.7020,0.0000,0.0000,0.0000,0.0000,False,True,False,False,False,96.6486,False
16.7398,0.0000,0.0000,0.0000,0.0000,False,True,False,False,False,97.6676,False
16.7745,0.0000,0.0000,0.0000,0.0000,False,True,False,False,False,98.6108,False
16.8113,0.0000,0.0000,0.0000,0.0000,False,True,False,False,False,99.5501,False
16.8457,0.0000,0.0000,0.0000,0.0000,False,True,False,False,False,100.4612,False
16.8809,0.0000,0.0000,0.0001,0.0000,False,True,False,False,False,101.3830,False
16.9164,0.0000,0.0000,0.0000,0.0000,False,True,False,False,False,102.2733,False
16.9505,0.0000,0.0000,0.0000,0.0000,False,True,False,False,False,103.1788,False
16.9849,0.0000,0.0000,0.0001,0.0000,False,True,False,False,False,104.0753,False
17.0191,0.0000,0.0000,0.0000,0.0000,False,True,False,False,False,104.9536,False
17.0542,0.0000,0.0000,0.0000,0.0000,False,True,False,False,False,105.8357,False
17.0887,0.0000,0.0000,0.0001,0.0000,False,True,False,False,False,106.7223,False
17.1258,0.0000,0.0000,0.0000,0.0000,False,True,False,False,False,107.6131,False
17.1598,0.0000,0.0000,0.0000,0.0000,False,True,False,False,False,108.5184,False
17.2014,0.0000,0.0000,0.0000,0.0000,False,True,False,False,False,109.4350,False
17.2357,0.0000,0.0000,0.0000,0.0000,False,True,False,False,False,110.3770,False
17.2696,0.0000,0.0000,0.0000,0.0000,False,True,False,False,False,111.3684,False
17.3043,0.0000,0.0000,0.0000,0.0000,False,True,False,False,False,112.2399,False
17.3387,0.0000,0.0000,0.0000,0.0000,False,True,False,False,False,113.1125,False
17.3726,0.0000,0.0000,0.0000,0.0000,False,True,False,False,False,113.9956,False
17.4076,0.0000,0.0000,0.0000,0.0000,False,True,False,False,False,114.8690,False
17.4438,0.0000,0.0000,0.0000,0.0000,False,True,False,False,False,115.7458,False
17.4793,0.0000,0.0000,0.0000,0.0000,False,True,False,False,False,116.6513,False
17.5123,0.0000,0.0000,0.0000,0.0000,False,True,False,False,False,117.5692,False
17.5455,0.0000,0.0000,0.0000,0.0000,False,True,False,False,False,118.4514,False
17.5786,0.0000,0.0000,0.0000,0.0000,False,True,False,False,False,119.2964,False
17.6115,0.0000,0.0000,0.0000,0.0000,False,True,False,False,False,120.1430,False
17.6448,0.0000,0.0000,0.0000,0.0000,False,True,False,False,False,120.9874,False
17.6814,0.0000,0.0000,0.0000,0.0000,False,True,False,False,False,121.8320,False
17.7190,0.0000,0.0000,0.0000,0.0000,False,True,False,False,False,122.7144,False
17.7519,0.0000,0.0000,0.0000,0.0000,False,True,False,False,False,123.6590,False
17.7848,0.0000,0.0000,0.0000,0.0000,False,True,False,False,False,124.5742,False
17.8186,0.0000,0.0000,0.0000,0.0000,False,True,False,False,False,125.4151,False
17.8525,0.0000,0.0000,0.0000,0.0000,False,True,False,False,False,126.2648,False
17.8863,0.0000,0.0000,0.0000,0.0000,False,True,False,False,False,127.1294,False
17.9199,0.0000,0.0000,0.0000,0.0000,False,True,False,False,False,127.9945,False
17.9534,0.0000,0.0000,0.0000,0.0000,False,True,False,False,False,128.8564,False
17.9869,0.0000,0.0000,0.0000,0.0000,False,True,False,False,False,129.7134,False
18.0205,0.0000,0.0000,0.0000,0.0000,False,True,False,False,False,130.5683,False
18.0547,0.0000,0.0000,0.0000,0.0000,False,True,False,False,False,131.4263,False
18.0887,0.0000,0.0000,0.0000,0.0000,False,True,False,False,False,132.2914,False
18.1229,0.0000,0.0000,0.0000,0.0000,False,True,False,False,False,133.1626,False
18.1566,0.0000,0.0000,0.0000,0.0000,False,True,False,False,False,134.0338,False
18.1938,0.0000,0.0000,0.0000,0.0000,False,True,False,False,False,134.9041,False
18.2328,0.0000,0.0000,0.0000,0.0000,False,True,False,False,False,135.8002,False
18.2661,0.0000,0.0000,0.0000,0.0000,False,True,False,False,False,136.7691,False
18.3002,0.0000,0.0000,0.0000,0.0000,False,True,False,False,False,137.7091,False
18.3339,0.0000,0.0000,0.0000,0.0000,False,True,False,False,False,138.5672,False
18.3672,0.0000,0.0000,0.0000,0.0000,False,True,False,False,False,139.4353,False
18.4006,0.0000,0.0000,0.0000,0.0000,False,True,False,False,False,140.2936,False
18.4343,0.0000,0.0000,0.0000,0.0000,False,True,False,False,False,141.1458,False
18.4676,0.0000,0.0000,0.0000,0.0000,False,True,False,False,False,142.0028,False
18.5020,0.0000,0.0000,0.0000,0.0000,False,True,False,False,False,142.8591,False
18.5360,0.0000,0.0000,0.0000,0.0000,False,True,False,False,False,143.7223,False
18.5694,0.0000,0.0000,0.0000,0.0000,False,True,False,False,False,144.5986,False
18.6029,0.0000,0.0000,0.0000,0.0000,False,True,False,False,False,145.4609,False
18.6365,0.0000,0.0000,0.0000,0.0000,False,True,False,False,False,146.3156,False
18.6701,0.0000,0.0000,0.0000,0.0000,False,True,False,False,False,147.1736,False
18.7038,0.0000,0.0000,0.0000,0.0000,False,True,False,False,False,148.0336,False
18.7415,0.0000,0.0000,0.0000,0.0000,False,True,False,False,False,148.8936,False
18.7785,0.0000,0.0000,0.0000,0.0000,False,True,False,False,False,149.7952,False
18.8180,0.0000,0.0000,0.0000,0.0000,False,True,False,False,False,150.7513,False
18.8598,0.0000,0.0000,0.0000,0.0000,False,True,False,False,False,151.7190,False
18.8985,0.0000,0.0000,0.0000,0.0000,False,True,False,False,False,152.7477,False
18.9319,0.0000,0.0000,0.0000,0.0000,False,True,False,False,False,153.7808,False
18.9658,0.0000,0.0000,0.0000,0.0000,False,True,False,False,False,154.7142,False
18.9993,0.0000,0.0000,0.0000,0.0000,False,True,False,False,False,155.5709,False
19.0324,0.0000,0.0000,0.0000,0.0000,False,True,False,False,False,156.4317,False
19.0667,0.0000,0.0000,0.0000,0.0000,False,True,False,False,False,157.2811,False
19.1005,0.0000,0.0000,0.0000,0.0000,False,True,False,False,False,158.1366,False
19.1338,0.0000,0.0000,0.0000,0.0000,False,True,False,False,False,159.0069,False
19.1674,0.0000,0.0000,0.0000,0.0000,False,True,False,False,False,159.8630,False
19.2012,0.0000,0.0000,0.0000,0.0000,False,True,False,False,False,160.7157,False
19.2347,0.0000,0.0000,0.0000,0.0000,False,True,False,False,False,161.5750,False
19.2682,0.0000,0.0000,0.0000,0.0000,False,True,False,False,False,162.4330,False
19.3024,0.0000,0.0000,0.0000,0.0000,False,True,False,False,False,163.2875,False
19.3362,0.0000,0.0000,0.0000,0.0000,False,True,False,False,False,164.1494,False
19.3728,0.0000,0.0000,0.0000,0.0000,False,True,False,False,False,165.0173,False
19.4128,0.0000,0.0000,0.0000,0.0000,False,True,False,False,False,165.9073,False
19.4465,0.0000,0.0000,0.0000,0.0000,False,True,False,False,False,166.8750,False
19.4799,0.0000,0.0000,0.0000,0.0000,False,True,False,False,False,167.8322,False
19.5134,0.0000,0.0000,0.0000,0.0000,False,True,False,False,False,168.6886,False
19.5470,0.0000,0.0000,0.0000,0.0000,False,True,False,False,False,169.5411,False
19.5804,0.0000,0.0000,0.0000,0.0000,False,True,False,False,False,170.3960,False
19.6141,0.0000,0.0000,0.0000,0.0000,False,True,False,False,False,171.2530,False
19.6471,0.0000,0.0000,0.0000,0.0000,False,True,False,False,False,172.1112,False
19.6805,0.0000,0.0000,0.0000,0.0000,False,True,False,False,False,172.9664,False
19.7149,0.0000,0.0000,0.0000,0.0000,False,True,False,False,False,173.8160,False
19.7488,0.0000,0.0000,0.0000,0.0000,False,True,False,False,False,174.6812,False
19.7833,0.0000,0.0000,0.0000,0.0000,False,True,False,False,False,175.5571,False
19.8169,0.0000,0.0000,0.0000,0.0000,False,True,False,False,False,176.4307,False
19.8503,0.0000,0.0000,0.0000,0.0000,False,True,False,False,False,177.3051,False
19.8910,0.0000,0.0000,0.0000,0.0000,False,True,False,False,False,178.1633,False
19.9242,0.0000,0.0000,0.0000,0.0000,False,True,False,False,False,179.0924,False
19.9589,0.0000,0.0000,0.0000,0.0000,False,True,False,False,False,180.0580,False
19.9922,0.0000,0.0000,0.0000,0.0000,False,True,False,False,False,180.9238,False
20.0259,0.0000,0.0000,0.0000,0.0000,False,True,False,False,False,181.7980,False
20.0596,0.0000,0.0000,0.0000,0.0000,False,True,False,False,False,182.6543,False
20.0938,0.0000,0.0000,0.0000,0.0000,False,True,False,False,False,183.5180,False
20.1271,0.0000,0.0000,0.0000,0.0000,False,True,False,False,False,184.3860,False
20.1603,0.0000,0.0000,0.0000,0.0000,False,True,False,False,False,185.2522,False
20.1930,0.0000,0.0000,0.0000,0.0000,False,True,False,False,False,186.1046,False
20.2258,0.0000,0.0000,0.0000,0.0000,False,True,False,False,False,186.9496,False
20.2588,0.0000,0.0000,0.0000,0.0000,False,True,False,False,False,187.7877,False
20.2913,0.0000,0.0000,0.0000,0.0000,False,True,False,False,False,188.6289,False
20.3250,0.0000,0.0000,0.0000,0.0000,False,True,False,False,False,189.4653,False
20.3585,0.0000,0.0000,0.0000,0.0000,False,True,False,False,False,190.3070,False
20.3948,0.0000,0.0000,0.0000,0.0000,False,True,False,False,False,191.1640,False
20.4332,0.0000,0.0000,0.0000,0.0000,False,True,False,False,False,192.0481,False
20.4666,0.0000,0.0000,0.0000,0.0000,False,True,False,False,False,192.9959,False
20.5017,0.0000,0.0000,0.0000,0.0000,False,True,False,False,False,193.9248,False
20.5418,0.0000,0.0000,0.0000,0.0000,False,True,False,False,False,194.7946,False
20.5823,0.0000,0.0000,0.0000,0.0000,False,True,False,False,False,195.7412,False
20.6248,0.0000,0.0000,0.0000,0.0000,False,True,False,False,False,196.7701,False
20.6636,0.0000,0.0000,0.0000,0.0000,False,True,False,False,False,197.8242,False
20.7031,0.0000,0.0000,0.0000,0.0000,False,True,False,False,False,198.8716,False
20.7398,0.0000,0.0000,0.0000,0.0000,False,True,False,False,False,199.8697,False
20.7768,0.0000,0.0000,0.0000,0.0000,False,True,False,False,False,200.8492,False
20.8144,0.0000,0.0000,0.0000,0.0000,False,True,False,False,False,201.7888,False
20.8528,0.0000,0.0000,0.0000,0.0000,False,True,False,False,False,202.7400,False
20.8910,0.0000,0.0000,0.0000,0.0000,False,True,False,False,False,203.7083,False
20.9293,0.0000,0.0000,0.0000,0.0000,False,True,False,False,False,204.6855,False
20.9752,0.0000,0.0000,0.0000,0.0000,False,True,False,False,False,205.6621,False
21.0137,0.0000,0.0000,0.0000,0.0000,False,True,False,False,False,206.7184,False
21.0554,0.0000,0.0000,0.0000,0.0000,False,True,False,False,False,207.8151,False
21.0977,0.0000,0.0000,0.0000,0.0000,False,True,False,False,False,208.8304,False
21.1385,0.0000,0.0000,0.0000,0.0000,False,True,False,False,False,209.9012,False
21.1798,0.0000,0.0000,0.0000,0.0000,False,True,False,False,False,210.9664,False
21.2189,0.0000,0.0000,0.0000,0.0000,False,True,False,False,False,212.0128,False
21.2586,0.0000,0.0000,0.0000,0.0000,False,True,False,False,False,213.0471,False
21.3007,0.0000,0.0000,0.0000,0.0000,False,True,False,False,False,214.0546,False
21.3439,0.0000,0.0000,0.0000,0.0000,False,True,False,False,False,215.0975,False
21.3822,0.0000,0.0000,0.0000,0.0000,False,True,False,False,False,216.1884,False
21.4201,0.0000,0.0000,0.0000,0.0000,False,True,False,False,False,217.2444,False
21.4578,0.0000,0.0000,0.0000,0.0000,False,True,False,False,False,218.2220,False
21.4952,0.0000,0.0000,0.0000,0.0000,False,True,False,False,False,219.1914,False
21.5393,0.0000,0.0000,0.0000,0.0000,False,True,False,False,False,220.1555,False
21.5856,0.0000,0.0000,0.0000,0.0000,False,True,False,False,False,221.1829,False
21.6242,0.0000,0.0000,0.0000,0.0000,False,True,False,False,False,222.3361,False
21.6612,0.0000,0.0000,0.0000,0.0000,False,True,False,False,False,223.4445,False
21.7016,0.0000,0.0000,0.0000,0.0000,False,True,False,False,False,224.4168,False
21.7377,0.0000,0.0000,0.0000,0.0000,False,True,False,False,False,225.4003,False
21.7741,0.0000,0.0000,0.0000,0.0000,False,True,False,False,False,226.3922,False
21.8107,0.0000,0.0000,0.0000,0.0000,False,True,False,False,False,227.3210,False
21.8471,0.0000,0.0000,0.0000,0.0000,False,True,False,False,False,228.2557,False
21.8837,0.0000,0.0000,0.0000,0.0000,False,True,False,False,False,229.1914,False
21.9201,0.0000,0.0000,0.0000,0.0000,False,True,False,False,False,230.1267,False
21.9566,0.0000,0.0000,0.0000,0.0000,False,True,False,False,False,231.0628,False
21.9947,0.0000,0.0000,0.0000,0.0000,False,True,False,False,False,231.9969,False
22.0320,0.0000,0.0000,0.0000,0.0000,False,True,False,False,False,232.9491,False
22.0759,0.0000,0.0000,0.0000,0.0000,False,True,False,False,False,233.9169,False
22.1214,0.0000,0.0000,0.0000,0.0000,False,True,False,False,False,234.9417,False
22.1604,0.0000,0.0000,0.0000,0.0000,False,True,False,False,False,236.0834,False
22.2009,0.0000,0.0000,0.0000,0.0000,False,True,False,False,False,237.1824,False
22.2374,0.0000,0.0000,0.0000,0.0000,False,True,False,False,False,238.1975,False
22.2740,0.0000,0.0000,0.0000,0.0000,False,True,False,False,False,239.1949,False
22.3139,0.0000,0.0000,0.0000,0.0000,False,True,False,False,False,240.1318,False
22.3533,0.0000,0.0000,0.0000,0.0000,False,True,False,False,False,241.1042,False
22.3906,0.0000,0.0000,0.0000,0.0000,False,True,False,False,False,242.1227,False
22.4303,0.0000,0.0000,0.0000,0.0000,False,True,False,False,False,243.1102,False
22.4670,0.0000,0.0000,0.0000,0.0000,False,True,False,False,False,244.0914,False
22.5067,0.0000,0.0000,0.0000,0.0000,False,True,False,False,False,245.0784,False
22.5430,0.0000,0.0000,0.0000,0.0000,False,True,False,False,False,246.0508,False
22.5844,0.0000,0.0000,0.0000,0.0000,False,True,False,False,False,247.0338,False
22.6226,0.0000,0.0000,0.0000,0.0000,False,True,False,False,False,248.0168,False
22.6618,0.0000,0.0000,0.0000,0.0000,False,True,False,False,False,249.0442,False
22.7057,0.0000,0.0000,0.0000,0.0000,False,True,False,False,False,250.0345,False
22.7420,0.0000,0.0000,0.0000,0.0000,False,True,False,False,False,251.0893,False
22.7791,0.0000,0.0000,0.0000,0.0000,False,True,False,False,False,252.1349,False
22.8162,0.0000,0.0000,0.0000,0.0000,False,True,False,False,False,253.0735,False
22.8531,0.0000,0.0000,0.0000,0.0000,False,True,False,False,False,254.0254,False
22.8901,0.0000,0.0000,0.0000,0.0000,False,True,False,False,False,254.9740,False
22.9295,0.0000,0.0000,0.0000,0.0000,False,True,False,False,False,255.9211,False
22.9661,0.0000,0.0000,0.0000,0.0000,False,True,False,False,False,256.8954,False
23.0031,0.0000,0.0000,0.0000,0.0000,False,True,False,False,False,257.8762,False
23.0403,0.0000,0.0000,0.0000,0.0000,False,True,False,False,False,258.8187,False
23.0820,0.0000,0.0000,0.0000,0.0000,False,True,False,False,False,259.7691,False
23.1212,0.0000,0.0000,0.0000,0.0000,False,True,False,False,False,260.7697,False
23.1579,0.0000,0.0000,0.0000,0.0000,False,True,False,False,False,261.8135,False
23.1967,0.0000,0.0000,0.0000,0.0000,False,True,False,False,False,262.7934,False
23.2378,0.0000,0.0000,0.0000,0.0000,False,True,False,False,False,263.7555,False
23.2813,0.0000,0.0000,0.0000,0.0000,False,True,False,False,False,264.7734,False
23.3180,0.0000,0.0000,0.0000,0.0000,False,True,False,False,False,265.8530,False
23.3552,0.0000,0.0000,0.0000,0.0000,False,True,False,False,False,266.8981,False
23.3932,0.0000,0.0000,0.0000,0.0000,False,True,False,False,False,267.8441,False
23.4310,0.0000,0.0000,0.0000,0.0000,False,True,False,False,False,268.8066,False
23.4685,0.0000,0.0000,0.0000,0.0000,False,True,False,False,False,269.7786,False
23.5102,0.0000,0.0000,0.0000,0.0000,False,True,False,False,False,270.7442,False
23.5491,0.0000,0.0000,0.0000,0.0000,False,True,False,False,False,271.7491,False
23.5907,0.0000,0.0000,0.0000,0.0000,False,True,False,False,False,272.7896,False
23.6324,0.0000,0.0000,0.0000,0.0000,False,True,False,False,False,273.8155,False
23.6715,0.0000,0.0000,0.0000,0.0000,False,True,False,False,False,274.8830,False
23.7121,0.0000,0.0000,0.0000,0.0000,False,True,False,False,False,275.9251,False
23.7559,0.0000,0.0000,0.0000,0.0000,False,True,False,False,False,276.9434,False
23.7935,0.0000,0.0000,0.0000,0.0000,False,True,False,False,False,278.0135,False
23.8386,0.0000,0.0000,0.0000,0.0000,False,True,False,False,False,279.0678,False
23.8768,0.0000,0.0000,0.0000,0.0000,False,True,False,False,False,280.1071,False
23.9150,0.0000,0.0000,0.0000,0.0000,False,True,False,False,False,281.1880,False
23.9530,0.0000,0.0000,0.0000,0.0000,False,True,False,False,False,282.1642,False
23.9915,0.0000,0.0000,0.0000,0.0000,False,True,False,False,False,283.1388,False
24.0299,0.0000,0.0000,0.0000,0.0000,False,True,False,False,False,284.1150,False
24.0736,0.0000,0.0000,0.0000,0.0000,False,True,False,False,False,285.0984,False
24.1122,0.0000,0.0000,0.0000,0.0000,False,True,False,False,False,286.1354,False
24.1507,0.0000,0.0000,0.0000,0.0000,False,True,False,False,False,287.1984,False
24.1912,0.0000,0.0000,0.0000,0.0000,False,True,False,False,False,288.1838,False
24.2304,0.0000,0.0000,0.0000,0.0000,False,True,False,False,False,289.1895,False
24.2712,0.0000,0.0000,0.0000,0.0000,False,True,False,False,False,290.2116,False
24.3099,0.0000,0.0000,0.0000,0.0000,False,True,False,False,False,291.2300,False
24.3516,0.0000,0.0000,0.0000,0.0000,False,True,False,False,False,292.2513,False
24.3925,0.0000,0.0000,0.0000,0.0000,False,True,False,False,False,293.2709,False
24.4355,0.0000,0.0000,0.0000,0.0000,False,True,False,False,False,294.3281,False
24.4733,0.0000,0.0000,0.0000,0.0000,False,True,False,False,False,295.3954,False
24.5160,0.0000,0.0000,0.0000,0.0000,False,True,False,False,False,296.4411,False
24.5579,0.0000,0.0000,0.0000,0.0000,False,True,False,False,False,297.4579,False
24.6012,0.0000,0.0000,0.0000,0.0000,False,True,False,False,False,298.5402,False
24.6434,0.0000,0.0000,0.0000,0.0000,False,True,False,False,False,299.6255,False
24.6849,0.0000,0.0000,0.0000,0.0000,False,True,False,False,False,300.7213,False
24.7298,0.0000,0.0000,0.0000,0.0000,False,True,False,False,False,301.7974,False
24.7725,0.0000,0.0000,0.0000,0.0000,False,True,False,False,False,302.8978,False
24.8172,0.0000,0.0000,0.0000,0.0000,False,True,False,False,False,304.0265,False
24.8680,0.0000,0.0000,0.0000,0.0000,False,True,False,False,False,305.1438,False
24.9170,0.0000,0.0000,0.0000,0.0000,False,True,False,False,False,306.3565,False
24.9662,0.0000,0.0000,0.0001,0.0000,False,True,False,False,False,307.6427,False
25.0149,0.0000,0.0000,0.0001,0.0000,False,True,False,False,False,308.9020,False
25.0687,0.0000,0.0000,0.0000,0.0000,False,True,False,False,False,310.1593,False
25.1215,0.0000,0.0000,0.0000,0.0000,False,True,False,False,False,311.4631,False
25.1637,0.0000,0.0000,0.0000,0.0000,False,True,False,False,False,312.8343,False
25.2091,0.0000,0.0000,0.0000,0.0000,False,True,False,False,False,314.0782,False
25.2553,0.0000,0.0000,0.0000,0.0000,False,True,False,False,False,315.1944,False
25.3047,0.0000,0.0000,0.0000,0.0000,False,True,False,False,False,316.3685,False
25.3524,0.0000,0.0000,0.0000,0.0000,False,True,False,False,False,317.5886,False
25.4042,0.0000,0.0000,0.0000,0.0000,False,True,False,False,False,318.8386,False
25.4522,0.0000,0.0000,0.0000,0.0000,False,True,False,False,False,320.1068,False
25.4940,0.0000,0.0000,0.0000,0.0000,False,True,False,False,False,321.3976,False
25.5348,0.0000,0.0000,0.0000,0.0000,False,True,False,False,False,322.5650,False
25.5746,0.0000,0.0000,0.0000,0.0000,False,True,False,False,False,323.6273,False
25.6184,0.0000,0.0000,0.0000,0.0000,False,True,False,False,False,324.6642,False
25.6591,0.0000,0.0000,0.0000,0.0000,False,True,False,False,False,325.7280,False
25.7009,0.0000,0.0000,0.0000,0.0000,False,True,False,False,False,326.8194,False
25.7473,0.0000,0.0000,0.0000,0.0000,False,True,False,False,False,327.8757,False
25.7856,0.0000,0.0000,0.0000,0.0000,False,True,False,False,False,328.9922,False
25.8277,0.0000,0.0000,0.0000,0.0000,False,True,False,False,False,330.0931,False
25.8706,0.0000,0.0000,0.0000,0.0000,False,True,False,False,False,331.1102,False
25.9110,0.0000,0.0000,0.0000,0.0000,False,True,False,False,False,332.1927,False
25.9534,0.0000,0.0000,0.0000,0.0000,False,True,False,False,False,333.2612,False
25.9954,0.0000,0.0000,0.0000,0.0000,False,True,False,False,False,334.3132,False
26.0366,0.0000,0.0000,0.0000,0.0000,False,True,False,False,False,335.3909,False
26.0800,0.0000,0.0000,0.0000,0.0000,False,True,False,False,False,336.4545,False
26.1295,0.0000,0.0000,0.0000,0.0000,False,True,False,False,False,337.5291,False
26.1774,0.0000,0.0000,0.0000,0.0000,False,True,False,False,False,338.6996,False
26.2229,0.0000,0.0000,0.0000,0.0000,False,True,False,False,False,339.9465,False
26.2742,0.0000,0.0000,0.0000,0.0000,False,True,False,False,False,341.1436,False
26.3203,0.0000,0.0000,0.0000,0.0000,False,True,False,False,False,342.3654,False
26.3726,0.0000,0.0000,0.0000,0.0000,False,True,False,False,False,343.6207,False
26.4235,0.0000,0.0000,0.0000,0.0000,False,True,False,False,False,344.8626,False
26.4705,0.0000,0.0000,0.0000,0.0000,False,True,False,False,False,346.1830,False
26.5196,0.0000,0.0000,0.0000,0.0000,False,True,False,False,False,347.4419,False
26.5683,0.0000,0.0000,0.0000,0.0000,False,True,False,False,False,348.6628,False
26.6215,0.0000,0.0000,0.0000,0.0000,False,True,False,False,False,349.9113,False
26.6749,0.0000,0.0000,0.0000,0.0000,False,True,False,False,False,351.2018,False
26.7242,0.0000,0.0000,0.0000,0.0000,False,True,False,False,False,352.5609,False
26.7721,0.0000,0.0000,0.0000,0.0000,False,True,False,False,False,353.8799,False
26.8212,0.0000,0.0000,0.0000,0.0000,False,False,False,False,False,353.8799,False
26.8686,0.0000,0.0000,0.0000,0.0000,False,False,False,False,False,353.8799,False
26.9123,0.0000,0.0000,0.0000,0.0000,False,False,False,False,False,353.8799,False
26.9568,0.0000,0.0000,0.0000,0.0000,False,False,False,False,False,353.8799,False
27.0026,0.0000,0.0000,0.0000,0.0000,False,False,False,False,False,353.8799,False
27.0501,0.0000,0.0000,0.0000,0.0000,False,False,False,False,False,353.8799,False
27.0974,0.0000,0.0000,0.0000,0.0000,False,False,False,False,False,353.8799,False
27.1434,0.0000,0.0000,0.0000,0.0000,False,False,False,False,False,353.8799,False
27.1900,0.0000,0.0000,0.0000,0.0000,False,False,False,False,False,353.8799,False
27.2366,0.0000,0.0000,0.0000,0.0000,False,False,False,False,False,353.8799,False
27.2817,0.0000,0.0000,0.0000,0.0000,False,False,False,False,False,353.8799,False
27.3274,0.0000,0.0000,0.0000,0.0000,False,False,False,False,False,353.8799,False
27.3771,0.0000,0.0000,0.0000,0.0000,False,False,False,False,False,353.8799,False
27.4267,0.0000,0.0000,0.0000,0.0000,False,False,False,False,False,353.8799,False
27.4728,0.0000,0.0000,0.0000,0.0000,False,False,False,False,False,353.8799,False
27.5192,0.0000,0.0000,0.0000,0.0000,False,False,False,False,False,353.8799,False
27.5667,0.0000,0.0000,0.0000,0.0000,False,False,False,False,False,353.8799,False
27.6189,0.0000,0.0000,0.0000,0.0000,False,False,False,False,False,353.8799,False
27.6673,0.0000,0.0000,0.0000,0.0000,False,False,False,False,False,353.8799,False
27.7167,0.0000,0.0000,0.0000,0.0000,False,False,False,False,False,353.8799,False
27.7703,0.0000,0.0000,0.0000,0.0000,False,False,False,False,False,353.8799,False
27.8194,0.0000,0.0000,0.0000,0.0000,False,False,False,False,False,353.8799,False
27.8700,0.0000,0.0000,0.0000,0.0000,False,False,False,False,False,353.8799,False
27.9200,0.0000,0.0000,0.0000,0.0000,False,False,False,False,False,353.8799,False
27.9698,0.0000,0.0000,0.0000,0.0000,False,False,False,False,False,353.8799,False
28.0175,0.0000,0.0000,0.0000,0.0000,False,False,False,False,False,353.8799,False
28.0681,0.0000,0.0000,0.0000,0.0000,False,False,False,False,False,353.8799,False
28.1206,0.0000,0.0000,0.0000,0.0000,False,False,False,False,False,353.8799,False
28.1717,0.0000,0.0000,0.0000,0.0000,False,False,False,False,False,353.8799,False
28.2187,0.0000,0.0000,0.0000,0.0000,False,False,False,False,False,353.8799,False
28.2654,0.0000,0.0000,0.0000,0.0000,False,False,False,False,False,353.8799,False
28.3124,0.0000,0.0000,0.0000,0.0000,False,False,False,False,False,353.8799,False
28.3614,0.0000,0.0000,0.0000,0.0000,False,False,False,False,False,353.8799,False
28.4082,0.0000,0.0000,0.0000,0.0000,False,False,False,False,False,353.8799,False
28.4661,0.0000,0.0000,0.0000,0.0000,False,False,False,False,False,353.8799,False
28.5143,0.0000,0.0000,0.0000,0.0000,False,False,False,False,False,353.8799,False
28.5608,0.0000,0.0000,0.0000,0.0000,False,False,False,False,False,353.8799,False
28.6110,0.0000,0.0000,0.0000,0.0000,False,False,False,False,False,353.8799,False
28.6612,0.0000,0.0000,0.0000,0.0000,False,False,False,False,False,353.8799,False
28.7107,0.0000,0.0000,0.0000,0.0000,False,False,False,False,False,353.8799,False
28.7604,0.0000,0.0000,0.0000,0.0000,False,False,False,False,False,353.8799,False
28.8189,0.0000,0.0000,0.0000,0.0000,False,False,False,False,False,353.8799,False
28.8754,0.0000,0.0000,0.0000,0.0000,False,False,False,False,False,353.8799,False
28.9319,0.0000,0.0000,0.0000,0.0000,False,False,False,False,False,353.8799,False
28.9885,0.0000,0.0000,0.0000,0.0000,False,False,False,False,False,353.8799,False
29.0477,0.0000,0.0000,0.0000,0.0000,False,False,False,False,False,353.8799,False
29.1029,0.0000,0.0000,0.0000,0.0000,False,False,False,False,False,353.8799,False
29.1631,0.0000,0.0000,0.0000,0.0000,False,False,False,False,False,353.8799,False
29.2267,0.0000,0.0000,0.0000,0.0000,False,False,False,False,False,353.8799,False
29.2812,0.0000,0.0000,0.0000,0.0000,False,False,False,False,False,353.8799,False
29.3382,0.0000,0.0000,0.0000,0.0000,False,False,False,False,False,353.8799,False
29.3951,0.0000,0.0000,0.0000,0.0000,False,False,False,False,False,353.8799,False
29.4517,0.0000,0.0000,0.0000,0.0000,False,False,False,False,False,353.8799,False
29.5117,0.0000,0.0000,0.0000,0.0000,False,False,False,False,False,353.8799,False
29.5696,0.0000,0.0000,0.0000,0.0000,False,False,False,False,False,353.8799,False
29.6264,0.0000,0.0000,0.0000,0.0000,False,False,False,False,False,353.8799,False
29.6889,0.0000,0.0000,0.0000,0.0000,False,False,False,False,False,353.8799,False
29.7500,0.0000,0.0000,0.0000,0.0000,False,False,False,False,False,353.8799,False
29.8094,0.0000,0.0000,0.0000,0.0000,False,False,False,False,False,353.8799,False
29.8764,0.0000,0.0000,0.0000,0.0000,False,False,False,False,False,353.8799,False
29.9392,0.0000,0.0000,0.0000,0.0000,False,False,False,False,False,353.8799,False
30.0002,0.0000,0.0000,0.0000,0.0000,False,False,False,False,False,353.8799,False
30.0703,0.0000,0.0000,0.0000,0.0000,False,False,False,False,False,353.8799,False
30.1380,0.0000,0.0000,0.0000,0.0000,False,False,False,False,False,353.8799,False
30.2148,0.0000,0.0000,0.0000,0.0000,False,False,False,False,False,353.8799,False
30.2855,0.0000,0.0000,0.0000,0.0000,False,False,False,False,False,353.8799,False
30.3575,0.0000,0.0000,0.0000,0.0000,False,False,False,False,False,353.8799,False
30.4258,0.0000,0.0000,0.0000,0.0000,False,False,False,False,False,353.8799,False
30.4957,0.0000,0.0000,0.0000,0.0000,False,False,False,False,False,353.8799,False
30.5644,0.0000,0.0000,0.0000,0.0000,False,False,False,False,False,353.8799,False
30.6269,0.0000,0.0000,0.0000,0.0000,False,False,False,False,False,353.8799,False
30.6960,0.0000,0.0000,0.0000,0.0000,False,False,False,False,False,353.8799,False
30.7602,0.0000,0.0000,0.0000,0.0000,False,False,False,False,False,353.8799,False
30.8236,0.0000,0.0000,0.0000,0.0000,False,False,False,False,False,353.8799,False
30.8922,0.0000,0.0000,0.0000,0.0000,False,False,False,False,False,353.8799,False
30.9577,0.0000,0.0000,0.0000,0.0000,False,False,False,False,False,353.8799,False
31.0291,0.0000,0.0000,0.0000,0.0000,False,False,False,False,False,353.8799,False
31.0925,0.0000,0.0000,0.0000,0.0000,False,False,False,False,False,353.8799,False
31.1569,0.0000,0.0000,0.0000,0.0000,False,False,False,False,False,353.8799,False
31.2239,0.0000,0.0000,0.0000,0.0000,False,False,False,False,False,353.8799,False
31.2934,0.0000,0.0000,0.0000,0.0000,False,False,False,False,False,353.8799,False
31.3605,0.0000,0.0000,0.0000,0.0000,False,False,False,False,False,353.8799,False
31.4282,0.0000,0.0000,0.0000,0.0000,False,False,False,False,False,353.8799,False
31.4959,0.0000,0.0000,0.0000,0.0000,False,False,False,False,False,353.8799,False
31.5643,0.0000,0.0000,0.0000,0.0000,False,False,False,False,False,353.8799,False
31.6301,0.0000,0.0000,0.0000,0.0000,False,False,False,False,False,353.8799,False
31.7002,0.0000,0.0000,0.0000,0.0000,False,False,False,False,False,353.8799,False
31.7690,0.0000,0.0000,0.0000,0.0000,False,False,False,False,False,353.8799,False
31.8348,0.0000,0.0000,0.0000,0.0000,False,False,False,False,False,353.8799,False
31.9044,0.0000,0.0000,0.0000,0.0000,False,False,False,False,False,353.8799,False
31.9779,0.0000,0.0000,0.0000,0.0000,False,False,False,False,False,353.8799,False
32.0517,0.0000,0.0000,0.0000,0.0000,False,False,False,False,False,353.8799,False
32.1305,0.0000,0.0000,0.0000,0.0000,False,False,False,False,False,353.8799,False
32.2000,0.0000,0.0000,0.0000,0.0000,False,False,False,False,False,353.8799,False
32.2685,0.0000,0.0000,0.0000,0.0000,False,False,False,False,False,353.8799,False
32.3377,0.0000,0.0000,0.0000,0.0000,False,False,False,False,False,353.8799,False
32.4078,0.0000,0.0000,0.0000,0.0000,False,False,False,False,False,353.8799,False
32.4705,0.0000,0.0000,0.0000,0.0000,False,False,False,False,False,353.8799,False
32.5381,0.0000,0.0000,0.0000,0.0000,False,False,False,False,False,353.8799,False
32.6005,0.0000,0.0000,0.0000,0.0000,False,False,False,False,False,353.8799,False
32.6647,0.0000,0.0000,0.0000,0.0000,False,False,False,False,False,353.8799,False
32.7306,0.0000,0.0000,0.0000,0.0000,False,False,False,False,False,353.8799,False
32.7958,0.0000,0.0000,0.0000,0.0000,False,False,False,False,False,353.8799,False
32.8606,0.0000,0.0000,0.0000,0.0000,False,False,False,False,False,353.8799,False
32.9305,0.0000,0.0000,0.0000,0.0000,False,False,False,False,False,353.8799,False
33.0007,0.0000,0.0000,0.0000,0.0000,False,False,False,False,False,353.8799,False
33.0749,0.0000,0.0000,0.0000,0.0000,False,False,False,False,False,353.8799,False
33.1407,0.0000,0.0000,0.0000,0.0000,False,False,False,False,False,353.8799,False
33.2080,0.0000,0.0000,0.0000,0.0000,False,False,False,False,False,353.8799,False
33.2689,0.0000,0.0000,0.0000,0.0000,False,False,False,False,False,353.8799,False
33.3292,0.0000,0.0000,0.0000,0.0000,False,False,False,False,False,353.8799,False
33.3893,0.0000,0.0000,0.0001,0.0000,False,False,False,False,False,353.8799,False
33.4456,0.0000,0.0000,0.0000,0.0000,False,False,False,False,False,353.8799,False
33.5026,0.0000,0.0000,0.0000,0.0000,False,False,False,False,False,353.8799,False
33.5594,0.0000,0.0000,0.0000,0.0000,False,False,False,False,False,353.8799,False
33.6159,0.0000,0.0000,0.0000,0.0000,False,False,False,False,False,353.8799,False
33.6692,0.0000,0.0000,0.0000,0.0000,False,False,False,False,False,353.8799,False
33.7230,0.0000,0.0000,0.0000,0.0000,False,False,False,False,False,353.8799,False
33.7725,0.0000,0.0000,0.0000,0.0000,False,False,False,False,False,353.8799,False
33.8224,0.0000,0.0000,0.0000,0.0000,False,False,False,False,False,353.8799,False
33.8768,0.0000,0.0000,0.0000,0.0000,False,False,False,False,False,353.8799,False
33.9210,0.0000,0.0000,0.0000,0.0000,False,False,False,False,False,353.8799,False
33.9649,0.0000,0.0000,0.0000,0.0000,False,False,False,False,False,353.8799,False
34.0079,0.0000,0.0000,0.0000,0.0000,False,False,False,False,False,353.8799,False
34.0514,0.0000,0.0000,0.0000,0.0000,False,False,False,False,False,353.8799,False
34.0945,0.0000,0.0000,0.0000,0.0000,False,False,False,False,False,353.8799,False
34.1404,0.0000,0.0000,0.0000,0.0000,False,False,False,False,False,353.8799,False
34.1889,0.0000,0.0000,0.0000,0.0000,False,False,False,False,False,353.8799,False
34.2346,0.0000,0.0000,0.0000,0.0000,False,False,False,False,False,353.8799,False
34.2788,0.0000,0.0000,0.0000,0.0000,False,False,False,False,False,353.8799,False
34.3222,0.0000,0.0000,0.0000,0.0000,False,False,False,False,False,353.8799,False
34.3663,0.0000,0.0000,0.0000,0.0000,False,False,False,False,False,353.8799,False
34.4083,0.0000,0.0000,0.0001,0.0000,False,False,False,False,False,353.8799,False
34.4500,0.0000,0.0000,0.0001,0.0000,False,False,False,False,False,353.8799,False
34.4963,0.0000,0.0000,0.0001,0.0000,False,False,False,False,False,353.8799,False
34.5428,0.0000,0.0000,0.0000,0.0000,False,False,False,False,False,353.8799,False
34.5845,0.0000,0.0000,0.0000,0.0000,False,False,False,False,False,353.8799,False
34.6258,0.0000,0.0000,0.0000,0.0000,False,False,False,False,False,353.8799,False
34.6694,0.0000,0.0000,0.0000,0.0000,False,False,False,False,False,353.8799,False
34.7131,0.0000,0.0000,0.0000,0.0000,False,False,False,False,False,353.8799,False
34.7557,0.0000,0.0000,0.0000,0.0000,False,False,False,False,False,353.8799,False
34.7953,0.0000,0.0000,0.0000,0.0000,False,False,False,False,False,353.8799,False
34.8357,0.0000,0.0000,0.0000,0.0000,False,False,False,False,False,353.8799,False
34.8749,0.0000,0.0000,0.0000,0.0000,False,False,False,False,False,353.8799,False
34.9138,0.0000,0.0000,0.0000,0.0000,False,False,False,False,False,353.8799,False
34.9549,0.0000,0.0000,0.0000,0.0000,False,False,False,False,False,353.8799,False
34.9947,0.0000,0.0000,0.0000,0.0000,False,False,False,False,False,353.8799,False
35.0334,0.0000,0.0000,0.0000,0.0000,False,False,False,False,False,353.8799,False
35.0722,0.0000,0.0000,0.0000,0.0000,False,False,False,False,False,353.8799,False
35.1194,0.0000,0.0000,0.0000,0.0000,False,False,False,False,False,353.8799,False
35.1573,0.0000,0.0000,0.0000,0.0000,False,False,False,False,False,353.8799,False
35.2000,0.0000,0.0000,0.0000,0.0000,False,False,False,False,False,353.8799,False
35.2399,0.0000,0.0000,0.0000,0.0000,False,False,False,False,False,353.8799,False
35.2774,0.0000,0.0000,0.0000,0.0000,False,False,False,False,False,353.8799,False
35.3147,0.0000,0.0000,0.0000,0.0000,False,False,False,False,False,353.8799,False
35.3520,0.0000,0.0000,0.0000,0.0000,False,False,False,False,False,353.8799,False
35.3888,0.0000,0.0000,0.0000,0.0000,False,False,False,False,False,353.8799,False
35.4249,0.0000,0.0000,0.0000,0.0000,False,False,False,False,False,353.8799,False
35.4623,0.0000,0.0000,0.0000,0.0000,False,False,False,False,False,353.8799,False
35.4988,0.0000,0.0000,0.0000,0.0000,False,False,False,False,False,353.8799,False
35.5360,0.0000,0.0000,0.0000,0.0000,False,False,False,False,False,353.8799,False
35.5717,0.0000,0.0000,0.0000,0.0000,False,False,False,False,False,353.8799,False
35.6076,0.0000,0.0000,0.0000,0.0000,False,False,False,False,False,353.8799,False
35.6433,0.0000,0.0000,0.0000,0.0000,False,False,False,False,False,353.8799,False
35.6882,0.0000,0.0000,0.0000,0.0000,False,False,False,False,False,353.8799,False
35.7256,0.0000,0.0000,0.0000,0.0000,False,False,False,False,False,353.8799,False
35.7628,0.0000,0.0000,0.0000,0.0000,False,False,False,False,False,353.8799,False
35.7982,0.0000,0.0000,0.0000,0.0000,False,False,False,False,False,353.8799,False
35.8333,0.0000,0.0000,0.0000,0.0000,False,False,False,False,False,353.8799,False
35.8698,0.0000,0.0000,0.0000,0.0000,False,False,False,False,False,353.8799,False
35.9057,0.0000,0.0000,0.0000,0.0000,False,False,False,False,False,353.8799,False
35.9414,0.0000,0.0000,0.0000,0.0000,False,False,False,False,False,353.8799,False
35.9768,0.0000,0.0000,0.0000,0.0000,False,False,False,False,False,353.8799,False
36.0117,0.0000,0.0000,0.0000,0.0000,False,False,False,False,False,353.8799,False
36.0470,0.0000,0.0000,0.0000,0.0000,False,False,False,False,False,353.8799,False
36.0822,0.0000,0.0000,0.0000,0.0000,False,False,False,False,False,353.8799,False
36.1184,0.0000,0.0000,0.0000,0.0000,False,False,False,False,False,353.8799,False
36.1532,0.0000,0.0000,0.0000,0.0000,False,False,False,False,False,353.8799,False
36.1939,0.0000,0.0000,0.0000,0.0000,False,False,False,False,False,353.8799,False
36.2340,0.0000,0.0000,0.0000,0.0000,False,False,False,False,False,353.8799,False
36.2721,0.0000,0.0000,0.0000,0.0000,False,False,False,False,False,353.8799,False
36.3090,0.0000,0.0000,0.0000,0.0000,False,False,False,False,False,353.8799,False
36.3441,0.0000,0.0000,0.0000,0.0000,False,False,False,False,False,353.8799,False
36.3789,0.0000,0.0000,0.0000,0.0000,False,False,False,False,False,353.8799,False
36.4134,0.0000,0.0000,0.0000,0.0000,False,False,False,False,False,353.8799,False
36.4478,0.0000,0.0000,0.0000,0.0000,False,False,False,False,False,353.8799,False
36.4828,0.0000,0.0000,0.0001,0.0000,False,False,False,False,False,353.8799,False
36.5177,0.0000,0.0000,0.0000,0.0000,False,False,False,False,False,353.8799,False
36.5529,0.0000,0.0000,0.0001,0.0000,False,False,False,False,False,353.8799,False
36.5873,0.0000,0.0000,0.0001,0.0000,False,False,False,False,False,353.8799,False
36.6211,0.0000,0.0000,0.0001,0.0000,False,False,False,False,False,353.8799,False
36.6559,0.0000,0.0000,0.0000,0.0000,False,False,False,False,False,353.8799,False
36.6920,0.0000,0.0000,0.0000,0.0000,False,False,False,False,False,353.8799,False
36.7330,0.0000,0.0000,0.0000,0.0000,False,False,False,False,False,353.8799,False
36.7669,0.0000,0.0000,0.0001,0.0000,False,False,False,False,False,353.8799,False
36.8028,0.0000,0.0000,0.0001,0.0000,False,False,False,False,False,353.8799,False
36.8378,0.0000,0.0000,0.0001,0.0000,False,False,False,False,False,353.8799,False
36.8720,0.0000,0.0000,0.0001,0.0000,False,False,False,False,False,353.8799,False
36.9057,0.0000,0.0000,0.0000,0.0000,False,False,False,False,False,353.8799,False
36.9392,0.0000,0.0000,0.0000,0.0000,False,False,False,False,False,353.8799,False
36.9741,0.0000,0.0000,0.0000,0.0000,False,False,False,False,False,353.8799,False
37.0076,0.0000,0.0000,0.0000,0.0000,False,False,False,False,False,353.8799,False
37.0412,0.0000,0.0000,0.0000,0.0000,False,False,False,False,False,353.8799,False
37.0749,0.0000,0.0000,0.0000,0.0000,False,False,False,False,False,353.8799,False
37.1089,0.0000,0.0000,0.0001,0.0000,False,False,False,False,False,353.8799,False
37.1424,0.0000,0.0000,0.0001,0.0000,False,False,False,False,False,353.8799,False
37.1783,0.0000,0.0000,0.0001,0.0000,False,False,False,False,False,353.8799,False
37.2116,0.0000,0.0000,0.0000,0.0000,False,False,False,False,False,353.8799,False
37.2493,0.0000,0.0000,0.0000,0.0000,False,False,False,False,False,353.8799,False
37.2890,0.0000,0.0000,0.0000,0.0000,False,False,False,False,False,353.8799,False
37.3249,0.0000,0.0000,0.0000,0.0000,False,False,False,False,False,353.8799,False
37.3618,0.0000,0.0000,0.0000,0.0000,False,False,False,False,False,353.8799,False
37.3951,0.0000,0.0000,0.0000,0.0000,False,False,False,False,False,353.8799,False
37.4286,0.0000,0.0000,0.0000,0.0000,False,False,False,False,False,353.8799,False
37.4622,0.0000,0.0000,0.0000,0.0000,False,False,False,False,False,353.8799,False
37.4952,0.0000,0.0000,0.0000,0.0000,False,False,False,False,False,353.8799,False
37.5589,0.0000,0.0000,0.0000,0.0000,False,False,False,False,False,353.8799,False
37.5914,0.0000,0.0000,0.0000,0.0000,False,False,False,False,False,353.8799,False
37.6243,0.0000,0.0000,0.0001,0.0000,False,False,False,False,False,353.8799,False
37.6577,0.0000,0.0000,0.0000,0.0000,False,False,False,False,False,353.8799,False
37.6926,0.0000,0.0000,0.0000,0.0000,False,False,False,False,False,353.8799,False
37.7258,0.0000,0.0000,0.0001,0.0000,False,False,False,False,False,353.8799,False
37.7590,0.0000,0.0000,0.0001,0.0000,False,False,False,False,False,353.8799,False
37.8009,0.0000,0.0000,0.0000,0.0000,False,False,False,False,False,353.8799,False
37.8367,0.0000,0.0000,0.0000,0.0000,False,False,False,False,False,353.8799,False
37.8715,0.0000,0.0000,0.0000,0.0000,False,False,False,False,False,353.8799,False
37.9053,0.0000,0.0000,0.0001,0.0000,False,False,False,False,False,353.8799,False
37.9387,0.0000,0.0000,0.0000,0.0000,False,False,False,False,False,353.8799,False
37.9718,0.0000,0.0000,0.0000,0.0000,False,False,False,False,False,353.8799,False
38.0053,0.0000,0.0000,0.0001,0.0000,False,False,False,False,False,353.8799,False
38.0395,0.0000,0.0000,0.0000,0.0000,False,False,False,False,False,353.8799,False
38.0731,0.0000,0.0000,0.0001,0.0000,False,False,False,False,False,353.8799,False
38.1068,0.0000,0.0000,0.0001,0.0000,False,False,False,False,False,353.8799,False
38.1409,0.0000,0.0000,0.0001,0.0000,False,False,False,False,False,353.8799,False
38.1799,0.0000,0.0000,0.0000,0.0000,False,False,False,False,False,353.8799,False
38.2153,0.0000,0.0000,0.0001,0.0000,False,False,False,False,False,353.8799,False
38.2540,0.0000,0.0000,0.0001,0.0000,False,False,False,False,False,353.8799,False
38.2966,0.0000,0.0000,0.0000,0.0000,False,False,False,False,False,353.8799,False
38.3387,0.0000,0.0000,0.0000,0.0000,False,False,False,False,False,353.8799,False
38.3751,0.0000,0.0000,0.0000,0.0000,False,False,False,False,False,353.8799,False
38.4101,0.0000,0.0000,0.0000,0.0000,False,False,False,False,False,353.8799,False
38.4446,0.0000,0.0000,0.0000,0.0000,False,False,False,False,False,353.8799,False
38.4800,0.0000,0.0000,0.0000,0.0000,False,False,False,False,False,353.8799,False
38.5171,0.0000,0.0000,0.0000,0.0000,False,False,False,False,False,353.8799,False
38.5514,0.0000,0.0000,0.0000,0.0000,False,False,False,False,False,353.8799,False
38.5872,0.0000,0.0000,0.0000,0.0000,False,False,False,False,False,353.8799,False
38.6225,0.0000,0.0000,0.0001,0.0000,False,False,False,False,False,353.8799,False
38.6573,0.0000,0.0000,0.0000,0.0000,False,False,False,False,False,353.8799,False
38.6946,0.0000,0.0000,0.0001,0.0000,False,False,False,False,False,353.8799,False
38.7294,0.0000,0.0000,0.0000,0.0000,False,False,False,False,False,353.8799,False
38.7643,0.0000,0.0000,0.0000,0.0000,False,False,False,False,False,353.8799,False
38.7992,0.0000,0.0000,0.0000,0.0000,False,False,False,False,False,353.8799,False
38.8339,0.0000,0.0000,0.0000,0.0000,False,False,False,False,False,353.8799,False
38.8766,0.0000,0.0000,0.0000,0.0000,False,False,False,False,False,353.8799,False
38.9122,0.0000,0.0000,0.0001,0.0000,False,False,False,False,False,353.8799,False
38.9511,0.0000,0.0000,0.0001,0.0000,False,False,False,False,False,353.8799,False
38.9863,0.0000,0.0000,0.0000,0.0000,False,False,False,False,False,353.8799,False
39.0213,0.0000,0.0000,0.0001,0.0000,False,False,False,False,False,353.8799,False
39.0570,0.0000,0.0000,0.0000,0.0000,False,False,False,False,False,353.8799,False
39.0919,0.0000,0.0000,0.0001,0.0000,False,False,False,False,False,353.8799,False
39.1299,0.0000,0.0000,0.0000,0.0000,False,False,False,False,False,353.8799,False
39.1650,0.0000,0.0000,0.0000,0.0000,False,False,False,False,False,353.8799,False
39.2031,0.0000,0.0000,0.0000,0.0000,False,False,False,False,False,353.8799,False
39.2381,0.0000,0.0000,0.0000,0.0000,False,False,False,False,False,353.8799,False
39.2741,0.0000,0.0000,0.0001,0.0000,False,False,False,False,False,353.8799,False
39.3100,0.0000,0.0000,0.0000,0.0000,False,False,False,False,False,353.8799,False
39.3460,0.0000,0.0000,0.0000,0.0000,False,False,False,False,False,353.8799,False
39.3850,0.0000,0.0000,0.0001,0.0000,False,False,False,False,False,353.8799,False
39.4251,0.0000,0.0000,0.0000,0.0000,False,False,False,False,False,353.8799,False
39.4626,0.0000,0.0000,0.0000,0.0000,False,False,False,False,False,353.8799,False
39.4976,0.0000,0.0000,0.0000,0.0000,False,False,False,False,False,353.8799,False
39.5329,0.0000,0.0000,0.0000,0.0000,False,False,False,False,False,353.8799,False
39.5714,0.0000,0.0000,0.0000,0.0000,False,False,False,False,False,353.8799,False
39.6072,0.0000,0.0000,0.0000,0.0000,False,False,False,False,False,353.8799,False
39.6441,0.0000,0.0000,0.0000,0.0000,False,False,False,False,False,353.8799,False
39.6801,0.0000,0.0000,0.0000,0.0000,False,False,False,False,False,353.8799,False
39.7200,0.0000,0.0000,0.0000,0.0000,False,False,False,False,False,353.8799,False
39.7556,0.0000,0.0000,0.0000,0.0000,False,False,False,False,False,353.8799,False
39.7908,0.0000,0.0000,0.0000,0.0000,False,False,False,False,False,353.8799,False
39.8264,0.0000,0.0000,0.0000,0.0000,False,False,False,False,False,353.8799,False
39.8626,0.0000,0.0000,0.0000,0.0000,False,False,False,False,False,353.8799,False
39.9003,0.0000,0.0000,0.0000,0.0000,False,False,False,False,False,353.8799,False
39.9419,0.0000,0.0000,0.0000,0.0000,False,False,False,False,False,353.8799,False
39.9862,0.0000,0.0000,0.0000,0.0000,False,False,False,False,False,353.8799,False
40.0238,0.0000,0.0000,0.0000,0.0000,False,False,False,False,False,353.8799,False
40.0664,0.0000,0.0000,0.0000,0.0000,False,False,False,False,False,353.8799,False
40.1058,0.0000,0.0000,0.0000,0.0000,False,False,False,False,False,353.8799,False
40.1451,0.0000,0.0000,0.0000,0.0000,False,False,False,False,False,353.8799,False
40.1856,0.0000,0.0000,0.0000,0.0000,False,False,False,False,False,353.8799,False
40.2239,0.0000,0.0000,0.0000,0.0000,False,False,False,False,False,353.8799,False
40.2626,0.0000,0.0000,0.0000,0.0000,False,False,False,False,False,353.8799,False
40.3001,0.0000,0.0000,0.0000,0.0000,False,False,False,False,False,353.8799,False
40.3376,0.0000,0.0000,0.0000,0.0000,False,False,False,False,False,353.8799,False
40.3765,0.0000,0.0000,0.0000,0.0000,False,False,False,False,False,353.8799,False
40.4143,0.0000,0.0000,0.0000,0.0000,False,False,False,False,False,353.8799,False
40.4486,0.0000,0.0000,0.0000,0.0000,False,False,False,False,False,353.8799,False
40.4870,0.0000,0.0000,0.0000,0.0000,False,False,False,False,False,353.8799,False
40.5297,0.0000,0.0000,0.0000,0.0000,False,False,False,False,False,353.8799,False
40.5766,0.0000,0.0000,0.0000,0.0000,False,False,False,False,False,353.8799,False
40.6306,0.0000,0.0000,0.0000,0.0000,False,False,False,False,False,353.8799,False
40.6758,0.0000,0.0000,0.0000,0.0000,False,False,False,False,False,353.8799,False
40.7178,0.0000,0.0000,0.0000,0.0000,False,False,False,False,False,353.8799,False
40.7588,0.0000,0.0000,0.0000,0.0000,False,False,False,False,False,353.8799,False
40.7966,0.0000,0.0000,0.0000,0.0000,False,False,False,False,False,353.8799,False
40.8352,0.0000,0.0000,0.0000,0.0000,False,False,False,False,False,353.8799,False
40.8701,0.0000,0.0000,0.0000,0.0000,False,False,False,False,False,353.8799,False
40.9053,0.0000,0.0000,0.0000,0.0000,False,False,False,False,False,353.8799,False
40.9405,0.0000,0.0000,0.0000,0.0000,False,False,False,False,False,353.8799,False
40.9752,0.0000,0.0000,0.0000,0.0000,False,False,False,False,False,353.8799,False
41.0121,0.0000,0.0000,0.0000,0.0000,False,False,False,False,False,353.8799,False
41.0469,0.0000,0.0000,0.0000,0.0000,False,False,False,False,False,353.8799,False
41.0814,0.0000,0.0000,0.0000,0.0000,False,False,False,False,False,353.8799,False
41.1154,0.0000,0.0000,0.0000,0.0000,False,False,False,False,False,353.8799,False
41.1586,0.0000,0.0000,0.0000,0.0000,False,False,False,False,False,353.8799,False
41.1930,0.0000,0.0000,0.0000,0.0000,False,False,False,False,False,353.8799,False
41.2302,0.0000,0.0000,0.0000,0.0000,False,False,False,False,False,353.8799,False
41.2651,0.0000,0.0000,0.0000,0.0000,False,False,False,False,False,353.8799,False
41.3008,0.0000,0.0000,0.0000,0.0000,False,False,False,False,False,353.8799,False
41.3385,0.0000,0.0000,0.0000,0.0000,False,False,False,False,False,353.8799,False
41.3737,0.0000,0.0000,0.0000,0.0000,False,False,False,False,False,353.8799,False
41.4083,0.0000,0.0000,0.0000,0.0000,False,False,False,False,False,353.8799,False
41.4429,0.0000,0.0000,0.0000,0.0000,False,False,False,False,False,353.8799,False
41.4783,0.0000,0.0000,0.0000,0.0000,False,False,False,False,False,353.8799,False
41.5155,0.0000,0.0000,0.0000,0.0000,False,False,False,False,False,353.8799,False
41.5504,0.0000,0.0000,0.0000,0.0000,False,False,False,False,False,353.8799,False
41.5860,0.0000,0.0000,0.0000,0.0000,False,False,False,False,False,353.8799,False
41.6218,0.0000,0.0000,0.0000,0.0000,False,False,False,False,False,353.8799,False
41.6601,0.0000,0.0000,0.0000,0.0000,False,False,False,False,False,353.8799,False
41.6993,0.0000,0.0000,0.0000,0.0000,False,False,False,False,False,353.8799,False
41.7364,0.0000,0.0000,0.0001,0.0000,False,False,False,False,False,353.8799,False
41.7734,0.0000,0.0000,0.0000,0.0000,False,False,False,False,False,353.8799,False
41.8107,0.0000,0.0000,0.0000,0.0000,False,False,False,False,False,353.8799,False
41.8450,0.0000,0.0000,0.0001,0.0000,False,False,False,False,False,353.8799,False
41.8797,0.0000,0.0000,0.0000,0.0000,False,False,False,False,False,353.8799,False
41.9145,0.0000,0.0000,0.0001,0.0000,False,False,False,False,False,353.8799,False
41.9496,0.0000,0.0000,0.0000,0.0000,False,False,False,False,False,353.8799,False
41.9842,0.0000,0.0000,0.0000,0.0000,False,False,False,False,False,353.8799,False
42.0222,0.0000,0.0000,0.0000,0.0000,False,False,False,False,False,353.8799,False
42.0600,0.0000,0.0000,0.0000,0.0000,False,False,False,False,False,353.8799,False
42.0945,0.0000,0.0000,0.0000,0.0000,False,False,False,False,False,353.8799,False
42.1285,0.0000,0.0000,0.0000,0.0000,False,False,False,False,False,353.8799,False
42.1627,0.0000,0.0000,0.0000,0.0000,False,False,False,False,False,353.8799,False
42.2025,0.0000,0.0000,0.0000,0.0000,False,False,False,False,False,353.8799,False
42.2443,0.0000,0.0000,0.0000,0.0000,False,False,False,False,False,353.8799,False
42.2789,0.0000,0.0000,0.0000,0.0000,False,False,False,False,False,353.8799,False
42.3140,0.0000,0.0000,0.0000,0.0000,False,False,False,False,False,353.8799,False
42.3521,0.0000,0.0000,0.0000,0.0000,False,False,False,False,False,353.8799,False
42.3871,0.0000,0.0000,0.0000,0.0000,False,False,False,False,False,353.8799,False
42.4217,0.0000,0.0000,0.0000,0.0000,False,False,False,False,False,353.8799,False
42.4565,0.0000,0.0000,0.0000,0.0000,False,False,False,False,False,353.8799,False
42.4941,0.0000,0.0000,0.0000,0.0000,False,False,False,False,False,353.8799,False
42.5322,0.0000,0.0000,0.0000,0.0000,False,False,False,False,False,353.8799,False
42.5674,0.0000,0.0000,0.0000,0.0000,False,False,False,False,False,353.8799,False
42.6053,0.0000,0.0000,0.0000,0.0000,False,False,False,False,False,353.8799,False
42.6483,0.0000,0.0000,0.0000,0.0000,False,False,False,False,False,353.8799,False
42.6921,0.0000,0.0000,0.0000,0.0000,False,False,False,False,False,353.8799,False
42.7365,0.0000,0.0000,0.0000,0.0000,False,False,False,False,False,353.8799,False
42.7875,0.0000,0.0000,0.0000,0.0000,False,False,False,False,False,353.8799,False
42.8360,0.0000,0.0000,0.0000,0.0000,False,False,False,False,False,353.8799,False
42.8812,0.0000,0.0000,0.0000,0.0000,False,False,False,False,False,353.8799,False
42.9206,0.0000,0.0000,0.0000,0.0000,False,False,False,False,False,353.8799,False
42.9602,0.0000,0.0000,0.0000,0.0000,False,False,False,False,False,353.8799,False
42.9965,0.0000,0.0000,0.0000,0.0000,False,False,False,False,False,353.8799,False
43.0341,0.0000,0.0000,0.0000,0.0000,False,False,False,False,False,353.8799,False
43.0785,0.0000,0.0000,0.0000,0.0000,False,False,False,False,False,353.8799,False
43.1230,0.0000,0.0000,0.0000,0.0000,False,False,False,False,False,353.8799,False
43.1703,0.0000,0.0000,0.0000,0.0000,False,False,False,False,False,353.8799,False
43.2134,0.0000,0.0000,0.0000,0.0000,False,False,False,False,False,353.8799,False
43.2540,0.0000,0.0000,0.0000,0.0000,False,False,False,False,False,353.8799,False
43.2934,0.0000,0.0000,0.0000,0.0000,False,False,False,False,False,353.8799,False
43.3312,0.0000,0.0000,0.0000,0.0000,False,False,False,False,False,353.8799,False
43.3692,0.0000,0.0000,0.0000,0.0000,False,False,False,False,False,353.8799,False
43.4057,0.0000,0.0000,0.0000,0.0000,False,False,False,False,False,353.8799,False
43.4490,0.0000,0.0000,0.0000,0.0000,False,False,False,False,False,353.8799,False
43.4858,0.0000,0.0000,0.0000,0.0000,False,False,False,False,False,353.8799,False
43.5217,0.0000,0.0000,0.0000,0.0000,False,False,False,False,False,353.8799,False
43.5591,0.0000,0.0000,0.0000,0.0000,False,False,False,False,False,353.8799,False
43.5962,0.0000,0.0000,0.0000,0.0000,False,False,False,False,False,353.8799,False
43.6361,0.0000,0.0000,0.0000,0.0000,False,False,False,False,False,353.8799,False
43.6732,0.0000,0.0000,0.0000,0.0000,False,False,False,False,False,353.8799,False
43.7146,0.0000,0.0000,0.0000,0.0000,False,False,False,False,False,353.8799,False
43.7534,0.0000,0.0000,0.0000,0.0000,False,False,False,False,False,353.8799,False
43.7900,0.0000,0.0000,0.0000,0.0000,False,False,False,False,False,353.8799,False
43.8291,0.0000,0.0000,0.0000,0.0000,False,False,False,False,False,353.8799,False
43.8712,0.0000,0.0000,0.0000,0.0000,False,False,False,False,False,353.8799,False
43.9145,0.0000,0.0000,0.0000,0.0000,False,False,False,False,False,353.8799,False
43.9586,0.0000,0.0000,0.0000,0.0000,False,False,False,False,False,353.8799,False
44.0071,0.0000,0.0000,0.0000,0.0000,False,False,False,False,False,353.8799,False
44.0548,0.0000,0.0000,0.0000,0.0000,False,False,False,False,False,353.8799,False
44.1052,0.0000,0.0000,0.0000,0.0000,False,False,False,False,False,353.8799,False
44.1555,0.0000,0.0000,0.0000,0.0000,False,False,False,False,False,353.8799,False
44.2062,0.0000,0.0000,0.0000,0.0000,False,False,False,False,False,353.8799,False
44.2502,0.0000,0.0000,0.0000,0.0000,False,False,False,False,False,353.8799,False
44.2928,0.0000,0.0000,0.0000,0.0000,False,False,False,False,False,353.8799,False
44.3401,0.0000,0.0000,0.0000,0.0000,False,False,False,False,False,353.8799,False
44.3841,0.0000,0.0000,0.0000,0.0000,False,False,False,False,False,353.8799,False
44.4294,0.0000,0.0000,0.0000,0.0000,False,False,False,False,False,353.8799,False
44.4726,0.0000,0.0000,0.0000,0.0000,False,False,False,False,False,353.8799,False
44.5164,0.0000,0.0000,0.0000,0.0000,False,False,False,False,False,353.8799,False
44.5608,0.0000,0.0000,0.0000,0.0000,False,False,False,False,False,353.8799,False
44.6112,0.0000,0.0000,0.0000,0.0000,False,False,False,True,False,353.8799,False
44.6590,0.0000,0.0000,0.0000,0.0000,False,False,False,True,False,139.9138,False
44.7028,0.0000,0.0000,0.0000,0.0000,False,False,False,True,False,138.4509,False
44.7467,0.0000,0.0000,0.0000,0.0000,False,False,False,True,False,137.1111,False
44.7883,0.0000,0.0000,0.0000,0.0000,False,False,False,True,False,135.8467,False
44.8353,0.0000,0.0000,0.0000,0.0000,False,False,False,True,False,134.6337,False
44.8753,0.0000,0.0000,0.0000,0.0000,False,False,False,True,False,133.3942,False
44.9172,0.0000,0.0000,0.0000,0.0000,False,False,False,True,False,132.1961,False
44.9600,0.0000,0.0000,0.0000,0.0000,False,False,False,True,False,131.0832,False
45.0012,0.0000,0.0000,0.0000,0.0000,False,False,False,True,False,129.9492,False
45.0430,0.0000,0.0000,0.0000,0.0000,False,False,False,True,False,128.8380,False
45.0844,0.0000,0.0000,0.0000,0.0000,False,False,False,True,False,127.7530,False
45.1266,0.0000,0.0000,0.0000,0.0000,False,False,False,True,False,126.6781,False
45.1688,0.0000,0.0000,0.0000,0.0000,False,False,False,True,False,125.6114,False
45.2163,0.0000,0.0000,0.0000,0.0000,False,False,False,True,False,124.5450,False
45.2594,0.0000,0.0000,0.0000,0.0000,False,False,False,True,False,123.4318,False
45.3023,0.0000,0.0000,0.0000,0.0000,False,False,False,True,False,122.3070,False
45.3447,0.0000,0.0000,0.0000,0.0000,False,False,False,True,False,121.2559,False
45.3863,0.0000,0.0000,0.0000,0.0000,False,False,False,True,False,120.2220,False
45.4318,0.0000,0.0000,0.0000,0.0000,False,False,False,True,False,119.2135,False
45.4800,0.0000,0.0000,0.0000,0.0000,False,False,False,True,False,118.1862,False
45.5214,0.0000,0.0000,0.0001,0.0000,False,False,False,True,False,117.0888,False
45.5678,0.0000,0.0000,0.0000,0.0000,False,False,False,True,False,116.0292,False
45.6102,0.0000,0.0000,0.0001,0.0000,False,False,False,True,False,115.0241,False
45.6531,0.0000,0.0000,0.0001,0.0000,False,False,False,True,False,113.9956,False
45.6986,0.0000,0.0000,0.0001,0.0000,False,False,False,True,False,113.0247,False
45.7436,0.0000,0.0000,0.0001,0.0000,False,False,False,True,False,112.0314,False
45.7903,0.0000,0.0000,0.0001,0.0000,False,False,False,True,False,111.0137,False
45.8363,0.0000,0.0000,0.0000,0.0000,False,False,False,True,False,109.9955,False
45.8803,0.0000,0.0000,0.0000,0.0000,False,False,False,True,False,108.9673,False
45.9248,0.0000,0.0000,0.0000,0.0000,False,False,False,True,False,107.9702,False
45.9728,0.0000,0.0000,0.0000,0.0000,False,False,False,True,False,107.0022,False
46.0181,0.0000,0.0000,0.0000,0.0000,False,False,False,True,False,106.0066,False
46.0655,0.0000,0.0000,0.0000,0.0000,False,False,False,True,False,104.9890,False
46.1152,0.0000,0.0000,0.0001,0.0000,False,False,False,True,False,103.9975,False
46.1616,0.0000,0.0000,0.0000,0.0000,False,False,False,True,False,102.9656,False
46.2087,0.0000,0.0000,0.0000,0.0000,False,False,False,True,False,101.9315,False
46.2534,0.0000,0.0000,0.0000,0.0000,False,False,False,True,False,100.9422,False
46.3008,0.0000,0.0000,0.0000,0.0000,False,False,False,True,False,99.9656,False
46.3491,0.0000,0.0000,0.0000,0.0000,False,False,False,True,False,99.0067,False
46.3966,0.0000,0.0000,0.0000,0.0000,False,False,False,True,False,98.0074,False
46.4448,0.0000,0.0000,0.0000,0.0000,False,False,False,True,False,97.0065,False
46.4896,0.0000,0.0000,0.0000,0.0000,False,False,False,True,False,96.0145,False
46.5351,0.0000,0.0000,0.0000,0.0000,False,False,False,True,False,95.0409,False
46.5808,0.0000,0.0000,0.0000,0.0000,False,False,False,True,False,94.1107,False
46.6281,0.0000,0.0000,0.0001,0.0000,False,False,False,True,False,93.1729,False
46.6761,0.0000,0.0000,0.0000,0.0000,False,False,False,True,False,92.2251,False
46.7308,0.0000,0.0000,0.0000,0.0000,False,False,False,True,False,91.2529,False
46.7898,0.0000,0.0000,0.0000,0.0000,False,False,False,True,False,90.2303,False
46.8425,0.0000,0.0000,0.0000,0.0000,False,False,False,True,False,89.0908,False
46.8937,0.0000,0.0000,0.0000,0.0000,False,False,False,True,False,87.9361,False
46.9485,0.0000,0.0000,0.0000,0.0000,False,False,False,True,False,86.8808,False
47.0020,0.0000,0.0000,0.0000,0.0000,False,False,False,True,False,85.8245,False
47.0557,0.0000,0.0000,0.0000,0.0000,False,False,False,True,False,84.7306,False
47.1090,0.0000,0.0000,0.0000,0.0000,False,False,False,True,False,83.6565,False
47.1655,0.0000,0.0000,0.0000,0.0000,False,False,False,True,False,82.5840,False
47.2270,0.0000,0.0000,0.0000,0.0000,False,False,False,True,False,81.4993,False
47.2900,0.0000,0.0000,0.0000,0.0000,False,False,False,True,False,80.3414,False
47.3532,0.0000,0.0000,0.0000,0.0000,False,False,False,True,False,79.1076,False
47.4156,0.0000,0.0000,0.0000,0.0000,False,False,False,True,False,77.8554,False
47.4759,0.0000,0.0000,0.0000,0.0000,False,False,False,True,False,76.6069,False
47.5376,0.0000,0.0000,0.0000,0.0000,False,False,False,True,False,75.3846,False
47.6027,0.0000,0.0000,0.0000,0.0000,False,False,False,True,False,74.1862,False
47.6717,0.0000,0.0000,0.0000,0.0000,False,False,False,True,False,72.9487,False
47.7374,0.0000,0.0000,0.0000,0.0000,False,False,False,True,False,71.6424,False
47.8045,0.0000,0.0000,0.0000,0.0000,False,False,False,True,False,70.3042,False
47.8711,0.0000,0.0000,0.0000,0.0000,False,False,False,True,False,69.0057,False
47.9348,0.0000,0.0000,0.0000,0.0000,False,False,False,True,False,67.6918,False
48.0015,0.0000,0.0000,0.0000,0.0000,False,False,False,True,False,66.4037,False
48.0672,0.0000,0.0000,0.0000,0.0000,False,False,False,True,False,65.1398,False
48.1325,0.0000,0.0000,0.0000,0.0000,False,False,False,True,False,63.8406,False
48.1983,0.0000,0.0000,0.0000,0.0000,False,False,False,True,False,62.5592,False
48.2653,0.0000,0.0000,0.0000,0.0000,False,False,False,True,False,61.2819,False
48.3308,0.0000,0.0000,0.0000,0.0000,False,False,False,True,False,59.9924,False
48.3984,0.0000,0.0000,0.0000,0.0000,False,False,False,True,False,58.6954,False
48.4669,0.0000,0.0000,0.0000,0.0000,False,False,False,True,False,57.4087,False
48.5352,0.0000,0.0000,0.0000,0.0000,False,False,False,True,False,56.0878,False
48.6103,0.0000,0.0000,0.0000,0.0000,False,False,False,True,False,54.7580,False
48.6763,0.0000,0.0000,0.0000,0.0000,False,False,False,True,False,53.3944,False
48.7450,0.0000,0.0000,0.0000,0.0000,False,False,False,True,False,51.9885,False
48.8123,0.0000,0.0000,0.0000,0.0000,False,False,False,True,False,50.6940,False
48.8796,0.0000,0.0000,0.0000,0.0000,False,False,False,True,False,49.3730,False
48.9465,0.0000,0.0000,0.0000,0.0000,False,False,False,True,False,48.0723,False
49.0140,0.0000,0.0000,0.0000,0.0000,False,False,False,True,False,46.7757,False
49.0808,0.0000,0.0000,0.0000,0.0000,False,False,False,True,False,45.4844,False
49.1479,0.0000,0.0000,0.0000,0.0000,False,False,False,True,False,44.1903,False
49.2139,0.0000,0.0000,0.0000,0.0000,False,False,False,True,False,42.9095,False
49.2844,0.0000,0.0000,0.0000,0.0000,False,False,False,True,False,41.6336,False
49.3530,0.0000,0.0000,0.0000,0.0000,False,False,False,True,False,40.3521,False
49.4230,0.0000,0.0000,0.0000,0.0000,False,False,False,True,False,39.0229,False
49.4927,0.0000,0.0000,0.0000,0.0000,False,False,False,True,False,37.7167,False
49.5697,0.0000,0.0000,0.0000,0.0000,False,False,False,True,False,36.3829,False
49.6393,0.0000,0.0000,0.0000,0.0000,False,False,False,True,False,35.0014,False
49.7135,0.0000,0.0000,0.0000,0.0000,False,False,False,True,False,33.5531,False
49.7892,0.0000,0.0000,0.0000,0.0000,False,False,False,True,False,32.1768,False
49.8691,0.0000,0.0000,0.0000,0.0000,False,False,False,True,False,30.7275,False
49.9494,0.0000,0.0000,0.0000,0.0000,False,False,False,True,False,29.2310,False
50.0252,0.0000,0.0000,0.0000,0.0000,False,False,False,True,False,27.6736,False
50.1008,0.0000,0.0000,0.0000,0.0000,False,False,False,True,False,26.1348,False
50.1749,0.0000,0.0000,0.0000,0.0000,False,False,False,True,False,24.6611,False
50.2497,0.0000,0.0000,0.0000,0.0000,False,False,False,True,False,23.2026,False
50.3230,0.0000,0.0000,0.0000,0.0000,False,False,False,True,False,21.7738,False
50.4019,0.0000,0.0000,0.0000,0.0000,False,False,False,True,False,20.3785,False
50.4770,0.0000,0.0000,0.0000,0.0000,False,False,False,True,False,19.0163,False
50.5514,0.0000,0.0000,0.0000,0.0000,False,False,False,True,False,17.6270,False
50.6202,0.0000,0.0000,0.0000,0.0000,False,False,False,True,False,16.3264,False
50.6900,0.0000,0.0000,0.0000,0.0000,False,False,False,True,False,15.0880,False
50.7610,0.0000,0.0000,0.0000,0.0000,False,False,False,True,False,13.9624,False
50.8228,0.0000,0.0000,0.0000,0.0000,False,False,False,True,False,12.8682,False
50.8827,0.0000,0.0000,0.0000,0.0000,False,False,False,True,False,11.8248,False
50.9383,0.0000,0.0000,0.0000,0.0000,False,False,False,True,False,10.9665,False
50.9926,0.0000,0.0000,0.0000,0.0000,False,False,False,True,False,10.1965,False
51.0462,0.0000,0.0000,0.0000,0.0000,False,False,False,True,False,9.5546,False
51.1011,0.0000,0.0000,0.0000,0.0000,False,False,False,True,False,9.0106,False
51.1556,0.0000,0.0000,0.0000,0.0000,False,False,False,True,False,8.5773,False
51.2109,0.0000,0.0000,0.0000,0.0000,False,False,False,True,False,8.2466,False
51.2677,0.0000,0.0000,0.0000,0.0000,False,False,False,True,False,8.0600,False
51.3202,0.0000,0.0000,0.0000,0.0000,False,False,False,True,False,8.0239,False
51.3774,0.0000,0.0000,0.0000,0.0000,False,False,False,True,False,8.0864,False
51.4354,0.0000,0.0000,0.0000,0.0000,False,False,False,True,False,8.3553,False
51.4862,0.0000,0.0000,0.0000,0.0000,False,False,False,True,False,8.7450,False
51.5327,0.0000,0.0000,0.0000,0.0000,False,False,False,True,False,9.1783,False
51.5796,0.0000,0.0000,0.0000,0.0000,False,False,False,True,False,9.6666,False
51.6251,0.0000,0.0000,0.0000,0.0000,False,False,False,True,False,10.2247,False
51.6711,0.0000,0.0000,0.0000,0.0000,False,False,False,True,False,10.8183,False
51.7163,0.0000,0.0000,0.0000,0.0000,False,False,False,True,False,11.4563,False
51.7604,0.0000,0.0000,0.0000,0.0000,False,False,False,True,False,12.1188,False
51.8044,0.0000,0.0000,0.0000,0.0000,False,False,False,True,False,12.7942,False
51.8485,0.0000,0.0000,0.0000,0.0000,False,False,False,True,False,13.4885,False
51.8922,0.0000,0.0000,0.0000,0.0000,False,False,False,True,False,14.2032,False
51.9356,0.0000,0.0000,0.0000,0.0000,False,False,False,True,False,14.9310,False
51.9791,0.0000,0.0000,0.0000,0.0000,False,False,False,True,False,15.6704,False
52.0268,0.0000,0.0000,0.0000,0.0000,False,False,False,True,False,16.4235,False
52.0769,0.0000,0.0000,0.0000,0.0000,False,False,False,True,False,17.2395,False
52.1207,0.0000,0.0000,0.0000,0.0000,False,False,False,True,False,18.1208,False
52.1640,0.0000,0.0000,0.0000,0.0000,False,False,False,True,False,18.9549,False
52.2073,0.0000,0.0000,0.0000,0.0000,False,False,False,True,False,19.7555,False
52.2508,0.0000,0.0000,0.0000,0.0000,False,False,False,True,False,20.5612,False
52.2945,0.0000,0.0000,0.0000,0.0000,False,False,False,True,False,21.3777,False
52.3384,0.0000,0.0000,0.0000,0.0000,False,False,False,True,False,22.2065,False
52.3828,0.0000,0.0000,0.0000,0.0000,False,False,False,True,False,23.0465,False
52.4266,0.0000,0.0000,0.0000,0.0000,False,False,False,True,False,23.9012,False
52.4695,0.0000,0.0000,0.0000,0.0000,False,False,False,True,False,24.7593,False
52.5127,0.0000,0.0000,0.0000,0.0000,False,False,False,True,False,25.6086,False
52.5563,0.0000,0.0000,0.0000,0.0000,False,False,False,True,False,26.4588,False
52.5992,0.0000,0.0000,0.0000,0.0000,False,False,False,True,False,27.3213,False
52.6419,0.0000,0.0000,0.0000,0.0000,False,False,False,True,False,28.1840,False
52.6853,0.0000,0.0000,0.0000,0.0000,False,False,False,True,False,29.0425,False
52.7317,0.0000,0.0000,0.0000,0.0000,False,False,False,True,False,29.9132,False
52.7793,0.0000,0.0000,0.0000,0.0000,False,False,False,True,False,30.8289,False
52.8230,0.0000,0.0000,0.0000,0.0000,False,False,False,True,False,31.7858,False
52.8665,0.0000,0.0000,0.0000,0.0000,False,False,False,True,False,32.7058,False
52.9101,0.0000,0.0000,0.0000,0.0000,False,False,False,True,False,33.5961,False
52.9555,0.0000,0.0000,0.0000,0.0000,False,False,False,True,False,34.4915,False
52.9993,0.0000,0.0000,0.0000,0.0000,False,False,False,True,False,35.4154,False
53.0433,0.0000,0.0000,0.0000,0.0000,False,False,False,True,False,36.3378,False
53.0876,0.0000,0.0000,0.0000,0.0000,False,False,False,True,False,37.2550,False
53.1310,0.0000,0.0000,0.0000,0.0000,False,False,False,True,False,38.1817,False
53.1734,0.0000,0.0000,0.0000,0.0000,False,False,False,True,False,39.1039,False
53.2154,0.0000,0.0000,0.0000,0.0000,False,False,False,True,False,40.0107,False
53.2571,0.0000,0.0000,0.0000,0.0000,False,False,False,True,False,40.9081,False
53.2987,0.0000,0.0000,0.0000,0.0000,False,False,False,True,False,41.8026,False
53.3403,0.0000,0.0000,0.0000,0.0000,False,False,False,True,False,42.6965,False
53.3892,0.0000,0.0000,0.0000,0.0000,False,False,False,True,False,43.5942,False
53.4332,0.0000,0.0000,0.0000,0.0000,False,False,False,True,False,44.5935,False
53.4736,0.0000,0.0000,0.0000,0.0000,False,False,False,True,False,45.5872,False
53.5157,0.0000,0.0000,0.0000,0.0000,False,False,False,True,False,46.4923,False
53.5568,0.0000,0.0000,0.0000,0.0000,False,False,False,True,False,47.3901,False
53.5977,0.0000,0.0000,0.0000,0.0000,False,False,False,True,False,48.2886,False
53.6382,0.0000,0.0000,0.0000,0.0000,False,False,False,True,False,49.1773,False
53.6787,0.0000,0.0000,0.0000,0.0000,False,False,False,True,False,50.0586,False
53.7203,0.0000,0.0000,0.0000,0.0000,False,False,False,True,False,50.9367,False
53.7617,0.0000,0.0000,0.0000,0.0000,False,False,False,True,False,51.8296,False
53.8024,0.0000,0.0000,0.0000,0.0000,False,False,False,True,False,52.7279,False
53.8434,0.0000,0.0000,0.0000,0.0000,False,False,False,True,False,53.6150,False
53.8843,0.0000,0.0000,0.0000,0.0000,False,False,False,True,False,54.5015,False
53.9237,0.0000,0.0000,0.0000,0.0000,False,False,False,True,False,55.3895,False
53.9636,0.0000,0.0000,0.0000,0.0000,False,False,False,True,False,56.2565,False
54.0096,0.0000,0.0000,0.0000,0.0000,False,False,False,True,False,57.1168,False
54.0487,0.0000,0.0000,0.0000,0.0000,False,False,False,True,False,58.0623,False
54.0893,0.0000,0.0000,0.0000,0.0000,False,False,False,True,False,58.9682,False
54.1293,0.0000,0.0000,0.0000,0.0000,False,False,False,True,False,59.8358,False
54.1685,0.0000,0.0000,0.0000,0.0000,False,False,False,True,False,60.7080,False
54.2076,0.0000,0.0000,0.0000,0.0000,False,False,False,True,False,61.5646,False
54.2466,0.0000,0.0000,0.0000,0.0000,False,False,False,True,False,62.4138,False
54.2852,0.0000,0.0000,0.0000,0.0000,False,False,False,True,False,63.2608,False
54.3228,0.0000,0.0000,0.0000,0.0000,False,False,False,True,False,64.1004,False
54.3614,0.0000,0.0000,0.0000,0.0000,False,False,False,True,False,64.9234,False
54.4001,0.0000,0.0000,0.0000,0.0000,False,False,False,True,False,65.7520,False
54.4388,0.0000,0.0000,0.0000,0.0000,False,False,False,True,False,66.5910,False
54.4764,0.0000,0.0000,0.0000,0.0000,False,False,False,True,False,67.4305,False
54.5146,0.0000,0.0000,0.0000,0.0000,False,False,False,True,False,68.2555,False
54.5549,0.0000,0.0000,0.0000,0.0000,False,False,False,True,False,69.0793,False
54.5963,0.0000,0.0000,0.0000,0.0000,False,False,False,True,False,69.9358,False
54.6328,0.0000,0.0000,0.0000,0.0000,False,False,False,True,False,70.8232,False
54.6692,0.0000,0.0000,0.0000,0.0000,False,False,False,True,False,71.6562,False
54.7053,0.0000,0.0000,0.0000,0.0000,False,False,False,True,False,72.4477,False
54.7460,0.0000,0.0000,0.0000,0.0000,False,False,False,True,False,73.2341,False
54.7822,0.0000,0.0000,0.0000,0.0000,False,False,False,True,False,74.0777,False
54.8184,0.0000,0.0000,0.0000,0.0000,False,False,False,True,False,74.9018,False
54.8546,0.0000,0.0000,0.0000,0.0000,False,False,False,True,False,75.6865,False
54.8915,0.0000,0.0000,0.0000,0.0000,False,False,False,True,False,76.4725,False
54.9272,0.0000,0.0000,0.0000,0.0000,False,False,False,True,False,77.2670,False
54.9627,0.0000,0.0000,0.0000,0.0000,False,False,False,True,False,78.0518,False
54.9974,0.0000,0.0000,0.0000,0.0000,False,False,False,True,False,78.8242,False
55.0321,0.0000,0.0000,0.0000,0.0000,False,False,False,True,False,79.5840,False
55.0669,0.0000,0.0000,0.0000,0.0000,False,False,False,True,False,80.3375,False
55.1063,0.0000,0.0000,0.0000,0.0000,False,False,False,True,False,81.0915,False
55.1471,0.0000,0.0000,0.0000,0.0000,False,False,False,True,False,81.9075,False
55.1821,0.0000,0.0000,0.0000,0.0000,False,False,False,True,False,82.7847,False
55.2165,0.0000,0.0000,0.0000,0.0000,False,False,False,True,False,83.5971,False
55.2510,0.0000,0.0000,0.0000,0.0000,False,False,False,True,False,84.3518,False
55.2882,0.0000,0.0000,0.0000,0.0000,False,False,False,True,False,85.1022,False
55.3228,0.0000,0.0000,0.0000,0.0000,False,False,False,True,False,85.8892,False
55.3571,0.0000,0.0000,0.0000,0.0000,False,False,False,True,False,86.6654,False
55.3916,0.0000,0.0000,0.0000,0.0000,False,False,False,True,False,87.4159,False
55.4264,0.0000,0.0000,0.0000,0.0000,False,False,False,True,False,88.1666,False
55.4608,0.0000,0.0000,0.0000,0.0000,False,False,False,True,False,88.9220,False
55.4949,0.0000,0.0000,0.0000,0.0000,False,False,False,True,False,89.6740,False
55.5288,0.0000,0.0000,0.0000,0.0000,False,False,False,True,False,90.4201,False
55.5626,0.0000,0.0000,0.0000,0.0000,False,False,False,True,False,91.1605,False
55.5963,0.0000,0.0000,0.0000,0.0000,False,False,False,True,False,91.8972,False
55.6293,0.0000,0.0000,0.0000,0.0000,False,False,False,True,False,92.6331,False
55.6698,0.0000,0.0000,0.0000,0.0000,False,False,False,True,False,93.3579,False
55.7027,0.0000,0.0000,0.0000,0.0000,False,False,False,True,False,94.1756,False
55.7360,0.0000,0.0000,0.0000,0.0000,False,False,False,True,False,94.9583,False
55.7696,0.0000,0.0000,0.0000,0.0000,False,False,False,True,False,95.6811,False
55.8025,0.0000,0.0000,0.0000,0.0000,False,False,False,True,False,96.4062,False
55.8353,0.0000,0.0000,0.0000,0.0000,False,False,False,True,False,97.1245,False
55.8680,0.0000,0.0000,0.0000,0.0000,False,False,False,True,False,97.8361,False
55.9015,0.0000,0.0000,0.0000,0.0000,False,False,False,True,False,98.5455,False
55.9351,0.0000,0.0000,0.0000,0.0000,False,False,False,True,False,99.2635,False
55.9680,0.0000,0.0000,0.0000,0.0000,False,False,False,True,False,99.9901,False
56.0009,0.0000,0.0000,0.0000,0.0000,False,False,False,True,False,100.7090,False
56.0341,0.0000,0.0000,0.0000,0.0000,False,False,False,True,False,101.4217,False
56.0667,0.0000,0.0000,0.0000,0.0000,False,False,False,True,False,102.1384,False
56.0998,0.0000,0.0000,0.0000,0.0000,False,False,False,True,False,102.8498,False
56.1332,0.0000,0.0000,0.0000,0.0000,False,False,False,True,False,103.5620,False
56.1738,0.0000,0.0000,0.0000,0.0000,False,False,False,True,False,104.2822,False
56.2069,0.0000,0.0000,0.0000,0.0000,False,False,False,True,False,105.0989,False
56.2401,0.0000,0.0000,0.0000,0.0000,False,False,False,True,False,105.8810,False
56.2735,0.0000,0.0000,0.0000,0.0000,False,False,False,True,False,106.5994,False
56.3060,0.0000,0.0000,0.0000,0.0000,False,False,False,True,False,107.3208,False
56.3388,0.0000,0.0000,0.0000,0.0000,False,False,False,True,False,108.0327,False
56.3717,0.0000,0.0000,0.0000,0.0000,False,False,False,True,False,108.7398,False
56.4080,0.0000,0.0000,0.0000,0.0000,False,False,False,True,False,109.4512,False
56.4419,0.0000,0.0000,0.0000,0.0000,False,False,False,True,False,110.2082,False
56.4753,0.0000,0.0000,0.0000,0.0000,False,False,False,True,False,110.9634,False
56.5082,0.0000,0.0000,0.0000,0.0000,False,False,False,True,False,111.6911,False
56.5412,0.0000,0.0000,0.0000,0.0000,False,False,False,True,False,112.4078,False
56.5747,0.0000,0.0000,0.0000,0.0000,False,False,False,True,False,113.1214,False
56.6074,0.0000,0.0000,0.0000,0.0000,False,False,False,True,False,113.8422,False
56.6410,0.0000,0.0000,0.0000,0.0000,False,False,False,True,False,114.5572,False
56.6823,0.0000,0.0000,0.0000,0.0000,False,False,False,True,False,115.2782,False
56.7153,0.0000,0.0000,0.0000,0.0000,False,False,False,True,False,116.1065,False
56.7488,0.0000,0.0000,0.0000,0.0000,False,False,False,True,False,116.8921,False
56.7823,0.0000,0.0000,0.0000,0.0000,False,False,False,True,False,117.6130,False
56.8152,0.0000,0.0000,0.0000,0.0000,False,False,False,True,False,118.3391,False
56.8479,0.0000,0.0000,0.0000,0.0000,False,False,False,True,False,119.0574,False
56.8810,0.0000,0.0000,0.0000,0.0000,False,False,False,True,False,119.7674,False
56.9143,0.0000,0.0000,0.0000,0.0000,False,False,False,True,False,120.4798,False
56.9468,0.0000,0.0000,0.0000,0.0000,False,False,False,True,False,121.1988,False
56.9825,0.0000,0.0000,0.0000,0.0000,False,False,False,True,False,121.9117,False
57.0151,0.0000,0.0000,0.0000,0.0000,False,False,False,True,False,122.6607,False
57.0470,0.0000,0.0000,0.0000,0.0000,False,False,False,True,False,123.3958,False
57.0795,0.0000,0.0000,0.0000,0.0000,False,False,False,True,False,124.0950,False
57.1117,0.0000,0.0000,0.0000,0.0000,False,False,False,True,False,124.7972,False
57.1471,0.0000,0.0000,0.0000,0.0000,False,False,False,True,False,125.5002,False
57.1828,0.0000,0.0000,0.0000,0.0000,False,False,False,True,False,126.2425,False
57.2204,0.0000,0.0000,0.0000,0.0000,False,False,False,True,False,127.0174,False
57.2528,0.0000,0.0000,0.0000,0.0000,False,False,False,True,False,127.8185,False
57.2848,0.0000,0.0000,0.0000,0.0000,False,False,False,True,False,128.5684,False
57.3177,0.0000,0.0000,0.0000,0.0000,False,False,False,True,False,129.2677,False
57.3504,0.0000,0.0000,0.0000,0.0000,False,False,False,True,False,129.9756,False
57.3834,0.0000,0.0000,0.0000,0.0000,False,False,False,True,False,130.6892,False
57.4170,0.0000,0.0000,0.0000,0.0000,False,False,False,True,False,131.4050,False
57.4513,0.0000,0.0000,0.0000,0.0000,False,False,False,True,False,132.1307,False
57.4848,0.0000,0.0000,0.0000,0.0000,False,False,False,True,False,132.8704,False
57.5181,0.0000,0.0000,0.0000,0.0000,False,False,False,True,False,133.6060,False
57.5514,0.0000,0.0000,0.0000,0.0000,False,False,False,True,False,134.3330,False
57.5850,0.0000,0.0000,0.0000,0.0000,False,False,False,True,False,135.0580,False
57.6183,0.0000,0.0000,0.0000,0.0000,False,False,False,True,False,135.7857,False
57.6515,0.0000,0.0000,0.0000,0.0000,False,False,False,True,False,136.5135,False
57.6896,0.0000,0.0000,0.0000,0.0000,False,False,False,True,False,137.2363,False
57.7278,0.0000,0.0000,0.0000,0.0000,False,False,False,True,False,138.0226,False
57.7683,0.0000,0.0000,0.0000,0.0000,False,False,False,True,False,138.8536,False
57.8092,0.0000,0.0000,0.0000,0.0000,False,False,False,True,False,139.7140,False
57.8427,0.0000,0.0000,0.0000,0.0000,False,False,False,True,False,140.6010,False
57.8779,0.0000,0.0000,0.0000,0.0000,False,False,False,True,False,141.3946,False
57.9112,0.0000,0.0000,0.0000,0.0000,False,False,False,True,False,142.1450,False
57.9447,0.0000,0.0000,0.0000,0.0000,False,False,False,True,False,142.8866,False
57.9776,0.0000,0.0000,0.0000,0.0000,False,False,False,True,False,143.6138,False
58.0107,0.0000,0.0000,0.0000,0.0000,False,False,False,True,False,144.3347,False
58.0442,0.0000,0.0000,0.0000,0.0000,False,False,False,True,False,145.0538,False
58.0775,0.0000,0.0000,0.0000,0.0000,False,False,False,True,False,145.7788,False
58.1106,0.0000,0.0000,0.0001,0.0000,False,False,False,True,False,146.5048,False
58.1447,0.0000,0.0000,0.0000,0.0000,False,False,False,True,False,147.2274,False
58.1790,0.0000,0.0000,0.0000,0.0000,False,False,False,True,False,147.9601,False
58.2129,0.0000,0.0000,0.0000,0.0000,False,False,False,True,False,148.7041,False
58.2469,0.0000,0.0000,0.0000,0.0000,False,False,False,True,False,149.4448,False
58.2832,0.0000,0.0000,0.0000,0.0000,False,False,False,True,False,150.1803,False
58.3236,0.0000,0.0000,0.0000,0.0000,False,False,False,True,False,150.9462,False
58.3561,0.0000,0.0000,0.0000,0.0000,False,False,False,True,False,151.7846,False
58.3960,0.0000,0.0000,0.0000,0.0000,False,False,False,True,False,152.5561,False
58.4347,0.0000,0.0000,0.0000,0.0000,False,False,False,True,False,153.3544,False
58.4711,0.0000,0.0000,0.0000,0.0000,False,False,False,True,False,154.2021,False
58.5080,0.0000,0.0000,0.0000,0.0000,False,False,False,True,False,155.0099,False
58.5467,0.0000,0.0000,0.0000,0.0000,False,False,False,True,False,155.8042,False
58.5836,0.0000,0.0000,0.0000,0.0000,False,False,False,True,False,156.6257,False
58.6187,0.0000,0.0000,0.0000,0.0000,False,False,False,True,False,157.4395,False
58.6637,0.0000,0.0000,0.0000,0.0000,False,False,False,True,False,158.2145,False
58.7054,0.0000,0.0000,0.0000,0.0000,False,False,False,True,False,159.1017,False
58.7421,0.0000,0.0000,0.0000,0.0000,False,False,False,True,False,160.0330,False
58.7794,0.0000,0.0000,0.0000,0.0000,False,False,False,True,False,160.8698,False
58.8185,0.0000,0.0000,0.0000,0.0000,False,False,False,True,False,161.6713,False
58.8596,0.0000,0.0000,0.0000,0.0000,False,False,False,True,False,162.5015,False
58.9019,0.0000,0.0000,0.0000,0.0000,False,False,False,True,False,163.3730,False
58.9428,0.0000,0.0000,0.0000,0.0000,False,False,False,True,False,164.2778,False
58.9806,0.0000,0.0000,0.0000,0.0000,False,False,False,True,False,165.1742,False
59.0241,0.0000,0.0000,0.0000,0.0000,False,False,False,True,False,166.0202,False
59.0632,0.0000,0.0000,0.0000,0.0000,False,False,False,True,False,166.9159,False
59.1003,0.0000,0.0000,0.0000,0.0000,False,False,False,True,False,167.8039,False
59.1366,0.0000,0.0000,0.0000,0.0000,False,False,False,True,False,168.6273,False
59.1732,0.0000,0.0000,0.0000,0.0000,False,False,False,True,False,169.4221,False
59.2196,0.0000,0.0000,0.0000,0.0000,False,False,False,True,False,170.2142,False
59.2734,0.0000,0.0000,0.0000,0.0000,False,False,False,True,False,171.1371,False
