Time,Accel,Brake,Car_Speed,Car_AutoSpeed,Car_AutoStatus,Bike_A_Status,Bike_B_Status,Bike_C_Status,Bike_D_Status,Bike_Distance,Vibrate_Status,BPM
0.0200,0.0000,0.0000,0.0000,0.0000,False,False,False,False,False,0.0000,False
0.0400,0.0000,0.0000,0.7049,0.0000,False,False,False,False,False,0.0000,False
0.3733,0.0000,0.0000,1.1529,0.0000,False,False,False,False,False,0.0000,False
0.4526,0.0000,0.0000,0.3516,0.0000,False,False,False,False,False,0.0000,False
0.4931,0.0000,0.0000,0.1348,0.0000,False,False,False,False,False,0.0000,False
0.5411,0.0000,0.0000,0.0479,0.0000,False,False,False,False,False,0.0000,False
0.5755,0.0000,0.0000,0.0707,0.0000,False,False,False,False,False,0.0000,False
0.6345,0.0000,0.0000,0.0949,0.0000,False,False,False,False,False,0.0000,False
0.6906,0.0000,0.0000,0.0794,0.0000,False,False,False,False,False,0.0000,False
0.7519,0.0000,0.0000,0.0530,0.0000,False,False,False,False,False,0.0000,False
0.8286,0.0000,0.0000,0.0231,0.0000,False,False,False,False,False,0.0000,False
0.8628,0.0000,0.0000,0.0130,0.0000,False,False,False,False,False,0.0000,False
0.8987,0.0000,0.0000,0.0092,0.0000,False,False,False,False,False,0.0000,False
0.9321,0.0000,0.0000,0.0038,0.0000,False,False,False,False,False,0.0000,False
0.9664,0.0000,0.0000,0.0015,0.0000,False,False,False,False,False,0.0000,False
1.0043,0.0000,0.0000,0.0022,0.0000,False,False,False,False,False,0.0000,False
1.0438,0.0000,0.0000,0.0027,0.0000,False,False,False,False,False,0.0000,False
1.0777,0.0000,0.0000,0.0028,0.0000,False,False,False,False,False,0.0000,False
1.1115,0.0000,0.0000,0.0025,0.0000,False,False,False,False,False,0.0000,False
1.1454,0.0000,0.0000,0.0021,0.0000,False,False,False,False,False,0.0000,False
1.1833,0.0000,0.0000,0.0015,0.0000,False,False,False,False,False,0.0000,False
1.2175,0.0000,0.0000,0.0013,0.0000,False,False,False,False,False,0.0000,False
1.2515,0.0000,0.0000,0.0008,0.0000,False,False,False,False,False,0.0000,False
1.2859,0.0000,0.0000,0.0005,0.0000,False,False,False,False,False,0.0000,False
1.3203,0.0000,0.0000,0.0002,0.0000,False,False,False,False,False,0.0000,False
1.3586,0.0000,0.0000,0.0001,0.0000,False,False,False,False,False,0.0000,False
1.3924,0.0000,0.0000,0.0001,0.0000,False,False,False,False,False,0.0000,False
1.4299,0.0000,0.0000,0.0001,0.0000,False,False,False,False,False,0.0000,False
1.4646,0.0000,0.0000,0.0001,0.0000,False,False,False,False,False,0.0000,False
1.4985,0.0000,0.0000,0.0001,0.0000,False,False,False,False,False,0.0000,False
1.5356,0.0000,0.0000,0.0001,0.0000,False,False,False,False,False,0.0000,False
1.5740,0.0000,0.0000,0.0001,0.0000,False,False,False,False,False,0.0000,False
1.6079,0.0000,0.0000,0.0001,0.0000,False,False,False,False,False,0.0000,False
1.6419,0.0000,0.0000,0.0001,0.0000,False,False,False,False,False,0.0000,False
1.6755,0.0000,0.0000,0.0000,0.0000,False,False,False,False,False,0.0000,False
1.7095,0.0000,0.0000,0.0000,0.0000,False,False,False,False,False,0.0000,False
1.7438,0.0000,0.0000,0.0000,0.0000,False,False,False,False,False,0.0000,False
1.7782,0.0000,0.0000,0.0000,0.0000,False,False,False,False,False,0.0000,False
1.8167,0.0000,0.0000,0.0000,0.0000,False,False,False,False,False,0.0000,False
1.8531,0.0000,0.0000,0.0000,0.0000,False,False,False,False,False,0.0000,False
1.8954,0.0000,0.0000,0.0000,0.0000,False,False,False,False,False,0.0000,False
1.9338,0.0000,0.0000,0.0000,0.0000,False,False,False,False,False,0.0000,False
1.9725,0.0000,0.0000,0.0000,0.0000,False,False,False,False,False,0.0000,False
2.0118,0.0000,0.0000,0.0000,0.0000,False,False,False,False,False,0.0000,False
2.0518,0.0000,0.0000,0.0000,0.0000,False,False,False,False,False,0.0000,False
2.0955,0.0000,0.0000,0.0000,0.0000,False,False,False,False,False,0.0000,False
2.1463,0.0000,0.0000,0.0000,0.0000,False,False,False,False,False,0.0000,False
2.1970,0.0000,0.0000,0.0000,0.0000,False,False,False,False,False,0.0000,False
2.2412,0.0000,0.0000,0.0000,0.0000,False,False,False,False,False,0.0000,False
2.2814,0.0000,0.0000,0.0000,0.0000,False,False,False,False,False,0.0000,False
2.3213,0.0000,0.0000,0.0000,0.0000,False,False,False,False,False,0.0000,False
2.3619,0.0000,0.0000,0.0000,0.0000,False,False,False,False,False,0.0000,False
2.4021,0.0000,0.0000,0.0001,0.0000,False,False,False,False,False,0.0000,False
2.4420,0.0000,0.0000,0.0000,0.0000,False,False,False,False,False,0.0000,False
2.4864,0.0000,0.0000,0.0000,0.0000,False,False,False,False,False,0.0000,False
2.5302,0.0000,0.0000,0.0000,0.0000,False,False,False,False,False,0.0000,False
2.5699,0.0000,0.0000,0.0000,0.0000,False,False,False,False,False,0.0000,False
2.6091,0.0000,0.0000,0.0000,0.0000,False,False,False,False,False,0.0000,False
2.6493,0.0000,0.0000,0.0000,0.0000,False,False,False,False,False,0.0000,False
2.6886,0.0000,0.0000,0.0000,0.0000,False,False,False,False,False,0.0000,False
2.7277,0.0000,0.0000,0.0000,0.0000,False,False,False,False,False,0.0000,False
2.7711,0.0000,0.0000,0.0000,0.0000,False,False,False,False,False,0.0000,False
2.8166,0.0000,0.0000,0.0000,0.0000,False,False,False,False,False,0.0000,False
2.8570,0.0000,0.0000,0.0000,0.0000,False,False,False,False,False,0.0000,False
2.8966,0.0000,0.0000,0.0000,0.0000,False,False,False,False,False,0.0000,False
2.9376,0.0000,0.0000,0.0000,0.0000,False,False,False,False,False,0.0000,False
2.9764,0.0000,0.0000,0.0000,0.0000,False,False,False,False,False,0.0000,False
3.0198,0.0000,0.0000,0.0000,0.0000,False,False,False,False,False,0.0000,False
3.0634,0.0000,0.0000,0.0000,0.0000,False,False,False,False,False,0.0000,False
3.1032,0.0000,0.0000,0.0000,0.0000,False,False,False,False,False,0.0000,False
3.1430,0.0000,0.0000,0.0000,0.0000,False,False,False,False,False,0.0000,False
3.1823,0.0000,0.0000,0.0000,0.0000,False,False,False,False,False,0.0000,False
3.2217,0.0000,0.0000,0.0000,0.0000,False,False,False,False,False,0.0000,False
3.2611,0.0000,0.0000,0.0000,0.0000,False,False,False,False,False,0.0000,False
3.3055,0.0000,0.0000,0.0000,0.0000,False,False,False,False,False,0.0000,False
3.3455,0.0000,0.0000,0.0000,0.0000,False,False,False,False,False,0.0000,False
3.3943,0.0000,0.0000,0.0000,0.0000,False,False,False,False,False,0.0000,False
3.4358,0.0000,0.0000,0.0000,0.0000,False,False,False,False,False,0.0000,False
3.4760,0.0000,0.0000,0.0000,0.0000,False,False,False,False,False,0.0000,False
3.5200,0.0000,0.0000,0.0000,0.0000,False,False,False,False,False,0.0000,False
3.5640,0.0000,0.0000,0.0000,0.0000,False,False,False,False,False,0.0000,False
3.6045,0.0000,0.0000,0.0000,0.0000,False,False,False,False,False,0.0000,False
3.6452,0.0000,0.0000,0.0000,0.0000,False,False,False,False,False,0.0000,False
3.6894,0.0000,0.0000,0.0000,0.0000,False,False,False,False,False,0.0000,False
3.7317,0.0000,0.0000,0.0000,0.0000,False,False,False,False,False,0.0000,False
3.7754,0.0000,0.0000,0.0000,0.0000,False,False,False,False,False,0.0000,False
3.8146,0.0000,0.0000,0.0000,0.0000,False,False,False,False,False,0.0000,False
3.8542,0.0000,0.0000,0.0000,0.0000,False,False,False,False,False,0.0000,False
3.8981,0.0000,0.0000,0.0000,0.0000,False,False,False,False,False,0.0000,False
3.9406,0.0000,0.0000,0.0000,0.0000,False,False,False,False,False,0.0000,False
3.9807,0.0000,0.0000,0.0000,0.0000,False,False,False,False,False,0.0000,False
4.0288,0.0000,0.0000,0.0000,0.0000,False,False,False,False,False,0.0000,False
4.0690,0.0000,0.0000,0.0000,0.0000,False,False,False,False,False,0.0000,False
4.1098,0.0000,0.0000,0.0000,0.0000,False,False,False,False,False,0.0000,False
4.1556,0.0000,0.0000,0.0000,0.0000,False,False,False,False,False,0.0000,False
4.1982,0.0000,0.0000,0.0000,0.0000,False,False,False,False,False,0.0000,False
4.2397,0.0000,0.0000,0.0000,0.0000,False,False,False,False,False,0.0000,False
4.2817,0.0000,0.0000,0.0000,0.0000,False,False,False,False,False,0.0000,False
4.3274,0.0000,0.0000,0.0000,0.0000,False,False,False,False,False,0.0000,False
4.3686,0.0000,0.0000,0.0000,0.0000,False,False,False,False,False,0.0000,False
4.4124,0.0000,0.0000,0.0000,0.0000,False,False,False,False,False,0.0000,False
4.4598,0.0000,0.0000,0.0000,0.0000,False,False,False,False,False,0.0000,False
4.5018,0.0000,0.0000,0.0000,0.0000,False,False,False,False,False,0.0000,False
4.5442,0.0000,0.0000,0.0000,0.0000,False,False,False,False,False,0.0000,False
4.5929,0.0000,0.0000,0.0000,0.0000,False,False,False,False,False,0.0000,False
4.6478,0.0000,0.0000,0.0000,0.0000,False,False,False,False,False,0.0000,False
4.7048,0.0000,0.0000,0.0000,0.0000,False,False,False,False,False,0.0000,False
4.7564,0.0000,0.0000,0.0000,0.0000,False,False,False,False,False,0.0000,False
4.8083,0.0000,0.0000,0.0000,0.0000,False,False,False,False,False,0.0000,False
4.8580,0.0000,0.0000,0.0000,0.0000,False,False,False,False,False,0.0000,False
4.9040,0.0000,0.0000,0.0000,0.0000,False,False,False,False,False,0.0000,False
4.9512,0.0000,0.0000,0.0000,0.0000,False,False,False,False,False,0.0000,False
4.9948,0.0000,0.0000,0.0000,0.0000,False,False,False,False,False,0.0000,False
5.0476,0.0000,0.0000,0.0000,0.0000,False,False,False,False,False,0.0000,False
5.0981,0.0000,0.0000,0.0000,0.0000,False,False,False,False,False,0.0000,False
5.1528,0.0000,0.0000,0.0000,0.0000,False,False,False,False,False,0.0000,False
5.2029,0.0000,0.0000,0.0000,0.0000,False,False,False,False,False,0.0000,False
5.2526,0.0000,0.0000,0.0000,0.0000,False,False,False,False,False,0.0000,False
5.2963,0.0000,0.0000,0.0000,0.0000,False,False,False,False,False,0.0000,False
5.3397,0.0000,0.0000,0.0000,0.0000,False,False,False,False,False,0.0000,False
5.3856,0.0000,0.0000,0.0000,0.0000,False,False,False,False,False,0.0000,False
5.4347,0.0000,0.0000,0.0000,0.0000,False,False,False,False,False,0.0000,False
5.4803,0.0000,0.0000,0.0000,0.0000,False,False,False,False,False,0.0000,False
5.5297,0.0000,0.0000,0.0000,0.0000,False,False,False,False,False,0.0000,False
5.5731,0.0000,0.0000,0.0000,0.0000,False,False,False,False,False,0.0000,False
5.6153,0.0000,0.0000,0.0000,0.0000,False,False,False,False,False,0.0000,False
5.6586,0.0000,0.0000,0.0000,0.0000,False,False,False,False,False,0.0000,False
5.7094,0.0000,0.0000,0.0000,0.0000,False,False,False,False,False,0.0000,False
5.7543,0.0000,0.0000,0.0000,0.0000,False,False,False,False,False,0.0000,False
5.8002,0.0000,0.0000,0.0000,0.0000,False,False,False,False,False,0.0000,False
5.8443,0.0000,0.0000,0.0000,0.0000,False,False,False,False,False,0.0000,False
5.8923,0.0000,0.0000,0.0000,0.0000,False,False,False,False,False,0.0000,False
5.9448,0.0000,0.0000,0.0000,0.0000,False,False,False,False,False,0.0000,False
5.9941,0.0000,0.0000,0.0000,0.0000,False,False,False,False,False,0.0000,False
6.0437,0.0000,0.0000,0.0000,0.0000,False,False,False,False,False,0.0000,False
6.0974,0.0000,0.0000,0.0000,0.0000,False,False,False,False,False,0.0000,False
6.1544,0.0000,0.0000,0.0000,0.0000,False,False,False,False,False,0.0000,False
6.2092,0.0000,0.0000,0.0000,0.0000,False,False,False,False,False,0.0000,False
6.2660,0.0000,0.0000,0.0000,0.0000,False,False,False,False,False,0.0000,False
6.3223,0.0000,0.0000,0.0000,0.0000,False,False,False,False,False,0.0000,False
6.3730,0.0000,0.0000,0.0000,0.0000,False,False,False,False,False,0.0000,False
6.4329,0.0000,0.0000,0.0000,0.0000,False,False,False,False,False,0.0000,False
6.4864,0.0000,0.0000,0.0000,0.0000,False,False,False,False,False,0.0000,False
6.5427,0.0000,0.0000,0.0000,0.0000,False,False,False,False,False,0.0000,False
6.5972,0.0000,0.0000,0.0000,0.0000,False,False,False,False,False,0.0000,False
6.6535,0.0000,0.0000,0.0000,0.0000,False,True,False,False,False,0.0000,False
6.7115,0.0000,0.0000,0.0000,0.0000,False,True,False,False,False,134.9715,False
6.7701,0.0000,0.0000,0.0000,0.0000,False,True,False,False,False,133.3034,False
6.8267,0.0000,0.0000,0.0000,0.0000,False,True,False,False,False,131.6371,False
6.8849,0.0000,0.0000,0.0000,0.0000,False,True,False,False,False,130.0256,False
6.9416,0.0000,0.0000,0.0000,0.0000,False,True,False,False,False,128.4509,False
6.9914,0.0000,0.0000,0.0000,0.0000,False,True,False,False,False,126.9036,False
7.0471,0.0000,0.0000,0.0000,0.0000,False,True,False,False,False,125.4910,False
7.1002,0.0000,0.0000,0.0000,0.0000,False,True,False,False,False,124.1213,False
7.1523,0.0000,0.0000,0.0000,0.0000,False,True,False,False,False,122.7226,False
7.2040,0.0000,0.0000,0.0000,0.0000,False,True,False,False,False,121.3915,False
7.2552,0.0000,0.0000,0.0000,0.0000,False,True,False,False,False,120.0961,False
7.3090,0.0000,0.0000,0.0000,0.0000,False,True,False,False,False,118.8277,False
7.3602,0.0000,0.0000,0.0000,0.0000,False,True,False,False,False,117.5542,False
7.4153,0.0000,0.0000,0.0000,0.0000,False,True,False,False,False,116.2862,False
7.4701,0.0000,0.0000,0.0000,0.0000,False,True,False,False,False,115.0304,False
7.5245,0.0000,0.0000,0.0000,0.0000,False,True,False,False,False,113.7382,False
7.5769,0.0000,0.0000,0.0000,0.0000,False,True,False,False,False,112.4666,False
7.6298,0.0000,0.0000,0.0000,0.0000,False,True,False,False,False,111.2321,False
7.6940,0.0000,0.0000,0.0000,0.0000,False,True,False,False,False,110.0324,False
7.7575,0.0000,0.0000,0.0000,0.0000,False,True,False,False,False,108.7368,False
7.8136,0.0000,0.0000,0.0000,0.0000,False,True,False,False,False,107.3044,False
7.8710,0.0000,0.0000,0.0000,0.0000,False,True,False,False,False,105.9586,False
7.9302,0.0000,0.0000,0.0000,0.0000,False,True,False,False,False,104.7141,False
7.9924,0.0000,0.0000,0.0000,0.0000,False,True,False,False,False,103.4456,False
8.0534,0.0000,0.0000,0.0000,0.0000,False,True,False,False,False,102.1386,False
8.1182,0.0000,0.0000,0.0000,0.0000,False,True,False,False,False,100.8104,False
8.1809,0.0000,0.0000,0.0000,0.0000,False,True,False,False,False,99.4779,False
8.2469,0.0000,0.0000,0.0000,0.0000,False,True,False,False,False,98.1174,False
8.3155,0.0000,0.0000,0.0000,0.0000,False,True,False,False,False,96.7711,False
8.3814,0.0000,0.0000,0.0000,0.0000,False,True,False,False,False,95.3685,False
8.4486,0.0000,0.0000,0.0000,0.0000,False,True,False,False,False,93.9568,False
8.5153,0.0000,0.0000,0.0000,0.0000,False,True,False,False,False,92.5811,False
8.5829,0.0000,0.0000,0.0000,0.0000,False,True,False,False,False,91.1974,False
8.6549,0.0000,0.0000,0.0000,0.0000,False,True,False,False,False,89.8211,False
8.7219,0.0000,0.0000,0.0000,0.0000,False,True,False,False,False,88.4100,False
8.7859,0.0000,0.0000,0.0000,0.0000,False,True,False,False,False,86.9762,False
8.8488,0.0000,0.0000,0.0000,0.0000,False,True,False,False,False,85.6368,False
8.9115,0.0000,0.0000,0.0000,0.0000,False,True,False,False,False,84.3510,False
8.9732,0.0000,0.0000,0.0000,0.0000,False,True,False,False,False,83.0844,False
9.0370,0.0000,0.0000,0.0000,0.0000,False,True,False,False,False,81.8303,False
9.1010,0.0000,0.0000,0.0000,0.0000,False,True,False,False,False,80.5812,False
9.1735,0.0000,0.0000,0.0000,0.0000,False,True,False,False,False,79.3041,False
9.2428,0.0000,0.0000,0.0000,0.0000,False,True,False,False,False,77.9753,False
9.3175,0.0000,0.0000,0.0000,0.0000,False,True,False,False,False,76.5532,False
9.3913,0.0000,0.0000,0.0000,0.0000,False,True,False,False,False,75.1449,False
9.4621,0.0000,0.0000,0.0000,0.0000,False,True,False,False,False,73.6721,False
9.5363,0.0000,0.0000,0.0000,0.0000,False,True,False,False,False,72.2330,False
9.6114,0.0000,0.0000,0.0000,0.0000,False,True,False,False,False,70.8165,False
9.6841,0.0000,0.0000,0.0000,0.0000,False,True,False,False,False,69.3519,False
9.7735,0.0000,0.0000,0.0000,0.0000,False,True,False,False,False,67.8906,False
9.8498,0.0000,0.0000,0.0000,0.0000,False,True,False,False,False,66.3674,False
9.9189,0.0000,0.0000,0.0000,0.0000,False,True,False,False,False,64.6939,False
9.9907,0.0000,0.0000,0.0000,0.0000,False,True,False,False,False,63.2449,False
10.0645,0.0000,0.0000,0.0000,0.0000,False,True,False,False,False,61.8811,False
10.1362,0.0000,0.0000,0.0000,0.0000,False,True,False,False,False,60.4711,False
10.2052,0.0000,0.0000,0.0000,0.0000,False,True,False,False,False,59.0317,False
10.2781,0.0000,0.0000,0.0000,0.0000,False,True,False,False,False,57.6235,False
10.3919,0.0000,0.0000,0.0000,0.0000,False,True,False,False,False,56.2210,False
10.4648,0.0000,0.0000,0.0000,0.0000,False,True,False,False,False,54.5175,False
10.5329,0.0000,0.0000,0.0000,0.0000,False,True,False,False,False,52.4282,False
10.6051,0.0000,0.0000,0.0000,0.0000,False,True,False,False,False,50.9469,False
10.6785,0.0000,0.0000,0.0000,0.0000,False,True,False,False,False,49.5024,False
10.7546,0.0000,0.0000,0.0000,0.0000,False,True,False,False,False,47.9767,False
10.8325,0.0000,0.0000,0.0000,0.0000,False,True,False,False,False,46.4038,False
10.9076,0.0000,0.0000,0.0000,0.0000,False,True,False,False,False,44.7645,False
10.9738,0.0000,0.0000,0.0000,0.0000,False,True,False,False,False,43.0994,False
11.0395,0.0000,0.0000,0.0000,0.0000,False,True,False,False,False,41.5151,False
11.1101,0.0000,0.0000,0.0000,0.0000,False,True,False,False,False,40.0635,False
11.1791,0.0000,0.0000,0.0000,0.0000,False,True,False,False,False,38.5833,False
11.2497,0.0000,0.0000,0.0000,0.0000,False,True,False,False,False,37.0207,False
11.3200,0.0000,0.0000,0.0000,0.0000,False,True,False,False,False,35.4658,False
11.3865,0.0000,0.0000,0.0000,0.0000,False,True,False,False,False,33.8765,False
11.4581,0.0000,0.0000,0.0000,0.0000,False,True,False,False,False,32.3058,False
11.5274,0.0000,0.0000,0.0000,0.0000,False,True,False,False,False,30.7622,False
11.5944,0.0000,0.0000,0.0000,0.0000,False,True,False,False,False,29.1321,False
11.6653,0.0000,0.0000,0.0000,0.0000,False,True,False,False,False,27.5337,False
11.7400,0.0000,0.0000,0.0000,0.0000,False,True,False,False,False,25.9308,False
11.8145,0.0000,0.0000,0.0000,0.0000,False,True,False,False,False,24.2155,False
11.8875,0.0000,0.0000,0.0000,0.0000,False,True,False,False,False,22.4088,False
11.9520,0.0000,0.0000,0.0000,0.0000,False,True,False,False,False,20.5919,False
12.0197,0.0000,0.0000,0.0000,0.0000,False,True,False,False,False,18.8353,False
12.0882,0.0000,0.0000,0.0000,0.0000,False,True,False,False,False,17.2033,False
12.1588,0.0000,0.0000,0.0000,0.0000,False,True,False,False,False,15.5093,False
12.2273,0.0000,0.0000,0.0000,0.0000,False,True,False,False,False,13.7904,False
12.2974,0.0000,0.0000,0.0000,0.0000,False,True,False,False,False,12.0437,False
12.3713,0.0000,0.0000,0.0000,0.0000,False,True,False,False,False,10.3236,False
12.4487,0.0000,0.0000,0.0000,0.0000,False,True,False,False,False,8.5470,False
12.5226,0.0000,0.0000,0.0000,0.0000,False,True,False,False,False,6.6772,False
12.5978,0.0000,0.0000,0.0000,0.0000,False,True,False,False,False,4.7660,False
12.6764,0.0000,0.0000,0.0000,0.0000,False,True,False,False,False,2.9175,False
12.7539,0.0000,0.0000,0.0000,0.0000,False,True,False,False,False,1.0519,False
12.8277,0.0000,0.0000,0.0000,0.0000,False,True,False,False,False,0.9585,False
12.9034,0.0000,0.0000,0.0000,0.0000,False,True,False,False,False,2.8081,False
12.9667,0.0000,0.0000,0.0000,0.0000,False,True,False,False,False,4.6168,False
13.0294,0.0000,0.0000,0.0000,0.0000,False,True,False,False,False,6.3909,False
13.1084,0.0000,0.0000,0.0000,0.0000,False,True,False,False,False,7.9246,False
13.1657,0.0000,0.0000,0.0000,0.0000,False,True,False,False,False,9.5268,False
13.2230,0.0000,0.0000,0.0000,0.0000,False,True,False,False,False,11.2807,False
13.2815,0.0000,0.0000,0.0000,0.0000,False,True,False,False,False,12.6077,False
13.3387,0.0000,0.0000,0.0000,0.0000,False,True,False,False,False,13.9393,False
13.3958,0.0000,0.0000,0.0000,0.0000,False,True,False,False,False,15.2861,False
13.4554,0.0000,0.0000,0.0000,0.0000,False,True,False,False,False,16.6066,False
13.5138,0.0000,0.0000,0.0000,0.0000,False,True,False,False,False,17.9345,False
13.5700,0.0000,0.0000,0.0000,0.0000,False,True,False,False,False,19.2968,False
13.6234,0.0000,0.0000,0.0000,0.0000,False,True,False,False,False,20.6174,False
13.6812,0.0000,0.0000,0.0000,0.0000,False,True,False,False,False,21.8776,False
13.7328,0.0000,0.0000,0.0000,0.0000,False,True,False,False,False,23.1112,False
13.7842,0.0000,0.0000,0.0000,0.0000,False,True,False,False,False,24.3957,False
13.8332,0.0000,0.0000,0.0000,0.0000,False,True,False,False,False,25.5743,False
13.8820,0.0000,0.0000,0.0000,0.0000,False,True,False,False,False,26.7414,False
13.9346,0.0000,0.0000,0.0000,0.0000,False,True,False,False,False,27.8670,False
13.9847,0.0000,0.0000,0.0000,0.0000,False,True,False,False,False,29.0141,False
14.0331,0.0000,0.0000,0.0000,0.0000,False,True,False,False,False,30.2163,False
14.0809,0.0000,0.0000,0.0000,0.0000,False,True,False,False,False,31.3650,False
14.1293,0.0000,0.0000,0.0000,0.0000,False,True,False,False,False,32.4841,False
14.1769,0.0000,0.0000,0.0000,0.0000,False,True,False,False,False,33.5998,False
14.2253,0.0000,0.0000,0.0000,0.0000,False,True,False,False,False,34.7250,False
14.2733,0.0000,0.0000,0.0000,0.0000,False,True,False,False,False,35.8440,False
14.3234,0.0000,0.0000,0.0000,0.0000,False,True,False,False,False,36.9779,False
14.3718,0.0000,0.0000,0.0000,0.0000,False,True,False,False,False,38.1220,False
14.4270,0.0000,0.0000,0.0000,0.0000,False,True,False,False,False,39.2890,False
14.4755,0.0000,0.0000,0.0000,0.0000,False,True,False,False,False,40.4729,False
14.5228,0.0000,0.0000,0.0000,0.0000,False,True,False,False,False,41.7353,False
14.5682,0.0000,0.0000,0.0000,0.0000,False,True,False,False,False,42.8786,False
14.6128,0.0000,0.0000,0.0000,0.0000,False,True,False,False,False,43.9923,False
14.6575,0.0000,0.0000,0.0000,0.0000,False,True,False,False,False,45.0721,False
14.7015,0.0000,0.0000,0.0000,0.0000,False,True,False,False,False,46.1416,False
14.7445,0.0000,0.0000,0.0000,0.0000,False,True,False,False,False,47.2100,False
14.7874,0.0000,0.0000,0.0000,0.0000,False,True,False,False,False,48.2561,False
14.8299,0.0000,0.0000,0.0000,0.0000,False,True,False,False,False,49.2877,False
14.8723,0.0000,0.0000,0.0000,0.0000,False,True,False,False,False,50.3177,False
14.9156,0.0000,0.0000,0.0000,0.0000,False,True,False,False,False,51.3436,False
14.9592,0.0000,0.0000,0.0000,0.0000,False,True,False,False,False,52.3773,False
15.0022,0.0000,0.0000,0.0000,0.0000,False,True,False,False,False,53.4306,False
15.0466,0.0000,0.0000,0.0000,0.0000,False,True,False,False,False,54.4875,False
15.0962,0.0000,0.0000,0.0000,0.0000,False,True,False,False,False,55.5486,False
15.1390,0.0000,0.0000,0.0000,0.0000,False,True,False,False,False,56.6774,False
15.1818,0.0000,0.0000,0.0000,0.0000,False,True,False,False,False,57.8429,False
15.2254,0.0000,0.0000,0.0000,0.0000,False,True,False,False,False,58.8974,False
15.2674,0.0000,0.0000,0.0000,0.0000,False,True,False,False,False,59.9617,False
15.3086,0.0000,0.0000,0.0000,0.0000,False,True,False,False,False,61.0295,False
15.3498,0.0000,0.0000,0.0000,0.0000,False,True,False,False,False,62.0666,False
15.3925,0.0000,0.0000,0.0000,0.0000,False,True,False,False,False,63.0936,False
15.4330,0.0000,0.0000,0.0000,0.0000,False,True,False,False,False,64.1378,False
15.4743,0.0000,0.0000,0.0000,0.0000,False,True,False,False,False,65.1889,False
15.5157,0.0000,0.0000,0.0000,0.0000,False,True,False,False,False,66.2141,False
15.5555,0.0000,0.0000,0.0000,0.0000,False,True,False,False,False,67.2552,False
15.5957,0.0000,0.0000,0.0000,0.0000,False,True,False,False,False,68.2834,False
15.6361,0.0000,0.0000,0.0000,0.0000,False,True,False,False,False,69.2895,False
15.6789,0.0000,0.0000,0.0000,0.0000,False,True,False,False,False,70.3050,False
15.7244,0.0000,0.0000,0.0000,0.0000,False,True,False,False,False,71.3448,False
15.7642,0.0000,0.0000,0.0000,0.0000,False,True,False,False,False,72.4480,False
15.8036,0.0000,0.0000,0.0000,0.0000,False,True,False,False,False,73.5451,False
15.8428,0.0000,0.0000,0.0000,0.0000,False,True,False,False,False,74.5491,False
15.8820,0.0000,0.0000,0.0000,0.0000,False,True,False,False,False,75.5468,False
15.9214,0.0000,0.0000,0.0000,0.0000,False,True,False,False,False,76.5424,False
15.9619,0.0000,0.0000,0.0000,0.0000,False,True,False,False,False,77.5406,False
16.0025,0.0000,0.0000,0.0000,0.0000,False,True,False,False,False,78.5512,False
16.0410,0.0000,0.0000,0.0000,0.0000,False,True,False,False,False,79.5806,False
16.0820,0.0000,0.0000,0.0000,0.0000,False,True,False,False,False,80.5942,False
16.1202,0.0000,0.0000,0.0000,0.0000,False,True,False,False,False,81.5956,False
16.1582,0.0000,0.0000,0.0000,0.0000,False,True,False,False,False,82.6108,False
16.1958,0.0000,0.0000,0.0000,0.0000,False,True,False,False,False,83.5804,False
16.2335,0.0000,0.0000,0.0000,0.0000,False,True,False,False,False,84.5439,False
16.2749,0.0000,0.0000,0.0000,0.0000,False,True,False,False,False,85.5021,False
16.3172,0.0000,0.0000,0.0000,0.0000,False,True,False,False,False,86.4953,False
16.3555,0.0000,0.0000,0.0000,0.0000,False,True,False,False,False,87.5581,False
16.3928,0.0000,0.0000,0.0001,0.0000,False,True,False,False,False,88.6027,False
16.4299,0.0000,0.0000,0.0000,0.0000,False,True,False,False,False,89.5736,False
16.4678,0.0000,0.0000,0.0001,0.0000,False,True,False,False,False,90.5276,False
16.5063,0.0000,0.0000,0.0000,0.0000,False,True,False,False,False,91.4850,False
16.5437,0.0000,0.0000,0.0000,0.0000,False,True,False,False,False,92.4615,False
16.5827,0.0000,0.0000,0.0000,0.0000,False,True,False,False,False,93.4364,False
16.6194,0.0000,0.0000,0.0000,0.0000,False,True,False,False,False,94.4098,False
16.6549,0.0000,0.0000,0.0001,0.0000,False,True,False,False,False,95.3879,False
16.6912,0.0000,0.0000,0.0001,0.0000,False,True,False,False,False,96.3167,False
16.7296,0.0000,0.0000,0.0001,0.0000,False,True,False,False,False,97.2345,False
16.7661,0.0000,0.0000,0.0000,0.0000,False,True,False,False,False,98.1850,False
16.8019,0.0000,0.0000,0.0000,0.0000,False,True,False,False,False,99.1499,False
16.8442,0.0000,0.0000,0.0001,0.0000,False,True,False,False,False,100.0790,False
16.8793,0.0000,0.0000,0.0000,0.0000,False,True,False,False,False,101.0608,False
16.9137,0.0000,0.0000,0.0001,0.0000,False,True,False,False,False,102.0756,False
16.9488,0.0000,0.0000,0.0001,0.0000,False,True,False,False,False,102.9681,False
16.9837,0.0000,0.0000,0.0001,0.0000,False,True,False,False,False,103.8559,False
17.0189,0.0000,0.0000,0.0000,0.0000,False,True,False,False,False,104.7543,False
17.0538,0.0000,0.0000,0.0001,0.0000,False,True,False,False,False,105.6524,False
17.0881,0.0000,0.0000,0.0000,0.0000,False,True,False,False,False,106.5530,False
17.1224,0.0000,0.0000,0.0000,0.0000,False,True,False,False,False,107.4436,False
17.1834,0.0000,0.0000,0.0000,0.0000,False,True,False,False,False,108.3198,False
17.2169,0.0000,0.0000,0.0000,0.0000,False,True,False,False,False,109.4514,False
17.2506,0.0000,0.0000,0.0001,0.0000,False,True,False,False,False,110.7429,False
17.2843,0.0000,0.0000,0.0001,0.0000,False,True,False,False,False,111.6003,False
17.3186,0.0000,0.0000,0.0000,0.0000,False,True,False,False,False,112.4596,False
17.3528,0.0000,0.0000,0.0001,0.0000,False,True,False,False,False,113.3252,False
17.3909,0.0000,0.0000,0.0000,0.0000,False,True,False,False,False,114.2006,False
17.4298,0.0000,0.0000,0.0000,0.0000,False,True,False,False,False,115.1109,False
17.4638,0.0000,0.0000,0.0000,0.0000,False,True,False,False,False,116.0902,False
17.4993,0.0000,0.0000,0.0000,0.0000,False,True,False,False,False,117.0351,False
17.5337,0.0000,0.0000,0.0000,0.0000,False,True,False,False,False,117.9178,False
17.5673,0.0000,0.0000,0.0000,0.0000,False,True,False,False,False,118.8140,False
17.6014,0.0000,0.0000,0.0000,0.0000,False,True,False,False,False,119.6849,False
17.6353,0.0000,0.0000,0.0000,0.0000,False,True,False,False,False,120.5479,False
17.6686,0.0000,0.0000,0.0000,0.0000,False,True,False,False,False,121.4159,False
17.7026,0.0000,0.0000,0.0000,0.0000,False,True,False,False,False,122.2763,False
17.7368,0.0000,0.0000,0.0000,0.0000,False,True,False,False,False,123.1335,False
17.7714,0.0000,0.0000,0.0000,0.0000,False,True,False,False,False,124.0036,False
17.8057,0.0000,0.0000,0.0000,0.0000,False,True,False,False,False,124.8816,False
17.8399,0.0000,0.0000,0.0000,0.0000,False,True,False,False,False,125.7622,False
17.8737,0.0000,0.0000,0.0000,0.0000,False,True,False,False,False,126.6370,False
17.9111,0.0000,0.0000,0.0000,0.0000,False,True,False,False,False,127.5065,False
17.9502,0.0000,0.0000,0.0000,0.0000,False,True,False,False,False,128.4045,False
17.9836,0.0000,0.0000,0.0000,0.0000,False,True,False,False,False,129.3757,False
18.0175,0.0000,0.0000,0.0000,0.0000,False,True,False,False,False,130.3193,False
18.0513,0.0000,0.0000,0.0000,0.0000,False,True,False,False,False,131.1786,False
18.0856,0.0000,0.0000,0.0000,0.0000,False,True,False,False,False,132.0431,False
18.1197,0.0000,0.0000,0.0000,0.0000,False,True,False,False,False,132.9113,False
18.1537,0.0000,0.0000,0.0000,0.0000,False,True,False,False,False,133.7867,False
18.1875,0.0000,0.0000,0.0000,0.0000,False,True,False,False,False,134.6567,False
18.2216,0.0000,0.0000,0.0000,0.0000,False,True,False,False,False,135.5229,False
18.2568,0.0000,0.0000,0.0000,0.0000,False,True,False,False,False,136.3889,False
18.2903,0.0000,0.0000,0.0000,0.0000,False,True,False,False,False,137.2711,False
18.3243,0.0000,0.0000,0.0000,0.0000,False,True,False,False,False,138.1539,False
18.3586,0.0000,0.0000,0.0000,0.0000,False,True,False,False,False,139.0152,False
18.3921,0.0000,0.0000,0.0000,0.0000,False,True,False,False,False,139.8872,False
18.4331,0.0000,0.0000,0.0000,0.0000,False,True,False,False,False,140.7560,False
18.4669,0.0000,0.0000,0.0000,0.0000,False,True,False,False,False,141.6877,False
18.5357,0.0000,0.0000,0.0000,0.0000,False,True,False,False,False,142.6640,False
18.5686,0.0000,0.0000,0.0000,0.0000,False,True,False,False,False,143.8757,False
18.6016,0.0000,0.0000,0.0000,0.0000,False,True,False,False,False,145.2767,False
18.6350,0.0000,0.0000,0.0000,0.0000,False,True,False,False,False,146.1184,False
18.6684,0.0000,0.0000,0.0000,0.0000,False,True,False,False,False,146.9664,False
18.7027,0.0000,0.0000,0.0000,0.0000,False,True,False,False,False,147.8200,False
18.7372,0.0000,0.0000,0.0000,0.0000,False,True,False,False,False,148.6825,False
18.7711,0.0000,0.0000,0.0001,0.0000,False,True,False,False,False,149.5620,False
18.8056,0.0000,0.0000,0.0000,0.0000,False,True,False,False,False,150.4385,False
18.8398,0.0000,0.0000,0.0000,0.0000,False,True,False,False,False,151.3109,False
18.8740,0.0000,0.0000,0.0000,0.0000,False,True,False,False,False,152.1863,False
18.9085,0.0000,0.0000,0.0000,0.0000,False,True,False,False,False,153.0565,False
18.9423,0.0000,0.0000,0.0000,0.0000,False,True,False,False,False,153.9301,False
18.9792,0.0000,0.0000,0.0000,0.0000,False,True,False,False,False,154.8017,False
19.0185,0.0000,0.0000,0.0000,0.0000,False,True,False,False,False,155.6930,False
19.0563,0.0000,0.0000,0.0000,0.0000,False,True,False,False,False,156.6571,False
19.0904,0.0000,0.0000,0.0000,0.0000,False,True,False,False,False,157.6436,False
19.1248,0.0000,0.0000,0.0000,0.0000,False,True,False,False,False,158.5709,False
19.1589,0.0000,0.0000,0.0000,0.0000,False,True,False,False,False,159.4437,False
19.1924,0.0000,0.0000,0.0000,0.0000,False,True,False,False,False,160.3187,False
19.2265,0.0000,0.0000,0.0000,0.0000,False,True,False,False,False,161.1814,False
19.2606,0.0000,0.0000,0.0000,0.0000,False,True,False,False,False,162.0405,False
19.2945,0.0000,0.0000,0.0000,0.0000,False,True,False,False,False,162.9098,False
19.3286,0.0000,0.0000,0.0000,0.0000,False,True,False,False,False,163.7770,False
19.3627,0.0000,0.0000,0.0000,0.0000,False,True,False,False,False,164.6437,False
19.3965,0.0000,0.0000,0.0000,0.0000,False,True,False,False,False,165.5142,False
19.4299,0.0000,0.0000,0.0000,0.0000,False,True,False,False,False,166.3800,False
19.4640,0.0000,0.0000,0.0000,0.0000,False,True,False,False,False,167.2370,False
19.5017,0.0000,0.0000,0.0000,0.0000,False,True,False,False,False,168.0967,False
19.5409,0.0000,0.0000,0.0000,0.0000,False,True,False,False,False,169.0031,False
19.5749,0.0000,0.0000,0.0000,0.0000,False,True,False,False,False,169.9791,False
19.6085,0.0000,0.0000,0.0000,0.0000,False,True,False,False,False,170.9269,False
19.6422,0.0000,0.0000,0.0000,0.0000,False,True,False,False,False,171.7902,False
19.6756,0.0000,0.0000,0.0000,0.0000,False,True,False,False,False,172.6510,False
19.7091,0.0000,0.0000,0.0000,0.0000,False,True,False,False,False,173.5104,False
19.7426,0.0000,0.0000,0.0000,0.0000,False,True,False,False,False,174.3667,False
19.7767,0.0000,0.0000,0.0000,0.0000,False,True,False,False,False,175.2239,False
19.8108,0.0000,0.0000,0.0000,0.0000,False,True,False,False,False,176.0878,False
19.8448,0.0000,0.0000,0.0000,0.0000,False,True,False,False,False,176.9609,False
19.9077,0.0000,0.0000,0.0000,0.0000,False,True,False,False,False,177.8325,False
19.9407,0.0000,0.0000,0.0000,0.0000,False,True,False,False,False,178.9957,False
19.9737,0.0000,0.0000,0.0000,0.0000,False,True,False,False,False,180.3017,False
20.0070,0.0000,0.0000,0.0000,0.0000,False,True,False,False,False,181.1472,False
20.0502,0.0000,0.0000,0.0000,0.0000,False,True,False,False,False,181.9957,False
20.0834,0.0000,0.0000,0.0000,0.0000,False,True,False,False,False,182.9481,False
20.1169,0.0000,0.0000,0.0000,0.0000,False,True,False,False,False,183.9521,False
20.1505,0.0000,0.0000,0.0000,0.0000,False,True,False,False,False,184.8058,False
20.1841,0.0000,0.0000,0.0000,0.0000,False,True,False,False,False,185.6646,False
20.2180,0.0000,0.0000,0.0000,0.0000,False,True,False,False,False,186.5249,False
20.2512,0.0000,0.0000,0.0000,0.0000,False,True,False,False,False,187.3878,False
20.2851,0.0000,0.0000,0.0001,0.0000,False,True,False,False,False,188.2483,False
20.3195,0.0000,0.0000,0.0000,0.0000,False,True,False,False,False,189.1060,False
20.3531,0.0000,0.0000,0.0000,0.0000,False,True,False,False,False,189.9760,False
20.3868,0.0000,0.0000,0.0000,0.0000,False,True,False,False,False,190.8449,False
20.4205,0.0000,0.0000,0.0000,0.0000,False,True,False,False,False,191.7031,False
20.4558,0.0000,0.0000,0.0000,0.0000,False,True,False,False,False,192.5625,False
20.4901,0.0000,0.0000,0.0000,0.0000,False,True,False,False,False,193.4388,False
20.5248,0.0000,0.0000,0.0000,0.0000,False,True,False,False,False,194.3287,False
20.5755,0.0000,0.0000,0.0000,0.0000,False,True,False,False,False,195.2088,False
20.6163,0.0000,0.0000,0.0000,0.0000,False,True,False,False,False,196.2571,False
20.6561,0.0000,0.0000,0.0000,0.0000,False,True,False,False,False,197.4505,False
20.6955,0.0000,0.0000,0.0000,0.0000,False,True,False,False,False,198.4829,False
20.7364,0.0000,0.0000,0.0000,0.0000,False,True,False,False,False,199.4946,False
20.7742,0.0000,0.0000,0.0000,0.0000,False,True,False,False,False,200.5157,False
20.8130,0.0000,0.0000,0.0000,0.0000,False,True,False,False,False,201.5279,False
20.8508,0.0000,0.0000,0.0000,0.0000,False,True,False,False,False,202.5021,False
20.8896,0.0000,0.0000,0.0000,0.0000,False,True,False,False,False,203.4828,False
20.9305,0.0000,0.0000,0.0000,0.0000,False,True,False,False,False,204.4578,False
20.9707,0.0000,0.0000,0.0000,0.0000,False,True,False,False,False,205.4692,False
21.0083,0.0000,0.0000,0.0000,0.0000,False,True,False,False,False,206.5059,False
21.0452,0.0000,0.0000,0.0000,0.0000,False,True,False,False,False,207.5056,False
21.0856,0.0000,0.0000,0.0000,0.0000,False,True,False,False,False,208.4588,False
21.1259,0.0000,0.0000,0.0000,0.0000,False,True,False,False,False,209.4366,False
21.1729,0.0000,0.0000,0.0000,0.0000,False,True,False,False,False,210.4671,False
21.2142,0.0000,0.0000,0.0000,0.0000,False,True,False,False,False,211.5643,False
21.2523,0.0000,0.0000,0.0000,0.0000,False,True,False,False,False,212.7059,False
21.2907,0.0000,0.0000,0.0000,0.0000,False,True,False,False,False,213.7292,False
21.3296,0.0000,0.0000,0.0000,0.0000,False,True,False,False,False,214.7092,False
21.3690,0.0000,0.0000,0.0000,0.0000,False,True,False,False,False,215.6998,False
21.4077,0.0000,0.0000,0.0000,0.0000,False,True,False,False,False,216.7019,False
21.4469,0.0000,0.0000,0.0000,0.0000,False,True,False,False,False,217.7041,False
21.4872,0.0000,0.0000,0.0000,0.0000,False,True,False,False,False,218.7003,False
21.5261,0.0000,0.0000,0.0000,0.0000,False,True,False,False,False,219.7162,False
21.5643,0.0000,0.0000,0.0000,0.0000,False,True,False,False,False,220.7354,False
21.6103,0.0000,0.0000,0.0000,0.0000,False,True,False,False,False,221.7255,False
21.6528,0.0000,0.0000,0.0000,0.0000,False,True,False,False,False,222.7843,False
21.6899,0.0000,0.0000,0.0000,0.0000,False,True,False,False,False,223.9269,False
21.7316,0.0000,0.0000,0.0000,0.0000,False,True,False,False,False,224.9605,False
21.7755,0.0000,0.0000,0.0000,0.0000,False,True,False,False,False,225.9594,False
21.8124,0.0000,0.0000,0.0000,0.0000,False,True,False,False,False,227.0507,False
21.8494,0.0000,0.0000,0.0000,0.0000,False,True,False,False,False,228.1033,False
21.8858,0.0000,0.0000,0.0000,0.0000,False,True,False,False,False,229.0506,False
21.9228,0.0000,0.0000,0.0000,0.0000,False,True,False,False,False,229.9926,False
21.9593,0.0000,0.0000,0.0000,0.0000,False,True,False,False,False,230.9325,False
21.9988,0.0000,0.0000,0.0000,0.0000,False,True,False,False,False,231.8750,False
22.0354,0.0000,0.0000,0.0000,0.0000,False,True,False,False,False,232.8409,False
22.0751,0.0000,0.0000,0.0000,0.0000,False,True,False,False,False,233.8241,False
22.1155,0.0000,0.0000,0.0000,0.0000,False,True,False,False,False,234.7944,False
22.1579,0.0000,0.0000,0.0000,0.0000,False,True,False,False,False,235.8185,False
22.1981,0.0000,0.0000,0.0000,0.0000,False,True,False,False,False,236.8754,False
22.2381,0.0000,0.0000,0.0000,0.0000,False,True,False,False,False,237.9396,False
22.2778,0.0000,0.0000,0.0000,0.0000,False,True,False,False,False,238.9675,False
22.3216,0.0000,0.0000,0.0000,0.0000,False,True,False,False,False,239.9908,False
22.3580,0.0000,0.0000,0.0000,0.0000,False,True,False,False,False,241.0513,False
22.3948,0.0000,0.0000,0.0000,0.0000,False,True,False,False,False,242.0975,False
22.4316,0.0000,0.0000,0.0000,0.0000,False,True,False,False,False,243.0345,False
22.4690,0.0000,0.0000,0.0000,0.0000,False,True,False,False,False,243.9778,False
22.5101,0.0000,0.0000,0.0000,0.0000,False,True,False,False,False,244.9278,False
22.5481,0.0000,0.0000,0.0000,0.0000,False,True,False,False,False,245.9249,False
22.5894,0.0000,0.0000,0.0000,0.0000,False,True,False,False,False,246.9459,False
22.6286,0.0000,0.0000,0.0000,0.0000,False,True,False,False,False,247.9544,False
22.6660,0.0000,0.0000,0.0000,0.0000,False,True,False,False,False,248.9913,False
22.7036,0.0000,0.0000,0.0000,0.0000,False,True,False,False,False,249.9768,False
22.7407,0.0000,0.0000,0.0000,0.0000,False,True,False,False,False,250.9383,False
22.7782,0.0000,0.0000,0.0000,0.0000,False,True,False,False,False,251.8969,False
22.8153,0.0000,0.0000,0.0000,0.0000,False,True,False,False,False,252.8516,False
22.8559,0.0000,0.0000,0.0000,0.0000,False,True,False,False,False,253.8091,False
22.9006,0.0000,0.0000,0.0000,0.0000,False,True,False,False,False,254.7966,False
22.9451,0.0000,0.0000,0.0000,0.0000,False,True,False,False,False,255.8795,False
22.9916,0.0000,0.0000,0.0000,0.0000,False,True,False,False,False,257.0232,False
23.0368,0.0000,0.0000,0.0000,0.0000,False,True,False,False,False,258.1857,False
23.0737,0.0000,0.0000,0.0000,0.0000,False,True,False,False,False,259.3649,False
23.1134,0.0000,0.0000,0.0000,0.0000,False,True,False,False,False,260.4371,False
23.1501,0.0000,0.0000,0.0000,0.0000,False,True,False,False,False,261.4123,False
23.1873,0.0000,0.0000,0.0000,0.0000,False,True,False,False,False,262.3980,False
23.2287,0.0000,0.0000,0.0000,0.0000,False,True,False,False,False,263.3436,False
23.2698,0.0000,0.0000,0.0000,0.0000,False,True,False,False,False,264.3416,False
23.3090,0.0000,0.0000,0.0000,0.0000,False,True,False,False,False,265.4003,False
23.3456,0.0000,0.0000,0.0000,0.0000,False,True,False,False,False,266.4335,False
23.3826,0.0000,0.0000,0.0000,0.0000,False,True,False,False,False,267.4113,False
23.4209,0.0000,0.0000,0.0000,0.0000,False,True,False,False,False,268.3536,False
23.4593,0.0000,0.0000,0.0000,0.0000,False,True,False,False,False,269.3165,False
23.4984,0.0000,0.0000,0.0000,0.0000,False,True,False,False,False,270.2997,False
23.5406,0.0000,0.0000,0.0000,0.0000,False,True,False,False,False,271.2913,False
23.5827,0.0000,0.0000,0.0000,0.0000,False,True,False,False,False,272.3272,False
23.6272,0.0000,0.0000,0.0000,0.0000,False,True,False,False,False,273.4078,False
23.6699,0.0000,0.0000,0.0000,0.0000,False,True,False,False,False,274.5115,False
23.7125,0.0000,0.0000,0.0000,0.0000,False,True,False,False,False,275.6332,False
23.7529,0.0000,0.0000,0.0000,0.0000,False,True,False,False,False,276.7266,False
23.7949,0.0000,0.0000,0.0000,0.0000,False,True,False,False,False,277.7957,False
23.8338,0.0000,0.0000,0.0000,0.0000,False,True,False,False,False,278.8459,False
23.8721,0.0000,0.0000,0.0000,0.0000,False,True,False,False,False,279.8878,False
23.9119,0.0000,0.0000,0.0000,0.0000,False,True,False,False,False,280.8749,False
23.9509,0.0000,0.0000,0.0000,0.0000,False,True,False,False,False,281.8684,False
23.9895,0.0000,0.0000,0.0000,0.0000,False,True,False,False,False,282.8782,False
24.0282,0.0000,0.0000,0.0000,0.0000,False,True,False,False,False,283.8707,False
24.0665,0.0000,0.0000,0.0000,0.0000,False,True,False,False,False,284.8570,False
24.1084,0.0000,0.0000,0.0000,0.0000,False,True,False,False,False,285.8423,False
24.1472,0.0000,0.0000,0.0000,0.0000,False,True,False,False,False,286.8594,False
24.1915,0.0000,0.0000,0.0000,0.0000,False,True,False,False,False,287.8975,False
24.2372,0.0000,0.0000,0.0000,0.0000,False,True,False,False,False,288.9451,False
24.2754,0.0000,0.0000,0.0000,0.0000,False,True,False,False,False,290.0920,False
24.3138,0.0000,0.0000,0.0000,0.0000,False,True,False,False,False,291.1828,False
24.3557,0.0000,0.0000,0.0000,0.0000,False,True,False,False,False,292.1621,False
24.3941,0.0000,0.0000,0.0000,0.0000,False,True,False,False,False,293.1786,False
24.4337,0.0000,0.0000,0.0000,0.0000,False,True,False,False,False,294.2132,False
24.4735,0.0000,0.0000,0.0000,0.0000,False,True,False,False,False,295.2082,False
24.5187,0.0000,0.0000,0.0000,0.0000,False,True,False,False,False,296.2221,False
24.5592,0.0000,0.0000,0.0000,0.0000,False,True,False,False,False,297.2949,False
24.5984,0.0000,0.0000,0.0000,0.0000,False,True,False,False,False,298.4009,False
24.6521,0.0000,0.0000,0.0000,0.0000,False,True,False,False,False,299.4230,False
24.7242,0.0000,0.0000,0.0000,0.0000,False,True,False,False,False,300.5756,False
24.7895,0.0000,0.0000,0.0000,0.0000,False,True,False,False,False,302.1438,False
24.8509,0.0000,0.0000,0.0000,0.0000,False,True,False,False,False,303.9231,False
24.9061,0.0000,0.0000,0.0000,0.0000,False,True,False,False,False,305.5587,False
24.9590,0.0000,0.0000,0.0000,0.0000,False,True,False,False,False,307.0693,False
25.0109,0.0000,0.0000,0.0000,0.0000,False,True,False,False,False,308.4618,False
25.0593,0.0000,0.0000,0.0000,0.0000,False,True,False,False,False,309.8094,False
25.1099,0.0000,0.0000,0.0000,0.0000,False,True,False,False,False,311.1041,False
25.1603,0.0000,0.0000,0.0000,0.0000,False,True,False,False,False,312.3700,False
25.2035,0.0000,0.0000,0.0000,0.0000,False,True,False,False,False,313.6672,False
25.2495,0.0000,0.0000,0.0001,0.0000,False,True,False,False,False,314.8851,False
25.2981,0.0000,0.0000,0.0001,0.0000,False,True,False,False,False,316.0246,False
25.3683,0.0000,0.0000,0.0000,0.0000,False,True,False,False,False,317.2331,False
25.4159,0.0000,0.0000,0.0000,0.0000,False,True,False,False,False,318.7077,False
25.4636,0.0000,0.0000,0.0000,0.0000,False,True,False,False,False,320.2719,False
25.5128,0.0000,0.0000,0.0000,0.0000,False,True,False,False,False,321.4941,False
25.5591,0.0000,0.0000,0.0000,0.0000,False,True,False,False,False,322.7352,False
25.6056,0.0000,0.0000,0.0000,0.0000,False,True,False,False,False,323.9673,False
25.6528,0.0000,0.0000,0.0000,0.0000,False,True,False,False,False,325.1571,False
25.6944,0.0000,0.0000,0.0000,0.0000,False,True,False,False,False,326.3584,False
25.7347,0.0000,0.0000,0.0000,0.0000,False,True,False,False,False,327.5117,False
25.7789,0.0000,0.0000,0.0000,0.0000,False,True,False,False,False,328.5668,False
25.8203,0.0000,0.0000,0.0000,0.0000,False,True,False,False,False,329.6380,False
25.8616,0.0000,0.0000,0.0000,0.0000,False,True,False,False,False,330.7362,False
25.9025,0.0000,0.0000,0.0000,0.0000,False,True,False,False,False,331.7920,False
25.9482,0.0000,0.0000,0.0000,0.0000,False,True,False,False,False,332.8420,False
25.9912,0.0000,0.0000,0.0000,0.0000,False,True,False,False,False,333.9356,False
26.0320,0.0000,0.0000,0.0000,0.0000,False,True,False,False,False,335.0729,False
26.0761,0.0000,0.0000,0.0000,0.0000,False,True,False,False,False,336.1472,False
26.1219,0.0000,0.0000,0.0000,0.0000,False,True,False,False,False,337.2230,False
26.1684,0.0000,0.0000,0.0000,0.0000,False,True,False,False,False,338.3671,False
26.2197,0.0000,0.0000,0.0000,0.0000,False,True,False,False,False,339.5437,False
26.2716,0.0000,0.0000,0.0000,0.0000,False,True,False,False,False,340.7799,False
26.3186,0.0000,0.0000,0.0000,0.0000,False,True,False,False,False,342.0948,False
26.3655,0.0000,0.0000,0.0000,0.0000,False,True,False,False,False,343.3679,False
26.4153,0.0000,0.0000,0.0000,0.0000,False,True,False,False,False,344.5661,False
26.4682,0.0000,0.0000,0.0000,0.0000,False,True,False,False,False,345.7931,False
26.5188,0.0000,0.0000,0.0000,0.0000,False,True,False,False,False,347.0970,False
26.5684,0.0000,0.0000,0.0000,0.0000,False,True,False,False,False,348.4234,False
26.6163,0.0000,0.0000,0.0000,0.0000,False,True,False,False,False,349.7042,False
26.6693,0.0000,0.0000,0.0000,0.0000,False,True,False,False,False,350.9521,False
26.7199,0.0000,0.0000,0.0000,0.0000,False,True,False,False,False,352.2278,False
26.7725,0.0000,0.0000,0.0000,0.0000,False,True,False,False,False,353.5556,False
26.8218,0.0000,0.0000,0.0000,0.0000,False,True,False,False,False,354.8668,False
26.8728,0.0000,0.0000,0.0000,0.0000,False,False,False,False,False,354.8668,False
26.9227,0.0000,0.0000,0.0000,0.0000,False,False,False,False,False,354.8668,False
26.9733,0.0000,0.0000,0.0000,0.0000,False,False,False,False,False,354.8668,False
27.0179,0.0000,0.0000,0.0000,0.0000,False,False,False,False,False,354.8668,False
27.0616,0.0000,0.0000,0.0000,0.0000,False,False,False,False,False,354.8668,False
27.1046,0.0000,0.0000,0.0000,0.0000,False,False,False,False,False,354.8668,False
27.1504,0.0000,0.0000,0.0000,0.0000,False,False,False,False,False,354.8668,False
27.1960,0.0000,0.0000,0.0000,0.0000,False,False,False,False,False,354.8668,False
27.2424,0.0000,0.0000,0.0000,0.0000,False,False,False,False,False,354.8668,False
27.2880,0.0000,0.0000,0.0000,0.0000,False,False,False,False,False,354.8668,False
27.3342,0.0000,0.0000,0.0000,0.0000,False,False,False,False,False,354.8668,False
27.3797,0.0000,0.0000,0.0000,0.0000,False,False,False,False,False,354.8668,False
27.4284,0.0000,0.0000,0.0000,0.0000,False,False,False,False,False,354.8668,False
27.4746,0.0000,0.0000,0.0000,0.0000,False,False,False,False,False,354.8668,False
27.5232,0.0000,0.0000,0.0000,0.0000,False,False,False,False,False,354.8668,False
27.5762,0.0000,0.0000,0.0000,0.0000,False,False,False,False,False,354.8668,False
27.6331,0.0000,0.0000,0.0000,0.0000,False,False,False,False,False,354.8668,False
27.6844,0.0000,0.0000,0.0000,0.0000,False,False,False,False,False,354.8668,False
27.7327,0.0000,0.0000,0.0000,0.0000,False,False,False,False,False,354.8668,False
27.7828,0.0000,0.0000,0.0000,0.0000,False,False,False,False,False,354.8668,False
27.8292,0.0000,0.0000,0.0000,0.0000,False,False,False,False,False,354.8668,False
27.8768,0.0000,0.0000,0.0000,0.0000,False,False,False,False,False,354.8668,False
27.9293,0.0000,0.0000,0.0000,0.0000,False,False,False,False,False,354.8668,False
27.9784,0.0000,0.0000,0.0000,0.0000,False,False,False,False,False,354.8668,False
28.0260,0.0000,0.0000,0.0000,0.0000,False,False,False,False,False,354.8668,False
28.0957,0.0000,0.0000,0.0000,0.0000,False,False,False,False,False,354.8668,False
28.1438,0.0000,0.0000,0.0000,0.0000,False,False,False,False,False,354.8668,False
28.1930,0.0000,0.0000,0.0000,0.0000,False,False,False,False,False,354.8668,False
28.2396,0.0000,0.0000,0.0000,0.0000,False,False,False,False,False,354.8668,False
28.2870,0.0000,0.0000,0.0000,0.0000,False,False,False,False,False,354.8668,False
28.3462,0.0000,0.0000,0.0000,0.0000,False,False,False,False,False,354.8668,False
28.3946,0.0000,0.0000,0.0000,0.0000,False,False,False,False,False,354.8668,False
28.4436,0.0000,0.0000,0.0000,0.0000,False,False,False,False,False,354.8668,False
28.4929,0.0000,0.0000,0.0000,0.0000,False,False,False,False,False,354.8668,False
28.5456,0.0000,0.0000,0.0000,0.0000,False,False,False,False,False,354.8668,False
28.5933,0.0000,0.0000,0.0000,0.0000,False,False,False,False,False,354.8668,False
28.6410,0.0000,0.0000,0.0000,0.0000,False,False,False,False,False,354.8668,False
28.6916,0.0000,0.0000,0.0000,0.0000,False,False,False,False,False,354.8668,False
28.7461,0.0000,0.0000,0.0000,0.0000,False,False,False,False,False,354.8668,False
28.7983,0.0000,0.0000,0.0000,0.0000,False,False,False,False,False,354.8668,False
28.8495,0.0000,0.0000,0.0000,0.0000,False,False,False,False,False,354.8668,False
28.9035,0.0000,0.0000,0.0000,0.0000,False,False,False,False,False,354.8668,False
28.9609,0.0000,0.0000,0.0000,0.0000,False,False,False,False,False,354.8668,False
29.0165,0.0000,0.0000,0.0000,0.0000,False,False,False,False,False,354.8668,False
29.0785,0.0000,0.0000,0.0000,0.0000,False,False,False,False,False,354.8668,False
29.1349,0.0000,0.0000,0.0000,0.0000,False,False,False,False,False,354.8668,False
29.1928,0.0000,0.0000,0.0000,0.0000,False,False,False,False,False,354.8668,False
29.2475,0.0000,0.0000,0.0000,0.0000,False,False,False,False,False,354.8668,False
29.3043,0.0000,0.0000,0.0000,0.0000,False,False,False,False,False,354.8668,False
29.3629,0.0000,0.0000,0.0000,0.0000,False,False,False,False,False,354.8668,False
29.4187,0.0000,0.0000,0.0000,0.0000,False,False,False,False,False,354.8668,False
29.4803,0.0000,0.0000,0.0000,0.0000,False,False,False,False,False,354.8668,False
29.5409,0.0000,0.0000,0.0000,0.0000,False,False,False,False,False,354.8668,False
29.5972,0.0000,0.0000,0.0000,0.0000,False,False,False,False,False,354.8668,False
29.6531,0.0000,0.0000,0.0000,0.0000,False,False,False,False,False,354.8668,False
29.7119,0.0000,0.0000,0.0000,0.0000,False,False,False,False,False,354.8668,False
29.7694,0.0000,0.0000,0.0000,0.0000,False,False,False,False,False,354.8668,False
29.8304,0.0000,0.0000,0.0000,0.0000,False,False,False,False,False,354.8668,False
29.8991,0.0000,0.0000,0.0000,0.0000,False,False,False,False,False,354.8668,False
29.9608,0.0000,0.0000,0.0000,0.0000,False,False,False,False,False,354.8668,False
30.0237,0.0000,0.0000,0.0000,0.0000,False,False,False,False,False,354.8668,False
30.0890,0.0000,0.0000,0.0000,0.0000,False,False,False,False,False,354.8668,False
30.1533,0.0000,0.0000,0.0000,0.0000,False,False,False,False,False,354.8668,False
30.2222,0.0000,0.0000,0.0000,0.0000,False,False,False,False,False,354.8668,False
30.2855,0.0000,0.0000,0.0000,0.0000,False,False,False,False,False,354.8668,False
30.3483,0.0000,0.0000,0.0000,0.0000,False,False,False,False,False,354.8668,False
30.4115,0.0000,0.0000,0.0000,0.0000,False,False,False,False,False,354.8668,False
30.4769,0.0000,0.0000,0.0000,0.0000,False,False,False,False,False,354.8668,False
30.5436,0.0000,0.0000,0.0000,0.0000,False,False,False,False,False,354.8668,False
30.6109,0.0000,0.0000,0.0000,0.0000,False,False,False,False,False,354.8668,False
30.6755,0.0000,0.0000,0.0000,0.0000,False,False,False,False,False,354.8668,False
30.7488,0.0000,0.0000,0.0000,0.0000,False,False,False,False,False,354.8668,False
30.8298,0.0000,0.0000,0.0000,0.0000,False,False,False,False,False,354.8668,False
30.9044,0.0000,0.0000,0.0000,0.0000,False,False,False,False,False,354.8668,False
30.9835,0.0000,0.0000,0.0000,0.0000,False,False,False,False,False,354.8668,False
31.0514,0.0000,0.0000,0.0000,0.0000,False,False,False,False,False,354.8668,False
31.1156,0.0000,0.0000,0.0000,0.0000,False,False,False,False,False,354.8668,False
31.1806,0.0000,0.0000,0.0000,0.0000,False,False,False,False,False,354.8668,False
31.2466,0.0000,0.0000,0.0000,0.0000,False,False,False,False,False,354.8668,False
31.3113,0.0000,0.0000,0.0000,0.0000,False,False,False,False,False,354.8668,False
31.3783,0.0000,0.0000,0.0000,0.0000,False,False,False,False,False,354.8668,False
31.4436,0.0000,0.0000,0.0000,0.0000,False,False,False,False,False,354.8668,False
31.5109,0.0000,0.0000,0.0000,0.0000,False,False,False,False,False,354.8668,False
31.5823,0.0000,0.0000,0.0000,0.0000,False,False,False,False,False,354.8668,False
31.6505,0.0000,0.0000,0.0000,0.0000,False,False,False,False,False,354.8668,False
31.7206,0.0000,0.0000,0.0000,0.0000,False,False,False,False,False,354.8668,False
31.7974,0.0000,0.0000,0.0000,0.0000,False,False,False,False,False,354.8668,False
31.8635,0.0000,0.0000,0.0000,0.0000,False,False,False,False,False,354.8668,False
31.9312,0.0000,0.0000,0.0000,0.0000,False,False,False,False,False,354.8668,False
32.0019,0.0000,0.0000,0.0000,0.0000,False,False,False,False,False,354.8668,False
32.0736,0.0000,0.0000,0.0000,0.0000,False,False,False,False,False,354.8668,False
32.1449,0.0000,0.0000,0.0000,0.0000,False,False,False,False,False,354.8668,False
32.2166,0.0000,0.0000,0.0000,0.0000,False,False,False,False,False,354.8668,False
32.2909,0.0000,0.0000,0.0000,0.0000,False,False,False,False,False,354.8668,False
32.3599,0.0000,0.0000,0.0000,0.0000,False,False,False,False,False,354.8668,False
32.4269,0.0000,0.0000,0.0000,0.0000,False,False,False,False,False,354.8668,False
32.4984,0.0000,0.0000,0.0000,0.0000,False,False,False,False,False,354.8668,False
32.5649,0.0000,0.0000,0.0000,0.0000,False,False,False,False,False,354.8668,False
32.6304,0.0000,0.0000,0.0000,0.0000,False,False,False,False,False,354.8668,False
32.6945,0.0000,0.0000,0.0000,0.0000,False,False,False,False,False,354.8668,False
32.7663,0.0000,0.0000,0.0000,0.0000,False,False,False,False,False,354.8668,False
32.8341,0.0000,0.0000,0.0000,0.0000,False,False,False,False,False,354.8668,False
32.8996,0.0000,0.0000,0.0000,0.0000,False,False,False,False,False,354.8668,False
32.9684,0.0000,0.0000,0.0000,0.0000,False,False,False,False,False,354.8668,False
33.0376,0.0000,0.0000,0.0000,0.0000,False,False,False,False,False,354.8668,False
33.1039,0.0000,0.0000,0.0000,0.0000,False,False,False,False,False,354.8668,False
33.1681,0.0000,0.0000,0.0000,0.0000,False,False,False,False,False,354.8668,False
33.2401,0.0000,0.0000,0.0000,0.0000,False,False,False,False,False,354.8668,False
33.3115,0.0000,0.0000,0.0000,0.0000,False,False,False,False,False,354.8668,False
33.3738,0.0000,0.0000,0.0000,0.0000,False,False,False,False,False,354.8668,False
33.4327,0.0000,0.0000,0.0000,0.0000,False,False,False,False,False,354.8668,False
33.4918,0.0000,0.0000,0.0000,0.0000,False,False,False,False,False,354.8668,False
33.5487,0.0000,0.0000,0.0000,0.0000,False,False,False,False,False,354.8668,False
33.6069,0.0000,0.0000,0.0000,0.0000,False,False,False,False,False,354.8668,False
33.6743,0.0000,0.0000,0.0000,0.0000,False,False,False,False,False,354.8668,False
33.7340,0.0000,0.0000,0.0000,0.0000,False,False,False,False,False,354.8668,False
33.7932,0.0000,0.0000,0.0000,0.0000,False,False,False,False,False,354.8668,False
33.8485,0.0000,0.0000,0.0000,0.0000,False,False,False,False,False,354.8668,False
33.8978,0.0000,0.0000,0.0000,0.0000,False,False,False,False,False,354.8668,False
33.9447,0.0000,0.0000,0.0000,0.0000,False,False,False,False,False,354.8668,False
33.9916,0.0000,0.0000,0.0000,0.0000,False,False,False,False,False,354.8668,False
34.0376,0.0000,0.0000,0.0000,0.0000,False,False,False,False,False,354.8668,False
34.0819,0.0000,0.0000,0.0000,0.0000,False,False,False,False,False,354.8668,False
34.1263,0.0000,0.0000,0.0000,0.0000,False,False,False,False,False,354.8668,False
34.1704,0.0000,0.0000,0.0000,0.0000,False,False,False,False,False,354.8668,False
34.2165,0.0000,0.0000,0.0000,0.0000,False,False,False,False,False,354.8668,False
34.2606,0.0000,0.0000,0.0000,0.0000,False,False,False,False,False,354.8668,False
34.3068,0.0000,0.0000,0.0000,0.0000,False,False,False,False,False,354.8668,False
34.3548,0.0000,0.0000,0.0000,0.0000,False,False,False,False,False,354.8668,False
34.4032,0.0000,0.0000,0.0000,0.0000,False,False,False,False,False,354.8668,False
34.4470,0.0000,0.0000,0.0000,0.0000,False,False,False,False,False,354.8668,False
34.4894,0.0000,0.0000,0.0000,0.0000,False,False,False,False,False,354.8668,False
34.5319,0.0000,0.0000,0.0000,0.0000,False,False,False,False,False,354.8668,False
34.5750,0.0000,0.0000,0.0000,0.0000,False,False,False,False,False,354.8668,False
34.6190,0.0000,0.0000,0.0000,0.0000,False,False,False,False,False,354.8668,False
34.6628,0.0000,0.0000,0.0000,0.0000,False,False,False,False,False,354.8668,False
34.7086,0.0000,0.0000,0.0000,0.0000,False,False,False,False,False,354.8668,False
34.7510,0.0000,0.0000,0.0000,0.0000,False,False,False,False,False,354.8668,False
34.7934,0.0000,0.0000,0.0000,0.0000,False,False,False,False,False,354.8668,False
34.8371,0.0000,0.0000,0.0000,0.0000,False,False,False,False,False,354.8668,False
34.8798,0.0000,0.0000,0.0000,0.0000,False,False,False,False,False,354.8668,False
34.9205,0.0000,0.0000,0.0000,0.0000,False,False,False,False,False,354.8668,False
34.9652,0.0000,0.0000,0.0000,0.0000,False,False,False,False,False,354.8668,False
35.0099,0.0000,0.0000,0.0000,0.0000,False,False,False,False,False,354.8668,False
35.0491,0.0000,0.0000,0.0000,0.0000,False,False,False,False,False,354.8668,False
35.0883,0.0000,0.0000,0.0000,0.0000,False,False,False,False,False,354.8668,False
35.1277,0.0000,0.0000,0.0000,0.0000,False,False,False,False,False,354.8668,False
35.1675,0.0000,0.0000,0.0001,0.0000,False,False,False,False,False,354.8668,False
35.2116,0.0000,0.0000,0.0000,0.0000,False,False,False,False,False,354.8668,False
35.2504,0.0000,0.0000,0.0000,0.0000,False,False,False,False,False,354.8668,False
35.2890,0.0000,0.0000,0.0000,0.0000,False,False,False,False,False,354.8668,False
35.3295,0.0000,0.0000,0.0000,0.0000,False,False,False,False,False,354.8668,False
35.3688,0.0000,0.0000,0.0000,0.0000,False,False,False,False,False,354.8668,False
35.4068,0.0000,0.0000,0.0000,0.0000,False,False,False,False,False,354.8668,False
35.4444,0.0000,0.0000,0.0000,0.0000,False,False,False,False,False,354.8668,False
35.4826,0.0000,0.0000,0.0000,0.0000,False,False,False,False,False,354.8668,False
35.5193,0.0000,0.0000,0.0000,0.0000,False,False,False,False,False,354.8668,False
35.5597,0.0000,0.0000,0.0000,0.0000,False,False,False,False,False,354.8668,False
35.6028,0.0000,0.0000,0.0000,0.0000,False,False,False,False,False,354.8668,False
35.6432,0.0000,0.0000,0.0000,0.0000,False,False,False,False,False,354.8668,False
35.6805,0.0000,0.0000,0.0000,0.0000,False,False,False,False,False,354.8668,False
35.7187,0.0000,0.0000,0.0000,0.0000,False,False,False,False,False,354.8668,False
35.7571,0.0000,0.0000,0.0000,0.0000,False,False,False,False,False,354.8668,False
35.7948,0.0000,0.0000,0.0001,0.0000,False,False,False,False,False,354.8668,False
35.8320,0.0000,0.0000,0.0000,0.0000,False,False,False,False,False,354.8668,False
35.8678,0.0000,0.0000,0.0000,0.0000,False,False,False,False,False,354.8668,False
35.9039,0.0000,0.0000,0.0000,0.0000,False,False,False,False,False,354.8668,False
35.9394,0.0000,0.0000,0.0000,0.0000,False,False,False,False,False,354.8668,False
35.9763,0.0000,0.0000,0.0000,0.0000,False,False,False,False,False,354.8668,False
36.0136,0.0000,0.0000,0.0000,0.0000,False,False,False,False,False,354.8668,False
36.0495,0.0000,0.0000,0.0000,0.0000,False,False,False,False,False,354.8668,False
36.0857,0.0000,0.0000,0.0000,0.0000,False,False,False,False,False,354.8668,False
36.1300,0.0000,0.0000,0.0000,0.0000,False,False,False,False,False,354.8668,False
36.1653,0.0000,0.0000,0.0000,0.0000,False,False,False,False,False,354.8668,False
36.2037,0.0000,0.0000,0.0000,0.0000,False,False,False,False,False,354.8668,False
36.2394,0.0000,0.0000,0.0000,0.0000,False,False,False,False,False,354.8668,False
36.2745,0.0000,0.0000,0.0000,0.0000,False,False,False,False,False,354.8668,False
36.3113,0.0000,0.0000,0.0000,0.0000,False,False,False,False,False,354.8668,False
36.3490,0.0000,0.0000,0.0000,0.0000,False,False,False,False,False,354.8668,False
36.3864,0.0000,0.0000,0.0000,0.0000,False,False,False,False,False,354.8668,False
36.4220,0.0000,0.0000,0.0000,0.0000,False,False,False,False,False,354.8668,False
36.4573,0.0000,0.0000,0.0000,0.0000,False,False,False,False,False,354.8668,False
36.4926,0.0000,0.0000,0.0000,0.0000,False,False,False,False,False,354.8668,False
36.5285,0.0000,0.0000,0.0000,0.0000,False,False,False,False,False,354.8668,False
36.5638,0.0000,0.0000,0.0000,0.0000,False,False,False,False,False,354.8668,False
36.6003,0.0000,0.0000,0.0000,0.0000,False,False,False,False,False,354.8668,False
36.6360,0.0000,0.0000,0.0000,0.0000,False,False,False,False,False,354.8668,False
36.6743,0.0000,0.0000,0.0001,0.0000,False,False,False,False,False,354.8668,False
36.7188,0.0000,0.0000,0.0000,0.0000,False,False,False,False,False,354.8668,False
36.7556,0.0000,0.0000,0.0000,0.0000,False,False,False,False,False,354.8668,False
36.7922,0.0000,0.0000,0.0000,0.0000,False,False,False,False,False,354.8668,False
36.8263,0.0000,0.0000,0.0000,0.0000,False,False,False,False,False,354.8668,False
36.8598,0.0000,0.0000,0.0000,0.0000,False,False,False,False,False,354.8668,False
36.8938,0.0000,0.0000,0.0001,0.0000,False,False,False,False,False,354.8668,False
36.9292,0.0000,0.0000,0.0001,0.0000,False,False,False,False,False,354.8668,False
36.9629,0.0000,0.0000,0.0001,0.0000,False,False,False,False,False,354.8668,False
36.9970,0.0000,0.0000,0.0000,0.0000,False,False,False,False,False,354.8668,False
37.0304,0.0000,0.0000,0.0001,0.0000,False,False,False,False,False,354.8668,False
37.0642,0.0000,0.0000,0.0001,0.0000,False,False,False,False,False,354.8668,False
37.0978,0.0000,0.0000,0.0001,0.0000,False,False,False,False,False,354.8668,False
37.1311,0.0000,0.0000,0.0001,0.0000,False,False,False,False,False,354.8668,False
37.1654,0.0000,0.0000,0.0001,0.0000,False,False,False,False,False,354.8668,False
37.2090,0.0000,0.0000,0.0001,0.0000,False,False,False,False,False,354.8668,False
37.2503,0.0000,0.0000,0.0001,0.0000,False,False,False,False,False,354.8668,False
37.2909,0.0000,0.0000,0.0001,0.0000,False,False,False,False,False,354.8668,False
37.3330,0.0000,0.0000,0.0000,0.0000,False,False,False,False,False,354.8668,False
37.3664,0.0000,0.0000,0.0000,0.0000,False,False,False,False,False,354.8668,False
37.3998,0.0000,0.0000,0.0000,0.0000,False,False,False,False,False,354.8668,False
37.4332,0.0000,0.0000,0.0000,0.0000,False,False,False,False,False,354.8668,False
37.4670,0.0000,0.0000,0.0000,0.0000,False,False,False,False,False,354.8668,False
37.5008,0.0000,0.0000,0.0000,0.0000,False,False,False,False,False,354.8668,False
37.5349,0.0000,0.0000,0.0000,0.0000,False,False,False,False,False,354.8668,False
37.5686,0.0000,0.0000,0.0000,0.0000,False,False,False,False,False,354.8668,False
37.6314,0.0000,0.0000,0.0000,0.0000,False,False,False,False,False,354.8668,False
37.6662,0.0000,0.0000,0.0000,0.0000,False,False,False,False,False,354.8668,False
37.7044,0.0000,0.0000,0.0000,0.0000,False,False,False,False,False,354.8668,False
37.7401,0.0000,0.0000,0.0000,0.0000,False,False,False,False,False,354.8668,False
37.7737,0.0000,0.0000,0.0000,0.0000,False,False,False,False,False,354.8668,False
37.8067,0.0000,0.0000,0.0000,0.0000,False,False,False,False,False,354.8668,False
37.8439,0.0000,0.0000,0.0000,0.0000,False,False,False,False,False,354.8668,False
37.8818,0.0000,0.0000,0.0001,0.0000,False,False,False,False,False,354.8668,False
37.9143,0.0000,0.0000,0.0001,0.0000,False,False,False,False,False,354.8668,False
37.9475,0.0000,0.0000,0.0000,0.0000,False,False,False,False,False,354.8668,False
37.9814,0.0000,0.0000,0.0000,0.0000,False,False,False,False,False,354.8668,False
38.0147,0.0000,0.0000,0.0000,0.0000,False,False,False,False,False,354.8668,False
38.0480,0.0000,0.0000,0.0000,0.0000,False,False,False,False,False,354.8668,False
38.0815,0.0000,0.0000,0.0000,0.0000,False,False,False,False,False,354.8668,False
38.1152,0.0000,0.0000,0.0000,0.0000,False,False,False,False,False,354.8668,False
38.1488,0.0000,0.0000,0.0000,0.0000,False,False,False,False,False,354.8668,False
38.1828,0.0000,0.0000,0.0001,0.0000,False,False,False,False,False,354.8668,False
38.2206,0.0000,0.0000,0.0001,0.0000,False,False,False,False,False,354.8668,False
38.2565,0.0000,0.0000,0.0001,0.0000,False,False,False,False,False,354.8668,False
38.2905,0.0000,0.0000,0.0000,0.0000,False,False,False,False,False,354.8668,False
38.3266,0.0000,0.0000,0.0000,0.0000,False,False,False,False,False,354.8668,False
38.3676,0.0000,0.0000,0.0000,0.0000,False,False,False,False,False,354.8668,False
38.4068,0.0000,0.0000,0.0000,0.0000,False,False,False,False,False,354.8668,False
38.4454,0.0000,0.0000,0.0000,0.0000,False,False,False,False,False,354.8668,False
38.4804,0.0000,0.0000,0.0000,0.0000,False,False,False,False,False,354.8668,False
38.5154,0.0000,0.0000,0.0000,0.0000,False,False,False,False,False,354.8668,False
38.5505,0.0000,0.0000,0.0000,0.0000,False,False,False,False,False,354.8668,False
38.5890,0.0000,0.0000,0.0000,0.0000,False,False,False,False,False,354.8668,False
38.6270,0.0000,0.0000,0.0001,0.0000,False,False,False,False,False,354.8668,False
38.6632,0.0000,0.0000,0.0000,0.0000,False,False,False,False,False,354.8668,False
38.6991,0.0000,0.0000,0.0000,0.0000,False,False,False,False,False,354.8668,False
38.7350,0.0000,0.0000,0.0000,0.0000,False,False,False,False,False,354.8668,False
38.7705,0.0000,0.0000,0.0000,0.0000,False,False,False,False,False,354.8668,False
38.8064,0.0000,0.0000,0.0001,0.0000,False,False,False,False,False,354.8668,False
38.8442,0.0000,0.0000,0.0000,0.0000,False,False,False,False,False,354.8668,False
38.8821,0.0000,0.0000,0.0000,0.0000,False,False,False,False,False,354.8668,False
38.9266,0.0000,0.0000,0.0000,0.0000,False,False,False,False,False,354.8668,False
38.9640,0.0000,0.0000,0.0001,0.0000,False,False,False,False,False,354.8668,False
39.0018,0.0000,0.0000,0.0001,0.0000,False,False,False,False,False,354.8668,False
39.0376,0.0000,0.0000,0.0001,0.0000,False,False,False,False,False,354.8668,False
39.0734,0.0000,0.0000,0.0001,0.0000,False,False,False,False,False,354.8668,False
39.1089,0.0000,0.0000,0.0001,0.0000,False,False,False,False,False,354.8668,False
39.1440,0.0000,0.0000,0.0000,0.0000,False,False,False,False,False,354.8668,False
39.1833,0.0000,0.0000,0.0000,0.0000,False,False,False,False,False,354.8668,False
39.2216,0.0000,0.0000,0.0001,0.0000,False,False,False,False,False,354.8668,False
39.2570,0.0000,0.0000,0.0000,0.0000,False,False,False,False,False,354.8668,False
39.2923,0.0000,0.0000,0.0001,0.0000,False,False,False,False,False,354.8668,False
39.3309,0.0000,0.0000,0.0001,0.0000,False,False,False,False,False,354.8668,False
39.3661,0.0000,0.0000,0.0001,0.0000,False,False,False,False,False,354.8668,False
39.4012,0.0000,0.0000,0.0001,0.0000,False,False,False,False,False,354.8668,False
39.4369,0.0000,0.0000,0.0001,0.0000,False,False,False,False,False,354.8668,False
39.4823,0.0000,0.0000,0.0000,0.0000,False,False,False,False,False,354.8668,False
39.5203,0.0000,0.0000,0.0001,0.0000,False,False,False,False,False,354.8668,False
39.5555,0.0000,0.0000,0.0000,0.0000,False,False,False,False,False,354.8668,False
39.5908,0.0000,0.0000,0.0000,0.0000,False,False,False,False,False,354.8668,False
39.6306,0.0000,0.0000,0.0000,0.0000,False,False,False,False,False,354.8668,False
39.6671,0.0000,0.0000,0.0000,0.0000,False,False,False,False,False,354.8668,False
39.7072,0.0000,0.0000,0.0000,0.0000,False,False,False,False,False,354.8668,False
39.7435,0.0000,0.0000,0.0000,0.0000,False,False,False,False,False,354.8668,False
39.7801,0.0000,0.0000,0.0000,0.0000,False,False,False,False,False,354.8668,False
39.8173,0.0000,0.0000,0.0000,0.0000,False,False,False,False,False,354.8668,False
39.8573,0.0000,0.0000,0.0000,0.0000,False,False,False,False,False,354.8668,False
39.8967,0.0000,0.0000,0.0000,0.0000,False,False,False,False,False,354.8668,False
39.9357,0.0000,0.0000,0.0000,0.0000,False,False,False,False,False,354.8668,False
39.9718,0.0000,0.0000,0.0000,0.0000,False,False,False,False,False,354.8668,False
40.0108,0.0000,0.0000,0.0000,0.0000,False,False,False,False,False,354.8668,False
40.0544,0.0000,0.0000,0.0000,0.0000,False,False,False,False,False,354.8668,False
40.0912,0.0000,0.0000,0.0000,0.0000,False,False,False,False,False,354.8668,False
40.1300,0.0000,0.0000,0.0000,0.0000,False,False,False,False,False,354.8668,False
40.1653,0.0000,0.0000,0.0000,0.0000,False,False,False,False,False,354.8668,False
40.2004,0.0000,0.0000,0.0000,0.0000,False,False,False,False,False,354.8668,False
40.2368,0.0000,0.0000,0.0000,0.0000,False,False,False,False,False,354.8668,False
40.2756,0.0000,0.0000,0.0000,0.0000,False,False,False,False,False,354.8668,False
40.3539,0.0000,0.0000,0.0000,0.0000,False,False,False,False,False,354.8668,False
40.3886,0.0000,0.0000,0.0000,0.0000,False,False,False,False,False,354.8668,False
40.4235,0.0000,0.0000,0.0000,0.0000,False,False,False,False,False,354.8668,False
40.4593,0.0000,0.0000,0.0000,0.0000,False,False,False,False,False,354.8668,False
40.4970,0.0000,0.0000,0.0001,0.0000,False,False,False,False,False,354.8668,False
40.5320,0.0000,0.0000,0.0000,0.0000,False,False,False,False,False,354.8668,False
40.5669,0.0000,0.0000,0.0000,0.0000,False,False,False,False,False,354.8668,False
40.6098,0.0000,0.0000,0.0000,0.0000,False,False,False,False,False,354.8668,False
40.6456,0.0000,0.0000,0.0000,0.0000,False,False,False,False,False,354.8668,False
40.6816,0.0000,0.0000,0.0000,0.0000,False,False,False,False,False,354.8668,False
40.7169,0.0000,0.0000,0.0000,0.0000,False,False,False,False,False,354.8668,False
40.7522,0.0000,0.0000,0.0000,0.0000,False,False,False,False,False,354.8668,False
40.7912,0.0000,0.0000,0.0000,0.0000,False,False,False,False,False,354.8668,False
40.8284,0.0000,0.0000,0.0000,0.0000,False,False,False,False,False,354.8668,False
40.8628,0.0000,0.0000,0.0000,0.0000,False,False,False,False,False,354.8668,False
40.8973,0.0000,0.0000,0.0000,0.0000,False,False,False,False,False,354.8668,False
40.9334,0.0000,0.0000,0.0000,0.0000,False,False,False,False,False,354.8668,False
40.9706,0.0000,0.0000,0.0000,0.0000,False,False,False,False,False,354.8668,False
41.0065,0.0000,0.0000,0.0000,0.0000,False,False,False,False,False,354.8668,False
41.0414,0.0000,0.0000,0.0000,0.0000,False,False,False,False,False,354.8668,False
41.0760,0.0000,0.0000,0.0000,0.0000,False,False,False,False,False,354.8668,False
41.1110,0.0000,0.0000,0.0000,0.0000,False,False,False,False,False,354.8668,False
41.1465,0.0000,0.0000,0.0000,0.0000,False,False,False,False,False,354.8668,False
41.1911,0.0000,0.0000,0.0000,0.0000,False,False,False,False,False,354.8668,False
41.2257,0.0000,0.0000,0.0000,0.0000,False,False,False,False,False,354.8668,False
41.2627,0.0000,0.0000,0.0000,0.0000,False,False,False,False,False,354.8668,False
41.2975,0.0000,0.0000,0.0000,0.0000,False,False,False,False,False,354.8668,False
41.3318,0.0000,0.0000,0.0000,0.0000,False,False,False,False,False,354.8668,False
41.3674,0.0000,0.0000,0.0000,0.0000,False,False,False,False,False,354.8668,False
41.4022,0.0000,0.0000,0.0000,0.0000,False,False,False,False,False,354.8668,False
41.4375,0.0000,0.0000,0.0000,0.0000,False,False,False,False,False,354.8668,False
41.4721,0.0000,0.0000,0.0000,0.0000,False,False,False,False,False,354.8668,False
41.5079,0.0000,0.0000,0.0000,0.0000,False,False,False,False,False,354.8668,False
41.5436,0.0000,0.0000,0.0000,0.0000,False,False,False,False,False,354.8668,False
41.5789,0.0000,0.0000,0.0000,0.0000,False,False,False,False,False,354.8668,False
41.6162,0.0000,0.0000,0.0000,0.0000,False,False,False,False,False,354.8668,False
41.6530,0.0000,0.0000,0.0000,0.0000,False,False,False,False,False,354.8668,False
41.6951,0.0000,0.0000,0.0000,0.0000,False,False,False,False,False,354.8668,False
41.7378,0.0000,0.0000,0.0000,0.0000,False,False,False,False,False,354.8668,False
41.7730,0.0000,0.0000,0.0000,0.0000,False,False,False,False,False,354.8668,False
41.8082,0.0000,0.0000,0.0000,0.0000,False,False,False,False,False,354.8668,False
41.8434,0.0000,0.0000,0.0000,0.0000,False,False,False,False,False,354.8668,False
41.8813,0.0000,0.0000,0.0001,0.0000,False,False,False,False,False,354.8668,False
41.9186,0.0000,0.0000,0.0000,0.0000,False,False,False,False,False,354.8668,False
41.9532,0.0000,0.0000,0.0000,0.0000,False,False,False,False,False,354.8668,False
41.9910,0.0000,0.0000,0.0001,0.0000,False,False,False,False,False,354.8668,False
42.0274,0.0000,0.0000,0.0000,0.0000,False,False,False,False,False,354.8668,False
42.0647,0.0000,0.0000,0.0000,0.0000,False,False,False,False,False,354.8668,False
42.0994,0.0000,0.0000,0.0000,0.0000,False,False,False,False,False,354.8668,False
42.1376,0.0000,0.0000,0.0000,0.0000,False,False,False,False,False,354.8668,False
42.1752,0.0000,0.0000,0.0000,0.0000,False,False,False,False,False,354.8668,False
42.2098,0.0000,0.0000,0.0000,0.0000,False,False,False,False,False,354.8668,False
42.2512,0.0000,0.0000,0.0000,0.0000,False,False,False,False,False,354.8668,False
42.2855,0.0000,0.0000,0.0000,0.0000,False,False,False,False,False,354.8668,False
42.3200,0.0000,0.0000,0.0000,0.0000,False,False,False,False,False,354.8668,False
42.3571,0.0000,0.0000,0.0000,0.0000,False,False,False,False,False,354.8668,False
42.3950,0.0000,0.0000,0.0000,0.0000,False,False,False,False,False,354.8668,False
42.4302,0.0000,0.0000,0.0001,0.0000,False,False,False,False,False,354.8668,False
42.4657,0.0000,0.0000,0.0000,0.0000,False,False,False,False,False,354.8668,False
42.5014,0.0000,0.0000,0.0000,0.0000,False,False,False,False,False,354.8668,False
42.5394,0.0000,0.0000,0.0000,0.0000,False,False,False,False,False,354.8668,False
42.5745,0.0000,0.0000,0.0000,0.0000,False,False,False,False,False,354.8668,False
42.6105,0.0000,0.0000,0.0000,0.0000,False,False,False,False,False,354.8668,False
42.6482,0.0000,0.0000,0.0000,0.0000,False,False,False,False,False,354.8668,False
42.6851,0.0000,0.0000,0.0000,0.0000,False,False,False,False,False,354.8668,False
42.7230,0.0000,0.0000,0.0000,0.0000,False,False,False,False,False,354.8668,False
42.7624,0.0000,0.0000,0.0000,0.0000,False,False,False,False,False,354.8668,False
42.8059,0.0000,0.0000,0.0000,0.0000,False,False,False,False,False,354.8668,False
42.8569,0.0000,0.0000,0.0000,0.0000,False,False,False,False,False,354.8668,False
42.9041,0.0000,0.0000,0.0000,0.0000,False,False,False,False,False,354.8668,False
42.9489,0.0000,0.0000,0.0000,0.0000,False,False,False,False,False,354.8668,False
42.9928,0.0000,0.0000,0.0000,0.0000,False,False,False,False,False,354.8668,False
43.0376,0.0000,0.0000,0.0000,0.0000,False,False,False,False,False,354.8668,False
43.0798,0.0000,0.0000,0.0000,0.0000,False,False,False,False,False,354.8668,False
43.1167,0.0000,0.0000,0.0000,0.0000,False,False,False,False,False,354.8668,False
43.1554,0.0000,0.0000,0.0000,0.0000,False,False,False,False,False,354.8668,False
43.1951,0.0000,0.0000,0.0000,0.0000,False,False,False,False,False,354.8668,False
43.2376,0.0000,0.0000,0.0000,0.0000,False,False,False,False,False,354.8668,False
43.2813,0.0000,0.0000,0.0000,0.0000,False,False,False,False,False,354.8668,False
43.3281,0.0000,0.0000,0.0000,0.0000,False,False,False,False,False,354.8668,False
43.3710,0.0000,0.0000,0.0000,0.0000,False,False,False,False,False,354.8668,False
43.4107,0.0000,0.0000,0.0000,0.0000,False,False,False,False,False,354.8668,False
43.4524,0.0000,0.0000,0.0000,0.0000,False,False,False,False,False,354.8668,False
43.4956,0.0000,0.0000,0.0000,0.0000,False,False,False,False,False,354.8668,False
43.5344,0.0000,0.0000,0.0000,0.0000,False,False,False,False,False,354.8668,False
43.5706,0.0000,0.0000,0.0000,0.0000,False,False,False,False,False,354.8668,False
43.6071,0.0000,0.0000,0.0000,0.0000,False,False,False,False,False,354.8668,False
43.6439,0.0000,0.0000,0.0000,0.0000,False,False,False,False,False,354.8668,False
43.6823,0.0000,0.0000,0.0000,0.0000,False,False,False,False,False,354.8668,False
43.7214,0.0000,0.0000,0.0000,0.0000,False,False,False,False,False,354.8668,False
43.7589,0.0000,0.0000,0.0000,0.0000,False,False,False,False,False,354.8668,False
43.7969,0.0000,0.0000,0.0000,0.0000,False,False,False,False,False,354.8668,False
43.8367,0.0000,0.0000,0.0000,0.0000,False,False,False,False,False,354.8668,False
43.8749,0.0000,0.0000,0.0000,0.0000,False,False,False,False,False,354.8668,False
43.9165,0.0000,0.0000,0.0000,0.0000,False,False,False,False,False,354.8668,False
43.9580,0.0000,0.0000,0.0000,0.0000,False,False,False,False,False,354.8668,False
43.9955,0.0000,0.0000,0.0000,0.0000,False,False,False,False,False,354.8668,False
44.0416,0.0000,0.0000,0.0000,0.0000,False,False,False,False,False,354.8668,False
44.0842,0.0000,0.0000,0.0000,0.0000,False,False,False,False,False,354.8668,False
44.1265,0.0000,0.0000,0.0000,0.0000,False,False,False,False,False,354.8668,False
44.1714,0.0000,0.0000,0.0000,0.0000,False,False,False,False,False,354.8668,False
44.2141,0.0000,0.0000,0.0000,0.0000,False,False,False,False,False,354.8668,False
44.2561,0.0000,0.0000,0.0000,0.0000,False,False,False,False,False,354.8668,False
44.2988,0.0000,0.0000,0.0000,0.0000,False,False,False,False,False,354.8668,False
44.3439,0.0000,0.0000,0.0000,0.0000,False,False,False,False,False,354.8668,False
44.3873,0.0000,0.0000,0.0000,0.0000,False,False,False,False,False,354.8668,False
44.4484,0.0000,0.0000,0.0000,0.0000,False,False,False,False,False,354.8668,False
44.4929,0.0000,0.0000,0.0000,0.0000,False,False,False,False,False,354.8668,False
44.5360,0.0000,0.0000,0.0000,0.0000,False,False,False,False,False,354.8668,False
44.5812,0.0000,0.0000,0.0000,0.0000,False,False,False,False,False,354.8668,False
44.6255,0.0000,0.0000,0.0000,0.0000,False,False,False,False,False,354.8668,False
44.6746,0.0000,0.0000,0.0000,0.0000,False,False,False,False,False,354.8668,False
44.7250,0.0000,0.0000,0.0000,0.0000,False,False,False,False,False,354.8668,False
44.7757,0.0000,0.0000,0.0000,0.0000,False,False,False,True,False,354.8668,False
44.8226,0.0000,0.0000,0.0000,0.0000,False,False,False,True,False,139.5896,False
44.8656,0.0000,0.0000,0.0000,0.0000,False,False,False,True,False,138.1657,False
44.9051,0.0000,0.0000,0.0000,0.0000,False,False,False,True,False,136.8737,False
44.9454,0.0000,0.0000,0.0000,0.0000,False,False,False,True,False,135.7054,False
44.9859,0.0000,0.0000,0.0000,0.0000,False,False,False,True,False,134.5910,False
45.0289,0.0000,0.0000,0.0000,0.0000,False,False,False,True,False,133.4783,False
45.0713,0.0000,0.0000,0.0000,0.0000,False,False,False,True,False,132.3442,False
45.1158,0.0000,0.0000,0.0000,0.0000,False,False,False,True,False,131.1977,False
45.1570,0.0000,0.0000,0.0000,0.0000,False,False,False,True,False,130.0482,False
45.2014,0.0000,0.0000,0.0000,0.0000,False,False,False,True,False,128.9257,False
45.2457,0.0000,0.0000,0.0000,0.0000,False,False,False,True,False,127.8230,False
45.2895,0.0000,0.0000,0.0000,0.0000,False,False,False,True,False,126.6919,False
45.3427,0.0000,0.0000,0.0000,0.0000,False,False,False,True,False,125.5800,False
45.3881,0.0000,0.0000,0.0000,0.0000,False,False,False,True,False,124.3827,False
45.4327,0.0000,0.0000,0.0000,0.0000,False,False,False,True,False,123.1577,False
45.4759,0.0000,0.0000,0.0000,0.0000,False,False,False,True,False,122.0615,False
45.5190,0.0000,0.0000,0.0000,0.0000,False,False,False,True,False,121.0001,False
45.5596,0.0000,0.0000,0.0001,0.0000,False,False,False,True,False,119.9691,False
45.6027,0.0000,0.0000,0.0001,0.0000,False,False,False,True,False,118.9737,False
45.6474,0.0000,0.0000,0.0000,0.0000,False,False,False,True,False,117.9955,False
45.6898,0.0000,0.0000,0.0000,0.0000,False,False,False,True,False,116.9772,False
45.7354,0.0000,0.0000,0.0000,0.0000,False,False,False,True,False,115.9665,False
45.7780,0.0000,0.0000,0.0000,0.0000,False,False,False,True,False,114.9659,False
45.8232,0.0000,0.0000,0.0000,0.0000,False,False,False,True,False,113.9559,False
45.8702,0.0000,0.0000,0.0000,0.0000,False,False,False,True,False,112.9706,False
45.9151,0.0000,0.0000,0.0000,0.0000,False,False,False,True,False,111.9408,False
45.9602,0.0000,0.0000,0.0000,0.0000,False,False,False,True,False,110.9122,False
46.0089,0.0000,0.0000,0.0000,0.0000,False,False,False,True,False,109.9172,False
46.0532,0.0000,0.0000,0.0001,0.0000,False,False,False,True,False,108.8955,False
46.0958,0.0000,0.0000,0.0000,0.0000,False,False,False,True,False,107.8672,False
46.1383,0.0000,0.0000,0.0000,0.0000,False,False,False,True,False,106.9189,False
46.1816,0.0000,0.0000,0.0000,0.0000,False,False,False,True,False,105.9990,False
46.2262,0.0000,0.0000,0.0000,0.0000,False,False,False,True,False,105.0780,False
46.2708,0.0000,0.0000,0.0001,0.0000,False,False,False,True,False,104.1410,False
46.3192,0.0000,0.0000,0.0000,0.0000,False,False,False,True,False,103.1912,False
46.3640,0.0000,0.0000,0.0000,0.0000,False,False,False,True,False,102.2170,False
46.4121,0.0000,0.0000,0.0000,0.0000,False,False,False,True,False,101.2208,False
46.4596,0.0000,0.0000,0.0000,0.0000,False,False,False,True,False,100.2542,False
46.5060,0.0000,0.0000,0.0000,0.0000,False,False,False,True,False,99.2521,False
46.5516,0.0000,0.0000,0.0000,0.0000,False,False,False,True,False,98.2695,False
46.5967,0.0000,0.0000,0.0000,0.0000,False,False,False,True,False,97.3105,False
46.6464,0.0000,0.0000,0.0000,0.0000,False,False,False,True,False,96.3685,False
46.6978,0.0000,0.0000,0.0000,0.0000,False,False,False,True,False,95.4066,False
46.7449,0.0000,0.0000,0.0000,0.0000,False,False,False,True,False,94.3732,False
46.7925,0.0000,0.0000,0.0000,0.0000,False,False,False,True,False,93.3479,False
46.8460,0.0000,0.0000,0.0000,0.0000,False,False,False,True,False,92.3821,False
46.8958,0.0000,0.0000,0.0000,0.0000,False,False,False,True,False,91.3727,False
46.9493,0.0000,0.0000,0.0000,0.0000,False,False,False,True,False,90.3090,False
47.0017,0.0000,0.0000,0.0000,0.0000,False,False,False,True,False,89.2754,False
47.0551,0.0000,0.0000,0.0000,0.0000,False,False,False,True,False,88.2005,False
47.1085,0.0000,0.0000,0.0000,0.0000,False,False,False,True,False,87.1372,False
47.1649,0.0000,0.0000,0.0000,0.0000,False,False,False,True,False,86.0628,False
47.2218,0.0000,0.0000,0.0000,0.0000,False,False,False,True,False,84.9726,False
47.2757,0.0000,0.0000,0.0000,0.0000,False,False,False,True,False,83.8398,False
47.3364,0.0000,0.0000,0.0000,0.0000,False,False,False,True,False,82.7212,False
47.3923,0.0000,0.0000,0.0000,0.0000,False,False,False,True,False,81.6038,False
47.4639,0.0000,0.0000,0.0000,0.0000,False,False,False,True,False,80.4237,False
47.5255,0.0000,0.0000,0.0000,0.0000,False,False,False,True,False,79.2182,False
47.5865,0.0000,0.0000,0.0000,0.0000,False,False,False,True,False,77.8592,False
47.6509,0.0000,0.0000,0.0000,0.0000,False,False,False,True,False,76.6438,False
47.7162,0.0000,0.0000,0.0001,0.0000,False,False,False,True,False,75.4171,False
47.7806,0.0000,0.0000,0.0000,0.0000,False,False,False,True,False,74.1414,False
47.8445,0.0000,0.0000,0.0000,0.0000,False,False,False,True,False,72.8598,False
47.9105,0.0000,0.0000,0.0000,0.0000,False,False,False,True,False,71.5962,False
47.9735,0.0000,0.0000,0.0000,0.0000,False,False,False,True,False,70.3288,False
48.0403,0.0000,0.0000,0.0000,0.0000,False,False,False,True,False,69.0514,False
48.1072,0.0000,0.0000,0.0000,0.0000,False,False,False,True,False,67.7948,False
48.1700,0.0000,0.0000,0.0000,0.0000,False,False,False,True,False,66.4863,False
48.2333,0.0000,0.0000,0.0000,0.0000,False,False,False,True,False,65.2012,False
48.3005,0.0000,0.0000,0.0000,0.0000,False,False,False,True,False,63.9710,False
48.3727,0.0000,0.0000,0.0000,0.0000,False,False,False,True,False,62.7121,False
48.4400,0.0000,0.0000,0.0000,0.0000,False,False,False,True,False,61.3724,False
48.5060,0.0000,0.0000,0.0000,0.0000,False,False,False,True,False,59.9940,False
48.5717,0.0000,0.0000,0.0000,0.0000,False,False,False,True,False,58.6913,False
48.6364,0.0000,0.0000,0.0000,0.0000,False,False,False,True,False,57.4082,False
48.7054,0.0000,0.0000,0.0000,0.0000,False,False,False,True,False,56.1368,False
48.7757,0.0000,0.0000,0.0000,0.0000,False,False,False,True,False,54.8559,False
48.8425,0.0000,0.0000,0.0000,0.0000,False,False,False,True,False,53.5094,False
48.9127,0.0000,0.0000,0.0000,0.0000,False,False,False,True,False,52.1652,False
48.9816,0.0000,0.0000,0.0000,0.0000,False,False,False,True,False,50.8515,False
49.0531,0.0000,0.0000,0.0000,0.0000,False,False,False,True,False,49.5009,False
49.1228,0.0000,0.0000,0.0000,0.0000,False,False,False,True,False,48.1545,False
49.1903,0.0000,0.0000,0.0000,0.0000,False,False,False,True,False,46.7842,False
49.2598,0.0000,0.0000,0.0000,0.0000,False,False,False,True,False,45.4536,False
49.3334,0.0000,0.0000,0.0000,0.0000,False,False,False,True,False,44.1458,False
49.4053,0.0000,0.0000,0.0000,0.0000,False,False,False,True,False,42.7911,False
49.4744,0.0000,0.0000,0.0000,0.0000,False,False,False,True,False,41.3939,False
49.5428,0.0000,0.0000,0.0000,0.0000,False,False,False,True,False,40.0392,False
49.6104,0.0000,0.0000,0.0000,0.0000,False,False,False,True,False,38.7299,False
49.6803,0.0000,0.0000,0.0000,0.0000,False,False,False,True,False,37.4388,False
49.7527,0.0000,0.0000,0.0000,0.0000,False,False,False,True,False,36.1372,False
49.8222,0.0000,0.0000,0.0000,0.0000,False,False,False,True,False,34.7788,False
49.9010,0.0000,0.0000,0.0000,0.0000,False,False,False,True,False,33.3930,False
49.9736,0.0000,0.0000,0.0000,0.0000,False,False,False,True,False,31.9916,False
50.0495,0.0000,0.0000,0.0000,0.0000,False,False,False,True,False,30.4948,False
50.1280,0.0000,0.0000,0.0000,0.0000,False,False,False,True,False,29.0622,False
50.2025,0.0000,0.0000,0.0000,0.0000,False,False,False,True,False,27.5676,False
50.2761,0.0000,0.0000,0.0000,0.0000,False,False,False,True,False,26.0601,False
50.3545,0.0000,0.0000,0.0000,0.0000,False,False,False,True,False,24.6136,False
50.4421,0.0000,0.0000,0.0000,0.0000,False,False,False,True,False,23.1556,False
50.5247,0.0000,0.0000,0.0000,0.0000,False,False,False,True,False,21.5926,False
50.6065,0.0000,0.0000,0.0000,0.0000,False,False,False,True,False,19.9738,False
50.6755,0.0000,0.0000,0.0000,0.0000,False,False,False,True,False,18.4701,False
50.7451,0.0000,0.0000,0.0000,0.0000,False,False,False,True,False,17.0640,False
50.8162,0.0000,0.0000,0.0000,0.0000,False,False,False,True,False,15.8638,False
50.8876,0.0000,0.0000,0.0000,0.0000,False,False,False,True,False,14.6837,False
50.9550,0.0000,0.0000,0.0000,0.0000,False,False,False,True,False,13.5227,False
51.0177,0.0000,0.0000,0.0000,0.0000,False,False,False,True,False,12.4145,False
51.0767,0.0000,0.0000,0.0000,0.0000,False,False,False,True,False,11.4219,False
51.1322,0.0000,0.0000,0.0000,0.0000,False,False,False,True,False,10.5546,False
51.1866,0.0000,0.0000,0.0000,0.0000,False,False,False,True,False,9.8043,False
51.2725,0.0000,0.0000,0.0000,0.0000,False,False,False,True,False,9.1740,False
51.3238,0.0000,0.0000,0.0000,0.0000,False,False,False,True,False,8.7519,False
51.3794,0.0000,0.0000,0.0000,0.0000,False,False,False,True,False,8.0188,False
51.4346,0.0000,0.0000,0.0000,0.0000,False,False,False,True,False,7.8330,False
51.4933,0.0000,0.0000,0.0000,0.0000,False,False,False,True,False,7.7537,False
51.5463,0.0000,0.0000,0.0000,0.0000,False,False,False,True,False,7.8566,False
51.5970,0.0000,0.0000,0.0000,0.0000,False,False,False,True,False,8.0412,False
51.6466,0.0000,0.0000,0.0000,0.0000,False,False,False,True,False,8.3599,False
51.6975,0.0000,0.0000,0.0000,0.0000,False,False,False,True,False,8.7817,False
51.7427,0.0000,0.0000,0.0000,0.0000,False,False,False,True,False,9.3046,False
51.7890,0.0000,0.0000,0.0000,0.0000,False,False,False,True,False,9.8364,False
51.8364,0.0000,0.0000,0.0000,0.0000,False,False,False,True,False,10.4324,False
51.8826,0.0000,0.0000,0.0000,0.0000,False,False,False,True,False,11.0862,False
51.9280,0.0000,0.0000,0.0000,0.0000,False,False,False,True,False,11.7656,False
51.9733,0.0000,0.0000,0.0000,0.0000,False,False,False,True,False,12.4613,False
52.0185,0.0000,0.0000,0.0000,0.0000,False,False,False,True,False,13.1770,False
52.0631,0.0000,0.0000,0.0000,0.0000,False,False,False,True,False,13.9125,False
52.1074,0.0000,0.0000,0.0000,0.0000,False,False,False,True,False,14.6588,False
52.1603,0.0000,0.0000,0.0000,0.0000,False,False,False,True,False,15.4146,False
52.2052,0.0000,0.0000,0.0000,0.0000,False,False,False,True,False,16.2858,False
52.2498,0.0000,0.0000,0.0000,0.0000,False,False,False,True,False,17.1267,False
52.2942,0.0000,0.0000,0.0000,0.0000,False,False,False,True,False,17.9303,False
52.3390,0.0000,0.0000,0.0000,0.0000,False,False,False,True,False,18.7399,False
52.3823,0.0000,0.0000,0.0000,0.0000,False,False,False,True,False,19.5638,False
52.4264,0.0000,0.0000,0.0000,0.0000,False,False,False,True,False,20.3822,False
52.4694,0.0000,0.0000,0.0000,0.0000,False,False,False,True,False,21.2072,False
52.5140,0.0000,0.0000,0.0000,0.0000,False,False,False,True,False,22.0333,False
52.5572,0.0000,0.0000,0.0000,0.0000,False,False,False,True,False,22.8776,False
52.6361,0.0000,0.0000,0.0000,0.0000,False,False,False,True,False,23.7233,False
52.6780,0.0000,0.0000,0.0000,0.0000,False,False,False,True,False,25.0013,False
52.7214,0.0000,0.0000,0.0000,0.0000,False,False,False,True,False,26.1013,False
52.7643,0.0000,0.0000,0.0000,0.0000,False,False,False,True,False,26.9504,False
52.8104,0.0000,0.0000,0.0000,0.0000,False,False,False,True,False,27.8114,False
52.8577,0.0000,0.0000,0.0000,0.0000,False,False,False,True,False,28.7124,False
52.9063,0.0000,0.0000,0.0000,0.0000,False,False,False,True,False,29.6561,False
52.9499,0.0000,0.0000,0.0000,0.0000,False,False,False,True,False,30.6310,False
52.9932,0.0000,0.0000,0.0000,0.0000,False,False,False,True,False,31.5568,False
53.0364,0.0000,0.0000,0.0000,0.0000,False,False,False,True,False,32.4410,False
53.0792,0.0000,0.0000,0.0000,0.0000,False,False,False,True,False,33.3233,False
53.1221,0.0000,0.0000,0.0000,0.0000,False,False,False,True,False,34.2051,False
53.1672,0.0000,0.0000,0.0000,0.0000,False,False,False,True,False,35.0901,False
53.2110,0.0000,0.0000,0.0000,0.0000,False,False,False,True,False,36.0076,False
53.2545,0.0000,0.0000,0.0000,0.0000,False,False,False,True,False,36.9304,False
53.2973,0.0000,0.0000,0.0000,0.0000,False,False,False,True,False,37.8441,False
53.3397,0.0000,0.0000,0.0000,0.0000,False,False,False,True,False,38.7505,False
53.3825,0.0000,0.0000,0.0000,0.0000,False,False,False,True,False,39.6504,False
53.4245,0.0000,0.0000,0.0000,0.0000,False,False,False,True,False,40.5565,False
53.4664,0.0000,0.0000,0.0000,0.0000,False,False,False,True,False,41.4596,False
53.5154,0.0000,0.0000,0.0000,0.0000,False,False,False,True,False,42.3585,False
53.5562,0.0000,0.0000,0.0000,0.0000,False,False,False,True,False,43.3543,False
53.5974,0.0000,0.0000,0.0000,0.0000,False,False,False,True,False,44.3051,False
53.6381,0.0000,0.0000,0.0000,0.0000,False,False,False,True,False,45.1946,False
53.6803,0.0000,0.0000,0.0000,0.0000,False,False,False,True,False,46.0814,False
53.7228,0.0000,0.0000,0.0000,0.0000,False,False,False,True,False,46.9837,False
53.7644,0.0000,0.0000,0.0000,0.0000,False,False,False,True,False,47.9020,False
53.8054,0.0000,0.0000,0.0000,0.0000,False,False,False,True,False,48.8116,False
53.8472,0.0000,0.0000,0.0000,0.0000,False,False,False,True,False,49.7051,False
53.8880,0.0000,0.0000,0.0000,0.0000,False,False,False,True,False,50.6044,False
53.9291,0.0000,0.0000,0.0000,0.0000,False,False,False,True,False,51.4976,False
53.9704,0.0000,0.0000,0.0000,0.0000,False,False,False,True,False,52.3869,False
54.0108,0.0000,0.0000,0.0000,0.0000,False,False,False,True,False,53.2807,False
54.0508,0.0000,0.0000,0.0000,0.0000,False,False,False,True,False,54.1635,False
54.0981,0.0000,0.0000,0.0000,0.0000,False,False,False,True,False,55.0343,False
54.1434,0.0000,0.0000,0.0000,0.0000,False,False,False,True,False,55.9991,False
54.1836,0.0000,0.0000,0.0000,0.0000,False,False,False,True,False,56.9980,False
54.2239,0.0000,0.0000,0.0000,0.0000,False,False,False,True,False,57.9126,False
54.2635,0.0000,0.0000,0.0000,0.0000,False,False,False,True,False,58.7858,False
54.3029,0.0000,0.0000,0.0000,0.0000,False,False,False,True,False,59.6508,False
54.3424,0.0000,0.0000,0.0000,0.0000,False,False,False,True,False,60.5067,False
54.3852,0.0000,0.0000,0.0000,0.0000,False,False,False,True,False,61.3625,False
54.4279,0.0000,0.0000,0.0000,0.0000,False,False,False,True,False,62.2634,False
54.4678,0.0000,0.0000,0.0000,0.0000,False,False,False,True,False,63.1898,False
54.5071,0.0000,0.0000,0.0000,0.0000,False,False,False,True,False,64.0792,False
54.5484,0.0000,0.0000,0.0000,0.0000,False,False,False,True,False,64.9363,False
54.5866,0.0000,0.0000,0.0000,0.0000,False,False,False,True,False,65.8147,False
54.6253,0.0000,0.0000,0.0000,0.0000,False,False,False,True,False,66.6701,False
54.6645,0.0000,0.0000,0.0000,0.0000,False,False,False,True,False,67.5052,False
54.7113,0.0000,0.0000,0.0000,0.0000,False,False,False,True,False,68.3516,False
54.7547,0.0000,0.0000,0.0000,0.0000,False,False,False,True,False,69.3016,False
54.7938,0.0000,0.0000,0.0000,0.0000,False,False,False,True,False,70.2711,False
54.8327,0.0000,0.0000,0.0000,0.0000,False,False,False,True,False,71.1566,False
54.8715,0.0000,0.0000,0.0000,0.0000,False,False,False,True,False,72.0026,False
54.9104,0.0000,0.0000,0.0001,0.0000,False,False,False,True,False,72.8453,False
54.9480,0.0000,0.0000,0.0000,0.0000,False,False,False,True,False,73.6888,False
54.9860,0.0000,0.0000,0.0000,0.0000,False,False,False,True,False,74.5154,False
55.0245,0.0000,0.0000,0.0000,0.0000,False,False,False,True,False,75.3367,False
55.0624,0.0000,0.0000,0.0000,0.0000,False,False,False,True,False,76.1680,False
55.0991,0.0000,0.0000,0.0000,0.0000,False,False,False,True,False,76.9962,False
55.1353,0.0000,0.0000,0.0000,0.0000,False,False,False,True,False,77.8035,False
55.1719,0.0000,0.0000,0.0000,0.0000,False,False,False,True,False,78.5938,False
55.2089,0.0000,0.0000,0.0000,0.0000,False,False,False,True,False,79.3839,False
55.2448,0.0000,0.0000,0.0000,0.0000,False,False,False,True,False,80.1833,False
55.2892,0.0000,0.0000,0.0000,0.0000,False,False,False,True,False,80.9724,False
55.3252,0.0000,0.0000,0.0000,0.0000,False,False,False,True,False,81.8628,False
55.3610,0.0000,0.0000,0.0000,0.0000,False,False,False,True,False,82.7184,False
55.3960,0.0000,0.0000,0.0000,0.0000,False,False,False,True,False,83.5010,False
55.4309,0.0000,0.0000,0.0000,0.0000,False,False,False,True,False,84.2703,False
55.4664,0.0000,0.0000,0.0000,0.0000,False,False,False,True,False,85.0309,False
55.5016,0.0000,0.0000,0.0000,0.0000,False,False,False,True,False,85.7996,False
55.5366,0.0000,0.0000,0.0000,0.0000,False,False,False,True,False,86.5698,False
55.5710,0.0000,0.0000,0.0000,0.0000,False,False,False,True,False,87.3347,False
55.6054,0.0000,0.0000,0.0000,0.0000,False,False,False,True,False,88.0890,False
55.6392,0.0000,0.0000,0.0000,0.0000,False,False,False,True,False,88.8379,False
55.6728,0.0000,0.0000,0.0000,0.0000,False,False,False,True,False,89.5798,False
55.7079,0.0000,0.0000,0.0000,0.0000,False,False,False,True,False,90.3145,False
55.7425,0.0000,0.0000,0.0000,0.0000,False,False,False,True,False,91.0660,False
55.7767,0.0000,0.0000,0.0000,0.0000,False,False,False,True,False,91.8236,False
55.8135,0.0000,0.0000,0.0000,0.0000,False,False,False,True,False,92.5735,False
55.8526,0.0000,0.0000,0.0000,0.0000,False,False,False,True,False,93.3528,False
55.8862,0.0000,0.0000,0.0000,0.0000,False,False,False,True,False,94.1845,False
55.9199,0.0000,0.0000,0.0000,0.0000,False,False,False,True,False,94.9643,False
55.9529,0.0000,0.0000,0.0000,0.0000,False,False,False,True,False,95.6986,False
55.9874,0.0000,0.0000,0.0000,0.0000,False,False,False,True,False,96.4218,False
56.0215,0.0000,0.0000,0.0000,0.0000,False,False,False,True,False,97.1553,False
56.0556,0.0000,0.0000,0.0000,0.0000,False,False,False,True,False,97.8967,False
56.0919,0.0000,0.0000,0.0000,0.0000,False,False,False,True,False,98.6354,False
56.1250,0.0000,0.0000,0.0000,0.0000,False,False,False,True,False,99.4027,False
56.1581,0.0000,0.0000,0.0000,0.0000,False,False,False,True,False,100.1472,False
56.1909,0.0000,0.0000,0.0000,0.0000,False,False,False,True,False,100.8644,False
56.2246,0.0000,0.0000,0.0000,0.0000,False,False,False,True,False,101.5770,False
56.2582,0.0000,0.0000,0.0000,0.0000,False,False,False,True,False,102.2992,False
56.2912,0.0000,0.0000,0.0000,0.0000,False,False,False,True,False,103.0287,False
56.3283,0.0000,0.0000,0.0000,0.0000,False,False,False,True,False,103.7489,False
56.3664,0.0000,0.0000,0.0000,0.0000,False,False,False,True,False,104.5165,False
56.3998,0.0000,0.0000,0.0000,0.0000,False,False,False,True,False,105.3332,False
56.4325,0.0000,0.0000,0.0000,0.0000,False,False,False,True,False,106.0965,False
56.4658,0.0000,0.0000,0.0000,0.0000,False,False,False,True,False,106.8103,False
56.4994,0.0000,0.0000,0.0000,0.0000,False,False,False,True,False,107.5264,False
56.5327,0.0000,0.0000,0.0000,0.0000,False,False,False,True,False,108.2516,False
56.5658,0.0000,0.0000,0.0000,0.0000,False,False,False,True,False,108.9758,False
56.5996,0.0000,0.0000,0.0000,0.0000,False,False,False,True,False,109.6949,False
56.6329,0.0000,0.0000,0.0000,0.0000,False,False,False,True,False,110.4211,False
56.6668,0.0000,0.0000,0.0000,0.0000,False,False,False,True,False,111.1464,False
56.7016,0.0000,0.0000,0.0000,0.0000,False,False,False,True,False,111.8749,False
56.7366,0.0000,0.0000,0.0000,0.0000,False,False,False,True,False,112.6216,False
56.7719,0.0000,0.0000,0.0000,0.0000,False,False,False,True,False,113.3780,False
56.8062,0.0000,0.0000,0.0000,0.0000,False,False,False,True,False,114.1394,False
56.8484,0.0000,0.0000,0.0000,0.0000,False,False,False,True,False,114.8906,False
56.8826,0.0000,0.0000,0.0000,0.0000,False,False,False,True,False,115.7361,False
56.9168,0.0000,0.0000,0.0000,0.0000,False,False,False,True,False,116.5462,False
56.9497,0.0000,0.0000,0.0000,0.0000,False,False,False,True,False,117.2866,False
56.9826,0.0000,0.0000,0.0000,0.0000,False,False,False,True,False,118.0106,False
57.0155,0.0000,0.0000,0.0000,0.0000,False,False,False,True,False,118.7230,False
57.0481,0.0000,0.0000,0.0000,0.0000,False,False,False,True,False,119.4365,False
57.0808,0.0000,0.0000,0.0000,0.0000,False,False,False,True,False,120.1458,False
57.1140,0.0000,0.0000,0.0000,0.0000,False,False,False,True,False,120.8532,False
57.1468,0.0000,0.0000,0.0000,0.0000,False,False,False,True,False,121.5675,False
57.1802,0.0000,0.0000,0.0000,0.0000,False,False,False,True,False,122.2829,False
57.2132,0.0000,0.0000,0.0000,0.0000,False,False,False,True,False,123.0042,False
57.2465,0.0000,0.0000,0.0000,0.0000,False,False,False,True,False,123.7250,False
57.2800,0.0000,0.0000,0.0000,0.0000,False,False,False,True,False,124.4457,False
57.3123,0.0000,0.0000,0.0000,0.0000,False,False,False,True,False,125.1725,False
57.3484,0.0000,0.0000,0.0000,0.0000,False,False,False,True,False,125.8868,False
57.3885,0.0000,0.0000,0.0000,0.0000,False,False,False,True,False,126.6393,False
57.4212,0.0000,0.0000,0.0000,0.0000,False,False,False,True,False,127.4763,False
57.4541,0.0000,0.0000,0.0000,0.0000,False,False,False,True,False,128.2520,False
57.4866,0.0000,0.0000,0.0000,0.0000,False,False,False,True,False,128.9660,False
57.5201,0.0000,0.0000,0.0000,0.0000,False,False,False,True,False,129.6774,False
57.5538,0.0000,0.0000,0.0000,0.0000,False,False,False,True,False,130.3976,False
57.5866,0.0000,0.0000,0.0001,0.0000,False,False,False,True,False,131.1287,False
57.6228,0.0000,0.0000,0.0001,0.0000,False,False,False,True,False,131.8503,False
57.6557,0.0000,0.0000,0.0001,0.0000,False,False,False,True,False,132.6089,False
57.6890,0.0000,0.0000,0.0000,0.0000,False,False,False,True,False,133.3533,False
57.7234,0.0000,0.0000,0.0000,0.0000,False,False,False,True,False,134.0735,False
57.7575,0.0000,0.0000,0.0000,0.0000,False,False,False,True,False,134.8134,False
57.7910,0.0000,0.0000,0.0000,0.0000,False,False,False,True,False,135.5581,False
57.8249,0.0000,0.0000,0.0000,0.0000,False,False,False,True,False,136.2917,False
57.8631,0.0000,0.0000,0.0000,0.0000,False,False,False,True,False,137.0262,False
57.9048,0.0000,0.0000,0.0000,0.0000,False,False,False,True,False,137.8201,False
57.9382,0.0000,0.0000,0.0000,0.0000,False,False,False,True,False,138.6960,False
57.9715,0.0000,0.0000,0.0000,0.0000,False,False,False,True,False,139.4948,False
58.0054,0.0000,0.0000,0.0000,0.0000,False,False,False,True,False,140.2207,False
58.0399,0.0000,0.0000,0.0000,0.0000,False,False,False,True,False,140.9531,False
58.0737,0.0000,0.0000,0.0000,0.0000,False,False,False,True,False,141.6992,False
58.1079,0.0000,0.0000,0.0000,0.0000,False,False,False,True,False,142.4411,False
58.1411,0.0000,0.0000,0.0000,0.0000,False,False,False,True,False,143.1819,False
58.1743,0.0000,0.0000,0.0000,0.0000,False,False,False,True,False,143.9131,False
58.2076,0.0000,0.0000,0.0000,0.0000,False,False,False,True,False,144.6353,False
58.2413,0.0000,0.0000,0.0000,0.0000,False,False,False,True,False,145.3585,False
58.2751,0.0000,0.0000,0.0000,0.0000,False,False,False,True,False,146.0884,False
58.3090,0.0000,0.0000,0.0000,0.0000,False,False,False,True,False,146.8227,False
58.3426,0.0000,0.0000,0.0000,0.0000,False,False,False,True,False,147.5600,False
58.3836,0.0000,0.0000,0.0000,0.0000,False,False,False,True,False,148.2939,False
58.4173,0.0000,0.0000,0.0000,0.0000,False,False,False,True,False,149.1212,False
58.4511,0.0000,0.0000,0.0000,0.0000,False,False,False,True,False,149.9172,False
58.4854,0.0000,0.0000,0.0000,0.0000,False,False,False,True,False,150.6486,False
58.5193,0.0000,0.0000,0.0000,0.0000,False,False,False,True,False,151.3863,False
58.5534,0.0000,0.0000,0.0000,0.0000,False,False,False,True,False,152.1223,False
58.5948,0.0000,0.0000,0.0000,0.0000,False,False,False,True,False,152.8576,False
58.6341,0.0000,0.0000,0.0000,0.0000,False,False,False,True,False,153.6890,False
58.6719,0.0000,0.0000,0.0000,0.0000,False,False,False,True,False,154.5585,False
58.7100,0.0000,0.0000,0.0000,0.0000,False,False,False,True,False,155.3902,False
58.7473,0.0000,0.0000,0.0000,0.0000,False,False,False,True,False,156.2118,False
58.7872,0.0000,0.0000,0.0000,0.0000,False,False,False,True,False,157.0254,False
58.8246,0.0000,0.0000,0.0000,0.0000,False,False,False,True,False,157.8653,False
58.8639,0.0000,0.0000,0.0000,0.0000,False,False,False,True,False,158.6962,False
58.9057,0.0000,0.0000,0.0000,0.0000,False,False,False,True,False,159.5294,False
58.9493,0.0000,0.0000,0.0000,0.0000,False,False,False,True,False,160.4113,False
58.9943,0.0000,0.0000,0.0000,0.0000,False,False,False,True,False,161.3388,False
59.0332,0.0000,0.0000,0.0000,0.0000,False,False,False,True,False,162.3002,False
59.0746,0.0000,0.0000,0.0000,0.0000,False,False,False,True,False,163.1955,False
59.1182,0.0000,0.0000,0.0000,0.0000,False,False,False,True,False,164.0690,False
59.1603,0.0000,0.0000,0.0000,0.0000,False,False,False,True,False,164.9930,False
59.2019,0.0000,0.0000,0.0000,0.0000,False,False,False,True,False,165.9165,False
59.2399,0.0000,0.0000,0.0000,0.0000,False,False,False,True,False,166.8241,False
59.2777,0.0000,0.0000,0.0000,0.0000,False,False,False,True,False,167.6810,False
59.3164,0.0000,0.0000,0.0000,0.0000,False,False,False,True,False,168.5045,False
59.3539,0.0000,0.0000,0.0000,0.0000,False,False,False,True,False,169.3374,False
59.3917,0.0000,0.0000,0.0000,0.0000,False,False,False,True,False,170.1628,False
59.4335,0.0000,0.0000,0.0000,0.0000,False,False,False,True,False,170.9815,False
59.4712,0.0000,0.0000,0.0000,0.0000,False,False,False,True,False,171.8552,False
59.5128,0.0000,0.0000,0.0000,0.0000,False,False,False,True,False,172.7103,False
59.5566,0.0000,0.0000,0.0000,0.0000,False,False,False,True,False,173.5794,False
59.5949,0.0000,0.0000,0.0000,0.0000,False,False,False,True,False,174.5113,False
59.6393,0.0000,0.0000,0.0000,0.0000,False,False,False,True,False,175.3912,False
59.6806,0.0000,0.0000,0.0000,0.0000,False,False,False,True,False,176.3022,False
59.7206,0.0000,0.0000,0.0000,0.0000,False,False,False,True,False,177.2270,False
59.7603,0.0000,0.0000,0.0000,0.0000,False,False,False,True,False,178.1075,False
59.8001,0.0000,0.0000,0.0000,0.0000,False,False,False,True,False,178.9735,False
59.8398,0.0000,0.0000,0.0000,0.0000,False,False,False,True,False,179.8375,False
59.8782,0.0000,0.0000,0.0000,0.0000,False,False,False,True,False,180.7009,False
59.9185,0.0000,0.0000,0.0000,0.0000,False,False,False,True,False,181.5464,False
59.9584,0.0000,0.0000,0.0000,0.0000,False,False,False,True,False,182.4054,False
59.9990,0.0000,0.0000,0.0000,0.0000,False,False,False,True,False,183.2757,False
60.0370,0.0000,0.0000,0.0000,0.0000,False,False,False,True,False,184.1511,False
60.0751,0.0000,0.0000,0.0000,0.0000,False,False,False,True,False,184.9996,False
60.1422,0.0000,0.0000,0.0000,0.0000,False,False,False,True,False,185.8265,False
60.1852,0.0000,0.0000,0.0000,0.0000,False,False,False,True,False,187.0246,False
60.2326,0.0000,0.0000,0.0000,0.0000,False,False,False,True,False,188.1658,False
