Time,Accel,Brake,Car_Speed,Car_AutoSpeed,Car_AutoStatus,Bike_A_Status,Bike_B_Status,Bike_C_Status,Bike_D_Status,Bike_Distance,Vibrate_Status,BPM
0.0200,0.0000,0.0000,0.0000,0.0000,False,False,False,False,False,0.0000,False
0.0400,0.0000,0.0000,0.7049,0.0000,False,False,False,False,False,0.0000,False
0.3733,0.0000,0.0000,1.1529,0.0000,False,False,False,False,False,0.0000,False
0.4615,0.0000,0.0000,0.2300,0.0000,False,False,False,False,False,0.0000,False
0.5208,0.0000,0.0000,0.0296,0.0000,False,False,False,False,False,0.0000,False
0.5818,0.0000,0.0000,0.0856,0.0000,False,False,False,False,False,0.0000,False
0.6340,0.0000,0.0000,0.0949,0.0000,False,False,False,False,False,0.0000,False
0.6849,0.0000,0.0000,0.0794,0.0000,False,False,False,False,False,0.0000,False
0.7350,0.0000,0.0000,0.0619,0.0000,False,False,False,False,False,0.0000,False
0.7840,0.0000,0.0000,0.0365,0.0000,False,False,False,False,False,0.0000,False
0.8362,0.0000,0.0000,0.0231,0.0000,False,False,False,False,False,0.0000,False
0.8885,0.0000,0.0000,0.0092,0.0000,False,False,False,False,False,0.0000,False
0.9385,0.0000,0.0000,0.0038,0.0000,False,False,False,False,False,0.0000,False
0.9855,0.0000,0.0000,0.0018,0.0000,False,False,False,False,False,0.0000,False
1.0316,0.0000,0.0000,0.0026,0.0000,False,False,False,False,False,0.0000,False
1.0799,0.0000,0.0000,0.0027,0.0000,False,False,False,False,False,0.0000,False
1.1337,0.0000,0.0000,0.0023,0.0000,False,False,False,False,False,0.0000,False
1.1814,0.0000,0.0000,0.0015,0.0000,False,False,False,False,False,0.0000,False
1.2293,0.0000,0.0000,0.0011,0.0000,False,False,False,False,False,0.0000,False
1.2756,0.0000,0.0000,0.0007,0.0000,False,False,False,False,False,0.0000,False
1.3248,0.0000,0.0000,0.0002,0.0000,False,False,False,False,False,0.0000,False
1.3779,0.0000,0.0000,0.0001,0.0000,False,False,False,False,False,0.0000,False
1.4250,0.0000,0.0000,0.0001,0.0000,False,False,False,False,False,0.0000,False
1.4712,0.0000,0.0000,0.0001,0.0000,False,False,False,False,False,0.0000,False
1.5204,0.0000,0.0000,0.0001,0.0000,False,False,False,False,False,0.0000,False
1.5671,0.0000,0.0000,0.0001,0.0000,False,False,False,False,False,0.0000,False
1.6184,0.0000,0.0000,0.0001,0.0000,False,False,False,False,False,0.0000,False
1.6667,0.0000,0.0000,0.0000,0.0000,False,False,False,False,False,0.0000,False
1.7123,0.0000,0.0000,0.0000,0.0000,False,False,False,False,False,0.0000,False
1.7596,0.0000,0.0000,0.0000,0.0000,False,False,False,False,False,0.0000,False
1.8044,0.0000,0.0000,0.0000,0.0000,False,False,False,False,False,0.0000,False
1.8549,0.0000,0.0000,0.0000,0.0000,False,False,False,False,False,0.0000,False
1.9027,0.0000,0.0000,0.0000,0.0000,False,False,False,False,False,0.0000,False
1.9501,0.0000,0.0000,0.0000,0.0000,False,False,False,False,False,0.0000,False
1.9981,0.0000,0.0000,0.0000,0.0000,False,False,False,False,False,0.0000,False
2.0485,0.0000,0.0000,0.0000,0.0000,False,False,False,False,False,0.0000,False
2.1012,0.0000,0.0000,0.0000,0.0000,False,False,False,False,False,0.0000,False
2.1506,0.0000,0.0000,0.0000,0.0000,False,False,False,False,False,0.0000,False
2.1991,0.0000,0.0000,0.0000,0.0000,False,False,False,False,False,0.0000,False
2.2462,0.0000,0.0000,0.0000,0.0000,False,False,False,False,False,0.0000,False
2.2964,0.0000,0.0000,0.0000,0.0000,False,False,False,False,False,0.0000,False
2.3479,0.0000,0.0000,0.0000,0.0000,False,False,False,False,False,0.0000,False
2.3972,0.0000,0.0000,0.0000,0.0000,False,False,False,False,False,0.0000,False
2.4472,0.0000,0.0000,0.0000,0.0000,False,False,False,False,False,0.0000,False
2.4989,0.0000,0.0000,0.0000,0.0000,False,False,False,False,False,0.0000,False
2.5463,0.0000,0.0000,0.0000,0.0000,False,False,False,False,False,0.0000,False
2.6011,0.0000,0.0000,0.0000,0.0000,False,False,False,False,False,0.0000,False
2.6484,0.0000,0.0000,0.0000,0.0000,False,False,False,False,False,0.0000,False
2.6964,0.0000,0.0000,0.0000,0.0000,False,False,False,False,False,0.0000,False
2.7448,0.0000,0.0000,0.0000,0.0000,False,False,False,False,False,0.0000,False
2.7945,0.0000,0.0000,0.0000,0.0000,False,False,False,False,False,0.0000,False
2.8482,0.0000,0.0000,0.0000,0.0000,False,False,False,False,False,0.0000,False
2.8941,0.0000,0.0000,0.0000,0.0000,False,False,False,False,False,0.0000,False
2.9409,0.0000,0.0000,0.0000,0.0000,False,False,False,False,False,0.0000,False
2.9861,0.0000,0.0000,0.0000,0.0000,False,False,False,False,False,0.0000,False
3.0320,0.0000,0.0000,0.0000,0.0000,False,False,False,False,False,0.0000,False
3.0812,0.0000,0.0000,0.0000,0.0000,False,False,False,False,False,0.0000,False
3.1304,0.0000,0.0000,0.0000,0.0000,False,False,False,False,False,0.0000,False
3.1795,0.1982,0.0000,0.0000,0.0000,False,False,False,False,False,0.0000,False
3.2292,0.4923,0.0000,0.0000,0.0000,False,False,False,False,False,0.0000,False
3.2786,0.5812,0.0000,0.0000,0.0000,False,False,False,False,False,0.0000,False
3.3267,0.7135,0.0000,0.0000,0.0000,False,False,False,False,False,0.0000,False
3.3799,0.7381,0.0000,0.0000,0.0000,False,False,False,False,False,0.0000,False
3.4300,0.7331,0.0000,0.0000,0.0000,False,False,False,False,False,0.0000,False
3.4800,0.6988,0.0000,0.0000,0.0000,False,False,False,False,False,0.0000,False
3.5303,0.7233,0.0000,0.0000,0.0000,False,False,False,False,False,0.0000,False
3.5844,0.7331,0.0000,0.0000,0.0000,False,False,False,False,False,0.0000,False
3.6329,0.7331,0.0000,0.0000,0.0000,False,False,False,False,False,0.0000,False
3.6802,0.7331,0.0000,0.0000,0.0000,False,False,False,False,False,0.0000,False
3.7282,0.7331,0.0000,0.0000,0.0000,False,False,False,False,False,0.0000,False
3.7760,0.7331,0.0000,0.0000,0.0000,False,False,False,False,False,0.0000,False
3.8244,0.7331,0.0000,0.0000,0.0000,False,False,False,False,False,0.0000,False
3.8740,0.7331,0.0000,0.0000,0.0000,False,False,False,False,False,0.0000,False
3.9223,0.7331,0.0000,0.0000,0.0000,False,False,False,False,False,0.0000,False
3.9697,0.7331,0.0000,0.0000,0.0000,False,False,False,False,False,0.0000,False
4.0200,0.7331,0.0000,0.0000,0.0000,False,False,False,False,False,0.0000,False
4.0685,0.7331,0.0000,0.0000,0.0000,False,False,False,False,False,0.0000,False
4.1236,0.7331,0.0000,0.0000,0.0000,False,False,False,False,False,0.0000,False
4.1733,0.7331,0.0000,0.0000,0.0000,False,False,False,False,False,0.0000,False
4.2233,0.7331,0.0000,0.0000,0.0000,False,False,False,False,False,0.0000,False
4.2760,0.7331,0.0000,0.0000,0.0000,False,False,False,False,False,0.0000,False
4.3331,0.7331,0.0000,0.0000,0.0000,False,False,False,False,False,0.0000,False
4.3822,0.7331,0.0000,0.0000,0.0000,False,False,False,False,False,0.0000,False
4.4336,0.7331,0.0000,0.0000,0.0000,False,False,False,False,False,0.0000,False
4.4822,0.7331,0.0000,0.0000,0.0000,False,False,False,False,False,0.0000,False
4.5325,0.7331,0.0000,0.0000,0.0000,False,False,False,False,False,0.0000,False
4.5883,0.7331,0.0000,0.0000,0.0000,False,False,False,False,False,0.0000,False
4.6446,0.7282,0.0000,0.0000,0.0000,False,False,False,False,False,0.0000,False
4.7044,0.7282,0.0000,0.0000,0.0000,False,False,False,False,False,0.0000,False
4.7610,0.7282,0.0000,0.0000,0.0000,False,False,False,False,False,0.0000,False
4.8183,0.7282,0.0000,0.0000,0.0000,False,False,False,False,False,0.0000,False
4.8764,0.7282,0.0000,0.0000,0.0000,False,False,False,False,False,0.0000,False
4.9335,0.7282,0.0000,0.0000,0.0000,False,False,False,False,False,0.0000,False
4.9865,0.7282,0.0000,0.0000,0.0000,False,False,False,False,False,0.0000,False
5.0415,0.7282,0.0000,0.0000,0.0000,False,False,False,False,False,0.0000,False
5.0999,0.7282,0.0000,0.0000,0.0000,False,False,False,False,False,0.0000,False
5.1599,0.7282,0.0000,0.0000,0.0000,False,False,False,False,False,0.0000,False
5.2208,0.7282,0.0000,0.0000,0.0000,False,False,False,False,False,0.0000,False
5.2716,0.7282,0.0000,0.0000,0.0000,False,False,False,False,False,0.0000,False
5.3209,0.7282,0.0000,0.0000,0.0000,False,False,False,False,False,0.0000,False
5.3729,0.7282,0.0000,0.0000,0.0000,False,False,False,False,False,0.0000,False
5.4220,0.7282,0.0000,0.0000,0.0000,False,False,False,False,False,0.0000,False
5.4768,0.7282,0.0000,0.0000,0.0000,False,False,False,False,False,0.0000,False
5.5272,0.7282,0.0000,0.0000,0.0000,False,False,False,False,False,0.0000,False
5.5801,0.7282,0.0000,0.0000,0.0000,False,False,False,False,False,0.0000,False
5.6326,0.7282,0.0000,0.0000,0.0000,False,False,False,False,False,0.0000,False
5.6900,0.7282,0.0000,0.0000,0.0000,False,False,False,False,False,0.0000,False
5.7523,0.7282,0.0000,0.0000,0.0000,False,False,False,False,False,0.0000,False
5.8132,0.7282,0.0000,0.0000,0.0000,False,False,False,False,False,0.0000,False
5.8692,0.7282,0.0000,0.0000,0.0000,False,False,False,False,False,0.0000,False
5.9250,0.7282,0.0000,0.0000,0.0000,False,False,False,False,False,0.0000,False
5.9820,0.7282,0.0000,0.0000,0.0000,False,False,False,False,False,0.0000,False
6.0383,0.7282,0.0000,0.0000,0.0000,False,False,False,False,False,0.0000,False
6.0990,0.7282,0.0000,0.0000,0.0000,False,False,False,False,False,0.0000,False
6.1590,0.7282,0.0000,0.0000,0.0000,False,False,False,False,False,0.0000,False
6.2185,0.7282,0.0000,0.0000,0.0000,False,False,False,False,False,0.0000,False
6.2768,0.7282,0.0000,0.0000,0.0000,False,False,False,False,False,0.0000,False
6.3345,0.7282,0.0000,0.0000,0.0000,False,False,False,False,False,0.0000,False
6.3961,0.7282,0.0000,0.0000,0.0000,False,False,False,False,False,0.0000,False
6.4514,0.7282,0.0000,0.0000,0.0000,False,False,False,False,False,0.0000,False
6.5096,0.7282,0.0000,0.0000,0.0000,False,False,False,False,False,0.0000,False
6.5700,0.7282,0.0000,0.0000,0.0000,False,False,False,False,False,0.0000,False
6.6310,0.7282,0.0000,0.0000,0.0000,False,False,False,False,False,0.0000,False
6.6835,0.7282,0.0000,0.0000,0.0000,False,False,False,False,False,0.0000,False
6.7377,0.7282,0.0000,0.0000,0.0000,False,False,False,False,False,0.0000,False
6.7943,0.7282,0.0000,0.0000,0.0000,False,False,False,False,False,0.0000,False
6.8507,0.7282,0.0000,0.0000,0.0000,False,False,False,False,False,0.0000,False
6.9116,0.7282,0.0000,0.0000,0.0000,False,False,False,False,False,0.0000,False
6.9635,0.7282,0.0000,0.0000,0.0000,False,False,False,False,False,0.0000,False
7.0183,0.7282,0.0000,0.0000,0.0000,False,False,False,False,False,0.0000,False
7.0749,0.7282,0.0000,0.0000,0.0000,False,False,False,False,False,0.0000,False
7.1312,0.7282,0.0000,0.0000,0.0000,False,False,False,False,False,0.0000,False
7.1896,0.7282,0.0000,0.0000,0.0000,False,False,False,False,False,0.0000,False
7.2520,0.7282,0.0000,0.0000,0.0000,False,False,False,False,False,0.0000,False
7.3060,0.7282,0.0000,0.0000,0.0000,False,False,False,False,False,0.0000,False
7.3644,0.7282,0.0000,0.0000,0.0000,False,False,False,False,False,0.0000,False
7.4211,0.7282,0.0000,0.0000,0.0000,False,False,False,False,False,0.0000,False
7.4796,0.7282,0.0000,0.0000,0.0000,False,False,False,False,False,0.0000,False
7.5356,0.7282,0.0000,0.0000,0.0000,False,False,False,False,False,0.0000,False
7.5959,0.7282,0.0000,0.0000,0.0000,False,False,False,False,False,0.0000,False
7.6551,0.7282,0.0000,0.0000,0.0000,False,False,False,False,False,0.0000,False
7.7157,0.7282,0.0000,0.0000,0.0000,False,False,False,False,False,0.0000,False
7.7824,0.7282,0.0000,0.0000,0.0000,False,False,False,False,False,0.0000,False
7.8419,0.7282,0.0000,0.0000,0.0000,False,False,False,False,False,0.0000,False
7.9008,0.7282,0.0000,0.0000,0.0000,False,False,False,False,False,0.0000,False
7.9609,0.7282,0.0000,0.0000,0.0000,False,False,False,False,False,0.0000,False
8.0294,0.7282,0.0000,0.0000,0.0000,False,False,False,False,False,0.0000,False
8.0953,0.7282,0.0000,0.0000,0.0000,False,False,False,False,False,0.0000,False
8.1608,0.7282,0.0000,0.0000,0.0000,False,False,False,False,False,0.0000,False
8.2299,0.7282,0.0000,0.0000,0.0000,False,False,False,False,False,0.0000,False
8.3012,0.7282,0.0000,0.0000,0.0000,False,False,False,False,False,0.0000,False
8.3732,0.7282,0.0000,0.0000,0.0000,False,False,False,False,False,0.0000,False
8.4450,0.7331,0.0000,0.0000,0.0000,False,False,False,False,False,0.0000,False
8.5108,0.7331,0.0000,0.0000,0.0000,False,False,False,False,False,0.0000,False
8.5775,0.7331,0.0000,0.0000,0.0000,False,False,False,False,False,0.0000,False
8.6455,0.7331,0.0000,0.0000,0.0000,False,False,False,False,False,0.0000,False
8.7104,0.7381,0.0000,0.0000,0.0000,False,False,False,False,False,0.0000,False
8.7846,0.7430,0.0000,0.0000,0.0000,False,False,False,False,False,0.0000,False
8.8525,0.7479,0.0000,0.0000,0.0000,False,False,False,False,False,0.0000,False
8.9226,0.7479,0.0000,0.0000,0.0000,False,False,False,False,False,0.0000,False
8.9917,0.7479,0.0000,0.0000,0.0000,False,False,False,False,False,0.0000,False
9.0639,0.7381,0.0000,0.0000,0.0000,False,False,False,False,False,0.0000,False
9.1377,0.7381,0.0000,0.0000,0.0000,False,False,False,False,False,0.0000,False
9.2072,0.7381,0.0000,0.0000,0.0000,False,False,False,False,False,0.0000,False
9.2810,0.7331,0.0000,0.0000,0.0000,False,False,False,False,False,0.0000,False
9.3572,0.7331,0.0000,0.0000,0.0000,False,False,False,False,False,0.0000,False
9.4312,0.7331,0.0000,0.0000,0.0000,False,False,False,False,False,0.0000,False
9.5091,0.7233,0.0000,0.0000,0.0000,False,False,False,False,False,0.0000,False
9.5840,0.7233,0.0000,0.0000,0.0000,False,False,False,False,False,0.0000,False
9.6562,0.7282,0.0000,0.0000,0.0000,False,False,False,False,False,0.0000,False
9.7311,0.7282,0.0000,0.0000,0.0000,False,False,False,False,False,0.0000,False
9.8091,0.7282,0.0000,0.0000,0.0000,False,False,False,False,False,0.0000,False
9.8833,0.7282,0.0000,0.0000,0.0000,False,False,False,False,False,0.0000,False
9.9574,0.7282,0.0000,0.0000,0.0000,False,False,False,False,False,0.0000,False
10.0283,0.7282,0.0000,0.0000,0.0000,False,False,False,False,False,0.0000,False
10.1032,0.7282,0.0000,0.0000,0.0000,False,False,False,False,False,0.0000,False
10.1781,0.7282,0.0000,0.0000,0.0000,False,False,False,False,False,0.0000,False
10.2576,0.7282,0.0000,0.0000,0.0000,False,False,False,False,False,0.0000,False
10.3321,0.7282,0.0000,0.0000,0.0000,False,False,False,False,False,0.0000,False
10.4054,0.7282,0.0000,0.0000,0.0000,False,False,False,False,False,0.0000,False
10.4812,0.7282,0.0000,0.0000,0.0000,False,False,False,False,False,0.0000,False
10.5565,0.7331,0.0000,0.0000,0.0000,False,False,False,False,False,0.0000,False
10.6272,0.7331,0.0000,0.0000,0.0000,False,False,False,False,False,0.0000,False
10.7017,0.7331,0.0000,0.0000,0.0000,False,False,False,False,False,0.0000,False
10.7804,0.7331,0.0000,0.0000,0.0000,False,False,False,False,False,0.0000,False
10.8553,0.7331,0.0000,0.0000,0.0000,False,False,False,False,False,0.0000,False
10.9324,0.7331,0.0000,0.0000,0.0000,False,False,False,False,False,0.0000,False
11.0061,0.7331,0.0000,0.0000,0.0000,False,False,False,False,False,0.0000,False
11.0798,0.7331,0.0000,0.0000,0.0000,False,False,False,False,False,0.0000,False
11.1498,0.7331,0.0000,0.0000,0.0000,False,False,False,False,False,0.0000,False
11.2220,0.7331,0.0000,0.0000,0.0000,False,False,False,False,False,0.0000,False
11.3001,0.7331,0.0000,0.0000,0.0000,False,False,False,False,False,0.0000,False
11.3719,0.7331,0.0000,0.0000,0.0000,False,False,False,False,False,0.0000,False
11.4411,0.7331,0.0000,0.0000,0.0000,False,False,False,False,False,0.0000,False
11.5132,0.7331,0.0000,0.0000,0.0000,False,False,False,False,False,0.0000,False
11.5897,0.7331,0.0000,0.0000,0.0000,False,False,False,False,False,0.0000,False
11.6672,0.7331,0.0000,0.0000,0.0000,False,False,False,False,False,0.0000,False
11.7398,0.7331,0.0000,0.0000,0.0000,False,False,False,False,False,0.0000,False
11.8116,0.7331,0.0000,0.0000,0.0000,False,False,False,False,False,0.0000,False
11.8911,0.7331,0.0000,0.0000,0.0000,False,False,False,False,False,0.0000,False
11.9608,0.7331,0.0000,0.0000,0.0000,False,False,False,False,False,0.0000,False
12.0302,0.7331,0.0000,0.0000,0.0000,False,False,False,False,False,0.0000,False
12.1003,0.7331,0.0000,0.0000,0.0000,False,False,False,False,False,0.0000,False
12.1748,0.7331,0.0000,0.0000,0.0000,False,False,False,False,False,0.0000,False
12.2516,0.7331,0.0000,0.0000,0.0000,False,False,False,False,False,0.0000,False
12.3370,0.7331,0.0000,0.0000,0.0000,False,False,False,False,False,0.0000,False
12.4181,0.7331,0.0000,0.0000,0.0000,False,False,False,False,False,0.0000,False
12.4900,0.7331,0.0000,0.0000,0.0000,False,False,False,False,False,0.0000,False
12.5596,0.7331,0.0000,0.0000,0.0000,False,False,False,False,False,0.0000,False
12.6309,0.7331,0.0000,0.0000,0.0000,False,False,False,False,False,0.0000,False
12.7018,0.7331,0.0000,0.0000,0.0000,False,False,False,False,False,0.0000,False
12.7730,0.7331,0.0000,0.0000,0.0000,False,False,False,False,False,0.0000,False
12.8391,0.7331,0.0000,0.0000,0.0000,False,False,False,False,False,0.0000,False
12.9013,0.7331,0.0000,0.0000,0.0000,False,False,False,False,False,0.0000,False
12.9650,0.7331,0.0000,0.0000,0.0000,False,False,False,False,False,0.0000,False
13.0227,0.7331,0.0000,0.0000,0.0000,False,False,False,False,False,0.0000,False
13.0858,0.7331,0.0000,0.0000,0.0000,False,False,False,False,False,0.0000,False
13.1453,0.7331,0.0000,0.0000,0.0000,False,False,False,False,False,0.0000,False
13.2065,0.7184,0.0000,0.0000,0.0000,False,False,False,False,False,0.0000,False
13.2665,0.6988,0.0000,0.0000,0.0000,False,False,False,False,False,0.0000,False
13.3288,0.6155,0.0000,0.0000,0.0000,False,False,False,False,False,0.0000,False
13.3936,0.5000,0.0000,0.0000,0.0000,False,False,False,False,False,0.0000,False
13.4560,0.3159,0.0000,0.0000,0.0000,False,False,False,False,False,0.0000,False
13.5140,0.0365,0.0000,0.0000,0.0000,False,False,False,False,False,0.0000,False
13.5703,0.0000,0.0000,0.0000,0.0000,False,False,False,False,False,0.0000,False
13.6303,0.0000,0.0000,0.0000,0.0000,False,False,False,False,False,0.0000,False
13.6877,0.0000,0.0000,0.0000,0.0000,False,False,False,False,False,0.0000,False
13.7453,0.0000,0.0000,0.0000,0.0000,False,False,False,False,False,0.0000,False
13.8009,0.0000,0.0000,0.0000,0.0000,False,False,False,False,False,0.0000,False
13.8564,0.0000,0.0000,0.0000,0.0000,False,False,False,False,False,0.0000,False
13.9144,0.0000,0.0000,0.0000,0.0000,False,False,False,False,False,0.0000,False
13.9702,0.0000,0.0000,0.0000,0.0000,False,False,False,False,False,0.0000,False
14.0256,0.0000,0.0000,0.0000,0.0000,False,False,False,False,False,0.0000,False
14.0814,0.0000,0.0000,0.0000,0.0000,False,False,False,False,False,0.0000,False
14.1385,0.0000,0.0000,0.0000,0.0000,False,False,False,False,False,0.0000,False
14.2008,0.0000,0.0000,0.0000,0.0000,False,False,False,False,False,0.0000,False
14.2556,0.0000,0.0000,0.0000,0.0000,False,False,False,False,False,0.0000,False
14.3081,0.0000,0.0000,0.0000,0.0000,False,False,False,False,False,0.0000,False
14.3635,0.0000,0.0000,0.0000,0.0000,False,False,False,False,False,0.0000,False
14.4175,0.0000,0.0000,0.0000,0.0000,False,False,False,False,False,0.0000,False
14.4745,0.0000,0.0000,0.0000,0.0000,False,False,False,False,False,0.0000,False
14.5291,0.0000,0.0000,0.0000,0.0000,False,False,False,False,False,0.0000,False
14.5818,0.0000,0.0000,0.0000,0.0000,False,False,False,False,False,0.0000,False
14.6339,0.0000,0.0000,0.0000,0.0000,False,False,False,False,False,0.0000,False
14.6827,0.0000,0.0000,0.0000,0.0000,False,False,False,False,False,0.0000,False
14.7371,0.0000,0.0000,0.0000,0.0000,False,False,False,False,False,0.0000,False
14.7917,0.0000,0.0000,0.0000,0.0000,False,False,False,False,False,0.0000,False
14.8438,0.0000,0.0000,0.0000,0.0000,False,False,False,False,False,0.0000,False
14.8961,0.0000,0.0000,0.0000,0.0000,False,False,False,False,False,0.0000,False
14.9498,0.0000,0.0000,0.0000,0.0000,False,False,False,False,False,0.0000,False
15.0040,0.0000,0.0000,0.0000,0.0000,False,False,False,False,False,0.0000,False
15.0552,0.0000,0.0000,0.0000,0.0000,False,False,False,False,False,0.0000,False
15.1066,0.0000,0.0000,0.0000,0.0000,False,False,False,False,False,0.0000,False
15.1569,0.0000,0.0000,0.0000,0.0000,False,False,False,False,False,0.0000,False
15.2060,0.0000,0.0000,0.0000,0.0000,False,False,False,False,False,0.0000,False
15.2552,0.0000,0.0000,0.0000,0.0000,False,False,False,False,False,0.0000,False
15.3078,0.0000,0.0000,0.0000,0.0000,False,False,False,False,False,0.0000,False
15.3604,0.0000,0.0000,0.0000,0.0000,False,False,False,False,False,0.0000,False
15.4098,0.0000,0.0000,0.0000,0.0000,False,False,False,False,False,0.0000,False
15.4572,0.0000,0.0000,0.0000,0.0000,False,False,False,False,False,0.0000,False
15.5048,0.0000,0.0000,0.0000,0.0000,False,False,False,False,False,0.0000,False
15.5614,0.0000,0.0000,0.0000,0.0000,False,False,False,False,False,0.0000,False
15.6123,0.0000,0.0000,0.0000,0.0000,False,False,False,False,False,0.0000,False
15.6614,0.0000,0.0000,0.0000,0.0000,False,False,False,False,False,0.0000,False
15.7110,0.0000,0.0000,0.0000,0.0000,False,False,False,False,False,0.0000,False
15.7603,0.0000,0.0000,0.0000,0.0000,False,False,False,False,False,0.0000,False
15.8165,0.0000,0.0000,0.0000,0.0000,False,False,False,False,False,0.0000,False
15.8635,0.0000,0.0000,0.0000,0.0000,False,False,False,False,False,0.0000,False
15.9122,0.0000,0.0000,0.0000,0.0000,False,False,False,False,False,0.0000,False
15.9584,0.0000,0.0000,0.0000,0.0000,False,False,False,False,False,0.0000,False
16.0050,0.0000,0.0000,0.0000,0.0000,False,False,False,False,False,0.0000,False
16.0564,0.0000,0.0000,0.0000,0.0000,False,False,False,False,False,0.0000,False
16.1098,0.0000,0.0000,0.0000,0.0000,False,False,False,False,False,0.0000,False
16.1582,0.0000,0.0000,0.0000,0.0000,False,False,False,False,False,0.0000,False
16.2064,0.0000,0.0000,0.0000,0.0000,False,False,False,False,False,0.0000,False
16.2529,0.0000,0.0000,0.0000,0.0000,False,False,False,False,False,0.0000,False
16.2994,0.0000,0.0000,0.0000,0.0000,False,False,False,False,False,0.0000,False
16.3506,0.0000,0.0000,0.0000,0.0000,False,False,False,False,False,0.0000,False
16.3981,0.0000,0.0000,0.0000,0.0000,False,False,False,False,False,0.0000,False
16.4464,0.0000,0.0000,0.0000,0.0000,False,False,False,False,False,0.0000,False
16.4926,0.0000,0.0000,0.0000,0.0000,False,False,False,False,False,0.0000,False
16.5443,0.0000,0.0000,0.0000,0.0000,False,False,False,False,False,0.0000,False
16.5937,0.0000,0.0000,0.0000,0.0000,False,False,False,False,False,0.0000,False
16.6408,0.0000,0.0000,0.0000,0.0000,False,False,False,False,False,0.0000,False
16.6848,0.0000,0.0000,0.0000,0.0000,False,False,False,False,False,0.0000,False
16.7322,0.0000,0.0000,0.0000,0.0000,False,False,False,False,False,0.0000,False
16.7800,0.1786,0.0000,0.0000,0.0000,False,False,False,False,False,0.0000,False
16.8318,0.4580,0.0000,0.0000,0.0000,False,False,False,False,False,0.0000,False
16.8785,0.5000,0.0000,0.0000,0.0000,False,False,False,False,False,0.0000,False
16.9258,0.5000,0.0000,0.0000,0.0000,False,False,False,False,False,0.0000,False
16.9719,0.5000,0.0000,0.0000,0.0000,False,False,False,False,False,0.0000,False
17.0153,0.5000,0.0000,0.0001,0.0000,False,False,False,False,False,0.0000,False
17.0664,0.5000,0.0000,0.0000,0.0000,False,False,False,False,False,0.0000,False
17.1112,0.5000,0.0000,0.0001,0.0000,False,False,False,False,False,0.0000,False
17.1569,0.5000,0.0000,0.0001,0.0000,False,False,False,False,False,0.0000,False
17.2010,0.5000,0.0000,0.0000,0.0000,False,False,False,False,False,0.0000,False
17.2462,0.5000,0.0000,0.0001,0.0000,False,False,False,False,False,0.0000,False
17.2996,0.5000,0.0000,0.0000,0.0000,False,False,False,False,False,0.0000,False
17.3448,0.5000,0.0000,0.0000,0.0000,False,False,False,False,False,0.0000,False
17.3897,0.5000,0.0000,0.0000,0.0000,False,False,False,False,False,0.0000,False
17.4327,0.5000,0.0000,0.0000,0.0000,False,False,False,False,False,0.0000,False
17.4792,0.5000,0.0000,0.0000,0.0000,False,False,False,False,False,0.0000,False
17.5279,0.5000,0.0000,0.0000,0.0000,False,False,False,False,False,0.0000,False
17.5735,0.5000,0.0000,0.0000,0.0000,False,False,False,False,False,0.0000,False
17.6178,0.5000,0.0000,0.0000,0.0000,False,False,False,False,False,0.0000,False
17.6604,0.5000,0.0000,0.0000,0.0000,False,False,False,False,False,0.0000,False
17.7029,0.5000,0.0000,0.0000,0.0000,False,False,False,False,False,0.0000,False
17.7471,0.5000,0.0000,0.0000,0.0000,False,False,False,False,False,0.0000,False
17.7993,0.5000,0.0000,0.0000,0.0000,False,False,False,False,False,0.0000,False
17.8511,0.5000,0.0000,0.0000,0.0000,False,False,False,False,False,0.0000,False
17.8956,0.5000,0.0000,0.0000,0.0000,False,False,False,False,False,0.0000,False
17.9384,0.5000,0.0000,0.0000,0.0000,False,False,False,False,False,0.0000,False
17.9808,0.5000,0.0000,0.0000,0.0000,False,False,False,False,False,0.0000,False
18.0306,0.5000,0.0000,0.0000,0.0000,False,False,False,False,False,0.0000,False
18.0790,0.5000,0.0000,0.0000,0.0000,False,False,False,False,False,0.0000,False
18.1231,0.5000,0.0000,0.0000,0.0000,False,False,False,False,False,0.0000,False
18.1644,0.5000,0.0000,0.0000,0.0000,False,False,False,False,False,0.0000,False
18.2104,0.5000,0.0000,0.0000,0.0000,False,False,False,False,False,0.0000,False
18.2546,0.5000,0.0000,0.0000,0.0000,False,False,False,False,False,0.0000,False
18.3010,0.5000,0.0000,0.0000,0.0000,False,False,False,False,False,0.0000,False
18.3457,0.5000,0.0000,0.0000,0.0000,False,False,False,False,False,0.0000,False
18.3868,0.5000,0.0000,0.0000,0.0000,False,False,False,False,False,0.0000,False
18.4304,0.5000,0.0000,0.0000,0.0000,False,False,False,False,False,0.0000,False
18.4764,0.5000,0.0000,0.0000,0.0000,False,False,False,False,False,0.0000,False
18.5233,0.5000,0.0000,0.0000,0.0000,False,False,False,False,False,0.0000,False
18.5677,0.5000,0.0000,0.0000,0.0000,False,False,False,False,False,0.0000,False
18.6109,0.5000,0.0000,0.0000,0.0000,False,False,False,False,False,0.0000,False
18.6553,0.5000,0.0000,0.0000,0.0000,False,False,False,False,False,0.0000,False
18.6980,0.5000,0.0000,0.0000,0.0000,False,False,False,False,False,0.0000,False
18.7467,0.5000,0.0000,0.0000,0.0000,False,False,False,False,False,0.0000,False
18.7914,0.5000,0.0000,0.0000,0.0000,False,False,False,False,False,0.0000,False
18.8351,0.5000,0.0000,0.0000,0.0000,False,False,False,False,False,0.0000,False
18.8776,0.5000,0.0000,0.0000,0.0000,False,False,False,False,False,0.0000,False
18.9196,0.5000,0.0000,0.0000,0.0000,False,False,False,False,False,0.0000,False
18.9687,0.5000,0.0000,0.0000,0.0000,False,False,False,False,False,0.0000,False
19.0135,0.4629,0.0000,0.0000,0.0000,False,False,False,False,False,0.0000,False
19.0592,0.3649,0.0000,0.0000,0.0000,False,False,False,False,False,0.0000,False
19.1021,0.2080,0.0000,0.0000,0.0000,False,False,False,False,False,0.0000,False
19.1461,0.0218,0.0000,0.0000,0.0000,False,False,False,False,False,0.0000,False
19.1949,0.0000,0.0000,0.0000,0.0000,False,False,False,False,False,0.0000,False
19.2390,0.0000,0.0000,0.0000,0.0000,False,False,False,False,False,0.0000,False
19.2827,0.0000,0.0000,0.0000,0.0000,False,False,False,False,False,0.0000,False
19.3289,0.0000,0.0000,0.0000,0.0000,False,False,False,False,False,0.0000,False
19.3729,0.1149,0.0000,0.0000,0.0000,False,False,False,False,False,0.0000,False
19.4207,0.4335,0.0000,0.0000,0.0000,False,False,False,False,False,0.0000,False
19.4652,0.5000,0.0000,0.0000,0.0000,False,False,False,False,False,0.0000,False
19.5105,0.5000,0.0000,0.0000,0.0000,False,False,False,False,False,0.0000,False
19.5538,0.5861,0.0000,0.0000,0.0000,False,False,False,False,False,0.0000,False
19.6001,0.6890,0.0000,0.0000,0.0000,False,False,False,False,False,0.0000,False
19.6466,0.7282,0.0000,0.0000,0.0000,False,False,False,False,False,0.0000,False
19.6901,0.7331,0.0000,0.0000,0.0000,False,False,False,False,False,0.0000,False
19.7334,0.7577,0.0000,0.0000,0.0000,False,False,False,False,False,0.0000,False
19.7770,0.7969,0.0000,0.0000,0.0000,False,False,False,False,False,0.0000,False
19.8208,0.8312,0.0000,0.0000,0.0000,False,False,False,False,False,0.0000,False
19.8698,0.8606,0.0000,0.0000,0.0000,False,False,False,False,False,0.0000,False
19.9134,0.8802,0.0000,0.0000,0.0000,False,False,False,False,False,0.0000,False
19.9569,0.8802,0.0000,0.0000,0.0000,False,False,False,False,False,0.0000,False
20.0000,0.8802,0.0000,0.0000,0.0000,False,False,False,False,False,0.0000,False
20.0434,0.8802,0.0000,0.0000,0.0000,False,False,False,False,False,0.0000,False
20.0913,0.8802,0.0000,0.0000,0.0000,False,False,False,False,False,0.0000,False
20.1321,0.8802,0.0000,0.0000,0.0000,False,False,False,False,False,0.0000,False
20.1770,0.8802,0.0000,0.0000,0.0000,False,False,False,False,False,0.0000,False
20.2216,0.8900,0.0000,0.0000,0.0000,False,False,False,False,False,0.0000,False
20.2667,0.8900,0.0000,0.0000,0.0000,False,False,False,False,False,0.0000,False
20.3147,0.8900,0.0000,0.0000,0.0000,False,False,False,False,False,0.0000,False
20.3581,0.8900,0.0000,0.0000,0.0000,False,False,False,False,False,0.0000,False
20.4005,0.8900,0.0000,0.0000,0.0000,False,False,False,False,False,0.0000,False
20.4447,0.8900,0.0000,0.0000,0.0000,False,False,False,False,False,0.0000,False
20.4957,0.8900,0.0000,0.0000,0.0000,False,False,False,False,False,0.0000,False
20.5526,0.8900,0.0000,0.0000,0.0000,False,False,False,False,False,0.0000,False
20.6000,0.8900,0.0000,0.0000,0.0000,False,False,False,False,False,0.0000,False
20.6434,0.8900,0.0000,0.0000,0.0000,False,False,False,False,False,0.0000,False
20.6886,0.8900,0.0000,0.0000,0.0000,False,False,False,False,False,0.0000,False
20.7338,0.8900,0.0000,0.0000,0.0000,False,False,False,False,False,0.0000,False
20.7866,0.8900,0.0000,0.0000,0.0000,False,False,False,False,False,0.0000,False
20.8330,0.8900,0.0000,0.0000,0.0000,False,False,False,False,False,0.0000,False
20.8793,0.8900,0.0000,0.0000,0.0000,False,False,False,False,False,0.0000,False
20.9242,0.8900,0.0000,0.0000,0.0000,False,False,False,False,False,0.0000,False
20.9690,0.8900,0.0000,0.0000,0.0000,False,False,False,False,False,0.0000,False
21.0204,0.8900,0.0000,0.0000,0.0000,False,False,False,False,False,0.0000,False
21.0646,0.8900,0.0000,0.0000,0.0000,False,False,False,False,False,0.0000,False
21.1134,0.8900,0.0000,0.0000,0.0000,False,False,False,False,False,0.0000,False
21.1620,0.8900,0.0000,0.0000,0.0000,False,False,False,False,False,0.0000,False
21.2110,0.8900,0.0000,0.0000,0.0000,False,False,False,False,False,0.0000,False
21.2633,0.8900,0.0000,0.0000,0.0000,False,False,False,False,False,0.0000,False
21.3106,0.8900,0.0000,0.0000,0.0000,False,False,False,False,False,0.0000,False
21.3572,0.8900,0.0000,0.0000,0.0000,False,False,False,False,False,0.0000,False
21.4041,0.8900,0.0000,0.0000,0.0000,False,False,False,False,False,0.0000,False
21.4503,0.8851,0.0000,0.0000,0.0000,False,False,False,False,False,0.0000,False
21.5051,0.8851,0.0000,0.0000,0.0000,False,False,False,False,False,0.0000,False
21.5522,0.8802,0.0000,0.0000,0.0000,False,False,False,False,False,0.0000,False
21.5955,0.8802,0.0000,0.0000,0.0000,False,False,False,False,False,0.0000,False
21.6382,0.8753,0.0000,0.0000,0.0000,False,False,False,False,False,0.0000,False
21.6837,0.8704,0.0000,0.0000,0.0000,False,False,False,False,False,0.0000,False
21.7344,0.8704,0.0000,0.0000,0.0000,False,False,False,False,False,0.0000,False
21.7792,0.8704,0.0000,0.0000,0.0000,False,False,False,False,False,0.0000,False
21.8228,0.8704,0.0000,0.0000,0.0000,False,False,False,False,False,0.0000,False
21.8672,0.8704,0.0000,0.0000,0.0000,False,False,False,False,False,0.0000,False
21.9154,0.8704,0.0000,0.0000,0.0000,False,False,False,False,False,0.0000,False
21.9609,0.8704,0.0000,0.0000,0.0000,False,False,False,False,False,0.0000,False
22.0079,0.8704,0.0000,0.0000,0.0000,False,False,False,False,False,0.0000,False
22.0568,0.8704,0.0000,0.0000,0.0000,False,False,False,False,False,0.0000,False
22.1030,0.8704,0.0000,0.0000,0.0000,False,False,False,False,False,0.0000,False
22.1516,0.8704,0.0000,0.0000,0.0000,False,False,False,False,False,0.0000,False
22.1955,0.8704,0.0000,0.0000,0.0000,False,False,False,False,False,0.0000,False
22.2383,0.8704,0.0000,0.0000,0.0000,False,False,False,False,False,0.0000,False
22.2816,0.8704,0.0000,0.0000,0.0000,False,False,False,False,False,0.0000,False
22.3263,0.8704,0.0000,0.0000,0.0000,False,False,False,False,False,0.0000,False
22.3707,0.8704,0.0000,0.0000,0.0000,False,False,False,False,False,0.0000,False
22.4220,0.8704,0.0000,0.0000,0.0000,False,False,False,False,False,0.0000,False
22.4727,0.8704,0.0000,0.0000,0.0000,False,False,False,False,False,0.0000,False
22.5198,0.8704,0.0000,0.0000,0.0000,False,False,False,False,False,0.0000,False
22.5643,0.8704,0.0000,0.0000,0.0000,False,False,False,False,False,0.0000,False
22.6136,0.8704,0.0000,0.0000,0.0000,False,False,False,False,False,0.0000,False
22.6629,0.8704,0.0000,0.0000,0.0000,False,False,False,False,False,0.0000,False
22.7048,0.8704,0.0000,0.0000,0.0000,False,False,False,False,False,0.0000,False
22.7487,0.8704,0.0000,0.0000,0.0000,False,False,False,False,False,0.0000,False
22.7932,0.8704,0.0000,0.0000,0.0000,False,False,False,False,False,0.0000,False
22.8382,0.8704,0.0000,0.0000,0.0000,False,False,False,False,False,0.0000,False
22.8861,0.8704,0.0000,0.0000,0.0000,False,False,False,False,False,0.0000,False
22.9301,0.8704,0.0000,0.0000,0.0000,False,False,False,False,False,0.0000,False
22.9717,0.8704,0.0000,0.0000,0.0000,False,False,False,False,False,0.0000,False
23.0185,0.8704,0.0000,0.0000,0.0000,False,False,False,False,False,0.0000,False
23.0625,0.8704,0.0000,0.0000,0.0000,False,False,False,False,False,0.0000,False
23.1124,0.8704,0.0000,0.0000,0.0000,False,False,False,False,False,0.0000,False
23.1574,0.8704,0.0000,0.0000,0.0000,False,False,False,False,False,0.0000,False
23.2023,0.8704,0.0000,0.0000,0.0000,False,False,False,False,False,0.0000,False
23.2457,0.8704,0.0000,0.0000,0.0000,False,False,False,False,False,0.0000,False
23.2885,0.8704,0.0000,0.0000,0.0000,False,False,False,False,False,0.0000,False
23.3391,0.8704,0.0000,0.0000,0.0000,False,False,False,False,False,0.0000,False
23.3829,0.8704,0.0000,0.0000,0.0000,False,False,False,False,False,0.0000,False
23.4274,0.8704,0.0000,0.0000,0.0000,False,False,False,False,False,0.0000,False
23.4716,0.8704,0.0000,0.0000,0.0000,False,False,False,False,False,0.0000,False
23.5223,0.8704,0.0000,0.0000,0.0000,False,False,False,False,False,0.0000,False
23.5738,0.8704,0.0000,0.0000,0.0000,False,False,False,False,False,0.0000,False
23.6174,0.8704,0.0000,0.0000,0.0000,False,False,False,False,False,0.0000,False
23.6634,0.8704,0.0000,0.0000,0.0000,False,False,False,False,False,0.0000,False
23.7106,0.8704,0.0000,0.0000,0.0000,False,False,False,False,False,0.0000,False
23.7539,0.8704,0.0000,0.0000,0.0000,False,False,False,False,False,0.0000,False
23.8009,0.8704,0.0000,0.0000,0.0000,False,False,False,False,False,0.0000,False
23.8471,0.8704,0.0000,0.0000,0.0000,False,False,False,False,False,0.0000,False
23.8939,0.8704,0.0000,0.0000,0.0000,False,False,False,False,False,0.0000,False
23.9416,0.8704,0.0000,0.0000,0.0000,False,False,False,False,False,0.0000,False
23.9872,0.8704,0.0000,0.0000,0.0000,False,False,False,False,False,0.0000,False
24.0384,0.8704,0.0000,0.0000,0.0000,False,False,False,False,False,0.0000,False
24.0830,0.8704,0.0000,0.0000,0.0000,False,False,False,False,False,0.0000,False
24.1298,0.8704,0.0000,0.0000,0.0000,False,False,False,False,False,0.0000,False
24.1730,0.8704,0.0000,0.0000,0.0000,False,False,False,False,False,0.0000,False
24.2250,0.8704,0.0000,0.0000,0.0000,False,False,False,False,False,0.0000,False
24.2706,0.8704,0.0000,0.0000,0.0000,False,False,False,False,False,0.0000,False
24.3155,0.8704,0.0000,0.0000,0.0000,False,False,False,False,False,0.0000,False
24.3636,0.8704,0.0000,0.0000,0.0000,False,False,False,False,False,0.0000,False
24.4108,0.8704,0.0000,0.0000,0.0000,False,False,False,False,False,0.0000,False
24.4645,0.8704,0.0000,0.0000,0.0000,False,False,False,False,False,0.0000,False
24.5108,0.8704,0.0000,0.0000,0.0000,False,False,False,False,False,0.0000,False
24.5587,0.8704,0.0000,0.0000,0.0000,False,False,False,False,False,0.0000,False
24.6034,0.8704,0.0000,0.0000,0.0000,False,False,False,False,False,0.0000,False
24.6526,0.8704,0.0000,0.0000,0.0000,False,False,False,False,False,0.0000,False
24.7077,0.8704,0.0000,0.0000,0.0000,False,False,False,False,False,0.0000,False
24.7567,0.8704,0.0000,0.0000,0.0000,False,False,False,False,False,0.0000,False
24.8090,0.8704,0.0000,0.0000,0.0000,False,False,False,False,False,0.0000,False
24.8614,0.8704,0.0000,0.0000,0.0000,False,False,False,False,False,0.0000,False
24.9143,0.8704,0.0000,0.0000,0.0000,False,False,False,False,False,0.0000,False
24.9717,0.8704,0.0000,0.0000,0.0000,False,False,False,False,False,0.0000,False
25.0225,0.8704,0.0000,0.0000,0.0000,False,False,False,False,False,0.0000,False
25.0760,0.8704,0.0000,0.0000,0.0000,False,False,False,False,False,0.0000,False
25.1246,0.8704,0.0000,0.0000,0.0000,False,False,False,False,False,0.0000,False
25.1743,0.8704,0.0000,0.0000,0.0000,False,False,False,False,False,0.0000,False
25.2287,0.8704,0.0000,0.0000,0.0000,False,False,False,False,False,0.0000,False
25.2812,0.8704,0.0000,0.0000,0.0000,False,False,False,False,False,0.0000,False
25.3355,0.8704,0.0000,0.0000,0.0000,False,False,False,False,False,0.0000,False
25.3869,0.8704,0.0000,0.0000,0.0000,False,False,False,False,False,0.0000,False
25.4346,0.8704,0.0000,0.0000,0.0000,False,False,False,False,False,0.0000,False
25.4844,0.8704,0.0000,0.0000,0.0000,False,False,False,False,False,0.0000,False
25.5335,0.8704,0.0000,0.0000,0.0000,False,False,False,False,False,0.0000,False
25.5809,0.8704,0.0000,0.0000,0.0000,False,False,False,False,False,0.0000,False
25.6314,0.8704,0.0000,0.0000,0.0000,False,False,False,False,False,0.0000,False
25.6824,0.8704,0.0000,0.0000,0.0000,False,False,False,False,False,0.0000,False
25.7259,0.8704,0.0000,0.0000,0.0000,False,False,False,False,False,0.0000,False
25.7720,0.8704,0.0000,0.0000,0.0000,False,False,False,False,False,0.0000,False
25.8179,0.8704,0.0000,0.0000,0.0000,False,False,False,False,False,0.0000,False
25.8676,0.8704,0.0000,0.0000,0.0000,False,False,False,False,False,0.0000,False
25.9168,0.8704,0.0000,0.0000,0.0000,False,False,False,False,False,0.0000,False
25.9643,0.8704,0.0000,0.0000,0.0000,False,False,False,False,False,0.0000,False
26.0131,0.8704,0.0000,0.0000,0.0000,False,False,False,False,False,0.0000,False
26.0627,0.8704,0.0000,0.0000,0.0000,False,False,False,False,False,0.0000,False
26.1130,0.8704,0.0000,0.0000,0.0000,False,False,False,False,False,0.0000,False
26.1656,0.8704,0.0000,0.0000,0.0000,False,False,False,False,False,0.0000,False
26.2215,0.8704,0.0000,0.0000,0.0000,False,False,False,False,False,0.0000,False
26.2728,0.8704,0.0000,0.0000,0.0000,False,False,False,False,False,0.0000,False
26.3215,0.8704,0.0000,0.0000,0.0000,False,False,False,False,False,0.0000,False
26.3801,0.8704,0.0000,0.0000,0.0000,False,False,False,False,False,0.0000,False
26.4367,0.8704,0.0000,0.0000,0.0000,False,False,False,False,False,0.0000,False
26.4865,0.8704,0.0000,0.0000,0.0000,False,False,False,False,False,0.0000,False
26.5382,0.8704,0.0000,0.0000,0.0000,False,False,False,False,False,0.0000,False
26.5925,0.8704,0.0000,0.0000,0.0000,False,False,False,False,False,0.0000,False
26.6439,0.8704,0.0000,0.0000,0.0000,False,False,False,False,False,0.0000,False
26.7006,0.8704,0.0000,0.0000,0.0000,False,False,False,False,False,0.0000,False
26.7540,0.8704,0.0000,0.0000,0.0000,False,False,False,False,False,0.0000,False
26.8072,0.8704,0.0000,0.0000,0.0000,False,False,True,False,False,0.0000,False
26.8636,0.8704,0.0000,0.0000,0.0000,False,False,True,False,False,120.7728,False
26.9213,0.8704,0.0000,0.0000,0.0000,False,False,True,False,False,119.0902,False
26.9729,0.8704,0.0000,0.0000,0.0000,False,False,True,False,False,117.4054,False
27.0243,0.8704,0.0000,0.0000,0.0000,False,False,True,False,False,115.9314,False
27.0771,0.8704,0.0000,0.0000,0.0000,False,False,True,False,False,114.4920,False
27.1263,0.8704,0.0000,0.0000,0.0000,False,False,True,False,False,113.0373,False
27.1849,0.8704,0.0000,0.0000,0.0000,False,False,True,False,False,111.7038,False
27.2415,0.8704,0.0000,0.0000,0.0000,False,False,True,False,False,110.1426,False
27.2910,0.8704,0.0000,0.0000,0.0000,False,False,True,False,False,108.6603,False
27.3461,0.8704,0.0000,0.0000,0.0000,False,False,True,False,False,107.3836,False
27.3977,0.8704,0.0000,0.0000,0.0000,False,False,True,False,False,105.9837,False
27.4481,0.8704,0.0000,0.0000,0.0000,False,False,True,False,False,104.6914,False
27.5025,0.8704,0.0000,0.0000,0.0000,False,False,True,False,False,103.4458,False
27.5511,0.8704,0.0000,0.0000,0.0000,False,False,True,False,False,102.1184,False
27.6063,0.8704,0.0000,0.0000,0.0000,False,False,True,False,False,100.9446,False
27.6573,0.8704,0.0000,0.0000,0.0000,False,False,True,False,False,99.6278,False
27.7113,0.8704,0.0000,0.0000,0.0000,False,False,True,False,False,98.4255,False
27.7661,0.8704,0.0000,0.0000,0.0000,False,False,True,False,False,97.1636,False
27.8169,0.8704,0.0000,0.0000,0.0000,False,False,True,False,False,95.8979,False
27.8710,0.8704,0.0000,0.0000,0.0000,False,False,True,False,False,94.7357,False
27.9216,0.8704,0.0000,0.0000,0.0000,False,False,True,False,False,93.5084,False
27.9786,0.8704,0.0000,0.0000,0.0000,False,False,True,False,False,92.3700,False
28.0343,0.8704,0.0000,0.0000,0.0000,False,False,True,False,False,91.0984,False
28.0908,0.8704,0.0000,0.0000,0.0000,False,False,True,False,False,89.8648,False
28.1429,0.8704,0.0000,0.0000,0.0000,False,False,True,False,False,88.6259,False
28.1964,0.8704,0.0000,0.0000,0.0000,False,False,True,False,False,87.4895,False
28.2492,0.8704,0.0000,0.0000,0.0000,False,False,True,False,False,86.3317,False
28.3002,0.8704,0.0000,0.0000,0.0000,False,False,True,False,False,85.1964,False
28.3559,0.8704,0.0000,0.0000,0.0000,False,False,True,False,False,84.1057,False
28.4092,0.8704,0.0000,0.0000,0.0000,False,False,True,False,False,82.9228,False
28.4667,0.8704,0.0000,0.0000,0.0000,False,False,True,False,False,81.7956,False
28.5243,0.8704,0.0000,0.0000,0.0000,False,False,True,False,False,80.5858,False
28.5779,0.8704,0.0000,0.0000,0.0000,False,False,True,False,False,79.3820,False
28.6394,0.8704,0.0000,0.0000,0.0000,False,False,True,False,False,78.2655,False
28.6963,0.8704,0.0000,0.0000,0.0000,False,False,True,False,False,76.9907,False
28.7534,0.8704,0.0000,0.0000,0.0000,False,False,True,False,False,75.8183,False
28.8090,0.8704,0.0000,0.0000,0.0000,False,False,True,False,False,74.6448,False
28.8693,0.8704,0.0000,0.0000,0.0000,False,False,True,False,False,73.5078,False
28.9263,0.8704,0.0000,0.0000,0.0000,False,False,True,False,False,72.2787,False
28.9858,0.8655,0.0000,0.0000,0.0000,False,False,True,False,False,71.1201,False
29.0541,0.8606,0.0000,0.0000,0.0000,False,False,True,False,False,69.9157,False
29.1179,0.8557,0.0000,0.0000,0.0000,False,False,True,False,False,68.5385,False
29.1799,0.8557,0.0000,0.0000,0.0000,False,False,True,False,False,67.2559,False
29.2392,0.8557,0.0000,0.0000,0.0000,False,False,True,False,False,66.0123,False
29.2967,0.8557,0.0000,0.0000,0.0000,False,False,True,False,False,64.8255,False
29.3657,0.8557,0.0000,0.0000,0.0000,False,False,True,False,False,63.6794,False
29.4279,0.8557,0.0000,0.0000,0.0000,False,False,True,False,False,62.3060,False
29.4866,0.8557,0.0000,0.0000,0.0000,False,False,True,False,False,61.0726,False
29.5467,0.8557,0.0000,0.0000,0.0000,False,False,True,False,False,59.9089,False
29.6134,0.8557,0.0000,0.0000,0.0000,False,False,True,False,False,58.7217,False
29.6730,0.8557,0.0000,0.0000,0.0000,False,False,True,False,False,57.4060,False
29.7365,0.8557,0.0000,0.0000,0.0000,False,False,True,False,False,56.2326,False
29.8008,0.8557,0.0000,0.0000,0.0000,False,False,True,False,False,54.9848,False
29.8704,0.8557,0.0000,0.0000,0.0000,False,False,True,False,False,53.7233,False
29.9419,0.8557,0.0000,0.0000,0.0000,False,False,True,False,False,52.3603,False
30.0086,0.8557,0.0000,0.0000,0.0000,False,False,True,False,False,50.9631,False
30.0758,0.8557,0.0000,0.0000,0.0000,False,False,True,False,False,49.6610,False
30.1494,0.8557,0.0000,0.0000,0.0000,False,False,True,False,False,48.3510,False
30.2194,0.8557,0.0000,0.0000,0.0000,False,False,True,False,False,46.9200,False
30.2883,0.8557,0.0000,0.0000,0.0000,False,False,True,False,False,45.5594,False
30.3548,0.8557,0.0000,0.0000,0.0000,False,False,True,False,False,44.2238,False
30.4245,0.8557,0.0000,0.0000,0.0000,False,False,True,False,False,42.9370,False
30.4944,0.8557,0.0000,0.0000,0.0000,False,False,True,False,False,41.5877,False
30.5672,0.8557,0.0000,0.0000,0.0000,False,False,True,False,False,40.2383,False
30.6420,0.8557,0.0000,0.0000,0.0000,False,False,True,False,False,38.8329,False
30.7087,0.8508,0.0000,0.0000,0.0000,False,False,True,False,False,37.3939,False
30.7786,0.8410,0.0000,0.0000,0.0000,False,False,True,False,False,36.1094,False
30.8514,0.8067,0.0000,0.0000,0.0000,False,False,True,False,False,34.7670,False
30.9302,0.6596,0.0000,0.0000,0.0000,False,False,True,False,False,33.3695,False
31.0044,0.4237,0.0000,0.0000,0.0000,False,False,True,False,False,31.8619,False
31.0755,0.0000,0.0000,0.0000,0.0000,False,False,True,False,False,30.4428,False
31.1466,0.0000,0.0000,0.0000,0.0000,False,False,True,False,False,29.0881,False
31.2247,0.0000,0.0000,0.0000,0.0000,False,False,True,False,False,27.7356,False
31.2957,0.0000,0.0000,0.0000,0.0000,False,False,True,False,False,26.2509,False
31.3681,0.0000,0.0000,0.0000,0.0000,False,False,True,False,False,24.9067,False
31.4476,0.0000,0.0000,0.0000,0.0000,False,False,True,False,False,23.5386,False
31.5252,0.0000,0.0000,0.0000,0.0000,False,False,True,False,False,22.0405,False
31.6017,0.0000,0.0000,0.0000,0.0000,False,False,True,False,False,20.5834,False
31.6792,0.0000,0.0000,0.0000,0.0000,False,False,True,False,False,19.1500,False
31.7523,0.0000,0.0169,0.0000,0.0000,False,False,True,False,False,17.7061,False
31.8297,0.0000,0.1443,0.0000,0.0000,False,False,True,False,False,16.3350,False
31.9141,0.0000,0.2227,0.0000,0.0000,False,False,True,False,False,14.8744,False
31.9916,0.0000,0.3110,0.0000,0.0000,False,False,True,False,False,13.2800,False
32.0663,0.0000,0.3894,0.0000,0.0000,False,False,True,False,False,11.8133,False
32.1466,0.0000,0.3894,0.0000,0.0000,False,False,True,False,False,10.3957,False
32.2267,0.0000,0.4041,0.0000,0.0000,False,False,True,False,False,8.8676,False
32.3054,0.0000,0.4433,0.0000,0.0000,False,False,True,False,False,7.3467,False
32.3810,0.0000,0.4629,0.0000,0.0000,False,False,True,False,False,5.8623,False
32.4542,0.0000,0.4629,0.0000,0.0000,False,False,True,False,False,4.4585,False
32.5246,0.0000,0.4482,0.0000,0.0000,False,False,True,False,False,3.1596,False
32.5985,0.0000,0.4335,0.0000,0.0000,False,False,True,False,False,2.0720,False
32.6738,0.0000,0.4139,0.0000,0.0000,False,False,True,False,False,1.5335,False
32.7451,0.0000,0.4041,0.0000,0.0000,False,False,True,False,False,2.1421,False
32.8155,0.0000,0.4041,0.0000,0.0000,False,False,True,False,False,3.2566,False
32.8915,0.0000,0.3943,0.0000,0.0000,False,False,True,False,False,4.4898,False
32.9626,0.0000,0.3600,0.0000,0.0000,False,False,True,False,False,5.8663,False
33.0333,0.0000,0.3012,0.0000,0.0000,False,False,True,False,False,7.1687,False
33.1038,0.0000,0.1835,0.0000,0.0000,False,False,True,False,False,8.4716,False
33.1789,0.0000,0.0000,0.0000,0.0000,False,False,True,False,False,9.7711,False
33.2574,0.0000,0.0000,0.0000,0.0000,False,False,True,False,False,11.1599,False
33.3321,0.0000,0.0000,0.0000,0.0000,False,False,True,False,False,12.6167,False
33.4007,0.0000,0.0000,0.0000,0.0000,False,False,True,False,False,14.0040,False
33.4689,0.0000,0.0000,0.0000,0.0000,False,False,True,False,False,15.2614,False
33.5325,0.0000,0.0000,0.0000,0.0000,False,False,True,False,False,16.5089,False
33.5989,0.0000,0.0000,0.0000,0.0000,False,False,True,False,False,17.6773,False
33.6693,0.0000,0.0000,0.0000,0.0000,False,False,True,False,False,18.8987,False
33.7292,0.0000,0.0000,0.0000,0.0000,False,False,True,False,False,20.1992,False
33.7872,0.0000,0.0000,0.0000,0.0000,False,False,True,False,False,21.3108,False
33.8454,0.0000,0.0000,0.0000,0.0000,False,False,True,False,False,22.3927,False
33.8996,0.0000,0.0000,0.0000,0.0000,False,False,True,False,False,23.4775,False
33.9588,0.0000,0.0000,0.0000,0.0000,False,False,True,False,False,24.4865,False
34.0116,0.0000,0.0000,0.0000,0.0000,False,False,True,False,False,25.5772,False
34.0661,0.0000,0.0000,0.0000,0.0000,False,False,True,False,False,26.5562,False
34.1258,0.0000,0.0000,0.0000,0.0000,False,False,True,False,False,27.5680,False
34.1872,0.0000,0.0000,0.0000,0.0000,False,False,True,False,False,28.6823,False
34.2380,0.0169,0.0000,0.0001,0.0000,False,False,True,False,False,29.8300,False
34.2935,0.0855,0.0000,0.0000,0.0000,False,False,True,False,False,30.7839,False
34.3483,0.1884,0.0000,0.0000,0.0000,False,False,True,False,False,31.8291,False
34.4008,0.3110,0.0000,0.0000,0.0000,False,False,True,False,False,32.8627,False
34.4549,0.3845,0.0000,0.0000,0.0000,False,False,True,False,False,33.8547,False
34.5061,0.4335,0.0000,0.0000,0.0000,False,False,True,False,False,34.8817,False
34.5580,0.4727,0.0000,0.0000,0.0000,False,False,True,False,False,35.8580,False
34.6078,0.5000,0.0000,0.0000,0.0000,False,False,True,False,False,36.8551,False
34.6622,0.5000,0.0000,0.0000,0.0000,False,False,True,False,False,37.8224,False
34.7138,0.5000,0.0000,0.0000,0.0000,False,False,True,False,False,38.8855,False
34.7654,0.5000,0.0000,0.0000,0.0000,False,False,True,False,False,39.8972,False
34.8178,0.5000,0.0000,0.0000,0.0000,False,False,True,False,False,40.9166,False
34.8671,0.5000,0.0000,0.0000,0.0000,False,False,True,False,False,41.9571,False
34.9191,0.5000,0.0000,0.0000,0.0000,False,False,True,False,False,42.9462,False
34.9721,0.5000,0.0000,0.0000,0.0000,False,False,True,False,False,43.9949,False
35.0198,0.5000,0.0000,0.0000,0.0000,False,False,True,False,False,45.0681,False
35.0687,0.5000,0.0000,0.0000,0.0000,False,False,True,False,False,46.0401,False
35.1194,0.5000,0.0000,0.0000,0.0000,False,False,True,False,False,47.0403,False
35.1648,0.5000,0.0000,0.0000,0.0000,False,False,True,False,False,48.0846,False
35.2150,0.5000,0.0000,0.0000,0.0000,False,False,True,False,False,49.0214,False
35.2651,0.5000,0.0000,0.0000,0.0000,False,False,True,False,False,50.0645,False
35.3170,0.5000,0.0000,0.0000,0.0000,False,False,True,False,False,51.1102,False
35.3621,0.5000,0.0000,0.0000,0.0000,False,False,True,False,False,52.1993,False
35.4077,0.5000,0.0000,0.0000,0.0000,False,False,True,False,False,53.1442,False
35.4586,0.5000,0.0000,0.0000,0.0000,False,False,True,False,False,54.1035,False
35.5045,0.5000,0.0000,0.0000,0.0000,False,False,True,False,False,55.1728,False
35.5492,0.5000,0.0000,0.0000,0.0000,False,False,True,False,False,56.1350,False
35.5961,0.5000,0.0000,0.0000,0.0000,False,False,True,False,False,57.0732,False
35.6557,0.5000,0.0000,0.0000,0.0000,False,False,True,False,False,58.0578,False
35.7036,0.5000,0.0000,0.0000,0.0000,False,False,True,False,False,59.3141,False
35.7504,0.5000,0.0000,0.0000,0.0000,False,False,True,False,False,60.3254,False
35.7975,0.5000,0.0000,0.0000,0.0000,False,False,True,False,False,61.3149,False
35.8442,0.5000,0.0000,0.0000,0.0000,False,False,True,False,False,62.3110,False
35.8941,0.5000,0.0000,0.0000,0.0000,False,False,True,False,False,63.2989,False
35.9420,0.5000,0.0000,0.0000,0.0000,False,False,True,False,False,64.3553,False
35.9901,0.5000,0.0000,0.0000,0.0000,False,False,True,False,False,65.3697,False
36.0347,0.5000,0.0000,0.0000,0.0000,False,False,True,False,False,66.3901,False
36.0817,0.5000,0.0000,0.0000,0.0000,False,False,True,False,False,67.3368,False
36.1351,0.5000,0.0000,0.0000,0.0000,False,False,True,False,False,68.3341,False
36.1830,0.5000,0.0000,0.0000,0.0000,False,False,True,False,False,69.4724,False
36.2290,0.5000,0.0000,0.0000,0.0000,False,False,True,False,False,70.4955,False
36.2738,0.5000,0.0000,0.0000,0.0000,False,False,True,False,False,71.4787,False
36.3241,0.5000,0.0000,0.0000,0.0000,False,False,True,False,False,72.4366,False
36.3686,0.5000,0.0000,0.0000,0.0000,False,False,True,False,False,73.5125,False
36.4159,0.5000,0.0000,0.0000,0.0000,False,False,True,False,False,74.4646,False
36.4627,0.5000,0.0000,0.0000,0.0000,False,False,True,False,False,75.4797,False
36.5066,0.5000,0.0000,0.0000,0.0000,False,False,True,False,False,76.4868,False
36.5566,0.5000,0.0000,0.0000,0.0000,False,False,True,False,False,77.4330,False
36.6013,0.5000,0.0000,0.0000,0.0000,False,False,True,False,False,78.5105,False
36.6501,0.5000,0.0000,0.0000,0.0000,False,False,True,False,False,79.4746,False
36.6987,0.5000,0.0000,0.0000,0.0000,False,False,True,False,False,80.5278,False
36.7458,0.5000,0.0000,0.0000,0.0000,False,False,True,False,False,81.5819,False
36.7942,0.5000,0.0000,0.0000,0.0000,False,False,True,False,False,82.6020,False
36.8397,0.5000,0.0000,0.0000,0.0000,False,False,True,False,False,83.6514,False
36.8844,0.5000,0.0000,0.0000,0.0000,False,False,True,False,False,84.6377,False
36.9299,0.5000,0.0000,0.0000,0.0000,False,False,True,False,False,85.6066,False
36.9745,0.5000,0.0000,0.0000,0.0000,False,False,True,False,False,86.5939,False
37.0176,0.5000,0.0000,0.0000,0.0000,False,False,True,False,False,87.5618,False
37.0655,0.5000,0.0000,0.0000,0.0000,False,False,True,False,False,88.4961,False
37.1104,0.5000,0.0000,0.0000,0.0000,False,False,True,False,False,89.5372,False
37.1581,0.5000,0.0000,0.0000,0.0000,False,False,True,False,False,90.5102,False
37.2043,0.5000,0.0000,0.0001,0.0000,False,False,True,False,False,91.5393,False
37.2533,0.5000,0.0000,0.0000,0.0000,False,False,True,False,False,92.5368,False
37.3004,0.5000,0.0000,0.0000,0.0000,False,False,True,False,False,93.5955,False
37.3477,0.5000,0.0000,0.0000,0.0000,False,False,True,False,False,94.6131,False
37.3925,0.5000,0.0000,0.0000,0.0000,False,False,True,False,False,95.6359,False
37.4361,0.5000,0.0000,0.0000,0.0000,False,False,True,False,False,96.6005,False
37.4839,0.5000,0.0000,0.0000,0.0000,False,False,True,False,False,97.5369,False
37.5311,0.5000,0.0000,0.0000,0.0000,False,False,True,False,False,98.5663,False
37.5788,0.5000,0.0000,0.0000,0.0000,False,False,True,False,False,99.5811,False
37.6235,0.5000,0.0000,0.0000,0.0000,False,False,True,False,False,100.6080,False
37.6723,0.5000,0.0000,0.0000,0.0000,False,False,True,False,False,101.5664,False
37.7204,0.5000,0.0000,0.0000,0.0000,False,False,True,False,False,102.6111,False
37.7650,0.5000,0.0000,0.0000,0.0000,False,False,True,False,False,103.6396,False
37.8109,0.5000,0.0000,0.0000,0.0000,False,False,True,False,False,104.5937,False
37.8536,0.5000,0.0000,0.0000,0.0000,False,False,True,False,False,105.5768,False
37.8977,0.5000,0.0000,0.0000,0.0000,False,False,True,False,False,106.4904,False
37.9483,0.5000,0.0000,0.0000,0.0000,False,False,True,False,False,107.4303,False
37.9941,0.5000,0.0000,0.0000,0.0000,False,False,True,False,False,108.5054,False
38.0389,0.5000,0.0000,0.0000,0.0000,False,False,True,False,False,109.4802,False
38.0825,0.5000,0.0000,0.0000,0.0000,False,False,True,False,False,110.4342,False
38.1319,0.5000,0.0000,0.0000,0.0000,False,False,True,False,False,111.3626,False
38.1814,0.5000,0.0000,0.0000,0.0000,False,False,True,False,False,112.4136,False
38.2364,0.5000,0.0000,0.0000,0.0000,False,False,True,False,False,113.4679,False
38.2873,0.5000,0.0000,0.0000,0.0000,False,False,True,False,False,114.6389,False
38.3351,0.5000,0.0000,0.0000,0.0000,False,False,True,False,False,115.7228,False
38.3852,0.5000,0.0000,0.0000,0.0000,False,False,True,False,False,116.7420,False
38.4322,0.5000,0.0000,0.0000,0.0000,False,False,True,False,False,117.8092,False
38.4802,0.5000,0.0000,0.0000,0.0000,False,False,True,False,False,118.8117,False
38.5249,0.5000,0.0000,0.0001,0.0000,False,False,True,False,False,119.8345,False
38.5692,0.5000,0.0000,0.0000,0.0000,False,False,True,False,False,120.7874,False
38.6134,0.5000,0.0000,0.0000,0.0000,False,False,True,False,False,121.7303,False
38.6600,0.5000,0.0000,0.0000,0.0000,False,False,True,False,False,122.6756,False
38.7026,0.5000,0.0000,0.0000,0.0000,False,False,True,False,False,123.6741,False
38.7471,0.5000,0.0000,0.0000,0.0000,False,False,True,False,False,124.5875,False
38.7922,0.5000,0.0000,0.0000,0.0000,False,False,True,False,False,125.5443,False
38.8364,0.5000,0.0000,0.0000,0.0000,False,False,True,False,False,126.5103,False
38.8802,0.5000,0.0000,0.0000,0.0000,False,False,True,False,False,127.4596,False
38.9315,0.5000,0.0000,0.0001,0.0000,False,False,True,False,False,128.3991,False
38.9786,0.5000,0.0000,0.0001,0.0000,False,False,True,False,False,129.5003,False
39.0248,0.5000,0.0000,0.0000,0.0000,False,False,True,False,False,130.5119,False
39.0690,0.5000,0.0000,0.0000,0.0000,False,False,True,False,False,131.5036,False
39.1132,0.5000,0.0000,0.0000,0.0000,False,False,True,False,False,132.4514,False
39.1649,0.5000,0.0000,0.0000,0.0000,False,False,True,False,False,133.4009,False
39.2102,0.5000,0.0000,0.0000,0.0000,False,False,True,False,False,134.5097,False
39.2549,0.5000,0.0000,0.0001,0.0000,False,False,True,False,False,135.4835,False
39.3000,0.5000,0.0000,0.0000,0.0000,False,False,True,False,False,136.4432,False
39.3490,0.5000,0.0000,0.0000,0.0000,False,False,True,False,False,137.4118,False
39.3948,0.5000,0.0000,0.0000,0.0000,False,False,True,False,False,138.4635,False
39.4379,0.5000,0.0000,0.0000,0.0000,False,False,True,False,False,139.4475,False
39.4834,0.5000,0.0000,0.0000,0.0000,False,False,True,False,False,140.3722,False
39.5296,0.5000,0.0000,0.0000,0.0000,False,False,True,False,False,141.3498,False
39.5768,0.5000,0.0000,0.0000,0.0000,False,False,True,False,False,142.3420,False
39.6215,0.5000,0.0000,0.0000,0.0000,False,False,True,False,False,143.3612,False
39.6664,0.5000,0.0000,0.0000,0.0000,False,False,True,False,False,144.3300,False
39.7115,0.5000,0.0000,0.0000,0.0000,False,False,True,False,False,145.3004,False
39.7555,0.5000,0.0000,0.0000,0.0000,False,False,True,False,False,146.2778,False
39.8037,0.5000,0.0000,0.0000,0.0000,False,False,True,False,False,147.2293,False
39.8518,0.5000,0.0000,0.0000,0.0000,False,False,True,False,False,148.2719,False
39.8971,0.5000,0.0000,0.0000,0.0000,False,False,True,False,False,149.3147,False
39.9419,0.5000,0.0000,0.0000,0.0000,False,False,True,False,False,150.2949,False
39.9881,0.5000,0.0000,0.0000,0.0000,False,False,True,False,False,151.2649,False
40.0325,0.5000,0.0000,0.0000,0.0000,False,False,True,False,False,152.2648,False
40.0809,0.5000,0.0000,0.0000,0.0000,False,False,True,False,False,153.2268,False
40.1280,0.5000,0.0000,0.0000,0.0000,False,False,True,False,False,154.2757,False
40.1708,0.5000,0.0000,0.0000,0.0000,False,False,True,False,False,155.2949,False
40.2150,0.5000,0.0000,0.0000,0.0000,False,False,True,False,False,156.2220,False
40.2647,0.5000,0.0000,0.0000,0.0000,False,False,True,False,False,157.1780,False
40.3120,0.5000,0.0000,0.0000,0.0000,False,False,True,False,False,158.2552,False
40.3565,0.5000,0.0000,0.0000,0.0000,False,False,True,False,False,159.2791,False
40.4015,0.5000,0.0000,0.0000,0.0000,False,False,True,False,False,160.2436,False
40.4457,0.5000,0.0000,0.0000,0.0000,False,False,True,False,False,161.2221,False
40.4950,0.5000,0.0000,0.0000,0.0000,False,False,True,False,False,162.1826,False
40.5390,0.5000,0.0000,0.0000,0.0000,False,False,True,False,False,163.2525,False
40.5830,0.5000,0.0000,0.0000,0.0000,False,False,True,False,False,164.2103,False
40.6276,0.5000,0.0000,0.0000,0.0000,False,False,True,False,False,165.1649,False
40.6700,0.5000,0.0000,0.0000,0.0000,False,False,True,False,False,166.1363,False
40.7163,0.5000,0.0000,0.0000,0.0000,False,False,True,False,False,167.0576,False
40.7654,0.5000,0.0000,0.0000,0.0000,False,False,True,False,False,168.0631,False
40.8113,0.5000,0.0000,0.0000,0.0000,False,False,True,False,False,169.1310,False
40.8545,0.5000,0.0000,0.0000,0.0000,False,False,True,False,False,170.1285,False
40.8971,0.5000,0.0000,0.0000,0.0000,False,False,True,False,False,171.0678,False
40.9468,0.5000,0.0000,0.0000,0.0000,False,False,True,False,False,171.9926,False
40.9905,0.5000,0.0000,0.0000,0.0000,False,False,True,False,False,173.0726,False
41.0354,0.5000,0.0000,0.0000,0.0000,False,False,True,False,False,174.0244,False
41.0796,0.5000,0.0000,0.0000,0.0000,False,False,True,False,False,174.9987,False
41.1218,0.5000,0.0000,0.0000,0.0000,False,False,True,False,False,175.9603,False
41.1712,0.5000,0.0000,0.0000,0.0000,False,False,True,False,False,176.8772,False
41.2130,0.5000,0.0000,0.0000,0.0000,False,False,True,False,False,177.9509,False
41.2596,0.5000,0.0000,0.0000,0.0000,False,False,True,False,False,178.8611,False
41.3022,0.5000,0.0000,0.0000,0.0000,False,False,True,False,False,179.8739,False
41.3473,0.5000,0.0000,0.0000,0.0000,False,False,True,False,False,180.7992,False
41.3951,0.5000,0.0000,0.0000,0.0000,False,False,True,False,False,181.7788,False
41.4383,0.5000,0.0000,0.0000,0.0000,False,False,True,False,False,182.8136,False
41.4813,0.5000,0.0000,0.0000,0.0000,False,False,True,False,False,183.7473,False
41.5261,0.5000,0.0000,0.0000,0.0000,False,False,True,False,False,184.6789,False
41.5719,0.5000,0.0000,0.0000,0.0000,False,False,True,False,False,185.6478,False
41.6231,0.5000,0.0000,0.0000,0.0000,False,False,True,False,False,186.6373,False
41.6685,0.5000,0.0000,0.0000,0.0000,False,False,True,False,False,187.7409,False
41.7126,0.5000,0.0000,0.0000,0.0000,False,False,True,False,False,188.7183,False
41.7587,0.5000,0.0000,0.0000,0.0000,False,False,True,False,False,189.6652,False
41.8054,0.5000,0.0000,0.0000,0.0000,False,False,True,False,False,190.6559,False
41.8554,0.5000,0.0000,0.0000,0.0000,False,False,True,False,False,191.6590,False
41.8984,0.5000,0.0000,0.0000,0.0000,False,False,True,False,False,192.7347,False
41.9426,0.5000,0.0000,0.0000,0.0000,False,False,True,False,False,193.6590,False
41.9847,0.5000,0.0000,0.0000,0.0000,False,False,True,False,False,194.6084,False
42.0298,0.5000,0.0000,0.0000,0.0000,False,False,True,False,False,195.5139,False
42.0772,0.5000,0.0000,0.0001,0.0000,False,False,True,False,False,196.4837,False
42.1204,0.5000,0.0000,0.0000,0.0000,False,False,True,False,False,197.5020,False
42.1622,0.5000,0.0000,0.0000,0.0000,False,False,True,False,False,198.4303,False
42.2053,0.5000,0.0000,0.0000,0.0000,False,False,True,False,False,199.3293,False
42.2492,0.5000,0.0000,0.0000,0.0000,False,False,True,False,False,200.2559,False
42.2958,0.5000,0.0000,0.0000,0.0000,False,False,True,False,False,201.1986,False
42.3376,0.5000,0.0000,0.0000,0.0000,False,False,True,False,False,202.2019,False
42.3818,0.5000,0.0000,0.0000,0.0000,False,False,True,False,False,203.1006,False
42.4274,0.5000,0.0000,0.0000,0.0000,False,False,True,False,False,204.0539,False
42.4714,0.4972,0.0000,0.0000,0.0000,False,False,True,False,False,205.0411,False
42.5169,0.4972,0.0000,0.0000,0.0000,False,False,True,False,False,205.9902,False
42.5603,0.4972,0.0000,0.0000,0.0000,False,False,True,False,False,206.9734,False
42.6025,0.4923,0.0000,0.0000,0.0000,False,False,True,False,False,207.9113,False
42.6475,0.4923,0.0000,0.0000,0.0000,False,False,True,False,False,208.8222,False
42.6957,0.4923,0.0000,0.0000,0.0000,False,False,True,False,False,209.7953,False
42.7504,0.4923,0.0000,0.0000,0.0000,False,False,True,False,False,210.8372,False
42.8115,0.4923,0.0000,0.0000,0.0000,False,False,True,False,False,212.0192,False
42.8608,0.4923,0.0000,0.0000,0.0000,False,False,True,False,False,213.3388,False
42.9110,0.4874,0.0000,0.0000,0.0000,False,False,True,False,False,214.4034,False
42.9603,0.4874,0.0000,0.0000,0.0000,False,False,True,False,False,215.4882,False
43.0058,0.4874,0.0000,0.0000,0.0000,False,False,True,False,False,216.5550,False
43.0557,0.4874,0.0000,0.0000,0.0000,False,False,True,False,False,217.5375,False
43.1006,0.4874,0.0000,0.0000,0.0000,False,False,True,False,False,218.6152,False
43.1520,0.4874,0.0000,0.0000,0.0000,False,False,True,False,False,219.5870,False
43.2033,0.4874,0.0000,0.0000,0.0000,False,False,True,False,False,220.6971,False
43.2519,0.4874,0.0000,0.0000,0.0000,False,False,True,False,False,221.8062,False
43.3027,0.4874,0.0000,0.0000,0.0000,False,False,True,False,False,222.8569,False
43.3473,0.4874,0.0000,0.0000,0.0000,False,False,True,False,False,223.9545,False
43.3926,0.4874,0.0000,0.0000,0.0000,False,False,True,False,False,224.9188,False
43.4373,0.4874,0.0000,0.0000,0.0000,False,False,True,False,False,225.8964,False
43.4819,0.4874,0.0000,0.0000,0.0000,False,False,True,False,False,226.8625,False
43.5302,0.4874,0.0000,0.0000,0.0000,False,False,True,False,False,227.8279,False
43.5766,0.4874,0.0000,0.0000,0.0000,False,False,True,False,False,228.8716,False
43.6185,0.4874,0.0000,0.0000,0.0000,False,False,True,False,False,229.8753,False
43.6630,0.4874,0.0000,0.0000,0.0000,False,False,True,False,False,230.7794,False
43.7095,0.4874,0.0000,0.0000,0.0000,False,False,True,False,False,231.7415,False
43.7614,0.4874,0.0000,0.0000,0.0000,False,False,True,False,False,232.7469,False
43.8058,0.4874,0.0000,0.0000,0.0000,False,False,True,False,False,233.8681,False
43.8541,0.4874,0.0000,0.0000,0.0000,False,False,True,False,False,234.8293,False
43.8994,0.4874,0.0000,0.0000,0.0000,False,False,True,False,False,235.8723,False
43.9525,0.4874,0.0000,0.0000,0.0000,False,False,True,False,False,236.8521,False
44.0023,0.4874,0.0000,0.0000,0.0000,False,False,True,False,False,238.0024,False
44.0504,0.4874,0.0000,0.0000,0.0000,False,False,True,False,False,239.0846,False
44.0985,0.4874,0.0000,0.0000,0.0000,False,False,True,False,False,240.1306,False
44.1492,0.4874,0.0000,0.0000,0.0000,False,False,True,False,False,241.1775,False
44.2004,0.4874,0.0000,0.0000,0.0000,False,False,True,False,False,242.2795,False
44.2542,0.4874,0.0000,0.0000,0.0000,False,False,True,False,False,243.3936,False
44.3041,0.4874,0.0000,0.0000,0.0000,False,False,True,False,False,244.5630,False
44.3516,0.4874,0.0000,0.0000,0.0000,False,False,True,False,False,245.6478,False
44.3997,0.4874,0.0000,0.0000,0.0000,False,False,True,False,False,246.6808,False
44.4504,0.4874,0.0000,0.0000,0.0000,False,False,True,False,False,247.7267,False
44.5046,0.4874,0.0000,0.0000,0.0000,False,False,True,False,False,248.8310,False
44.5516,0.4874,0.0000,0.0000,0.0000,False,False,True,False,False,250.0093,False
44.6013,0.4874,0.0000,0.0000,0.0000,False,False,True,False,False,251.0305,False
44.6551,0.4874,0.0000,0.0000,0.0000,False,False,False,True,False,251.0305,False
44.7176,0.4874,0.0000,0.0000,0.0000,False,False,False,True,False,139.7828,False
44.7699,0.4972,0.0000,0.0000,0.0000,False,False,False,True,False,138.0413,False
44.8191,0.5000,0.0000,0.0000,0.0000,False,False,False,True,False,136.3773,False
44.8683,0.5000,0.0000,0.0000,0.0000,False,False,False,True,False,134.9292,False
44.9168,0.5000,0.0000,0.0000,0.0000,False,False,False,True,False,133.5487,False
44.9701,0.5000,0.0000,0.0000,0.0000,False,False,False,True,False,132.2010,False
45.0167,0.5000,0.0000,0.0000,0.0000,False,False,False,True,False,130.8213,False
45.0655,0.5000,0.0000,0.0000,0.0000,False,False,False,True,False,129.4842,False
45.1140,0.5126,0.0000,0.0000,0.0000,False,False,False,True,False,128.2306,False
45.1626,0.5420,0.0000,0.0000,0.0000,False,False,False,True,False,126.9683,False
45.2142,0.5616,0.0000,0.0000,0.0000,False,False,False,True,False,125.7245,False
45.2652,0.5616,0.0000,0.0000,0.0000,False,False,False,True,False,124.4631,False
45.3125,0.5616,0.0000,0.0000,0.0000,False,False,False,True,False,123.1833,False
45.3595,0.5616,0.0000,0.0000,0.0000,False,False,False,True,False,121.9668,False
45.4103,0.5616,0.0000,0.0000,0.0000,False,False,False,True,False,120.8183,False
45.4670,0.5616,0.0000,0.0000,0.0000,False,False,False,True,False,119.6470,False
45.5151,0.5616,0.0000,0.0000,0.0000,False,False,False,True,False,118.3779,False
45.5625,0.5616,0.0000,0.0000,0.0000,False,False,False,True,False,117.1260,False
45.6113,0.5616,0.0000,0.0000,0.0000,False,False,False,True,False,116.0101,False
45.6586,0.5616,0.0000,0.0000,0.0000,False,False,False,True,False,114.9004,False
45.7099,0.5616,0.0000,0.0000,0.0000,False,False,False,True,False,113.7947,False
45.7639,0.5567,0.0000,0.0000,0.0000,False,False,False,True,False,112.6840,False
45.8134,0.5567,0.0000,0.0000,0.0000,False,False,False,True,False,111.5035,False
45.8589,0.5567,0.0000,0.0000,0.0000,False,False,False,True,False,110.3347,False
45.9082,0.5567,0.0000,0.0000,0.0000,False,False,False,True,False,109.2686,False
45.9575,0.5567,0.0000,0.0000,0.0000,False,False,False,True,False,108.2337,False
46.0045,0.5567,0.0000,0.0000,0.0000,False,False,False,True,False,107.1537,False
46.0511,0.5567,0.0000,0.0000,0.0000,False,False,False,True,False,106.0987,False
46.1022,0.5567,0.0000,0.0000,0.0000,False,False,False,True,False,105.0847,False
46.1505,0.5567,0.0000,0.0000,0.0000,False,False,False,True,False,104.0459,False
46.2044,0.5567,0.0000,0.0000,0.0000,False,False,False,True,False,102.9733,False
46.2571,0.5567,0.0000,0.0000,0.0000,False,False,False,True,False,101.9029,False
46.3076,0.5567,0.0000,0.0000,0.0000,False,False,False,True,False,100.7694,False
46.3593,0.5420,0.0000,0.0000,0.0000,False,False,False,True,False,99.6747,False
46.4141,0.5028,0.0000,0.0000,0.0000,False,False,False,True,False,98.6063,False
46.4655,0.5000,0.0000,0.0000,0.0000,False,False,False,True,False,97.5038,False
46.5160,0.5000,0.0000,0.0000,0.0000,False,False,False,True,False,96.3867,False
46.5668,0.5000,0.0000,0.0000,0.0000,False,False,False,True,False,95.3287,False
46.6158,0.5000,0.0000,0.0001,0.0000,False,False,False,True,False,94.2849,False
46.6717,0.5000,0.0000,0.0000,0.0000,False,False,False,True,False,93.2510,False
46.7247,0.5000,0.0000,0.0000,0.0000,False,False,False,True,False,92.2001,False
46.7849,0.5000,0.0000,0.0000,0.0000,False,False,False,True,False,91.0766,False
46.8405,0.5000,0.0000,0.0000,0.0000,False,False,False,True,False,89.9495,False
46.8972,0.5000,0.0000,0.0001,0.0000,False,False,False,True,False,88.7573,False
46.9564,0.5000,0.0000,0.0000,0.0000,False,False,False,True,False,87.6248,False
47.0144,0.5028,0.0000,0.0000,0.0000,False,False,False,True,False,86.4639,False
47.0700,0.5077,0.0000,0.0000,0.0000,False,False,False,True,False,85.2789,False
47.1295,0.5126,0.0000,0.0000,0.0000,False,False,False,True,False,84.1297,False
47.1918,0.5126,0.0000,0.0000,0.0000,False,False,False,True,False,82.9909,False
47.2549,0.5126,0.0000,0.0000,0.0000,False,False,False,True,False,81.7834,False
47.3192,0.5126,0.0000,0.0000,0.0000,False,False,False,True,False,80.5360,False
47.3816,0.5126,0.0000,0.0000,0.0000,False,False,False,True,False,79.2731,False
47.4471,0.5126,0.0000,0.0000,0.0000,False,False,False,True,False,78.0073,False
47.5171,0.5126,0.0000,0.0000,0.0000,False,False,False,True,False,76.7504,False
47.5839,0.5126,0.0000,0.0000,0.0000,False,False,False,True,False,75.4279,False
47.6484,0.5126,0.0000,0.0000,0.0000,False,False,False,True,False,74.0646,False
47.7140,0.5126,0.0000,0.0000,0.0000,False,False,False,True,False,72.7602,False
47.7847,0.5126,0.0000,0.0000,0.0000,False,False,False,True,False,71.4840,False
47.8615,0.5126,0.0000,0.0000,0.0000,False,False,False,True,False,70.1642,False
47.9398,0.5126,0.0000,0.0000,0.0000,False,False,False,True,False,68.7395,False
48.0112,0.5077,0.0000,0.0000,0.0000,False,False,False,True,False,67.2244,False
48.0783,0.5077,0.0000,0.0000,0.0000,False,False,False,True,False,65.7310,False
48.1452,0.5077,0.0000,0.0000,0.0000,False,False,False,True,False,64.3594,False
48.2132,0.5077,0.0000,0.0000,0.0000,False,False,False,True,False,63.0493,False
48.2865,0.5077,0.0000,0.0000,0.0000,False,False,False,True,False,61.7367,False
48.3560,0.5077,0.0000,0.0000,0.0000,False,False,False,True,False,60.3797,False
48.4239,0.5077,0.0000,0.0000,0.0000,False,False,False,True,False,58.9728,False
48.4925,0.5077,0.0000,0.0000,0.0000,False,False,False,True,False,57.6287,False
48.5678,0.5077,0.0000,0.0000,0.0000,False,False,False,True,False,56.3044,False
48.6384,0.5000,0.0000,0.0000,0.0000,False,False,False,True,False,54.9327,False
48.7072,0.5000,0.0000,0.0000,0.0000,False,False,False,True,False,53.4976,False
48.7829,0.4580,0.0000,0.0000,0.0000,False,False,False,True,False,52.1383,False
48.8521,0.4874,0.0000,0.0000,0.0000,False,False,False,True,False,50.7660,False
48.9220,0.5000,0.0000,0.0000,0.0000,False,False,False,True,False,49.3384,False
48.9915,0.4727,0.0000,0.0000,0.0000,False,False,False,True,False,47.9966,False
49.0580,0.4580,0.0000,0.0000,0.0000,False,False,False,True,False,46.6513,False
49.1281,0.4580,0.0000,0.0000,0.0000,False,False,False,True,False,45.3300,False
49.1984,0.3600,0.0000,0.0000,0.0000,False,False,False,True,False,44.0324,False
49.2836,0.0953,0.0000,0.0000,0.0000,False,False,False,True,False,42.6897,False
49.3585,0.3306,0.0000,0.0000,0.0000,False,False,False,True,False,41.2682,False
49.4309,0.5000,0.0000,0.0000,0.0000,False,False,False,True,False,39.7036,False
49.5019,0.5000,0.0000,0.0000,0.0000,False,False,False,True,False,38.2972,False
49.5824,0.5322,0.0000,0.0000,0.0000,False,False,False,True,False,36.9218,False
49.6573,0.5714,0.0000,0.0000,0.0000,False,False,False,True,False,35.5018,False
49.7297,0.6008,0.0000,0.0000,0.0000,False,False,False,True,False,33.9730,False
49.8102,0.7331,0.0000,0.0000,0.0000,False,False,False,True,False,32.5317,False
49.8919,0.8312,0.0000,0.0000,0.0000,False,False,False,True,False,31.0773,False
49.9735,0.8410,0.0000,0.0000,0.0000,False,False,False,True,False,29.5012,False
50.0491,0.8704,0.0000,0.0000,0.0000,False,False,False,True,False,27.9078,False
50.1268,0.9292,0.0000,0.0000,0.0000,False,False,False,True,False,26.3508,False
50.2072,0.9831,0.0000,0.0000,0.0000,False,False,False,True,False,24.8657,False
50.2940,1.0000,0.0000,0.0000,0.0000,False,False,False,True,False,23.3409,False
50.3723,1.0000,0.0000,0.0000,0.0000,False,False,False,True,False,21.7670,False
50.4471,1.0000,0.0000,0.0000,0.0000,False,False,False,True,False,20.1950,False
50.5178,1.0000,0.0000,0.0000,0.0000,False,False,False,True,False,18.7915,False
50.5857,1.0000,0.0000,0.0000,0.0000,False,False,False,True,False,17.4850,False
50.6602,1.0000,0.0000,0.0000,0.0000,False,False,False,True,False,16.2748,False
50.7313,1.0000,0.0000,0.0000,0.0000,False,False,False,True,False,15.1185,False
50.8033,1.0000,0.0000,0.0000,0.0000,False,False,False,True,False,13.9226,False
50.8684,1.0000,0.0000,0.0000,0.0000,False,False,False,True,False,12.8246,False
50.9360,1.0000,0.0000,0.0000,0.0000,False,False,False,True,False,11.7841,False
50.9972,1.0000,0.0000,0.0000,0.0000,False,False,False,True,False,10.9059,False
51.0552,1.0000,0.0000,0.0000,0.0000,False,False,False,True,False,10.0786,False
51.1145,1.0000,0.0000,0.0000,0.0000,False,False,False,True,False,9.4244,False
51.1717,1.0000,0.0000,0.0000,0.0000,False,False,False,True,False,8.9200,False
51.2345,1.0000,0.0000,0.0000,0.0000,False,False,False,True,False,8.5217,False
51.2979,1.0000,0.0000,0.0000,0.0000,False,False,False,True,False,8.3248,False
51.3560,1.0000,0.0000,0.0000,0.0000,False,False,False,True,False,8.2571,False
51.4126,1.0000,0.0000,0.0000,0.0000,False,False,False,True,False,8.3176,False
51.4688,1.0000,0.0000,0.0000,0.0000,False,False,False,True,False,8.5576,False
51.5334,1.0000,0.0000,0.0000,0.0000,False,False,False,True,False,8.9365,False
51.5895,1.0000,0.0000,0.0000,0.0000,False,False,False,True,False,9.5291,False
51.6440,1.0000,0.0000,0.0000,0.0000,False,False,False,True,False,10.1301,False
51.6980,1.0000,0.0000,0.0000,0.0000,False,False,False,True,False,10.8042,False
51.7500,1.0000,0.0000,0.0000,0.0000,False,False,False,True,False,11.5332,False
51.8061,1.0000,0.0000,0.0000,0.0000,False,False,False,True,False,12.2876,False
51.8604,1.0000,0.0000,0.0000,0.0000,False,False,False,True,False,13.1237,False
51.9145,1.0000,0.0000,0.0000,0.0000,False,False,False,True,False,13.9868,False
51.9670,1.0000,0.0000,0.0000,0.0000,False,False,False,True,False,14.8715,False
52.0228,1.0000,0.0000,0.0000,0.0000,False,False,False,True,False,15.7631,False
52.0811,1.0000,0.0000,0.0000,0.0000,False,False,False,True,False,16.7086,False
52.1335,1.0000,0.0000,0.0000,0.0000,False,False,False,True,False,17.7219,False
52.1847,1.0000,0.0000,0.0000,0.0000,False,False,False,True,False,18.6969,False
52.2352,1.0000,0.0000,0.0000,0.0000,False,False,False,True,False,19.6403,False
52.2876,1.0000,0.0000,0.0000,0.0000,False,False,False,True,False,20.5813,False
52.3447,1.0000,0.0000,0.0000,0.0000,False,False,False,True,False,21.5525,False
52.3961,1.0000,0.0000,0.0000,0.0000,False,False,False,True,False,22.6057,False
52.4460,1.0000,0.0000,0.0000,0.0000,False,False,False,True,False,23.6331,False
52.4976,1.0000,0.0000,0.0000,0.0000,False,False,False,True,False,24.6139,False
52.5489,1.0000,0.0000,0.0000,0.0000,False,False,False,True,False,25.6127,False
52.6020,1.0000,0.0000,0.0000,0.0000,False,False,False,True,False,26.6264,False
52.6515,1.0000,0.0000,0.0000,0.0000,False,False,False,True,False,27.6682,False
52.7019,1.0000,0.0000,0.0000,0.0000,False,False,False,True,False,28.6859,False
52.7534,1.0000,0.0000,0.0000,0.0000,False,False,False,True,False,29.6943,False
52.8031,1.0000,0.0000,0.0000,0.0000,False,False,False,True,False,30.7277,False
52.8582,1.0000,0.0000,0.0000,0.0000,False,False,False,True,False,31.7504,False
52.9074,1.0000,0.0000,0.0000,0.0000,False,False,False,True,False,32.8298,False
52.9568,1.0000,0.0000,0.0000,0.0000,False,False,False,True,False,33.8839,False
53.0053,1.0000,0.0000,0.0000,0.0000,False,False,False,True,False,34.8996,False
53.0558,1.0000,0.0000,0.0000,0.0000,False,False,False,True,False,35.9127,False
53.1124,1.0000,0.0000,0.0000,0.0000,False,False,False,True,False,36.9505,False
53.1625,1.0000,0.0000,0.0000,0.0000,False,False,False,True,False,38.0891,False
53.2099,1.0000,0.0000,0.0000,0.0000,False,False,False,True,False,39.1983,False
53.2577,1.0000,0.0000,0.0001,0.0000,False,False,False,True,False,40.2260,False
53.3052,1.0000,0.0000,0.0000,0.0000,False,False,False,True,False,41.2431,False
53.3601,1.0000,0.0000,0.0000,0.0000,False,False,False,True,False,42.2652,False
53.4098,1.0000,0.0000,0.0000,0.0000,False,False,False,True,False,43.3896,False
53.4611,1.0000,0.0000,0.0000,0.0000,False,False,False,True,False,44.5084,False
53.5114,1.0000,0.0000,0.0000,0.0000,False,False,False,True,False,45.6063,False
53.5581,1.0000,0.0000,0.0000,0.0000,False,False,False,True,False,46.7032,False
53.6083,1.0000,0.0000,0.0000,0.0000,False,False,False,True,False,47.7437,False
53.6553,1.0000,0.0000,0.0000,0.0000,False,False,False,True,False,48.8018,False
53.7050,1.0000,0.0000,0.0000,0.0000,False,False,False,True,False,49.8468,False
53.7525,1.0000,0.0000,0.0000,0.0000,False,False,False,True,False,50.9010,False
53.7994,1.0000,0.0000,0.0000,0.0000,False,False,False,True,False,51.9481,False
53.8507,1.0000,0.0000,0.0000,0.0000,False,False,False,True,False,52.9693,False
53.9068,1.0000,0.0000,0.0000,0.0000,False,False,False,True,False,54.0448,False
53.9531,1.0000,0.0000,0.0000,0.0000,False,False,False,True,False,55.2207,False
53.9993,1.0000,0.0000,0.0000,0.0000,False,False,False,True,False,56.3057,False
54.0469,1.0000,0.0000,0.0000,0.0000,False,False,False,True,False,57.3079,False
54.0951,1.0000,0.0000,0.0000,0.0000,False,False,False,True,False,58.3282,False
54.1465,1.0000,0.0000,0.0000,0.0000,False,False,False,True,False,59.3679,False
54.1937,1.0000,0.0000,0.0000,0.0000,False,False,False,True,False,60.4551,False
54.2386,1.0000,0.0000,0.0000,0.0000,False,False,False,True,False,61.5123,False
54.2827,1.0000,0.0000,0.0000,0.0000,False,False,False,True,False,62.5049,False
54.3300,1.0000,0.0000,0.0000,0.0000,False,False,False,True,False,63.4673,False
54.3792,1.0000,0.0000,0.0000,0.0000,False,False,False,True,False,64.4664,False
54.4233,1.0000,0.0000,0.0000,0.0000,False,False,False,True,False,65.5173,False
54.4689,1.0000,0.0000,0.0000,0.0000,False,False,False,True,False,66.5164,False
54.5134,1.0000,0.0000,0.0000,0.0000,False,False,False,True,False,67.4928,False
54.5575,1.0000,0.0000,0.0000,0.0000,False,False,False,True,False,68.4667,False
54.6112,1.0000,0.0000,0.0000,0.0000,False,False,False,True,False,69.4265,False
54.6589,1.0000,0.0000,0.0000,0.0000,False,False,False,True,False,70.5095,False
54.7040,1.0000,0.0000,0.0000,0.0000,False,False,False,True,False,71.5942,False
54.7490,1.0000,0.0000,0.0000,0.0000,False,False,False,True,False,72.5941,False
54.7938,1.0000,0.0000,0.0000,0.0000,False,False,False,True,False,73.5719,False
54.8440,1.0000,0.0000,0.0000,0.0000,False,False,False,True,False,74.5459,False
54.8877,1.0000,0.0000,0.0000,0.0000,False,False,False,True,False,75.5892,False
54.9320,1.0000,0.0000,0.0000,0.0000,False,False,False,True,False,76.5926,False
54.9744,1.0000,0.0000,0.0000,0.0000,False,False,False,True,False,77.5489,False
55.0198,1.0000,0.0000,0.0000,0.0000,False,False,False,True,False,78.4843,False
55.0670,1.0000,0.0000,0.0000,0.0000,False,False,False,True,False,79.4443,False
55.1116,1.0000,0.0000,0.0000,0.0000,False,False,False,True,False,80.4537,False
55.1551,1.0000,0.0000,0.0000,0.0000,False,False,False,True,False,81.4432,False
55.1993,1.0000,0.0000,0.0000,0.0000,False,False,False,True,False,82.3999,False
55.2447,1.0000,0.0000,0.0000,0.0000,False,False,False,True,False,83.3571,False
55.2918,1.0000,0.0000,0.0000,0.0000,False,False,False,True,False,84.3354,False
55.3354,1.0000,0.0000,0.0000,0.0000,False,False,False,True,False,85.3475,False
55.3819,1.0000,0.0000,0.0000,0.0000,False,False,False,True,False,86.3274,False
55.4293,1.0000,0.0000,0.0000,0.0000,False,False,False,True,False,87.3147,False
55.4732,1.0000,0.0000,0.0000,0.0000,False,False,False,True,False,88.3392,False
55.5212,1.0000,0.0000,0.0000,0.0000,False,False,False,True,False,89.3255,False
55.5654,1.0000,0.0000,0.0000,0.0000,False,False,False,True,False,90.3372,False
55.6097,1.0000,0.0000,0.0000,0.0000,False,False,False,True,False,91.3320,False
55.6533,1.0000,0.0000,0.0001,0.0000,False,False,False,True,False,92.2959,False
55.6965,1.0000,0.0000,0.0001,0.0000,False,False,False,True,False,93.2517,False
55.7449,1.0000,0.0000,0.0000,0.0000,False,False,False,True,False,94.1968,False
55.7882,1.0000,0.0000,0.0000,0.0000,False,False,False,True,False,95.2069,False
55.8296,1.0000,0.0000,0.0000,0.0000,False,False,False,True,False,96.1893,False
55.8697,1.0000,0.0000,0.0000,0.0000,False,False,False,True,False,97.1018,False
55.9138,1.0000,0.0000,0.0000,0.0000,False,False,False,True,False,97.9821,False
55.9600,1.0000,0.0000,0.0000,0.0000,False,False,False,True,False,98.9028,False
56.0011,1.0000,0.0000,0.0000,0.0000,False,False,False,True,False,99.8850,False
56.0448,1.0000,0.0000,0.0000,0.0000,False,False,False,True,False,100.8183,False
56.0870,1.0000,0.0000,0.0000,0.0000,False,False,False,True,False,101.7424,False
56.1302,1.0000,0.0000,0.0000,0.0000,False,False,False,True,False,102.6691,False
56.1785,1.0000,0.0000,0.0000,0.0000,False,False,False,True,False,103.5963,False
56.2193,1.0000,0.0000,0.0000,0.0000,False,False,False,True,False,104.5986,False
56.2622,1.0000,0.0000,0.0000,0.0000,False,False,False,True,False,105.5461,False
56.3068,1.0000,0.0000,0.0000,0.0000,False,False,False,True,False,106.4574,False
56.3508,1.0000,0.0000,0.0000,0.0000,False,False,False,True,False,107.4081,False
56.3994,1.0000,0.0000,0.0000,0.0000,False,False,False,True,False,108.3658,False
56.4443,1.0000,0.0000,0.0000,0.0000,False,False,False,True,False,109.3796,False
56.4877,1.0000,0.0000,0.0000,0.0000,False,False,False,True,False,110.3837,False
56.5307,1.0000,0.0000,0.0000,0.0000,False,False,False,True,False,111.3369,False
56.5730,1.0000,0.0000,0.0000,0.0000,False,False,False,True,False,112.2719,False
56.6206,1.0000,0.0000,0.0000,0.0000,False,False,False,True,False,113.1934,False
56.6644,1.0000,0.0000,0.0000,0.0000,False,False,False,True,False,114.1789,False
56.7100,1.0000,0.0000,0.0000,0.0000,False,False,False,True,False,115.1598,False
56.7525,1.0000,0.0000,0.0000,0.0000,False,False,False,True,False,116.1313,False
56.7963,1.0000,0.0000,0.0000,0.0000,False,False,False,True,False,117.0785,False
56.8425,1.0000,0.0000,0.0000,0.0000,False,False,False,True,False,118.0165,False
56.8848,1.0000,0.0000,0.0000,0.0000,False,False,False,True,False,118.9966,False
56.9285,1.0000,0.0000,0.0000,0.0000,False,False,False,True,False,119.9460,False
56.9716,1.0000,0.0000,0.0000,0.0000,False,False,False,True,False,120.8805,False
57.0175,1.0000,0.0000,0.0000,0.0000,False,False,False,True,False,121.8204,False
57.0657,1.0000,0.0000,0.0000,0.0000,False,False,False,True,False,122.7937,False
57.1099,1.0000,0.0000,0.0000,0.0000,False,False,False,True,False,123.8225,False
57.1543,1.0000,0.0000,0.0000,0.0000,False,False,False,True,False,124.8182,False
57.1982,1.0000,0.0000,0.0000,0.0000,False,False,False,True,False,125.7823,False
57.2415,1.0000,0.0000,0.0000,0.0000,False,False,False,True,False,126.7423,False
57.2886,1.0000,0.0000,0.0000,0.0000,False,False,False,True,False,127.6890,False
57.3317,1.0000,0.0000,0.0000,0.0000,False,False,False,True,False,128.6809,False
57.3755,1.0000,0.0000,0.0000,0.0000,False,False,False,True,False,129.6529,False
57.4184,1.0000,0.0000,0.0000,0.0000,False,False,False,True,False,130.6001,False
57.4629,1.0000,0.0000,0.0000,0.0000,False,False,False,True,False,131.5417,False
57.5082,1.0000,0.0000,0.0000,0.0000,False,False,False,True,False,132.4958,False
57.5519,1.0000,0.0000,0.0000,0.0000,False,False,False,True,False,133.4743,False
57.5957,1.0000,0.0000,0.0000,0.0000,False,False,False,True,False,134.4391,False
57.6380,1.0000,0.0000,0.0000,0.0000,False,False,False,True,False,135.3916,False
57.6828,1.0000,0.0000,0.0000,0.0000,False,False,False,True,False,136.3251,False
57.7313,1.0000,0.0000,0.0000,0.0000,False,False,False,True,False,137.2771,False
57.7735,1.0000,0.0000,0.0000,0.0000,False,False,False,True,False,138.2998,False
57.8152,1.0000,0.0000,0.0001,0.0000,False,False,False,True,False,139.2728,False
57.8581,1.0000,0.0000,0.0000,0.0000,False,False,False,True,False,140.1846,False
57.9005,1.0000,0.0000,0.0000,0.0000,False,False,False,True,False,141.1074,False
57.9488,1.0000,0.0000,0.0000,0.0000,False,False,False,True,False,142.0341,False
57.9901,1.0000,0.0000,0.0000,0.0000,False,False,False,True,False,143.0345,False
58.0325,1.0000,0.0000,0.0000,0.0000,False,False,False,True,False,143.9940,False
58.0781,1.0000,0.0000,0.0000,0.0000,False,False,False,True,False,144.9061,False
58.1216,1.0000,0.0000,0.0000,0.0000,False,False,False,True,False,145.8707,False
58.1682,1.0000,0.0000,0.0000,0.0000,False,False,False,True,False,146.8362,False
58.2113,1.0000,0.0000,0.0000,0.0000,False,False,False,True,False,147.8230,False
58.2538,1.0000,0.0000,0.0000,0.0000,False,False,False,True,False,148.7911,False
58.2964,1.0000,0.0000,0.0000,0.0000,False,False,False,True,False,149.7179,False
58.3401,1.0000,0.0000,0.0000,0.0000,False,False,False,True,False,150.6384,False
58.3866,1.0000,0.0000,0.0000,0.0000,False,False,False,True,False,151.5740,False
58.4459,1.0000,0.0000,0.0000,0.0000,False,False,False,True,False,152.5559,False
58.4961,1.0000,0.0000,0.0000,0.0000,False,False,False,True,False,153.7269,False
58.5387,1.0000,0.0000,0.0000,0.0000,False,False,False,True,False,154.8918,False
58.5854,1.0000,0.0000,0.0000,0.0000,False,False,False,True,False,155.8804,False
58.6347,1.0000,0.0000,0.0000,0.0000,False,False,False,True,False,156.8543,False
58.6847,1.0000,0.0000,0.0000,0.0000,False,False,False,True,False,157.8984,False
58.7300,1.0000,0.0000,0.0000,0.0000,False,False,False,True,False,158.9743,False
58.7733,1.0000,0.0000,0.0000,0.0000,False,False,False,True,False,159.9944,False
58.8177,1.0000,0.0000,0.0000,0.0000,False,False,False,True,False,160.9484,False
58.8622,1.0000,0.0000,0.0000,0.0000,False,False,False,True,False,161.8995,False
58.9133,1.0000,0.0000,0.0000,0.0000,False,False,False,True,False,162.8614,False
58.9587,1.0000,0.0000,0.0000,0.0000,False,False,False,True,False,163.9097,False
59.0042,1.0000,0.0000,0.0000,0.0000,False,False,False,True,False,164.9406,False
59.0495,1.0000,0.0000,0.0000,0.0000,False,False,False,True,False,165.9261,False
59.0961,1.0000,0.0000,0.0000,0.0000,False,False,False,True,False,166.9121,False
59.1420,1.0000,0.0000,0.0000,0.0000,False,False,False,True,False,167.9133,False
59.1909,1.0000,0.0000,0.0000,0.0000,False,False,False,True,False,168.9171,False
59.2352,1.0000,0.0000,0.0000,0.0000,False,False,False,True,False,169.9528,False
59.2792,1.0000,0.0000,0.0000,0.0000,False,False,False,True,False,170.9545,False
59.3249,1.0000,0.0000,0.0000,0.0000,False,False,False,True,False,171.9134,False
59.3737,1.0000,0.0000,0.0000,0.0000,False,False,False,True,False,172.8910,False
59.4182,1.0000,0.0000,0.0000,0.0000,False,False,False,True,False,173.9238,False
59.4650,1.0000,0.0000,0.0000,0.0000,False,False,False,True,False,174.9282,False
59.5110,1.0000,0.0000,0.0000,0.0000,False,False,False,True,False,175.9250,False
59.5581,1.0000,0.0000,0.0000,0.0000,False,False,False,True,False,176.9319,False
59.6065,1.0000,0.0000,0.0000,0.0000,False,False,False,True,False,177.9458,False
59.6539,1.0000,0.0000,0.0000,0.0000,False,False,False,True,False,178.9852,False
59.6999,1.0000,0.0000,0.0000,0.0000,False,False,False,True,False,180.0240,False
59.7475,1.0000,0.0000,0.0000,0.0000,False,False,False,True,False,181.0360,False
59.7941,1.0000,0.0000,0.0000,0.0000,False,False,False,True,False,182.0559,False
59.8439,1.0000,0.0000,0.0000,0.0000,False,False,False,True,False,183.0773,False
59.8891,1.0000,0.0000,0.0000,0.0000,False,False,False,True,False,184.1313,False
59.9358,1.0000,0.0000,0.0000,0.0000,False,False,False,True,False,185.1528,False
59.9821,1.0000,0.0000,0.0000,0.0000,False,False,False,True,False,186.1508,False
60.0286,1.0000,0.0000,0.0000,0.0000,False,False,False,True,False,187.1561,False
60.0807,1.0000,0.0000,0.0000,0.0000,False,False,False,True,False,188.1603,False
60.1293,1.0000,0.0000,0.0000,0.0000,False,False,False,True,False,189.2380,False
60.1737,1.0000,0.0000,0.0000,0.0000,False,False,False,True,False,190.3190,False
60.2193,1.0000,0.0000,0.0001,0.0000,False,False,False,True,False,191.3157,False
60.2667,1.0000,0.0000,0.0000,0.0000,False,False,False,True,False,192.2918,False
60.3190,1.0000,0.0000,0.0000,0.0000,False,False,False,True,False,193.3012,False
60.3659,1.0000,0.0000,0.0000,0.0000,False,False,False,True,False,194.3897,False
60.4136,1.0000,0.0000,0.0000,0.0000,False,False,False,True,False,195.4505,False
60.4595,1.0000,0.0000,0.0000,0.0000,False,False,False,True,False,196.4751,False
60.5065,1.0000,0.0000,0.0000,0.0000,False,False,False,True,False,197.4829,False
60.5547,1.0000,0.0000,0.0000,0.0000,False,False,False,True,False,198.4898,False
60.6014,1.0000,0.0000,0.0000,0.0000,False,False,False,True,False,199.5221,False
60.6475,1.0000,0.0000,0.0000,0.0000,False,False,False,True,False,200.5438,False
60.6920,1.0000,0.0000,0.0000,0.0000,False,False,False,True,False,201.5460,False
60.7379,1.0000,0.0000,0.0000,0.0000,False,False,False,True,False,202.5227,False
60.7870,1.0000,0.0000,0.0000,0.0000,False,False,False,True,False,203.5019,False
60.8332,1.0000,0.0000,0.0000,0.0000,False,False,False,True,False,204.5357,False
60.8794,1.0000,0.0000,0.0000,0.0000,False,False,False,True,False,205.5606,False
60.9255,1.0000,0.0000,0.0000,0.0000,False,False,False,True,False,206.5599,False
60.9724,1.0000,0.0000,0.0000,0.0000,False,False,False,True,False,207.5575,False
61.0219,1.0000,0.0000,0.0000,0.0000,False,False,False,True,False,208.5645,False
61.0661,1.0000,0.0000,0.0000,0.0000,False,False,False,True,False,209.6116,False
61.1128,1.0000,0.0000,0.0000,0.0000,False,False,False,True,False,210.6139,False
61.1568,1.0000,0.0000,0.0000,0.0000,False,False,False,True,False,211.6036,False
61.2021,1.0000,0.0000,0.0000,0.0000,False,False,False,True,False,212.5812,False
61.2529,1.0000,0.0000,0.0000,0.0000,False,False,False,True,False,213.5528,False
61.2987,1.0000,0.0000,0.0000,0.0000,False,False,False,True,False,214.6050,False
61.3457,1.0000,0.0000,0.0000,0.0000,False,False,False,True,False,215.6412,False
61.3926,1.0000,0.0000,0.0000,0.0000,False,False,False,True,False,216.6502,False
61.4394,1.0000,0.0000,0.0000,0.0000,False,False,False,True,False,217.6684,False
61.4904,1.0000,0.0000,0.0000,0.0000,False,False,False,True,False,218.6836,False
61.5414,1.0000,0.0000,0.0000,0.0000,False,False,False,True,False,219.7523,False
61.5880,1.0000,0.0000,0.0000,0.0000,False,False,False,True,False,220.8581,False
61.6352,1.0000,0.0000,0.0000,0.0000,False,False,False,True,False,221.9073,False
61.6831,1.0000,0.0000,0.0000,0.0000,False,False,False,True,False,222.9250,False
61.7346,1.0000,0.0000,0.0000,0.0000,False,False,False,True,False,223.9572,False
61.7832,1.0000,0.0000,0.0000,0.0000,False,False,False,True,False,225.0423,False
61.8311,1.0000,0.0000,0.0000,0.0000,False,False,False,True,False,226.1216,False
61.8787,1.0000,0.0000,0.0000,0.0000,False,False,False,True,False,227.1665,False
61.9254,1.0000,0.0000,0.0000,0.0000,False,False,False,True,False,228.2012,False
61.9766,1.0000,0.0000,0.0000,0.0000,False,False,False,True,False,229.2217,False
62.0235,1.0000,0.0000,0.0000,0.0000,False,False,False,True,False,230.2920,False
62.0714,1.0000,0.0000,0.0000,0.0000,False,False,False,True,False,231.3473,False
62.1209,1.0000,0.0000,0.0000,0.0000,False,False,False,True,False,232.3791,False
62.1690,1.0000,0.0000,0.0000,0.0000,False,False,False,True,False,233.4412,False
62.2231,1.0000,0.0000,0.0000,0.0000,False,False,False,True,False,234.4980,False
62.2798,1.0000,0.0000,0.0000,0.0000,False,False,False,True,False,235.6207,False
62.3282,1.0000,0.0000,0.0000,0.0000,False,False,False,True,False,236.8305,False
62.3776,1.0000,0.0000,0.0000,0.0000,False,False,False,True,False,237.9546,False
62.4252,1.0000,0.0000,0.0000,0.0000,False,False,False,True,False,239.0185,False
62.4772,1.0000,0.0000,0.0000,0.0000,False,False,False,True,False,240.0687,False
62.5254,1.0000,0.0000,0.0000,0.0000,False,False,False,True,False,241.1596,False
62.5752,1.0000,0.0000,0.0000,0.0000,False,False,False,True,False,242.2393,False
62.6215,1.0000,0.0000,0.0000,0.0000,False,False,False,True,False,243.3070,False
62.6697,1.0000,0.0000,0.0000,0.0000,False,False,False,True,False,244.3445,False
62.7233,1.0000,0.0000,0.0000,0.0000,False,False,False,True,False,245.3748,False
62.7815,1.0000,0.0000,0.0000,0.0000,False,False,False,True,False,246.4922,False
62.8363,1.0000,0.0000,0.0000,0.0000,False,False,False,True,False,247.7163,False
62.8891,1.0000,0.0000,0.0000,0.0000,False,False,False,True,False,248.9368,False
62.9438,1.0000,0.0000,0.0000,0.0000,False,False,False,True,False,250.1016,False
62.9992,1.0000,0.0000,0.0000,0.0000,False,False,False,True,False,251.2725,False
63.0541,1.0000,0.0000,0.0000,0.0000,False,False,False,True,False,252.4690,False
63.1040,1.0000,0.0000,0.0000,0.0000,False,False,False,True,False,253.6670,False
63.1526,1.0000,0.0000,0.0000,0.0000,False,False,False,True,False,254.7945,False
63.2065,1.0000,0.0000,0.0000,0.0000,False,False,False,True,False,255.8613,False
63.2645,1.0000,0.0000,0.0000,0.0000,False,False,False,True,False,256.9869,False
63.3266,1.0000,0.0000,0.0000,0.0000,False,False,False,True,False,258.2114,False
63.3869,1.0000,0.0000,0.0000,0.0000,False,False,False,True,False,259.5246,False
63.4387,1.0000,0.0000,0.0000,0.0000,False,False,False,True,False,260.8499,False
63.4889,1.0000,0.0000,0.0000,0.0000,False,False,False,True,False,262.0490,False
63.5436,1.0000,0.0000,0.0000,0.0000,False,False,False,True,False,263.1533,False
63.5965,1.0000,0.0000,0.0000,0.0000,False,False,False,True,False,264.3027,False
63.6516,1.0000,0.0000,0.0000,0.0000,False,False,False,True,False,265.4681,False
63.7009,1.0000,0.0000,0.0000,0.0000,False,False,False,True,False,266.6460,False
63.7528,1.0000,0.0000,0.0000,0.0000,False,False,False,True,False,267.7674,False
63.8050,1.0000,0.0000,0.0000,0.0000,False,False,False,True,False,268.8725,False
63.8638,1.0000,0.0000,0.0000,0.0000,False,False,False,True,False,270.0043,False
63.9138,1.0000,0.0000,0.0000,0.0000,False,False,False,True,False,271.2241,False
63.9695,1.0000,0.0000,0.0000,0.0000,False,False,False,True,False,272.3872,False
64.0251,1.0000,0.0000,0.0000,0.0000,False,False,False,True,False,273.5464,False
64.0832,1.0000,0.0000,0.0000,0.0000,False,False,False,True,False,274.7554,False
64.1442,1.0000,0.0000,0.0000,0.0000,False,False,False,True,False,275.9966,False
64.1994,1.0000,0.0000,0.0000,0.0000,False,False,False,True,False,277.2960,False
64.2535,1.0000,0.0000,0.0000,0.0000,False,False,False,True,False,278.5457,False
64.3117,1.0000,0.0000,0.0000,0.0000,False,False,False,True,False,279.7301,False
64.3667,1.0000,0.0000,0.0000,0.0000,False,False,False,True,False,280.9587,False
64.4311,1.0000,0.0000,0.0000,0.0000,False,False,False,True,False,282.1819,False
64.4898,1.0000,0.0000,0.0000,0.0000,False,False,False,True,False,283.4984,False
64.5475,1.0000,0.0000,0.0000,0.0000,False,False,False,True,False,284.8242,False
64.6078,1.0000,0.0000,0.0000,0.0000,False,False,False,True,False,286.0863,False
64.6679,1.0000,0.0000,0.0000,0.0000,False,False,False,True,False,287.3737,False
64.7305,1.0000,0.0000,0.0000,0.0000,False,False,False,True,False,288.6811,False
64.7911,1.0000,0.0000,0.0000,0.0000,False,False,False,False,True,288.6811,False
64.8521,1.0000,0.0000,0.0000,0.0000,False,False,False,False,True,133.7271,False
64.9140,1.0000,0.0000,0.0000,0.0000,False,False,False,False,True,131.9137,False
64.9783,1.0000,0.0000,0.0000,0.0000,False,False,False,False,True,130.1154,False
65.0368,1.0000,0.0000,0.0000,0.0000,False,False,False,False,True,128.2899,False
65.0965,1.0000,0.0000,0.0000,0.0000,False,False,False,False,True,126.6677,False
65.1526,1.0000,0.0000,0.0000,0.0000,False,False,False,False,True,125.0411,False
65.2121,1.0000,0.0000,0.0000,0.0000,False,False,False,False,True,123.5430,False
65.2700,1.0000,0.0000,0.0000,0.0000,False,False,False,False,True,121.9827,False
65.3352,1.0000,0.0000,0.0000,0.0000,False,False,False,False,True,120.4894,False
65.3915,1.0000,0.0000,0.0000,0.0000,False,False,False,False,True,118.8345,False
65.4554,1.0000,0.0000,0.0000,0.0000,False,False,False,False,True,117.4279,False
65.5125,1.0000,0.0000,0.0000,0.0000,False,False,False,False,True,115.8565,False
65.5748,1.0000,0.0000,0.0000,0.0000,False,False,False,False,True,114.4713,False
65.6338,1.0000,0.0000,0.0000,0.0000,False,False,False,False,True,112.9815,False
65.6919,1.0000,0.0000,0.0000,0.0000,False,False,False,False,True,111.5869,False
65.7521,1.0000,0.0000,0.0000,0.0000,False,False,False,False,True,110.2297,False
65.8113,1.0000,0.0000,0.0000,0.0000,False,False,False,False,True,108.8388,False
65.8729,1.0000,0.0000,0.0000,0.0000,False,False,False,False,True,107.4866,False
65.9380,1.0000,0.0000,0.0000,0.0000,False,False,False,False,True,106.0944,False
65.9987,1.0000,0.0000,0.0000,0.0000,False,False,False,False,True,104.6349,False
66.0606,1.0000,0.0000,0.0000,0.0000,False,False,False,False,True,103.2899,False
66.1237,1.0000,0.0000,0.0000,0.0000,False,False,False,False,True,101.9264,False
66.1864,1.0000,0.0000,0.0000,0.0000,False,False,False,False,True,100.5516,False
66.2465,1.0000,0.0000,0.0000,0.0000,False,False,False,False,True,99.1935,False
66.3090,1.0000,0.0000,0.0000,0.0000,False,False,False,False,True,97.9013,False
66.3699,1.0000,0.0000,0.0000,0.0000,False,False,False,False,True,96.5665,False
66.4401,1.0000,0.0000,0.0000,0.0000,False,False,False,False,True,95.2763,False
66.5040,1.0000,0.0000,0.0000,0.0000,False,False,False,False,True,93.7948,False
66.5694,1.0000,0.0000,0.0000,0.0000,False,False,False,False,True,92.4568,False
66.6355,1.0000,0.0000,0.0000,0.0000,False,False,False,False,True,91.0918,False
66.7003,1.0000,0.0000,0.0000,0.0000,False,False,False,False,True,89.7208,False
66.7719,1.0000,0.0000,0.0000,0.0000,False,False,False,False,True,88.3845,False
66.8380,1.0000,0.0000,0.0000,0.0000,False,False,False,False,True,86.9135,False
66.9078,1.0000,0.0000,0.0000,0.0000,False,False,False,False,True,85.5614,False
66.9807,1.0000,0.0000,0.0000,0.0000,False,False,False,False,True,84.1379,False
67.0517,1.0000,0.0000,0.0000,0.0000,False,False,False,False,True,82.6581,False
67.1185,1.0000,0.0000,0.0000,0.0000,False,False,False,False,True,81.2226,False
67.1814,1.0000,0.0000,0.0000,0.0000,False,False,False,False,True,79.8765,False
67.2461,1.0000,0.0000,0.0000,0.0000,False,False,False,False,True,78.6119,False
67.3161,1.0000,0.0000,0.0000,0.0000,False,False,False,False,True,77.3163,False
67.3842,1.0000,0.0000,0.0000,0.0000,False,False,False,False,True,75.9162,False
67.4644,1.0000,0.0000,0.0000,0.0000,False,False,False,False,True,74.5580,False
67.5341,1.0000,0.0000,0.0000,0.0000,False,False,False,False,True,72.9632,False
67.6105,1.0000,0.0000,0.0000,0.0000,False,False,False,False,True,71.5799,False
67.6856,1.0000,0.0000,0.0000,0.0000,False,False,False,False,True,70.0669,False
67.7668,1.0000,0.0000,0.0000,0.0000,False,False,False,False,True,68.5815,False
67.8387,1.0000,0.0000,0.0000,0.0000,False,False,False,False,True,66.9808,False
67.9131,0.9979,0.0000,0.0000,0.0000,False,False,False,False,True,65.5647,False
67.9940,0.9537,0.0000,0.0000,0.0000,False,False,False,False,True,64.1020,False
68.0741,0.8410,0.0000,0.0000,0.0000,False,False,False,False,True,62.5133,False
68.1550,0.7920,0.0000,0.0000,0.0000,False,False,False,False,True,60.9428,False
68.2399,0.7920,0.0000,0.0000,0.0000,False,False,False,False,True,59.3419,False
68.3173,0.8018,0.0000,0.0000,0.0000,False,False,False,False,True,57.6445,False
68.3957,0.8214,0.0000,0.0000,0.0000,False,False,False,False,True,56.0813,False
68.4736,0.8018,0.0000,0.0000,0.0000,False,False,False,False,True,54.4824,False
68.5544,0.8067,0.0000,0.0000,0.0000,False,False,False,False,True,52.8807,False
68.6365,0.7430,0.0000,0.0000,0.0000,False,False,False,False,True,51.2010,False
68.7133,0.3600,0.0000,0.0000,0.0000,False,False,False,False,True,49.4797,False
68.7918,0.0000,0.0000,0.0000,0.0000,False,False,False,False,True,47.8518,False
68.8733,0.0000,0.0000,0.0000,0.0000,False,False,False,False,True,46.1742,False
68.9529,0.0000,0.0000,0.0000,0.0000,False,False,False,False,True,44.4166,False
69.0361,0.0000,0.0000,0.0000,0.0000,False,False,False,False,True,42.6846,False
69.1114,0.0000,0.0000,0.0000,0.0000,False,False,False,False,True,40.8575,False
69.1871,0.0000,0.0000,0.0000,0.0000,False,False,False,False,True,39.1924,False
69.2631,0.0000,0.0000,0.0000,0.0000,False,False,False,False,True,37.5044,False
69.3459,0.0000,0.0000,0.0000,0.0000,False,False,False,False,True,35.7961,False
69.4266,0.0000,0.0000,0.0000,0.0000,False,False,False,False,True,33.9190,False
69.5100,0.0000,0.0000,0.0000,0.0000,False,False,False,False,True,32.0770,False
69.5939,0.0000,0.2031,0.0000,0.0000,False,False,False,False,True,30.1587,False
69.6786,0.0000,0.4335,0.0000,0.0000,False,False,False,False,True,28.1960,False
69.7668,0.0000,0.4874,0.0000,0.0000,False,False,False,False,True,26.1826,False
69.8564,0.0000,0.4874,0.0000,0.0000,False,False,False,False,True,24.0567,False
69.9363,0.0000,0.4972,0.0000,0.0000,False,False,False,False,True,21.8676,False
70.0201,0.0000,0.4727,0.0000,0.0000,False,False,False,False,True,19.8938,False
70.1020,0.0000,0.4678,0.0000,0.0000,False,False,False,False,True,17.8065,False
70.1845,0.0000,0.4727,0.0000,0.0000,False,False,False,False,True,15.7470,False
70.2631,0.0000,0.4776,0.0000,0.0000,False,False,False,False,True,13.6700,False
70.3465,0.0000,0.4776,0.0000,0.0000,False,False,False,False,True,11.6928,False
70.4303,0.0000,0.4776,0.0000,0.0000,False,False,False,False,True,9.5985,False
70.5197,0.0000,0.4629,0.0000,0.0000,False,False,False,False,True,7.5023,False
70.6042,0.0000,0.4433,0.0000,0.0000,False,False,False,False,True,5.2829,False
70.6828,0.0000,0.4090,0.0000,0.0000,False,False,False,False,True,3.2172,False
70.7587,0.0000,0.3992,0.0000,0.0000,False,False,False,False,True,1.4286,False
70.8346,0.0000,0.3943,0.0000,0.0000,False,False,False,False,True,1.0795,False
70.9179,0.0000,0.3747,0.0000,0.0000,False,False,False,False,True,2.6665,False
71.0004,0.0000,0.3061,0.0000,0.0000,False,False,False,False,True,4.6211,False
71.0755,0.0000,0.1345,0.0000,0.0000,False,False,False,False,True,6.5843,False
71.1418,0.0000,0.0000,0.0000,0.0000,False,False,False,False,True,8.3738,False
71.2126,0.0000,0.0000,0.0000,0.0000,False,False,False,False,True,9.9563,False
71.2784,0.0000,0.0000,0.0000,0.0000,False,False,False,False,True,11.6448,False
71.3452,0.0000,0.0000,0.0000,0.0000,False,False,False,False,True,13.2121,False
71.4100,0.0000,0.0000,0.0000,0.0000,False,False,False,False,True,14.7982,False
71.4808,0.0000,0.0000,0.0000,0.0000,False,False,False,False,True,16.3328,False
71.5508,0.0000,0.0000,0.0000,0.0000,False,False,False,False,True,17.9958,False
71.6206,0.0000,0.0000,0.0000,0.0000,False,False,False,False,True,19.6092,False
71.6861,0.0000,0.0000,0.0000,0.0000,False,False,False,False,True,21.2223,False
71.7500,0.0000,0.0000,0.0000,0.0000,False,False,False,False,True,22.7513,False
71.8106,0.0000,0.0000,0.0000,0.0000,False,False,False,False,True,24.2490,False
71.8697,0.0000,0.0000,0.0000,0.0000,False,False,False,False,True,25.6769,False
71.9379,0.0000,0.0000,0.0000,0.0000,False,False,False,False,True,27.0747,False
71.9992,0.0000,0.0000,0.0000,0.0000,False,False,False,False,True,28.6922,False
72.0625,0.0000,0.0000,0.0000,0.0000,False,False,False,False,True,30.1523,False
72.1251,0.0000,0.0000,0.0000,0.0000,False,False,False,False,True,31.6673,False
72.1851,0.0000,0.0000,0.0000,0.0000,False,False,False,False,True,33.1637,False
72.2483,0.0000,0.0000,0.0000,0.0000,False,False,False,False,True,34.5938,False
72.3101,0.0000,0.0000,0.0000,0.0000,False,False,False,False,True,36.0858,False
72.3720,0.0000,0.0000,0.0000,0.0000,False,False,False,False,True,37.1414,False
72.4329,0.0000,0.0000,0.0000,0.0000,False,False,False,False,True,38.2050,False
72.4984,0.0000,0.0000,0.0000,0.0000,False,False,False,False,True,39.2604,False
72.5590,0.0000,0.0000,0.0000,0.0000,False,False,False,False,True,40.4024,False
72.6190,0.0000,0.0000,0.0000,0.0000,False,False,False,False,True,41.4655,False
72.6758,0.0000,0.0000,0.0000,0.0000,False,False,False,False,True,42.5255,False
72.7325,0.0000,0.0000,0.0000,0.0000,False,False,False,False,True,43.5318,False
72.7903,0.0000,0.0000,0.0000,0.0000,False,False,False,False,True,44.5436,False
72.8539,0.0000,0.0000,0.0000,0.0000,False,False,False,False,True,45.5781,False
72.9127,0.0000,0.0000,0.0000,0.0000,False,False,False,False,True,46.7202,False
72.9754,0.0000,0.0000,0.0000,0.0000,False,False,False,False,True,47.7819,False
73.0340,0.0000,0.0000,0.0000,0.0000,False,False,False,False,True,48.9167,False
73.0981,0.0000,0.0000,0.0000,0.0000,False,False,False,False,True,49.9807,False
73.1548,0.0000,0.0000,0.0000,0.0000,False,False,False,False,True,51.1503,False
73.2147,0.0000,0.0000,0.0000,0.0000,False,False,False,False,True,52.1864,False
73.2712,0.0000,0.0000,0.0000,0.0000,False,False,False,False,True,53.2836,False
73.3292,0.0000,0.0000,0.0000,0.0000,False,False,False,False,True,54.3215,False
73.3901,0.0000,0.0000,0.0000,0.0000,False,False,False,False,True,55.3907,False
73.4474,0.0000,0.0000,0.0000,0.0000,False,False,False,False,True,56.5142,False
73.5070,0.0000,0.0000,0.0000,0.0000,False,False,False,False,True,57.5731,False
73.5661,0.0000,0.0000,0.0000,0.0000,False,False,False,False,True,58.6790,False
73.6246,0.0000,0.0000,0.0000,0.0000,False,False,False,False,True,59.7756,False
73.6835,0.0000,0.0000,0.0000,0.0000,False,False,False,False,True,60.8637,False
73.7476,0.0000,0.0000,0.0000,0.0000,False,False,False,False,True,61.9603,False
73.8052,0.0000,0.0000,0.0000,0.0000,False,False,False,False,True,63.1570,False
73.8629,0.0000,0.0000,0.0000,0.0000,False,False,False,False,True,64.2329,False
73.9204,0.0000,0.0000,0.0000,0.0000,False,False,False,False,True,65.3127,False
73.9806,0.0000,0.0000,0.0000,0.0000,False,False,False,False,True,66.3893,False
74.0379,0.0000,0.0000,0.0000,0.0000,False,False,False,False,True,67.5186,False
74.0954,0.0000,0.0000,0.0000,0.0000,False,False,False,False,True,68.5955,False
74.1548,0.0000,0.0000,0.0000,0.0000,False,False,False,False,True,69.6757,False
74.2092,0.0000,0.0000,0.0000,0.0000,False,False,False,False,True,70.7937,False
74.2691,0.0000,0.0000,0.0000,0.0000,False,False,False,False,True,71.8188,False
74.3309,0.0000,0.0000,0.0000,0.0000,False,False,False,False,True,72.9490,False
74.3890,0.0000,0.0000,0.0000,0.0000,False,False,False,False,True,74.1156,False
74.4473,0.0000,0.0000,0.0000,0.0000,False,False,False,False,True,75.2136,False
74.5045,0.0000,0.0000,0.0000,0.0000,False,False,False,False,True,76.3166,False
74.5647,0.0000,0.0000,0.0000,0.0000,False,False,False,False,True,77.3989,False
74.6235,0.0000,0.0000,0.0000,0.0000,False,False,False,False,True,78.5388,False
74.6824,0.0000,0.0000,0.0000,0.0000,False,False,False,False,True,79.6532,False
74.7386,0.0000,0.0000,0.0000,0.0000,False,False,False,False,True,80.7710,False
74.7975,0.0000,0.0000,0.0000,0.0000,False,False,False,False,True,81.8379,False
74.8560,0.0000,0.0000,0.0000,0.0000,False,False,False,False,True,82.9573,False
74.9128,0.0000,0.0000,0.0000,0.0000,False,False,False,False,True,84.0682,False
74.9695,0.0000,0.0000,0.0000,0.0000,False,False,False,False,True,85.1498,False
75.0279,0.0000,0.0000,0.0000,0.0000,False,False,False,False,True,86.2274,False
75.0873,0.0000,0.0000,0.0000,0.0000,False,False,False,False,True,87.3407,False
75.1485,0.0000,0.0000,0.0000,0.0000,False,False,False,False,True,88.4721,False
75.2047,0.0000,0.0000,0.0000,0.0000,False,False,False,False,True,89.6389,False
75.2608,0.0000,0.0000,0.0000,0.0000,False,False,False,False,True,90.7092,False
75.3194,0.0000,0.0000,0.0000,0.0000,False,False,False,False,True,91.7796,False
75.3772,0.0000,0.0000,0.0000,0.0000,False,False,False,False,True,92.8990,False
75.4379,0.0000,0.0000,0.0000,0.0000,False,False,False,False,True,94.0019,False
75.4965,0.0000,0.0000,0.0000,0.0000,False,False,False,False,True,95.1612,False
75.5524,0.0000,0.0000,0.0000,0.0000,False,False,False,False,True,96.2829,False
75.6094,0.0000,0.0000,0.0000,0.0000,False,False,False,False,True,97.3506,False
75.6674,0.0000,0.0000,0.0000,0.0000,False,False,False,False,True,98.4403,False
75.7300,0.0000,0.0000,0.0000,0.0000,False,False,False,False,True,99.5500,False
75.7856,0.0000,0.0000,0.0000,0.0000,False,False,False,False,True,100.7488,False
75.8439,0.0000,0.0000,0.0000,0.0000,False,False,False,False,True,101.8144,False
75.8990,0.0000,0.0000,0.0000,0.0000,False,False,False,False,True,102.9298,False
75.9559,0.0000,0.0000,0.0000,0.0000,False,False,False,False,True,103.9864,False
76.0157,0.0000,0.0000,0.0000,0.0000,False,False,False,False,True,105.0759,False
76.0794,0.0000,0.0000,0.0000,0.0000,False,False,False,False,True,106.2237,False
76.1355,0.0000,0.0000,0.0000,0.0000,False,False,False,False,True,107.4446,False
76.1916,0.0000,0.0000,0.0000,0.0000,False,False,False,False,True,108.5216,False
76.2471,0.0000,0.0000,0.0000,0.0000,False,False,False,False,True,109.5985,False
76.3025,0.0000,0.0000,0.0000,0.0000,False,False,False,False,True,110.6620,False
76.3611,0.0000,0.0000,0.0000,0.0000,False,False,False,False,True,111.7271,False
76.4163,0.0000,0.0000,0.0000,0.0000,False,False,False,False,True,112.8517,False
76.4722,0.0000,0.0000,0.0000,0.0000,False,False,False,False,True,113.9128,False
76.5292,0.0000,0.0000,0.0000,0.0000,False,False,False,False,True,114.9870,False
76.5868,0.0000,0.0000,0.0000,0.0000,False,False,False,False,True,116.0824,False
76.6487,0.0000,0.0000,0.0000,0.0000,False,False,False,False,True,117.1888,False
76.7068,0.0000,0.0000,0.0000,0.0000,False,False,False,False,True,118.3797,False
76.7670,0.0000,0.0000,0.0000,0.0000,False,False,False,False,True,119.4969,False
76.8213,0.0000,0.0000,0.0000,0.0000,False,False,False,False,True,120.6538,False
76.8848,0.0000,0.0000,0.0000,0.0000,False,False,False,False,True,121.6983,False
76.9391,0.0000,0.0000,0.0000,0.0000,False,False,False,False,True,122.9196,False
76.9961,0.0000,0.0000,0.0000,0.0000,False,False,False,False,True,123.9653,False
77.0625,0.0000,0.0000,0.0000,0.0000,False,False,False,False,True,125.0630,False
77.1237,0.0000,0.0000,0.0000,0.0000,False,False,False,False,True,126.3413,False
77.1812,0.0000,0.0000,0.0000,0.0000,False,False,False,False,True,127.5193,False
77.2404,0.0000,0.0000,0.0000,0.0000,False,False,False,False,True,128.6273,False
77.2959,0.0000,0.0000,0.0000,0.0000,False,False,False,False,True,129.7663,False
77.3508,0.0000,0.0000,0.0000,0.0000,False,False,False,False,True,130.8363,False
77.4088,0.0000,0.0000,0.0000,0.0000,False,False,False,False,True,131.8941,False
77.4666,0.0000,0.0000,0.0000,0.0000,False,False,False,False,True,133.0113,False
77.5288,0.0000,0.0000,0.0000,0.0000,False,False,False,False,True,134.1253,False
77.5866,0.0000,0.0000,0.0000,0.0000,False,False,False,False,True,135.3247,False
77.6484,0.0000,0.0000,0.0000,0.0000,False,False,False,False,True,136.4396,False
77.7071,0.0000,0.0000,0.0000,0.0000,False,False,False,False,True,137.6314,False
77.7824,0.5000,0.5000,0.0000,0.0000,False,False,False,False,True,138.7627,False
