Time,Accel,Brake,Car_Speed,Car_AutoSpeed,Car_AutoStatus,Bike_A_Status,Bike_B_Status,Bike_C_Status,Bike_D_Status,Bike_Distance,Vibrate_Status,BPM
0.0200,0.0000,0.0000,0.0000,0.0000,False,False,False,False,False,0.0000,False
0.0400,0.0000,0.0000,0.7049,0.0000,False,False,False,False,False,0.0000,False
0.3733,0.0000,0.0000,1.1529,0.0000,False,False,False,False,False,0.0000,False
0.4632,0.0000,0.0000,0.2300,0.0000,False,False,False,False,False,0.0000,False
0.5143,0.0000,0.0000,0.0643,0.0000,False,False,False,False,False,0.0000,False
0.5786,0.0000,0.0000,0.0708,0.0000,False,False,False,False,False,0.0000,False
0.6334,0.0000,0.0000,0.0949,0.0000,False,False,False,False,False,0.0000,False
0.6995,0.0000,0.0000,0.0794,0.0000,False,False,False,False,False,0.0000,False
0.7518,0.0000,0.0000,0.0530,0.0000,False,False,False,False,False,0.0000,False
0.8016,0.0000,0.0000,0.0294,0.0000,False,False,False,False,False,0.0000,False
0.8517,0.0000,0.0000,0.0176,0.0000,False,False,False,False,False,0.0000,False
0.9070,0.0000,0.0000,0.0061,0.0000,False,False,False,False,False,0.0000,False
0.9583,0.0000,0.0000,0.0022,0.0000,False,False,False,False,False,0.0000,False
1.0112,0.0000,0.0000,0.0022,0.0000,False,False,False,False,False,0.0000,False
1.0664,0.0000,0.0000,0.0027,0.0000,False,False,False,False,False,0.0000,False
1.1141,0.0000,0.0000,0.0025,0.0000,False,False,False,False,False,0.0000,False
1.1666,0.0000,0.0000,0.0018,0.0000,False,False,False,False,False,0.0000,False
1.2159,0.0000,0.0000,0.0013,0.0000,False,False,False,False,False,0.0000,False
1.2658,0.0000,0.0000,0.0007,0.0000,False,False,False,False,False,0.0000,False
1.3144,0.0000,0.0000,0.0004,0.0000,False,False,False,False,False,0.0000,False
1.3648,0.0000,0.0000,0.0001,0.0000,False,False,False,False,False,0.0000,False
1.4126,0.0000,0.0000,0.0001,0.0000,False,False,False,False,False,0.0000,False
1.4598,0.0000,0.0000,0.0001,0.0000,False,False,False,False,False,0.0000,False
1.5084,0.0000,0.0000,0.0001,0.0000,False,False,False,False,False,0.0000,False
1.5557,0.0000,0.0000,0.0001,0.0000,False,False,False,False,False,0.0000,False
1.6051,0.0000,0.0000,0.0001,0.0000,False,False,False,False,False,0.0000,False
1.6559,0.0000,0.0000,0.0001,0.0000,False,False,False,False,False,0.0000,False
1.7089,0.0000,0.0000,0.0000,0.0000,False,False,False,False,False,0.0000,False
1.7584,0.0000,0.0000,0.0000,0.0000,False,False,False,False,False,0.0000,False
1.8179,0.0000,0.0000,0.0000,0.0000,False,False,False,False,False,0.0000,False
1.8667,0.0000,0.0000,0.0000,0.0000,False,False,False,False,False,0.0000,False
1.9207,0.0000,0.0000,0.0000,0.0000,False,False,False,False,False,0.0000,False
1.9696,0.0000,0.0000,0.0000,0.0000,False,False,False,False,False,0.0000,False
2.0191,0.0000,0.0000,0.0000,0.0000,False,False,False,False,False,0.0000,False
2.0687,0.0000,0.0000,0.0000,0.0000,False,False,False,False,False,0.0000,False
2.1177,0.0000,0.0000,0.0000,0.0000,False,False,False,False,False,0.0000,False
2.1671,0.0000,0.0000,0.0000,0.0000,False,False,False,False,False,0.0000,False
2.2167,0.0000,0.0000,0.0000,0.0000,False,False,False,False,False,0.0000,False
2.2667,0.0000,0.0000,0.0000,0.0000,False,False,False,False,False,0.0000,False
2.3207,0.0000,0.0000,0.0000,0.0000,False,False,False,False,False,0.0000,False
2.3761,0.0000,0.0000,0.0000,0.0000,False,False,False,False,False,0.0000,False
2.4290,0.0000,0.0000,0.0000,0.0000,False,False,False,False,False,0.0000,False
2.4779,0.0000,0.0000,0.0000,0.0000,False,False,False,False,False,0.0000,False
2.5260,0.0000,0.0000,0.0000,0.0000,False,False,False,False,False,0.0000,False
2.5748,0.0000,0.0000,0.0000,0.0000,False,False,False,False,False,0.0000,False
2.6238,0.0000,0.0000,0.0000,0.0000,False,False,False,False,False,0.0000,False
2.6761,0.0000,0.0000,0.0000,0.0000,False,False,False,False,False,0.0000,False
2.7241,0.0000,0.0000,0.0000,0.0000,False,False,False,False,False,0.0000,False
2.7741,0.0000,0.0000,0.0000,0.0000,False,False,False,False,False,0.0000,False
2.8229,0.0000,0.0000,0.0000,0.0000,False,False,False,False,False,0.0000,False
2.8715,0.0000,0.0000,0.0000,0.0000,False,False,False,False,False,0.0000,False
2.9209,0.0000,0.0000,0.0000,0.0000,False,False,False,False,False,0.0000,False
2.9721,0.0000,0.0000,0.0000,0.0000,False,False,False,False,False,0.0000,False
3.0263,0.0000,0.0000,0.0000,0.0000,False,False,False,False,False,0.0000,False
3.0751,0.0000,0.0000,0.0000,0.0000,False,False,False,False,False,0.0000,False
3.1259,0.0000,0.0000,0.0000,0.0000,False,False,False,False,False,0.0000,False
3.2209,0.0000,0.0000,0.0000,0.0000,False,False,False,False,False,0.0000,False
3.2705,0.0000,0.0000,0.0000,0.0000,False,False,False,False,False,0.0000,False
3.3197,0.0000,0.0000,0.0000,0.0000,False,False,False,False,False,0.0000,False
3.3688,0.0000,0.0000,0.0000,0.0000,False,False,False,False,False,0.0000,False
3.4190,0.0000,0.0000,0.0000,0.0000,False,False,False,False,False,0.0000,False
3.4683,0.0000,0.0000,0.0000,0.0000,False,False,False,False,False,0.0000,False
3.5191,0.0000,0.0000,0.0000,0.0000,False,False,False,False,False,0.0000,False
3.5686,0.0000,0.0000,0.0000,0.0000,False,False,False,False,False,0.0000,False
3.6186,0.0000,0.0000,0.0000,0.0000,False,False,False,False,False,0.0000,False
3.6873,0.0000,0.0000,0.0000,0.0000,False,False,False,False,False,0.0000,False
3.7424,0.0000,0.0000,0.0000,0.0000,False,False,False,False,False,0.0000,False
3.7954,0.0000,0.0000,0.0000,0.0000,False,False,False,False,False,0.0000,False
3.8476,0.0000,0.0000,0.0000,0.0000,False,False,False,False,False,0.0000,False
3.8962,0.0000,0.0000,0.0000,0.0000,False,False,False,False,False,0.0000,False
3.9447,0.0000,0.0000,0.0000,0.0000,False,False,False,False,False,0.0000,False
3.9941,0.0000,0.0000,0.0000,0.0000,False,False,False,False,False,0.0000,False
4.0437,0.0000,0.0000,0.0000,0.0000,False,False,False,False,False,0.0000,False
4.1030,0.0000,0.0000,0.0000,0.0000,False,False,False,False,False,0.0000,False
4.1529,0.0000,0.0000,0.0000,0.0000,False,False,False,False,False,0.0000,False
4.2031,0.0000,0.0000,0.0000,0.0000,False,False,False,False,False,0.0000,False
4.2538,0.0000,0.0000,0.0000,0.0000,False,False,False,False,False,0.0000,False
4.3094,0.0000,0.0000,0.0000,0.0000,False,False,False,False,False,0.0000,False
4.3605,0.0000,0.0000,0.0000,0.0000,False,False,False,False,False,0.0000,False
4.4164,0.0000,0.0000,0.0000,0.0000,False,False,False,False,False,0.0000,False
4.4743,0.0000,0.0000,0.0000,0.0000,False,False,False,False,False,0.0000,False
4.5287,0.0000,0.0000,0.0000,0.0000,False,False,False,False,False,0.0000,False
4.5903,0.0000,0.0000,0.0000,0.0000,False,False,False,False,False,0.0000,False
4.6860,0.0000,0.0000,0.0000,0.0000,False,False,False,False,False,0.0000,False
4.7799,0.0000,0.0000,0.0000,0.0000,False,False,False,False,False,0.0000,False
4.8452,0.0000,0.0000,0.0000,0.0000,False,False,False,False,False,0.0000,False
4.9026,0.0000,0.0000,0.0000,0.0000,False,False,False,False,False,0.0000,False
4.9556,0.0000,0.0000,0.0000,0.0000,False,False,False,False,False,0.0000,False
5.0087,0.0000,0.0000,0.0000,0.0000,False,False,False,False,False,0.0000,False
5.0683,0.0000,0.0000,0.0000,0.0000,False,False,False,False,False,0.0000,False
5.1312,0.0000,0.0000,0.0000,0.0000,False,False,False,False,False,0.0000,False
5.1918,0.0000,0.0000,0.0000,0.0000,False,False,False,False,False,0.0000,False
5.2507,0.0000,0.0000,0.0000,0.0000,False,False,False,False,False,0.0000,False
5.3616,0.0000,0.0000,0.0000,0.0000,False,False,False,False,False,0.0000,False
5.4118,0.0000,0.0000,0.0000,0.0000,False,False,False,False,False,0.0000,False
5.4619,0.0000,0.0000,0.0000,0.0000,False,False,False,False,False,0.0000,False
5.5128,0.0000,0.0000,0.0000,0.0000,False,False,False,False,False,0.0000,False
5.5629,0.0000,0.0000,0.0000,0.0000,False,False,False,False,False,0.0000,False
5.6169,0.0000,0.0000,0.0000,0.0000,False,False,False,False,False,0.0000,False
5.6679,0.0000,0.0000,0.0000,0.0000,False,False,False,False,False,0.0000,False
5.7235,0.0000,0.0000,0.0000,0.0000,False,False,False,False,False,0.0000,False
5.7776,0.0000,0.0000,0.0000,0.0000,False,False,False,False,False,0.0000,False
5.8331,0.0000,0.0000,0.0000,0.0000,False,False,False,False,False,0.0000,False
5.8904,0.0000,0.0000,0.0000,0.0000,False,False,False,False,False,0.0000,False
5.9512,0.0000,0.0000,0.0000,0.0000,False,False,False,False,False,0.0000,False
6.0082,0.0000,0.0000,0.0000,0.0000,False,False,False,False,False,0.0000,False
6.0686,0.0000,0.0000,0.0000,0.0000,False,False,False,False,False,0.0000,False
6.1331,0.0000,0.0000,0.0000,0.0000,False,False,False,False,False,0.0000,False
6.1929,0.0000,0.0000,0.0000,0.0000,False,False,False,False,False,0.0000,False
6.2552,0.0000,0.0000,0.0000,0.0000,False,False,False,False,False,0.0000,False
6.3192,0.0000,0.0000,0.0000,0.0000,False,False,False,False,False,0.0000,False
6.3824,0.0000,0.0000,0.0000,0.0000,False,False,False,False,False,0.0000,False
6.4447,0.0000,0.0000,0.0000,0.0000,False,False,False,False,False,0.0000,False
6.5083,0.0000,0.0000,0.0000,0.0000,False,False,False,False,False,0.0000,False
6.5723,0.0000,0.0000,0.0000,0.0000,False,False,False,False,False,0.0000,False
6.6345,0.0000,0.0000,0.0000,0.0000,False,False,False,False,False,0.0000,False
6.7023,0.0000,0.0000,0.0000,0.0000,False,True,False,False,False,0.0000,False
6.7654,0.0000,0.0000,0.0000,0.0000,False,True,False,False,False,134.1728,False
6.8297,0.0000,0.0000,0.0000,0.0000,False,True,False,False,False,132.2795,False
6.8973,0.0000,0.0000,0.0000,0.0000,False,True,False,False,False,130.4771,False
6.9652,0.0000,0.0000,0.0000,0.0000,False,True,False,False,False,128.6530,False
7.0275,0.0000,0.0000,0.0000,0.0000,False,True,False,False,False,126.8190,False
7.0903,0.0000,0.0000,0.0000,0.0000,False,True,False,False,False,125.0910,False
7.1522,0.0000,0.0000,0.0000,0.0000,False,True,False,False,False,123.4657,False
7.2183,0.0000,0.0000,0.0000,0.0000,False,True,False,False,False,121.8724,False
7.2814,0.0000,0.0000,0.0000,0.0000,False,True,False,False,False,120.2696,False
7.3448,0.0000,0.0000,0.0000,0.0000,False,True,False,False,False,118.6693,False
7.4068,0.0000,0.0000,0.0000,0.0000,False,True,False,False,False,117.1310,False
7.4680,0.0000,0.0000,0.0000,0.0000,False,True,False,False,False,115.6247,False
7.5302,0.0000,0.0000,0.0000,0.0000,False,True,False,False,False,114.1652,False
7.5937,0.0000,0.0000,0.0000,0.0000,False,True,False,False,False,112.7236,False
7.6583,0.0000,0.0000,0.0000,0.0000,False,True,False,False,False,111.2738,False
7.7253,0.0000,0.0000,0.0000,0.0000,False,True,False,False,False,109.8139,False
7.7968,0.0000,0.0000,0.0000,0.0000,False,True,False,False,False,108.3330,False
7.8732,0.0000,0.0000,0.0000,0.0000,False,True,False,False,False,106.7963,False
7.9417,0.0000,0.0000,0.0000,0.0000,False,True,False,False,False,105.1743,False
8.0115,0.0000,0.0000,0.0000,0.0000,False,True,False,False,False,103.5644,False
8.0836,0.0000,0.0000,0.0000,0.0000,False,True,False,False,False,102.0670,False
8.1580,0.0000,0.0000,0.0000,0.0000,False,True,False,False,False,100.5476,False
8.2393,0.0000,0.0000,0.0000,0.0000,False,True,False,False,False,98.9910,False
8.3147,0.0000,0.0000,0.0000,0.0000,False,True,False,False,False,97.3645,False
8.3907,0.0000,0.0000,0.0000,0.0000,False,True,False,False,False,95.6973,False
8.4695,0.0000,0.0000,0.0000,0.0000,False,True,False,False,False,94.1182,False
8.5418,0.0000,0.0000,0.0000,0.0000,False,True,False,False,False,92.5219,False
8.6140,0.0000,0.0000,0.0000,0.0000,False,True,False,False,False,90.9398,False
8.6854,0.0000,0.0000,0.0000,0.0000,False,True,False,False,False,89.4564,False
8.7655,0.0000,0.0000,0.0000,0.0000,False,True,False,False,False,87.9870,False
8.8479,0.0000,0.0000,0.0000,0.0000,False,True,False,False,False,86.4766,False
8.9364,0.0000,0.0000,0.0000,0.0000,False,True,False,False,False,84.8393,False
9.0162,0.0000,0.0000,0.0000,0.0000,False,True,False,False,False,83.1384,False
9.0974,0.0000,0.0000,0.0000,0.0000,False,True,False,False,False,81.4158,False
9.1814,0.0000,0.0000,0.0000,0.0000,False,True,False,False,False,79.8105,False
9.2640,0.0000,0.0000,0.0000,0.0000,False,True,False,False,False,78.1728,False
9.3424,0.0000,0.0000,0.0000,0.0000,False,True,False,False,False,76.5100,False
9.4188,0.0000,0.0000,0.0000,0.0000,False,True,False,False,False,74.8969,False
9.4948,0.0000,0.0000,0.0000,0.0000,False,True,False,False,False,73.3580,False
9.5748,0.0000,0.0000,0.0000,0.0000,False,True,False,False,False,71.8516,False
9.6517,0.0000,0.0000,0.0000,0.0000,False,True,False,False,False,70.3311,False
9.7410,0.0000,0.0000,0.0000,0.0000,False,True,False,False,False,68.7754,False
9.8204,0.0000,0.0000,0.0000,0.0000,False,True,False,False,False,67.1943,False
9.9048,0.0000,0.0000,0.0000,0.0000,False,True,False,False,False,65.5024,False
9.9875,0.0000,0.0000,0.0000,0.0000,False,True,False,False,False,63.9209,False
10.0667,0.0000,0.0000,0.0000,0.0000,False,True,False,False,False,62.2823,False
10.1423,0.0000,0.0000,0.0000,0.0000,False,True,False,False,False,60.6907,False
10.2274,0.0000,0.0000,0.0000,0.0000,False,True,False,False,False,59.1699,False
10.3063,0.0000,0.0000,0.0000,0.0000,False,True,False,False,False,57.6294,False
10.3869,0.0000,0.0000,0.0000,0.0000,False,True,False,False,False,55.9756,False
10.4655,0.0000,0.0000,0.0000,0.0000,False,True,False,False,False,54.3806,False
10.5458,0.0000,0.0000,0.0000,0.0000,False,True,False,False,False,52.7552,False
10.6214,0.0000,0.0000,0.0000,0.0000,False,True,False,False,False,51.1346,False
10.7005,0.0000,0.0000,0.0000,0.0000,False,True,False,False,False,49.5002,False
10.7817,0.0000,0.0000,0.0000,0.0000,False,True,False,False,False,47.9019,False
10.8623,0.0000,0.0000,0.0000,0.0000,False,True,False,False,False,46.2229,False
10.9389,0.0000,0.0000,0.0000,0.0000,False,True,False,False,False,44.4997,False
11.0202,0.0000,0.0000,0.0000,0.0000,False,True,False,False,False,42.7922,False
11.1012,0.0000,0.0000,0.0000,0.0000,False,True,False,False,False,41.1064,False
11.1736,0.0000,0.0000,0.0000,0.0000,False,True,False,False,False,39.3321,False
11.2500,0.0000,0.0000,0.0000,0.0000,False,True,False,False,False,37.5963,False
11.3277,0.0000,0.0000,0.0000,0.0000,False,True,False,False,False,35.9693,False
11.4127,0.0000,0.0000,0.0000,0.0000,False,True,False,False,False,34.2584,False
11.5055,0.0000,0.0000,0.0000,0.0000,False,True,False,False,False,32.4744,False
11.5843,0.0000,0.0000,0.0000,0.0000,False,True,False,False,False,30.5112,False
11.6615,0.0000,0.0000,0.0000,0.0000,False,True,False,False,False,28.4523,False
11.7388,0.0000,0.0000,0.0000,0.0000,False,True,False,False,False,26.6155,False
11.8165,0.0000,0.0000,0.0000,0.0000,False,True,False,False,False,24.7780,False
11.8929,0.0000,0.0000,0.0000,0.0000,False,True,False,False,False,22.9122,False
11.9708,0.0000,0.0000,0.0000,0.0000,False,True,False,False,False,21.0246,False
12.0540,0.0000,0.0000,0.0000,0.0000,False,True,False,False,False,19.1335,False
12.1351,0.0000,0.0000,0.0000,0.0000,False,True,False,False,False,17.1777,False
12.2203,0.0000,0.0000,0.0000,0.0000,False,True,False,False,False,15.1194,False
12.3070,0.0000,0.0000,0.0000,0.0000,False,True,False,False,False,13.0685,False
12.3969,0.0000,0.0000,0.0000,0.0000,False,True,False,False,False,10.9295,False
12.4803,0.0000,0.0000,0.0000,0.0000,False,True,False,False,False,8.7387,False
12.5643,0.0000,0.0000,0.0000,0.0000,False,True,False,False,False,6.5270,False
12.6478,0.0000,0.0000,0.0000,0.0000,False,True,False,False,False,4.4412,False
12.7349,0.0000,0.0000,0.0000,0.0000,False,True,False,False,False,2.3745,False
12.8182,0.0000,0.0000,0.0000,0.0000,False,True,False,False,False,0.4978,False
12.8933,0.0000,0.0000,0.0000,0.0000,False,True,False,False,False,1.8896,False
12.9658,0.0000,0.0000,0.0000,0.0000,False,True,False,False,False,3.8510,False
13.0363,0.0000,0.0000,0.0000,0.0000,False,True,False,False,False,5.6612,False
13.1066,0.0000,0.0000,0.0000,0.0000,False,True,False,False,False,7.4035,False
13.1739,0.0000,0.0000,0.0000,0.0000,False,True,False,False,False,9.0844,False
13.2433,0.0000,0.0000,0.0000,0.0000,False,True,False,False,False,10.7056,False
13.3191,0.0000,0.0000,0.0000,0.0000,False,True,False,False,False,12.2811,False
13.3893,0.0000,0.0000,0.0000,0.0000,False,True,False,False,False,13.9267,False
13.4566,0.0000,0.0000,0.0000,0.0000,False,True,False,False,False,15.6494,False
13.5257,0.0000,0.0000,0.0000,0.0000,False,True,False,False,False,17.2507,False
13.5905,0.0000,0.0000,0.0000,0.0000,False,True,False,False,False,18.8013,False
13.6499,0.0000,0.0000,0.0000,0.0000,False,True,False,False,False,20.3505,False
13.7084,0.0000,0.0000,0.0000,0.0000,False,True,False,False,False,21.7992,False
13.7686,0.0000,0.0000,0.0000,0.0000,False,True,False,False,False,23.1530,False
13.8285,0.0000,0.0000,0.0000,0.0000,False,True,False,False,False,24.5060,False
13.8895,0.0000,0.0000,0.0000,0.0000,False,True,False,False,False,25.8930,False
13.9485,0.0000,0.0000,0.0000,0.0000,False,True,False,False,False,27.2869,False
14.0087,0.0000,0.0000,0.0000,0.0000,False,True,False,False,False,28.6894,False
14.0778,0.0000,0.0000,0.0000,0.0000,False,True,False,False,False,30.0655,False
14.1372,0.0000,0.0000,0.0000,0.0000,False,True,False,False,False,31.5220,False
14.1940,0.0000,0.0000,0.0000,0.0000,False,True,False,False,False,33.0786,False
14.2503,0.0000,0.0000,0.0000,0.0000,False,True,False,False,False,34.4586,False
14.3095,0.0000,0.0000,0.0000,0.0000,False,True,False,False,False,35.7941,False
14.3663,0.0000,0.0000,0.0000,0.0000,False,True,False,False,False,37.1408,False
14.4240,0.0000,0.0000,0.0000,0.0000,False,True,False,False,False,38.5240,False
14.4797,0.0000,0.0000,0.0000,0.0000,False,True,False,False,False,39.8774,False
14.5335,0.0000,0.0000,0.0000,0.0000,False,True,False,False,False,41.2367,False
14.5888,0.0000,0.0000,0.0000,0.0000,False,True,False,False,False,42.5541,False
14.6417,0.0000,0.0000,0.0000,0.0000,False,True,False,False,False,43.8535,False
14.6938,0.0000,0.0000,0.0000,0.0000,False,True,False,False,False,45.1655,False
14.7453,0.0000,0.0000,0.0000,0.0000,False,True,False,False,False,46.4323,False
14.8016,0.0000,0.0000,0.0000,0.0000,False,True,False,False,False,47.6823,False
14.8590,0.0000,0.0000,0.0000,0.0000,False,True,False,False,False,48.9620,False
14.9112,0.0000,0.0000,0.0000,0.0000,False,True,False,False,False,50.3351,False
14.9626,0.0000,0.0000,0.0000,0.0000,False,True,False,False,False,51.6914,False
15.0148,0.0000,0.0000,0.0000,0.0000,False,True,False,False,False,52.9602,False
15.0803,0.0000,0.0000,0.0000,0.0000,False,True,False,False,False,54.2258,False
15.1306,0.0000,0.0000,0.0000,0.0000,False,True,False,False,False,55.6159,False
15.1810,0.0000,0.0000,0.0000,0.0000,False,True,False,False,False,57.1081,False
15.2328,0.0000,0.0000,0.0000,0.0000,False,True,False,False,False,58.3552,False
15.2828,0.0000,0.0000,0.0000,0.0000,False,True,False,False,False,59.6199,False
15.3321,0.0000,0.0000,0.0000,0.0000,False,True,False,False,False,60.8977,False
15.3821,0.0000,0.0000,0.0000,0.0000,False,True,False,False,False,62.1433,False
15.4313,0.0000,0.0000,0.0000,0.0000,False,True,False,False,False,63.3883,False
15.4845,0.0000,0.0000,0.0000,0.0000,False,True,False,False,False,64.6411,False
15.5392,0.0000,0.0000,0.0000,0.0000,False,True,False,False,False,65.9179,False
15.5882,0.0000,0.0000,0.0000,0.0000,False,True,False,False,False,67.2741,False
15.6367,0.0000,0.0000,0.0000,0.0000,False,True,False,False,False,68.6046,False
15.6856,0.0000,0.0000,0.0000,0.0000,False,True,False,False,False,69.8387,False
15.7366,0.0000,0.0000,0.0000,0.0000,False,True,False,False,False,71.0683,False
15.7848,0.0000,0.0000,0.0000,0.0000,False,True,False,False,False,72.3236,False
15.8341,0.0000,0.0000,0.0000,0.0000,False,True,False,False,False,73.5940,False
15.8866,0.0000,0.0000,0.0000,0.0000,False,True,False,False,False,74.8309,False
15.9354,0.0000,0.0000,0.0000,0.0000,False,True,False,False,False,76.1145,False
15.9832,0.0000,0.0000,0.0000,0.0000,False,True,False,False,False,77.4161,False
16.0305,0.0000,0.0000,0.0000,0.0000,False,True,False,False,False,78.6499,False
16.0771,0.0000,0.0000,0.0000,0.0000,False,True,False,False,False,79.8619,False
16.1268,0.0000,0.0000,0.0000,0.0000,False,True,False,False,False,81.0600,False
16.1804,0.0000,0.0000,0.0000,0.0000,False,True,False,False,False,82.2770,False
16.2274,0.0000,0.0000,0.0000,0.0000,False,True,False,False,False,83.5796,False
16.2743,0.0000,0.0000,0.0000,0.0000,False,True,False,False,False,84.8819,False
16.3212,0.0000,0.0000,0.0000,0.0000,False,True,False,False,False,86.0792,False
16.3692,0.0000,0.0000,0.0000,0.0000,False,True,False,False,False,87.2821,False
16.4185,0.0000,0.0000,0.0000,0.0000,False,True,False,False,False,88.4966,False
16.4641,0.0000,0.0000,0.0000,0.0000,False,True,False,False,False,89.7397,False
16.5092,0.0000,0.0000,0.0000,0.0000,False,True,False,False,False,90.9675,False
16.5546,0.0000,0.0000,0.0000,0.0000,False,True,False,False,False,92.1321,False
16.6018,0.0000,0.0000,0.0000,0.0000,False,True,False,False,False,93.2916,False
16.6478,0.0000,0.0000,0.0000,0.0000,False,True,False,False,False,94.4748,False
16.6939,0.0000,0.0000,0.0000,0.0000,False,True,False,False,False,95.6738,False
16.7392,0.0000,0.0000,0.0000,0.0000,False,True,False,False,False,96.8546,False
16.7885,0.0000,0.0000,0.0000,0.0000,False,True,False,False,False,98.0293,False
16.8383,0.0000,0.0000,0.0000,0.0000,False,True,False,False,False,99.2308,False
16.8841,0.0000,0.0000,0.0000,0.0000,False,True,False,False,False,100.5014,False
16.9287,0.0000,0.0000,0.0000,0.0000,False,True,False,False,False,101.7397,False
16.9724,0.0000,0.0000,0.0000,0.0000,False,True,False,False,False,102.9036,False
17.0163,0.0000,0.0000,0.0000,0.0000,False,True,False,False,False,104.0397,False
17.0595,0.0000,0.0000,0.0001,0.0000,False,True,False,False,False,105.1637,False
17.1029,0.0000,0.0000,0.0001,0.0000,False,True,False,False,False,106.2831,False
17.1466,0.0000,0.0000,0.0000,0.0000,False,True,False,False,False,107.3879,False
17.1894,0.0000,0.0000,0.0000,0.0000,False,True,False,False,False,108.4996,False
17.2320,0.0000,0.0000,0.0000,0.0000,False,True,False,False,False,109.6079,False
17.2744,0.0000,0.0000,0.0000,0.0000,False,True,False,False,False,110.6987,False
17.3181,0.0000,0.0000,0.0001,0.0000,False,True,False,False,False,111.7850,False
17.3653,0.0000,0.0000,0.0000,0.0000,False,True,False,False,False,112.8815,False
17.4160,0.0000,0.0000,0.0000,0.0000,False,True,False,False,False,114.0317,False
17.4597,0.0000,0.0000,0.0000,0.0000,False,True,False,False,False,115.2722,False
17.5025,0.0000,0.0000,0.0000,0.0000,False,True,False,False,False,116.4990,False
17.5463,0.0000,0.0000,0.0000,0.0000,False,True,False,False,False,117.6064,False
17.5890,0.0000,0.0000,0.0000,0.0000,False,True,False,False,False,118.7095,False
17.6320,0.0000,0.0000,0.0000,0.0000,False,True,False,False,False,119.8177,False
17.6747,0.0000,0.0000,0.0000,0.0000,False,True,False,False,False,120.9116,False
17.7176,0.0000,0.0000,0.0000,0.0000,False,True,False,False,False,122.0073,False
17.7605,0.0000,0.0000,0.0000,0.0000,False,True,False,False,False,123.1008,False
17.8043,0.0000,0.0000,0.0000,0.0000,False,True,False,False,False,124.1974,False
17.8472,0.0000,0.0000,0.0000,0.0000,False,True,False,False,False,125.3038,False
17.8909,0.0000,0.0000,0.0000,0.0000,False,True,False,False,False,126.4137,False
17.9363,0.0000,0.0000,0.0000,0.0000,False,True,False,False,False,127.5171,False
17.9792,0.0000,0.0000,0.0000,0.0000,False,True,False,False,False,128.6521,False
18.0249,0.0000,0.0000,0.0000,0.0000,False,True,False,False,False,129.7888,False
18.0748,0.0000,0.0000,0.0000,0.0000,False,True,False,False,False,130.9133,False
18.1176,0.0000,0.0000,0.0000,0.0000,False,True,False,False,False,132.1232,False
18.1613,0.0000,0.0000,0.0000,0.0000,False,True,False,False,False,133.3282,False
18.2052,0.0000,0.0000,0.0000,0.0000,False,True,False,False,False,134.4319,False
18.2478,0.0000,0.0000,0.0000,0.0000,False,True,False,False,False,135.5511,False
18.2906,0.0000,0.0000,0.0000,0.0000,False,True,False,False,False,136.6605,False
18.3334,0.0000,0.0000,0.0000,0.0000,False,True,False,False,False,137.7510,False
18.3775,0.0000,0.0000,0.0000,0.0000,False,True,False,False,False,138.8462,False
18.4212,0.0000,0.0000,0.0000,0.0000,False,True,False,False,False,139.9542,False
18.4649,0.0000,0.0000,0.0000,0.0000,False,True,False,False,False,141.0781,False
18.5078,0.0000,0.0000,0.0000,0.0000,False,True,False,False,False,142.1951,False
18.5509,0.0000,0.0000,0.0000,0.0000,False,True,False,False,False,143.3037,False
18.5948,0.0000,0.0000,0.0000,0.0000,False,True,False,False,False,144.4036,False
18.6403,0.0000,0.0000,0.0000,0.0000,False,True,False,False,False,145.5150,False
18.6894,0.0000,0.0000,0.0000,0.0000,False,True,False,False,False,146.6536,False
18.7323,0.0000,0.0000,0.0000,0.0000,False,True,False,False,False,147.8529,False
18.7746,0.0000,0.0000,0.0000,0.0000,False,True,False,False,False,149.0459,False
18.8181,0.0000,0.0000,0.0000,0.0000,False,True,False,False,False,150.1353,False
18.8616,0.0000,0.0000,0.0000,0.0000,False,True,False,False,False,151.2250,False
18.9069,0.0000,0.0000,0.0000,0.0000,False,True,False,False,False,152.3341,False
18.9503,0.0000,0.0000,0.0000,0.0000,False,True,False,False,False,153.4607,False
18.9930,0.0000,0.0000,0.0000,0.0000,False,True,False,False,False,154.5948,False
19.0359,0.0000,0.0000,0.0000,0.0000,False,True,False,False,False,155.6947,False
19.0794,0.0000,0.0000,0.0000,0.0000,False,True,False,False,False,156.7863,False
19.1221,0.0000,0.0000,0.0000,0.0000,False,True,False,False,False,157.8870,False
19.1652,0.0000,0.0000,0.0000,0.0000,False,True,False,False,False,158.9876,False
19.2080,0.0000,0.0000,0.0000,0.0000,False,True,False,False,False,160.0812,False
19.2545,0.0000,0.0000,0.0000,0.0000,False,True,False,False,False,161.1779,False
19.3046,0.0000,0.0000,0.0000,0.0000,False,True,False,False,False,162.3066,False
19.3475,0.0000,0.0000,0.0000,0.0000,False,True,False,False,False,163.5288,False
19.3914,0.0000,0.0000,0.0000,0.0000,False,True,False,False,False,164.7347,False
19.4344,0.0000,0.0000,0.0000,0.0000,False,True,False,False,False,165.8392,False
19.4774,0.0000,0.0000,0.0000,0.0000,False,True,False,False,False,166.9501,False
19.5209,0.0000,0.0000,0.0000,0.0000,False,True,False,False,False,168.0468,False
19.5643,0.0000,0.0000,0.0000,0.0000,False,True,False,False,False,169.1493,False
19.6067,0.0000,0.0000,0.0000,0.0000,False,True,False,False,False,170.2590,False
19.6503,0.0000,0.0000,0.0000,0.0000,False,True,False,False,False,171.3598,False
19.6939,0.0000,0.0000,0.0000,0.0000,False,True,False,False,False,172.4570,False
19.7372,0.0000,0.0000,0.0000,0.0000,False,True,False,False,False,173.5731,False
19.7803,0.0000,0.0000,0.0000,0.0000,False,True,False,False,False,174.6877,False
19.8229,0.0000,0.0000,0.0000,0.0000,False,True,False,False,False,175.7942,False
19.8703,0.0000,0.0000,0.0000,0.0000,False,True,False,False,False,176.8922,False
19.9199,0.0000,0.0000,0.0000,0.0000,False,True,False,False,False,178.0323,False
19.9632,0.0000,0.0000,0.0000,0.0000,False,True,False,False,False,179.2682,False
20.0060,0.0000,0.0000,0.0000,0.0000,False,True,False,False,False,180.4743,False
20.0484,0.0000,0.0000,0.0000,0.0000,False,True,False,False,False,181.5774,False
20.0910,0.0000,0.0000,0.0000,0.0000,False,True,False,False,False,182.6700,False
20.1338,0.0000,0.0000,0.0000,0.0000,False,True,False,False,False,183.7586,False
20.1763,0.0000,0.0000,0.0000,0.0000,False,True,False,False,False,184.8513,False
20.2183,0.0000,0.0000,0.0000,0.0000,False,True,False,False,False,185.9442,False
20.2606,0.0000,0.0000,0.0000,0.0000,False,True,False,False,False,187.0276,False
20.3028,0.0000,0.0000,0.0000,0.0000,False,True,False,False,False,188.1040,False
20.3449,0.0000,0.0000,0.0000,0.0000,False,True,False,False,False,189.1816,False
20.3886,0.0000,0.0000,0.0000,0.0000,False,True,False,False,False,190.2573,False
20.4321,0.0000,0.0000,0.0000,0.0000,False,True,False,False,False,191.3487,False
20.4790,0.0000,0.0000,0.0000,0.0000,False,True,False,False,False,192.4631,False
20.5348,0.0000,0.0000,0.0000,0.0000,False,True,False,False,False,193.6089,False
20.5846,0.0000,0.0000,0.0000,0.0000,False,True,False,False,False,194.8971,False
20.6310,0.0000,0.0000,0.0000,0.0000,False,True,False,False,False,196.2597,False
20.6795,0.0000,0.0000,0.0000,0.0000,False,True,False,False,False,197.4968,False
20.7280,0.0000,0.0000,0.0000,0.0000,False,True,False,False,False,198.7034,False
20.7752,0.0000,0.0000,0.0000,0.0000,False,True,False,False,False,199.9412,False
20.8221,0.0000,0.0000,0.0000,0.0000,False,True,False,False,False,201.1672,False
20.8698,0.0000,0.0000,0.0000,0.0000,False,True,False,False,False,202.3687,False
20.9173,0.0000,0.0000,0.0000,0.0000,False,True,False,False,False,203.5737,False
20.9646,0.0000,0.0000,0.0000,0.0000,False,True,False,False,False,204.7900,False
21.0122,0.0000,0.0000,0.0000,0.0000,False,True,False,False,False,206.0011,False
21.0643,0.0000,0.0000,0.0000,0.0000,False,True,False,False,False,207.2114,False
21.1133,0.0000,0.0000,0.0000,0.0000,False,True,False,False,False,208.4733,False
21.1597,0.0000,0.0000,0.0000,0.0000,False,True,False,False,False,209.7728,False
21.2167,0.0000,0.0000,0.0000,0.0000,False,True,False,False,False,210.9973,False
21.2651,0.0000,0.0000,0.0000,0.0000,False,True,False,False,False,212.2935,False
21.3138,0.0000,0.0000,0.0000,0.0000,False,True,False,False,False,213.6661,False
21.3615,0.0000,0.0000,0.0000,0.0000,False,True,False,False,False,214.9099,False
21.4111,0.0000,0.0000,0.0000,0.0000,False,True,False,False,False,216.1487,False
21.4623,0.0000,0.0000,0.0000,0.0000,False,True,False,False,False,217.3919,False
21.5093,0.0000,0.0000,0.0000,0.0000,False,True,False,False,False,218.6793,False
21.5610,0.0000,0.0000,0.0000,0.0000,False,True,False,False,False,219.9469,False
21.6071,0.0000,0.0000,0.0000,0.0000,False,True,False,False,False,221.2004,False
21.6552,0.0000,0.0000,0.0000,0.0000,False,True,False,False,False,222.4684,False
21.7034,0.0000,0.0000,0.0000,0.0000,False,True,False,False,False,223.6714,False
21.7514,0.0000,0.0000,0.0000,0.0000,False,True,False,False,False,224.9052,False
21.7964,0.0000,0.0000,0.0000,0.0000,False,True,False,False,False,226.1393,False
21.8421,0.0000,0.0000,0.0000,0.0000,False,True,False,False,False,227.3386,False
21.8898,0.0000,0.0000,0.0000,0.0000,False,True,False,False,False,228.5002,False
21.9389,0.0000,0.0000,0.0000,0.0000,False,True,False,False,False,229.6922,False
21.9913,0.0000,0.0000,0.0000,0.0000,False,True,False,False,False,230.9294,False
22.0433,0.0000,0.0000,0.0000,0.0000,False,True,False,False,False,232.2226,False
22.0921,0.0000,0.0000,0.0000,0.0000,False,True,False,False,False,233.5625,False
22.1380,0.0000,0.0000,0.0000,0.0000,False,True,False,False,False,234.8623,False
22.1844,0.0000,0.0000,0.0000,0.0000,False,True,False,False,False,236.0831,False
22.2340,0.0000,0.0000,0.0000,0.0000,False,True,False,False,False,237.2642,False
22.2804,0.0000,0.0000,0.0000,0.0000,False,True,False,False,False,238.4875,False
22.3269,0.0000,0.0000,0.0000,0.0000,False,True,False,False,False,239.7264,False
22.3737,0.0000,0.0000,0.0000,0.0000,False,True,False,False,False,240.9173,False
22.4206,0.0000,0.0000,0.0000,0.0000,False,True,False,False,False,242.1126,False
22.4675,0.0000,0.0000,0.0000,0.0000,False,True,False,False,False,243.3141,False
22.5134,0.0000,0.0000,0.0000,0.0000,False,True,False,False,False,244.5160,False
22.5627,0.0000,0.0000,0.0000,0.0000,False,True,False,False,False,245.7077,False
22.6139,0.0000,0.0000,0.0000,0.0000,False,True,False,False,False,246.9212,False
22.6683,0.0000,0.0000,0.0000,0.0000,False,True,False,False,False,248.2044,False
22.7153,0.0000,0.0000,0.0000,0.0000,False,True,False,False,False,249.5500,False
22.7632,0.0000,0.0000,0.0000,0.0000,False,True,False,False,False,250.8679,False
22.8105,0.0000,0.0000,0.0000,0.0000,False,True,False,False,False,252.0822,False
22.8569,0.0000,0.0000,0.0000,0.0000,False,True,False,False,False,253.3046,False
22.9038,0.0000,0.0000,0.0000,0.0000,False,True,False,False,False,254.5076,False
22.9509,0.0000,0.0000,0.0000,0.0000,False,True,False,False,False,255.7023,False
22.9970,0.0000,0.0000,0.0000,0.0000,False,True,False,False,False,256.9081,False
23.0462,0.0000,0.0000,0.0000,0.0000,False,True,False,False,False,258.1053,False
23.0922,0.0000,0.0000,0.0000,0.0000,False,True,False,False,False,259.3191,False
23.1395,0.0000,0.0000,0.0000,0.0000,False,True,False,False,False,260.5468,False
23.1860,0.0000,0.0000,0.0000,0.0000,False,True,False,False,False,261.7401,False
23.2311,0.0000,0.0000,0.0000,0.0000,False,True,False,False,False,262.9450,False
23.2790,0.0000,0.0000,0.0000,0.0000,False,True,False,False,False,264.1235,False
23.3277,0.0000,0.0000,0.0000,0.0000,False,True,False,False,False,265.3084,False
23.3804,0.0000,0.0000,0.0000,0.0000,False,True,False,False,False,266.5440,False
23.4281,0.0000,0.0000,0.0000,0.0000,False,True,False,False,False,267.8348,False
23.4758,0.0000,0.0000,0.0000,0.0000,False,True,False,False,False,269.1341,False
23.5248,0.0000,0.0000,0.0000,0.0000,False,True,False,False,False,270.3577,False
23.5765,0.0000,0.0000,0.0000,0.0000,False,True,False,False,False,271.5943,False
23.6248,0.0000,0.0000,0.0000,0.0000,False,True,False,False,False,272.8788,False
23.6727,0.0000,0.0000,0.0000,0.0000,False,True,False,False,False,274.1697,False
23.7259,0.0000,0.0000,0.0000,0.0000,False,True,False,False,False,275.4044,False
23.7753,0.0000,0.0000,0.0000,0.0000,False,True,False,False,False,276.6850,False
23.8238,0.0000,0.0000,0.0000,0.0000,False,True,False,False,False,278.0041,False
23.8721,0.0000,0.0000,0.0000,0.0000,False,True,False,False,False,279.2574,False
23.9203,0.0000,0.0000,0.0000,0.0000,False,True,False,False,False,280.4949,False
23.9693,0.0000,0.0000,0.0000,0.0000,False,True,False,False,False,281.7286,False
24.0173,0.0000,0.0000,0.0000,0.0000,False,True,False,False,False,282.9690,False
24.0727,0.0000,0.0000,0.0000,0.0000,False,True,False,False,False,284.2114,False
24.1286,0.0000,0.0000,0.0000,0.0000,False,True,False,False,False,285.5159,False
24.1757,0.0000,0.0000,0.0000,0.0000,False,True,False,False,False,286.9379,False
24.2225,0.0000,0.0000,0.0000,0.0000,False,True,False,False,False,288.2746,False
24.2701,0.0000,0.0000,0.0000,0.0000,False,True,False,False,False,289.4749,False
24.3187,0.0000,0.0000,0.0000,0.0000,False,True,False,False,False,290.6795,False
24.3667,0.0000,0.0000,0.0000,0.0000,False,True,False,False,False,291.9060,False
24.4158,0.0000,0.0000,0.0000,0.0000,False,True,False,False,False,293.1420,False
24.4637,0.0000,0.0000,0.0000,0.0000,False,True,False,False,False,294.3802,False
24.5327,0.0000,0.0000,0.0000,0.0000,False,True,False,False,False,295.6230,False
24.6013,0.0000,0.0000,0.0000,0.0000,False,True,False,False,False,297.0680,False
24.6566,0.0000,0.0000,0.0000,0.0000,False,True,False,False,False,298.8282,False
24.7054,0.0000,0.0000,0.0000,0.0000,False,True,False,False,False,300.4447,False
24.7570,0.0000,0.0000,0.0000,0.0000,False,True,False,False,False,301.7950,False
24.8134,0.0000,0.0000,0.0000,0.0000,False,True,False,False,False,303.0776,False
24.8735,0.0000,0.0000,0.0000,0.0000,False,True,False,False,False,304.4538,False
24.9390,0.0000,0.0000,0.0000,0.0000,False,True,False,False,False,305.9407,False
24.9967,0.0000,0.0000,0.0000,0.0000,False,True,False,False,False,307.5401,False
25.0552,0.0000,0.0000,0.0000,0.0000,False,True,False,False,False,309.1389,False
25.1148,0.0000,0.0000,0.0000,0.0000,False,True,False,False,False,310.6293,False
25.1674,0.0000,0.0000,0.0000,0.0000,False,True,False,False,False,312.1435,False
25.2178,0.0000,0.0000,0.0000,0.0000,False,True,False,False,False,313.5999,False
25.2727,0.0000,0.0000,0.0000,0.0000,False,True,False,False,False,314.9269,False
25.3310,0.0000,0.0000,0.0000,0.0000,False,True,False,False,False,316.2683,False
25.3885,0.0000,0.0000,0.0000,0.0000,False,True,False,False,False,317.7138,False
25.4442,0.0000,0.0000,0.0000,0.0000,False,True,False,False,False,319.2025,False
25.4961,0.0000,0.0000,0.0000,0.0000,False,True,False,False,False,320.6597,False
25.5469,0.0000,0.0000,0.0000,0.0000,False,True,False,False,False,322.0487,False
25.6003,0.0000,0.0000,0.0000,0.0000,False,True,False,False,False,323.3701,False
25.6505,0.0000,0.0000,0.0000,0.0000,False,True,False,False,False,324.7017,False
25.7039,0.0000,0.0000,0.0000,0.0000,False,True,False,False,False,326.0378,False
25.7590,0.0000,0.0000,0.0000,0.0000,False,True,False,False,False,327.3605,False
25.8075,0.0000,0.0000,0.0000,0.0000,False,True,False,False,False,328.7415,False
25.8582,0.0000,0.0000,0.0000,0.0000,False,True,False,False,False,330.0802,False
25.9140,0.0000,0.0000,0.0000,0.0000,False,True,False,False,False,331.3414,False
25.9663,0.0000,0.0000,0.0000,0.0000,False,True,False,False,False,332.6875,False
26.0168,0.0000,0.0000,0.0000,0.0000,False,True,False,False,False,334.0751,False
26.0716,0.0000,0.0000,0.0000,0.0000,False,True,False,False,False,335.3922,False
26.1280,0.0000,0.0000,0.0000,0.0000,False,True,False,False,False,336.7252,False
26.1858,0.0000,0.0000,0.0000,0.0000,False,True,False,False,False,338.1400,False
26.2407,0.0000,0.0000,0.0000,0.0000,False,True,False,False,False,339.5948,False
26.2967,0.0000,0.0000,0.0000,0.0000,False,True,False,False,False,341.0401,False
26.3527,0.0000,0.0000,0.0000,0.0000,False,True,False,False,False,342.4520,False
26.4150,0.0000,0.0000,0.0000,0.0000,False,True,False,False,False,343.8813,False
26.4733,0.0000,0.0000,0.0000,0.0000,False,True,False,False,False,345.3766,False
26.5347,0.0000,0.0000,0.0000,0.0000,False,True,False,False,False,346.9250,False
26.6073,0.0000,0.0000,0.0000,0.0000,False,True,False,False,False,348.4455,False
26.6784,0.0000,0.0000,0.0000,0.0000,False,True,False,False,False,350.1296,False
26.7380,0.0000,0.0000,0.0000,0.0000,False,True,False,False,False,351.9668,False
26.7973,0.0000,0.0000,0.0000,0.0000,False,True,False,False,False,353.6617,False
26.8564,0.0000,0.0000,0.0000,0.0000,False,False,False,False,False,353.6617,False
26.9132,0.0000,0.0000,0.0000,0.0000,False,False,False,False,False,353.6617,False
26.9701,0.0000,0.0000,0.0000,0.0000,False,False,False,False,False,353.6617,False
27.0226,0.0000,0.0000,0.0000,0.0000,False,False,False,False,False,353.6617,False
27.0744,0.0000,0.0000,0.0000,0.0000,False,False,False,False,False,353.6617,False
27.1305,0.0000,0.0000,0.0000,0.0000,False,False,False,False,False,353.6617,False
27.1856,0.0000,0.0000,0.0000,0.0000,False,False,False,False,False,353.6617,False
27.2395,0.0000,0.0000,0.0000,0.0000,False,False,False,False,False,353.6617,False
27.2939,0.0000,0.0000,0.0000,0.0000,False,False,False,False,False,353.6617,False
27.3489,0.0000,0.0000,0.0000,0.0000,False,False,False,False,False,353.6617,False
27.4169,0.0000,0.0000,0.0000,0.0000,False,False,False,False,False,353.6617,False
27.4745,0.0000,0.0000,0.0000,0.0000,False,False,False,False,False,353.6617,False
27.5321,0.0000,0.0000,0.0000,0.0000,False,False,False,False,False,353.6617,False
27.5881,0.0000,0.0000,0.0000,0.0000,False,False,False,False,False,353.6617,False
27.6486,0.0000,0.0000,0.0000,0.0000,False,False,False,False,False,353.6617,False
27.7058,0.0000,0.0000,0.0000,0.0000,False,False,False,False,False,353.6617,False
27.7612,0.0000,0.0000,0.0000,0.0000,False,False,False,False,False,353.6617,False
27.8178,0.0000,0.0000,0.0000,0.0000,False,False,False,False,False,353.6617,False
27.8798,0.0000,0.0000,0.0000,0.0000,False,False,False,False,False,353.6617,False
27.9384,0.0000,0.0000,0.0000,0.0000,False,False,False,False,False,353.6617,False
28.0033,0.0000,0.0000,0.0000,0.0000,False,False,False,False,False,353.6617,False
28.0637,0.0000,0.0000,0.0000,0.0000,False,False,False,False,False,353.6617,False
28.1260,0.0000,0.0000,0.0000,0.0000,False,False,False,False,False,353.6617,False
28.1925,0.0000,0.0000,0.0000,0.0000,False,False,False,False,False,353.6617,False
28.2502,0.0000,0.0000,0.0000,0.0000,False,False,False,False,False,353.6617,False
28.3066,0.0000,0.0000,0.0000,0.0000,False,False,False,False,False,353.6617,False
28.3624,0.0000,0.0000,0.0000,0.0000,False,False,False,False,False,353.6617,False
28.4219,0.0000,0.0000,0.0000,0.0000,False,False,False,False,False,353.6617,False
28.4795,0.0000,0.0000,0.0000,0.0000,False,False,False,False,False,353.6617,False
28.5413,0.0000,0.0000,0.0000,0.0000,False,False,False,False,False,353.6617,False
28.6004,0.0000,0.0000,0.0000,0.0000,False,False,False,False,False,353.6617,False
28.6607,0.0000,0.0000,0.0000,0.0000,False,False,False,False,False,353.6617,False
28.7211,0.0000,0.0000,0.0000,0.0000,False,False,False,False,False,353.6617,False
28.7816,0.0000,0.0000,0.0000,0.0000,False,False,False,False,False,353.6617,False
28.8460,0.0000,0.0000,0.0000,0.0000,False,False,False,False,False,353.6617,False
28.9208,0.0000,0.0000,0.0000,0.0000,False,False,False,False,False,353.6617,False
28.9881,0.0000,0.0000,0.0000,0.0000,False,False,False,False,False,353.6617,False
29.0520,0.0000,0.0000,0.0000,0.0000,False,False,False,False,False,353.6617,False
29.1173,0.0000,0.0000,0.0000,0.0000,False,False,False,False,False,353.6617,False
29.1852,0.0000,0.0000,0.0000,0.0000,False,False,False,False,False,353.6617,False
29.2494,0.0000,0.0000,0.0000,0.0000,False,False,False,False,False,353.6617,False
29.3158,0.0000,0.0000,0.0000,0.0000,False,False,False,False,False,353.6617,False
29.3817,0.0000,0.0000,0.0000,0.0000,False,False,False,False,False,353.6617,False
29.4505,0.0000,0.0000,0.0000,0.0000,False,False,False,False,False,353.6617,False
29.5176,0.0000,0.0000,0.0000,0.0000,False,False,False,False,False,353.6617,False
29.5845,0.0000,0.0000,0.0000,0.0000,False,False,False,False,False,353.6617,False
29.6535,0.0000,0.0000,0.0000,0.0000,False,False,False,False,False,353.6617,False
29.7338,0.0000,0.0000,0.0000,0.0000,False,False,False,False,False,353.6617,False
29.8037,0.0000,0.0000,0.0000,0.0000,False,False,False,False,False,353.6617,False
29.8728,0.0000,0.0000,0.0000,0.0000,False,False,False,False,False,353.6617,False
29.9468,0.0000,0.0000,0.0000,0.0000,False,False,False,False,False,353.6617,False
30.0198,0.0000,0.0000,0.0000,0.0000,False,False,False,False,False,353.6617,False
30.0917,0.0000,0.0000,0.0000,0.0000,False,False,False,False,False,353.6617,False
30.1686,0.0000,0.0000,0.0000,0.0000,False,False,False,False,False,353.6617,False
30.2385,0.0000,0.0000,0.0000,0.0000,False,False,False,False,False,353.6617,False
30.3113,0.0000,0.0000,0.0000,0.0000,False,False,False,False,False,353.6617,False
30.3879,0.0000,0.0000,0.0000,0.0000,False,False,False,False,False,353.6617,False
30.4662,0.0000,0.0000,0.0000,0.0000,False,False,False,False,False,353.6617,False
30.5405,0.0000,0.0000,0.0000,0.0000,False,False,False,False,False,353.6617,False
30.6189,0.0000,0.0000,0.0000,0.0000,False,False,False,False,False,353.6617,False
30.7006,0.0000,0.0000,0.0000,0.0000,False,False,False,False,False,353.6617,False
30.7746,0.0000,0.0000,0.0000,0.0000,False,False,False,False,False,353.6617,False
30.8461,0.0000,0.0000,0.0000,0.0000,False,False,False,False,False,353.6617,False
30.9237,0.0000,0.0000,0.0000,0.0000,False,False,False,False,False,353.6617,False
30.9961,0.0000,0.0000,0.0000,0.0000,False,False,False,False,False,353.6617,False
31.0713,0.0000,0.0000,0.0000,0.0000,False,False,False,False,False,353.6617,False
31.1465,0.0000,0.0000,0.0000,0.0000,False,False,False,False,False,353.6617,False
31.2240,0.0000,0.0000,0.0000,0.0000,False,False,False,False,False,353.6617,False
31.2998,0.0000,0.0000,0.0000,0.0000,False,False,False,False,False,353.6617,False
31.3758,0.0000,0.0000,0.0000,0.0000,False,False,False,False,False,353.6617,False
31.4526,0.0000,0.0000,0.0000,0.0000,False,False,False,False,False,353.6617,False
31.5275,0.0000,0.0000,0.0000,0.0000,False,False,False,False,False,353.6617,False
31.6125,0.0000,0.0000,0.0000,0.0000,False,False,False,False,False,353.6617,False
31.6896,0.0000,0.0000,0.0000,0.0000,False,False,False,False,False,353.6617,False
31.7661,0.0000,0.0000,0.0000,0.0000,False,False,False,False,False,353.6617,False
31.8756,0.0000,0.0000,0.0000,0.0000,False,False,False,False,False,353.6617,False
31.9543,0.0000,0.0000,0.0000,0.0000,False,False,False,False,False,353.6617,False
32.0347,0.0000,0.0000,0.0000,0.0000,False,False,False,False,False,353.6617,False
32.1121,0.0000,0.0000,0.0000,0.0000,False,False,False,False,False,353.6617,False
32.1922,0.0000,0.0000,0.0000,0.0000,False,False,False,False,False,353.6617,False
32.2711,0.0000,0.0000,0.0000,0.0000,False,False,False,False,False,353.6617,False
32.3495,0.0000,0.0000,0.0000,0.0000,False,False,False,False,False,353.6617,False
32.4311,0.0000,0.0000,0.0000,0.0000,False,False,False,False,False,353.6617,False
32.5079,0.0000,0.0000,0.0000,0.0000,False,False,False,False,False,353.6617,False
32.5831,0.0000,0.0000,0.0000,0.0000,False,False,False,False,False,353.6617,False
32.6607,0.0000,0.0000,0.0000,0.0000,False,False,False,False,False,353.6617,False
32.7352,0.0000,0.0000,0.0000,0.0000,False,False,False,False,False,353.6617,False
32.8134,0.0000,0.0000,0.0000,0.0000,False,False,False,False,False,353.6617,False
32.8890,0.0000,0.0000,0.0000,0.0000,False,False,False,False,False,353.6617,False
32.9672,0.0000,0.0000,0.0000,0.0000,False,False,False,False,False,353.6617,False
33.0457,0.0000,0.0000,0.0000,0.0000,False,False,False,False,False,353.6617,False
33.1235,0.0000,0.0000,0.0000,0.0000,False,False,False,False,False,353.6617,False
33.2042,0.0000,0.0000,0.0000,0.0000,False,False,False,False,False,353.6617,False
33.2786,0.0000,0.0000,0.0000,0.0000,False,False,False,False,False,353.6617,False
33.3486,0.0000,0.0000,0.0000,0.0000,False,False,False,False,False,353.6617,False
33.4179,0.0000,0.0000,0.0000,0.0000,False,False,False,False,False,353.6617,False
33.4876,0.0000,0.0000,0.0000,0.0000,False,False,False,False,False,353.6617,False
33.5658,0.0000,0.0000,0.0000,0.0000,False,False,False,False,False,353.6617,False
33.6318,0.0000,0.0000,0.0000,0.0000,False,False,False,False,False,353.6617,False
33.6980,0.0000,0.0000,0.0000,0.0000,False,False,False,False,False,353.6617,False
33.7608,0.0000,0.0000,0.0000,0.0000,False,False,False,False,False,353.6617,False
33.8199,0.0000,0.0000,0.0000,0.0000,False,False,False,False,False,353.6617,False
33.8779,0.0000,0.0000,0.0000,0.0000,False,False,False,False,False,353.6617,False
33.9324,0.0000,0.0000,0.0000,0.0000,False,False,False,False,False,353.6617,False
33.9876,0.0000,0.0000,0.0000,0.0000,False,False,False,False,False,353.6617,False
34.0406,0.0000,0.0000,0.0000,0.0000,False,False,False,False,False,353.6617,False
34.0944,0.0000,0.0000,0.0000,0.0000,False,False,False,False,False,353.6617,False
34.1488,0.0000,0.0000,0.0000,0.0000,False,False,False,False,False,353.6617,False
34.2028,0.0000,0.0000,0.0001,0.0000,False,False,False,False,False,353.6617,False
34.2570,0.0000,0.0000,0.0000,0.0000,False,False,False,False,False,353.6617,False
34.3121,0.0000,0.0000,0.0000,0.0000,False,False,False,False,False,353.6617,False
34.3724,0.0000,0.0000,0.0000,0.0000,False,False,False,False,False,353.6617,False
34.4251,0.0000,0.0000,0.0000,0.0000,False,False,False,False,False,353.6617,False
34.4774,0.0000,0.0000,0.0000,0.0000,False,False,False,False,False,353.6617,False
34.5356,0.0000,0.0000,0.0000,0.0000,False,False,False,False,False,353.6617,False
34.5861,0.0000,0.0000,0.0000,0.0000,False,False,False,False,False,353.6617,False
34.6379,0.0000,0.0000,0.0000,0.0000,False,False,False,False,False,353.6617,False
34.6933,0.0000,0.0000,0.0000,0.0000,False,False,False,False,False,353.6617,False
34.7461,0.0000,0.0000,0.0000,0.0000,False,False,False,False,False,353.6617,False
34.7960,0.0000,0.0000,0.0000,0.0000,False,False,False,False,False,353.6617,False
34.8450,0.0000,0.0000,0.0000,0.0000,False,False,False,False,False,353.6617,False
34.8960,0.0000,0.0000,0.0000,0.0000,False,False,False,False,False,353.6617,False
34.9451,0.0000,0.0000,0.0000,0.0000,False,False,False,False,False,353.6617,False
34.9941,0.0000,0.0000,0.0000,0.0000,False,False,False,False,False,353.6617,False
35.0422,0.0000,0.0000,0.0000,0.0000,False,False,False,False,False,353.6617,False
35.1009,0.0000,0.0000,0.0000,0.0000,False,False,False,False,False,353.6617,False
35.1503,0.0000,0.0000,0.0000,0.0000,False,False,False,False,False,353.6617,False
35.2029,0.0000,0.0000,0.0000,0.0000,False,False,False,False,False,353.6617,False
35.2507,0.0000,0.0000,0.0000,0.0000,False,False,False,False,False,353.6617,False
35.2977,0.0000,0.0000,0.0000,0.0000,False,False,False,False,False,353.6617,False
35.3441,0.0000,0.0000,0.0000,0.0000,False,False,False,False,False,353.6617,False
35.3927,0.0000,0.0000,0.0000,0.0000,False,False,False,False,False,353.6617,False
35.4394,0.0000,0.0000,0.0000,0.0000,False,False,False,False,False,353.6617,False
35.4855,0.0000,0.0000,0.0000,0.0000,False,False,False,False,False,353.6617,False
35.5322,0.0000,0.0000,0.0000,0.0000,False,False,False,False,False,353.6617,False
35.5770,0.0000,0.0000,0.0000,0.0000,False,False,False,False,False,353.6617,False
35.6225,0.0000,0.0000,0.0000,0.0000,False,False,False,False,False,353.6617,False
35.6721,0.0000,0.0000,0.0001,0.0000,False,False,False,False,False,353.6617,False
35.7205,0.0000,0.0000,0.0000,0.0000,False,False,False,False,False,353.6617,False
35.7741,0.0000,0.0000,0.0000,0.0000,False,False,False,False,False,353.6617,False
35.8222,0.0000,0.0000,0.0000,0.0000,False,False,False,False,False,353.6617,False
35.9080,0.0000,0.0000,0.0000,0.0000,False,False,False,False,False,353.6617,False
35.9519,0.0000,0.0000,0.0000,0.0000,False,False,False,False,False,353.6617,False
35.9958,0.0000,0.0000,0.0000,0.0000,False,False,False,False,False,353.6617,False
36.0420,0.0000,0.0000,0.0000,0.0000,False,False,False,False,False,353.6617,False
36.0869,0.0000,0.0000,0.0000,0.0000,False,False,False,False,False,353.6617,False
36.1312,0.0000,0.0000,0.0000,0.0000,False,False,False,False,False,353.6617,False
36.1776,0.0000,0.0000,0.0000,0.0000,False,False,False,False,False,353.6617,False
36.2220,0.0000,0.0000,0.0000,0.0000,False,False,False,False,False,353.6617,False
36.2671,0.0000,0.0000,0.0000,0.0000,False,False,False,False,False,353.6617,False
36.3138,0.0000,0.0000,0.0000,0.0000,False,False,False,False,False,353.6617,False
36.3602,0.0000,0.0000,0.0000,0.0000,False,False,False,False,False,353.6617,False
36.4075,0.0000,0.0000,0.0000,0.0000,False,False,False,False,False,353.6617,False
36.4599,0.0000,0.0000,0.0000,0.0000,False,False,False,False,False,353.6617,False
36.5055,0.0000,0.0000,0.0000,0.0000,False,False,False,False,False,353.6617,False
36.5501,0.0000,0.0000,0.0000,0.0000,False,False,False,False,False,353.6617,False
36.5940,0.0000,0.0000,0.0000,0.0000,False,False,False,False,False,353.6617,False
36.6386,0.0000,0.0000,0.0000,0.0000,False,False,False,False,False,353.6617,False
36.6879,0.0000,0.0000,0.0000,0.0000,False,False,False,False,False,353.6617,False
36.7334,0.0000,0.0000,0.0000,0.0000,False,False,False,False,False,353.6617,False
36.7769,0.0000,0.0000,0.0000,0.0000,False,False,False,False,False,353.6617,False
36.8194,0.0000,0.0000,0.0001,0.0000,False,False,False,False,False,353.6617,False
36.8624,0.0000,0.0000,0.0000,0.0000,False,False,False,False,False,353.6617,False
36.9062,0.0000,0.0000,0.0001,0.0000,False,False,False,False,False,353.6617,False
36.9513,0.0000,0.0000,0.0000,0.0000,False,False,False,False,False,353.6617,False
36.9940,0.0000,0.0000,0.0001,0.0000,False,False,False,False,False,353.6617,False
37.0366,0.0000,0.0000,0.0001,0.0000,False,False,False,False,False,353.6617,False
37.0833,0.0000,0.0000,0.0000,0.0000,False,False,False,False,False,353.6617,False
37.1339,0.0000,0.0000,0.0001,0.0000,False,False,False,False,False,353.6617,False
37.1793,0.0000,0.0000,0.0001,0.0000,False,False,False,False,False,353.6617,False
37.2262,0.0000,0.0000,0.0000,0.0000,False,False,False,False,False,353.6617,False
37.2711,0.0000,0.0000,0.0000,0.0000,False,False,False,False,False,353.6617,False
37.3139,0.0000,0.0000,0.0000,0.0000,False,False,False,False,False,353.6617,False
37.3566,0.0000,0.0000,0.0000,0.0000,False,False,False,False,False,353.6617,False
37.3998,0.0000,0.0000,0.0000,0.0000,False,False,False,False,False,353.6617,False
37.4439,0.0000,0.0000,0.0000,0.0000,False,False,False,False,False,353.6617,False
37.4876,0.0000,0.0000,0.0000,0.0000,False,False,False,False,False,353.6617,False
37.5309,0.0000,0.0000,0.0000,0.0000,False,False,False,False,False,353.6617,False
37.5734,0.0000,0.0000,0.0000,0.0000,False,False,False,False,False,353.6617,False
37.6164,0.0000,0.0000,0.0000,0.0000,False,False,False,False,False,353.6617,False
37.6614,0.0000,0.0000,0.0000,0.0000,False,False,False,False,False,353.6617,False
37.7083,0.0000,0.0000,0.0001,0.0000,False,False,False,False,False,353.6617,False
37.7590,0.0000,0.0000,0.0001,0.0000,False,False,False,False,False,353.6617,False
37.8025,0.0000,0.0000,0.0001,0.0000,False,False,False,False,False,353.6617,False
37.8451,0.0000,0.0000,0.0000,0.0000,False,False,False,False,False,353.6617,False
37.8887,0.0000,0.0000,0.0000,0.0000,False,False,False,False,False,353.6617,False
37.9335,0.0000,0.0000,0.0000,0.0000,False,False,False,False,False,353.6617,False
37.9760,0.0000,0.0000,0.0001,0.0000,False,False,False,False,False,353.6617,False
38.0184,0.0000,0.0000,0.0000,0.0000,False,False,False,False,False,353.6617,False
38.0608,0.0000,0.0000,0.0000,0.0000,False,False,False,False,False,353.6617,False
38.1042,0.0000,0.0000,0.0001,0.0000,False,False,False,False,False,353.6617,False
38.1466,0.0000,0.0000,0.0000,0.0000,False,False,False,False,False,353.6617,False
38.1929,0.0000,0.0000,0.0000,0.0000,False,False,False,False,False,353.6617,False
38.2367,0.0000,0.0000,0.0000,0.0000,False,False,False,False,False,353.6617,False
38.2821,0.0000,0.0000,0.0000,0.0000,False,False,False,False,False,353.6617,False
38.3355,0.0000,0.0000,0.0000,0.0000,False,False,False,False,False,353.6617,False
38.3892,0.0000,0.0000,0.0000,0.0000,False,False,False,False,False,353.6617,False
38.4351,0.0000,0.0000,0.0000,0.0000,False,False,False,False,False,353.6617,False
38.4822,0.0000,0.0000,0.0000,0.0000,False,False,False,False,False,353.6617,False
38.5259,0.0000,0.0000,0.0000,0.0000,False,False,False,False,False,353.6617,False
38.5699,0.0000,0.0000,0.0000,0.0000,False,False,False,False,False,353.6617,False
38.6150,0.0000,0.0000,0.0000,0.0000,False,False,False,False,False,353.6617,False
38.6586,0.0000,0.0000,0.0000,0.0000,False,False,False,False,False,353.6617,False
38.7033,0.0000,0.0000,0.0000,0.0000,False,False,False,False,False,353.6617,False
38.7477,0.0000,0.0000,0.0000,0.0000,False,False,False,False,False,353.6617,False
38.7919,0.0000,0.0000,0.0001,0.0000,False,False,False,False,False,353.6617,False
38.8361,0.0000,0.0000,0.0001,0.0000,False,False,False,False,False,353.6617,False
38.8819,0.0000,0.0000,0.0001,0.0000,False,False,False,False,False,353.6617,False
38.9267,0.0000,0.0000,0.0001,0.0000,False,False,False,False,False,353.6617,False
38.9727,0.0000,0.0000,0.0001,0.0000,False,False,False,False,False,353.6617,False
39.0202,0.0000,0.0000,0.0000,0.0000,False,False,False,False,False,353.6617,False
39.0709,0.0000,0.0000,0.0001,0.0000,False,False,False,False,False,353.6617,False
39.1159,0.0000,0.0000,0.0000,0.0000,False,False,False,False,False,353.6617,False
39.1605,0.0000,0.0000,0.0000,0.0000,False,False,False,False,False,353.6617,False
39.2056,0.0000,0.0000,0.0000,0.0000,False,False,False,False,False,353.6617,False
39.2506,0.0000,0.0000,0.0000,0.0000,False,False,False,False,False,353.6617,False
39.2985,0.0000,0.0000,0.0000,0.0000,False,False,False,False,False,353.6617,False
39.3459,0.0000,0.0000,0.0000,0.0000,False,False,False,False,False,353.6617,False
39.3900,0.0000,0.0000,0.0000,0.0000,False,False,False,False,False,353.6617,False
39.4345,0.0000,0.0000,0.0000,0.0000,False,False,False,False,False,353.6617,False
39.4839,0.0000,0.0000,0.0000,0.0000,False,False,False,False,False,353.6617,False
39.5293,0.0000,0.0000,0.0000,0.0000,False,False,False,False,False,353.6617,False
39.5743,0.0000,0.0000,0.0000,0.0000,False,False,False,False,False,353.6617,False
39.6184,0.0000,0.0000,0.0000,0.0000,False,False,False,False,False,353.6617,False
39.6638,0.0000,0.0000,0.0000,0.0000,False,False,False,False,False,353.6617,False
39.7159,0.0000,0.0000,0.0000,0.0000,False,False,False,False,False,353.6617,False
39.7711,0.0000,0.0000,0.0000,0.0000,False,False,False,False,False,353.6617,False
39.8171,0.0000,0.0000,0.0000,0.0000,False,False,False,False,False,353.6617,False
39.8625,0.0000,0.0000,0.0000,0.0000,False,False,False,False,False,353.6617,False
39.9116,0.0000,0.0000,0.0000,0.0000,False,False,False,False,False,353.6617,False
39.9568,0.0000,0.0000,0.0000,0.0000,False,False,False,False,False,353.6617,False
40.0018,0.0000,0.0000,0.0000,0.0000,False,False,False,False,False,353.6617,False
40.0475,0.0000,0.0000,0.0000,0.0000,False,False,False,False,False,353.6617,False
40.0955,0.0000,0.0000,0.0000,0.0000,False,False,False,False,False,353.6617,False
40.1404,0.0000,0.0000,0.0000,0.0000,False,False,False,False,False,353.6617,False
40.1859,0.0000,0.0000,0.0000,0.0000,False,False,False,False,False,353.6617,False
40.2306,0.0000,0.0000,0.0000,0.0000,False,False,False,False,False,353.6617,False
40.2764,0.0000,0.0000,0.0000,0.0000,False,False,False,False,False,353.6617,False
40.3260,0.0000,0.0000,0.0000,0.0000,False,False,False,False,False,353.6617,False
40.3772,0.0000,0.0000,0.0000,0.0000,False,False,False,False,False,353.6617,False
40.4236,0.0000,0.0000,0.0000,0.0000,False,False,False,False,False,353.6617,False
40.4804,0.0000,0.0000,0.0000,0.0000,False,False,False,False,False,353.6617,False
40.5290,0.0000,0.0000,0.0000,0.0000,False,False,False,False,False,353.6617,False
40.5736,0.0000,0.0000,0.0000,0.0000,False,False,False,False,False,353.6617,False
40.6190,0.0000,0.0000,0.0000,0.0000,False,False,False,False,False,353.6617,False
40.6628,0.0000,0.0000,0.0000,0.0000,False,False,False,False,False,353.6617,False
40.7098,0.0000,0.0000,0.0000,0.0000,False,False,False,False,False,353.6617,False
40.7539,0.0000,0.0000,0.0000,0.0000,False,False,False,False,False,353.6617,False
40.7980,0.0000,0.0000,0.0000,0.0000,False,False,False,False,False,353.6617,False
40.8426,0.0000,0.0000,0.0000,0.0000,False,False,False,False,False,353.6617,False
40.8885,0.0000,0.0000,0.0000,0.0000,False,False,False,False,False,353.6617,False
40.9323,0.0000,0.0000,0.0000,0.0000,False,False,False,False,False,353.6617,False
40.9755,0.0000,0.0000,0.0000,0.0000,False,False,False,False,False,353.6617,False
41.0216,0.0000,0.0000,0.0000,0.0000,False,False,False,False,False,353.6617,False
41.0650,0.0000,0.0000,0.0000,0.0000,False,False,False,False,False,353.6617,False
41.1083,0.0000,0.0000,0.0000,0.0000,False,False,False,False,False,353.6617,False
41.1537,0.0000,0.0000,0.0000,0.0000,False,False,False,False,False,353.6617,False
41.2024,0.0000,0.0000,0.0000,0.0000,False,False,False,False,False,353.6617,False
41.2552,0.0000,0.0000,0.0000,0.0000,False,False,False,False,False,353.6617,False
41.3027,0.0000,0.0000,0.0000,0.0000,False,False,False,False,False,353.6617,False
41.3838,0.0000,0.0000,0.0000,0.0000,False,False,False,False,False,353.6617,False
41.4269,0.0000,0.0000,0.0000,0.0000,False,False,False,False,False,353.6617,False
41.4707,0.0000,0.0000,0.0000,0.0000,False,False,False,False,False,353.6617,False
41.5160,0.0000,0.0000,0.0000,0.0000,False,False,False,False,False,353.6617,False
41.5603,0.0000,0.0000,0.0000,0.0000,False,False,False,False,False,353.6617,False
41.6046,0.0000,0.0000,0.0000,0.0000,False,False,False,False,False,353.6617,False
41.6484,0.0000,0.0000,0.0001,0.0000,False,False,False,False,False,353.6617,False
41.6916,0.0000,0.0000,0.0000,0.0000,False,False,False,False,False,353.6617,False
41.7357,0.0000,0.0000,0.0001,0.0000,False,False,False,False,False,353.6617,False
41.7798,0.0000,0.0000,0.0000,0.0000,False,False,False,False,False,353.6617,False
41.8265,0.0000,0.0000,0.0000,0.0000,False,False,False,False,False,353.6617,False
41.8736,0.0000,0.0000,0.0000,0.0000,False,False,False,False,False,353.6617,False
41.9216,0.0000,0.0000,0.0000,0.0000,False,False,False,False,False,353.6617,False
41.9702,0.0000,0.0000,0.0000,0.0000,False,False,False,False,False,353.6617,False
42.0295,0.0000,0.0000,0.0000,0.0000,False,False,False,False,False,353.6617,False
42.0798,0.0000,0.0000,0.0000,0.0000,False,False,False,False,False,353.6617,False
42.1237,0.0000,0.0000,0.0000,0.0000,False,False,False,False,False,353.6617,False
42.1675,0.0000,0.0000,0.0000,0.0000,False,False,False,False,False,353.6617,False
42.2112,0.0000,0.0000,0.0000,0.0000,False,False,False,False,False,353.6617,False
42.2575,0.0000,0.0000,0.0000,0.0000,False,False,False,False,False,353.6617,False
42.3013,0.0000,0.0000,0.0000,0.0000,False,False,False,False,False,353.6617,False
42.3452,0.0000,0.0000,0.0000,0.0000,False,False,False,False,False,353.6617,False
42.3916,0.0000,0.0000,0.0000,0.0000,False,False,False,False,False,353.6617,False
42.4349,0.0000,0.0000,0.0000,0.0000,False,False,False,False,False,353.6617,False
42.4802,0.0000,0.0000,0.0000,0.0000,False,False,False,False,False,353.6617,False
42.5264,0.0000,0.0000,0.0000,0.0000,False,False,False,False,False,353.6617,False
42.5721,0.0000,0.0000,0.0000,0.0000,False,False,False,False,False,353.6617,False
42.6338,0.0000,0.0000,0.0000,0.0000,False,False,False,False,False,353.6617,False
42.7213,0.0000,0.0000,0.0000,0.0000,False,False,False,False,False,353.6617,False
42.7731,0.0000,0.0000,0.0000,0.0000,False,False,False,False,False,353.6617,False
42.8273,0.0000,0.0000,0.0000,0.0000,False,False,False,False,False,353.6617,False
42.8840,0.0000,0.0000,0.0000,0.0000,False,False,False,False,False,353.6617,False
42.9362,0.0000,0.0000,0.0000,0.0000,False,False,False,False,False,353.6617,False
42.9844,0.0000,0.0000,0.0000,0.0000,False,False,False,False,False,353.6617,False
43.0329,0.0000,0.0000,0.0000,0.0000,False,False,False,False,False,353.6617,False
43.0785,0.0000,0.0000,0.0000,0.0000,False,False,False,False,False,353.6617,False
43.1308,0.0000,0.0000,0.0000,0.0000,False,False,False,False,False,353.6617,False
43.1839,0.0000,0.0000,0.0000,0.0000,False,False,False,False,False,353.6617,False
43.2372,0.0000,0.0000,0.0000,0.0000,False,False,False,False,False,353.6617,False
43.2890,0.0000,0.0000,0.0000,0.0000,False,False,False,False,False,353.6617,False
43.3417,0.0000,0.0000,0.0000,0.0000,False,False,False,False,False,353.6617,False
43.3953,0.0000,0.0000,0.0000,0.0000,False,False,False,False,False,353.6617,False
43.4414,0.0000,0.0000,0.0000,0.0000,False,False,False,False,False,353.6617,False
43.4875,0.0000,0.0000,0.0000,0.0000,False,False,False,False,False,353.6617,False
43.5376,0.0000,0.0000,0.0000,0.0000,False,False,False,False,False,353.6617,False
43.5838,0.0000,0.0000,0.0000,0.0000,False,False,False,False,False,353.6617,False
43.6298,0.0000,0.0000,0.0000,0.0000,False,False,False,False,False,353.6617,False
43.6753,0.0000,0.0000,0.0000,0.0000,False,False,False,False,False,353.6617,False
43.7216,0.0000,0.0000,0.0000,0.0000,False,False,False,False,False,353.6617,False
43.7726,0.0000,0.0000,0.0000,0.0000,False,False,False,False,False,353.6617,False
43.8206,0.0000,0.0000,0.0000,0.0000,False,False,False,False,False,353.6617,False
43.8678,0.0000,0.0000,0.0000,0.0000,False,False,False,False,False,353.6617,False
43.9155,0.0000,0.0000,0.0000,0.0000,False,False,False,False,False,353.6617,False
43.9687,0.0000,0.0000,0.0000,0.0000,False,False,False,False,False,353.6617,False
44.0263,0.0000,0.0000,0.0000,0.0000,False,False,False,False,False,353.6617,False
44.0783,0.0000,0.0000,0.0000,0.0000,False,False,False,False,False,353.6617,False
44.1301,0.0000,0.0000,0.0000,0.0000,False,False,False,False,False,353.6617,False
44.1846,0.0000,0.0000,0.0000,0.0000,False,False,False,False,False,353.6617,False
44.2387,0.0000,0.0000,0.0000,0.0000,False,False,False,False,False,353.6617,False
44.2935,0.0000,0.0000,0.0000,0.0000,False,False,False,False,False,353.6617,False
44.3486,0.0000,0.0000,0.0000,0.0000,False,False,False,False,False,353.6617,False
44.4009,0.0000,0.0000,0.0000,0.0000,False,False,False,False,False,353.6617,False
44.4531,0.0000,0.0000,0.0000,0.0000,False,False,False,False,False,353.6617,False
44.5057,0.0000,0.0000,0.0000,0.0000,False,False,False,False,False,353.6617,False
44.5605,0.0000,0.0000,0.0000,0.0000,False,False,False,False,False,353.6617,False
44.6161,0.0000,0.0000,0.0000,0.0000,False,False,False,False,False,353.6617,False
44.6756,0.0000,0.0000,0.0000,0.0000,False,False,False,True,False,353.6617,False
44.7368,0.0000,0.0000,0.0000,0.0000,False,False,False,True,False,139.5588,False
44.7908,0.0000,0.0000,0.0000,0.0000,False,False,False,True,False,137.7624,False
44.8412,0.0000,0.0000,0.0000,0.0000,False,False,False,True,False,136.0927,False
44.8918,0.0000,0.0000,0.0000,0.0000,False,False,False,True,False,134.6069,False
44.9416,0.0000,0.0000,0.0000,0.0000,False,False,False,True,False,133.1942,False
44.9962,0.0000,0.0000,0.0000,0.0000,False,False,False,True,False,131.8138,False
45.0456,0.0000,0.0000,0.0000,0.0000,False,False,False,True,False,130.4040,False
45.0960,0.0000,0.0000,0.0000,0.0000,False,False,False,True,False,129.0173,False
45.1474,0.0000,0.0000,0.0000,0.0000,False,False,False,True,False,127.7095,False
45.1976,0.0000,0.0000,0.0000,0.0000,False,False,False,True,False,126.3962,False
45.2529,0.0000,0.0000,0.0000,0.0000,False,False,False,True,False,125.1021,False
45.3049,0.0000,0.0000,0.0000,0.0000,False,False,False,True,False,123.7835,False
45.3583,0.0000,0.0000,0.0001,0.0000,False,False,False,True,False,122.4484,False
45.4374,0.0000,0.0000,0.0000,0.0000,False,False,False,True,False,121.1605,False
45.4865,0.0000,0.0000,0.0000,0.0000,False,False,False,True,False,119.6040,False
45.5390,0.0000,0.0000,0.0000,0.0000,False,False,False,True,False,118.0221,False
45.5904,0.0000,0.0000,0.0000,0.0000,False,False,False,True,False,116.8345,False
45.6445,0.0000,0.0000,0.0000,0.0000,False,False,False,True,False,115.6218,False
45.6956,0.0000,0.0000,0.0000,0.0000,False,False,False,True,False,114.4116,False
45.7558,0.0000,0.0000,0.0000,0.0000,False,False,False,True,False,113.2031,False
45.8087,0.0000,0.0000,0.0000,0.0000,False,False,False,True,False,111.9660,False
45.8611,0.0000,0.0000,0.0000,0.0000,False,False,False,True,False,110.6778,False
45.9156,0.0000,0.0000,0.0000,0.0000,False,False,False,True,False,109.5051,False
45.9684,0.0000,0.0000,0.0000,0.0000,False,False,False,True,False,108.3310,False
46.0206,0.0000,0.0000,0.0000,0.0000,False,False,False,True,False,107.1503,False
46.0800,0.0000,0.0000,0.0000,0.0000,False,False,False,True,False,106.0048,False
46.1414,0.0000,0.0000,0.0000,0.0000,False,False,False,True,False,104.8185,False
46.1953,0.0000,0.0000,0.0000,0.0000,False,False,False,True,False,103.5265,False
46.2544,0.0000,0.0000,0.0000,0.0000,False,False,False,True,False,102.2726,False
46.3105,0.0000,0.0000,0.0000,0.0000,False,False,False,True,False,101.0902,False
46.3653,0.0000,0.0000,0.0000,0.0000,False,False,False,True,False,99.8642,False
46.4213,0.0000,0.0000,0.0000,0.0000,False,False,False,True,False,98.6960,False
46.4760,0.0000,0.0000,0.0000,0.0000,False,False,False,True,False,97.5425,False
46.5309,0.0000,0.0000,0.0000,0.0000,False,False,False,True,False,96.3863,False
46.5867,0.0000,0.0000,0.0000,0.0000,False,False,False,True,False,95.2517,False
46.6439,0.0000,0.0000,0.0000,0.0000,False,False,False,True,False,94.1127,False
46.7007,0.0000,0.0000,0.0000,0.0000,False,False,False,True,False,92.9553,False
46.7653,0.0000,0.0000,0.0000,0.0000,False,False,False,True,False,91.7857,False
46.8526,0.0000,0.0000,0.0000,0.0000,False,False,False,True,False,90.5756,False
46.9171,0.0000,0.0000,0.0000,0.0000,False,False,False,True,False,89.1141,False
46.9849,0.0000,0.0000,0.0000,0.0000,False,False,False,True,False,87.4932,False
47.0468,0.0000,0.0000,0.0000,0.0000,False,False,False,True,False,86.1707,False
47.1104,0.0000,0.0000,0.0000,0.0000,False,False,False,True,False,84.8436,False
47.1781,0.0000,0.0000,0.0000,0.0000,False,False,False,True,False,83.5913,False
47.2431,0.0000,0.0000,0.0000,0.0000,False,False,False,True,False,82.2924,False
47.3149,0.0000,0.0000,0.0000,0.0000,False,False,False,True,False,80.9580,False
47.3840,0.0000,0.0000,0.0000,0.0000,False,False,False,True,False,79.6211,False
47.4559,0.0000,0.0000,0.0000,0.0000,False,False,False,True,False,78.2112,False
47.5315,0.0000,0.0000,0.0000,0.0000,False,False,False,True,False,76.8248,False
47.6049,0.0000,0.0000,0.0000,0.0000,False,False,False,True,False,75.3790,False
47.6800,0.0000,0.0000,0.0000,0.0000,False,False,False,True,False,73.8993,False
47.7532,0.0000,0.0000,0.0000,0.0000,False,False,False,True,False,72.4421,False
47.8322,0.0000,0.0000,0.0000,0.0000,False,False,False,True,False,70.9750,False
47.9145,0.0000,0.0000,0.0000,0.0000,False,False,False,True,False,69.5029,False
47.9894,0.0000,0.0000,0.0000,0.0000,False,False,False,True,False,67.9328,False
48.0624,0.0000,0.0000,0.0000,0.0000,False,False,False,True,False,66.3634,False
48.1357,0.0000,0.0000,0.0000,0.0000,False,False,False,True,False,64.9084,False
48.2097,0.0000,0.0000,0.0000,0.0000,False,False,False,True,False,63.4802,False
48.2884,0.0000,0.0000,0.0000,0.0000,False,False,False,True,False,62.0436,False
48.3671,0.0000,0.0000,0.0000,0.0000,False,False,False,True,False,60.5738,False
48.4409,0.0000,0.0000,0.0000,0.0000,False,False,False,True,False,59.0407,False
48.5160,0.0000,0.0000,0.0000,0.0000,False,False,False,True,False,57.5362,False
48.5910,0.0000,0.0000,0.0000,0.0000,False,False,False,True,False,56.0934,False
48.6699,0.0000,0.0000,0.0000,0.0000,False,False,False,True,False,54.6335,False
48.7454,0.0000,0.0000,0.0000,0.0000,False,False,False,True,False,53.1560,False
48.8263,0.0000,0.0000,0.0000,0.0000,False,False,False,True,False,51.6463,False
48.9114,0.0000,0.0000,0.0000,0.0000,False,False,False,True,False,50.1540,False
48.9929,0.0000,0.0000,0.0000,0.0000,False,False,False,True,False,48.5661,False
49.0683,0.0000,0.0000,0.0000,0.0000,False,False,False,True,False,46.9446,False
49.1440,0.0000,0.0000,0.0000,0.0000,False,False,False,True,False,45.4105,False
49.2222,0.0000,0.0000,0.0000,0.0000,False,False,False,True,False,43.9613,False
49.3057,0.0000,0.0000,0.0000,0.0000,False,False,False,True,False,42.5005,False
49.3825,0.0000,0.0000,0.0000,0.0000,False,False,False,True,False,40.9820,False
49.4582,0.0000,0.0000,0.0000,0.0000,False,False,False,True,False,39.4328,False
49.5345,0.0000,0.0000,0.0000,0.0000,False,False,False,True,False,37.9852,False
49.6196,0.0000,0.0000,0.0000,0.0000,False,False,False,True,False,36.5365,False
49.6982,0.0000,0.0000,0.0000,0.0000,False,False,False,True,False,35.0184,False
49.7776,0.0000,0.0000,0.0000,0.0000,False,False,False,True,False,33.4094,False
49.8668,0.0000,0.0000,0.0000,0.0000,False,False,False,True,False,31.8824,False
49.9643,0.0000,0.0000,0.0000,0.0000,False,False,False,True,False,30.2856,False
50.0525,0.0000,0.0000,0.0000,0.0000,False,False,False,True,False,28.5052,False
50.1368,0.0000,0.0000,0.0000,0.0000,False,False,False,True,False,26.6633,False
50.2210,0.0000,0.0000,0.0000,0.0000,False,False,False,True,False,24.9732,False
50.3113,0.0000,0.0000,0.0000,0.0000,False,False,False,True,False,23.3415,False
50.3956,0.0000,0.0000,0.0000,0.0000,False,False,False,True,False,21.7093,False
50.4746,0.0000,0.0000,0.0000,0.0000,False,False,False,True,False,20.0735,False
50.5549,0.0000,0.0000,0.0000,0.0000,False,False,False,True,False,18.5816,False
50.6362,0.0000,0.0000,0.0000,0.0000,False,False,False,True,False,17.1958,False
50.7112,0.0000,0.0000,0.0000,0.0000,False,False,False,True,False,15.8309,False
50.7913,0.0000,0.0000,0.0000,0.0000,False,False,False,True,False,14.5144,False
50.8638,0.0000,0.0000,0.0000,0.0000,False,False,False,True,False,13.3299,False
50.9351,0.0000,0.0000,0.0000,0.0000,False,False,False,True,False,12.1549,False
51.0027,0.0000,0.0000,0.0000,0.0000,False,False,False,True,False,11.1618,False
51.0730,0.0000,0.0000,0.0000,0.0000,False,False,False,True,False,10.2782,False
51.1352,0.0000,0.0000,0.0000,0.0000,False,False,False,True,False,9.5648,False
51.1979,0.0000,0.0000,0.0000,0.0000,False,False,False,True,False,8.9356,False
51.2634,0.0000,0.0000,0.0000,0.0000,False,False,False,True,False,8.5540,False
51.3270,0.0000,0.0000,0.0000,0.0000,False,False,False,True,False,8.3595,False
51.3925,0.0000,0.0000,0.0000,0.0000,False,False,False,True,False,8.3139,False
51.4518,0.0000,0.0000,0.0000,0.0000,False,False,False,True,False,8.4863,False
51.5111,0.0000,0.0000,0.0000,0.0000,False,False,False,True,False,8.7706,False
51.5729,0.0000,0.0000,0.0000,0.0000,False,False,False,True,False,9.2277,False
51.6300,0.0000,0.0000,0.0000,0.0000,False,False,False,True,False,9.8345,False
51.6865,0.0000,0.0000,0.0000,0.0000,False,False,False,True,False,10.4905,False
51.7438,0.0000,0.0000,0.0000,0.0000,False,False,False,True,False,11.2183,False
51.7981,0.0000,0.0000,0.0000,0.0000,False,False,False,True,False,12.0158,False
51.8569,0.0000,0.0000,0.0000,0.0000,False,False,False,True,False,12.8271,False
51.9173,0.0000,0.0000,0.0000,0.0000,False,False,False,True,False,13.7223,False
51.9752,0.0000,0.0000,0.0000,0.0000,False,False,False,True,False,14.6882,False
52.0298,0.0000,0.0000,0.0000,0.0000,False,False,False,True,False,15.6638,False
52.0838,0.0000,0.0000,0.0000,0.0000,False,False,False,True,False,16.6162,False
52.1378,0.0000,0.0000,0.0000,0.0000,False,False,False,True,False,17.5673,False
52.1913,0.0000,0.0000,0.0000,0.0000,False,False,False,True,False,18.5333,False
52.2448,0.0000,0.0000,0.0000,0.0000,False,False,False,True,False,19.5083,False
52.2980,0.0000,0.0000,0.0000,0.0000,False,False,False,True,False,20.4967,False
52.3512,0.0000,0.0000,0.0000,0.0000,False,False,False,True,False,21.4944,False
52.4045,0.0000,0.0000,0.0000,0.0000,False,False,False,True,False,22.5021,False
52.4572,0.0000,0.0000,0.0000,0.0000,False,False,False,True,False,23.5235,False
52.5086,0.0000,0.0000,0.0000,0.0000,False,False,False,True,False,24.5484,False
52.5633,0.0000,0.0000,0.0000,0.0000,False,False,False,True,False,25.5622,False
52.6154,0.0000,0.0000,0.0000,0.0000,False,False,False,True,False,26.6156,False
52.6721,0.0000,0.0000,0.0000,0.0000,False,False,False,True,False,27.6697,False
52.7315,0.0000,0.0000,0.0000,0.0000,False,False,False,True,False,28.7684,False
52.7846,0.0000,0.0000,0.0000,0.0000,False,False,False,True,False,29.9423,False
52.8380,0.0000,0.0000,0.0000,0.0000,False,False,False,True,False,31.0638,False
52.8937,0.0000,0.0000,0.0000,0.0000,False,False,False,True,False,32.1432,False
52.9468,0.0000,0.0000,0.0000,0.0000,False,False,False,True,False,33.2606,False
52.9996,0.0000,0.0000,0.0000,0.0000,False,False,False,True,False,34.3707,False
53.0518,0.0000,0.0000,0.0000,0.0000,False,False,False,True,False,35.4622,False
53.1261,0.0000,0.0000,0.0000,0.0000,False,False,False,True,False,36.5517,False
53.1765,0.0000,0.0000,0.0000,0.0000,False,False,False,True,False,37.9305,False
53.2265,0.0000,0.0000,0.0000,0.0000,False,False,False,True,False,39.1833,False
53.2772,0.0000,0.0000,0.0000,0.0000,False,False,False,True,False,40.2466,False
53.3274,0.0000,0.0000,0.0000,0.0000,False,False,False,True,False,41.3227,False
53.3774,0.0000,0.0000,0.0000,0.0000,False,False,False,True,False,42.4037,False
53.4303,0.0000,0.0000,0.0000,0.0000,False,False,False,True,False,43.4823,False
53.4862,0.0000,0.0000,0.0000,0.0000,False,False,False,True,False,44.6033,False
53.5351,0.0000,0.0000,0.0000,0.0000,False,False,False,True,False,45.7899,False
53.5863,0.0000,0.0000,0.0000,0.0000,False,False,False,True,False,46.9056,False
53.6560,0.0000,0.0000,0.0000,0.0000,False,False,False,True,False,47.9959,False
53.7064,0.0000,0.0000,0.0000,0.0000,False,False,False,True,False,49.3550,False
53.7567,0.0000,0.0000,0.0000,0.0000,False,False,False,True,False,50.6052,False
53.8063,0.0000,0.0000,0.0000,0.0000,False,False,False,True,False,51.6952,False
53.8568,0.0000,0.0000,0.0000,0.0000,False,False,False,True,False,52.7752,False
53.9074,0.0000,0.0000,0.0000,0.0000,False,False,False,True,False,53.8613,False
53.9574,0.0000,0.0000,0.0000,0.0000,False,False,False,True,False,54.9576,False
54.0067,0.0000,0.0000,0.0000,0.0000,False,False,False,True,False,56.0460,False
54.0563,0.0000,0.0000,0.0000,0.0000,False,False,False,True,False,57.1197,False
54.1055,0.0000,0.0000,0.0000,0.0000,False,False,False,True,False,58.1927,False
54.1541,0.0000,0.0000,0.0000,0.0000,False,False,False,True,False,59.2625,False
54.2061,0.0000,0.0000,0.0000,0.0000,False,False,False,True,False,60.3210,False
54.2612,0.0000,0.0000,0.0000,0.0000,False,False,False,True,False,61.4197,False
54.3122,0.0000,0.0000,0.0000,0.0000,False,False,False,True,False,62.5879,False
54.3636,0.0000,0.0000,0.0000,0.0000,False,False,False,True,False,63.7272,False
54.4109,0.0000,0.0000,0.0000,0.0000,False,False,False,True,False,64.8386,False
54.4573,0.0000,0.0000,0.0000,0.0000,False,False,False,True,False,65.8984,False
54.5049,0.0000,0.0000,0.0000,0.0000,False,False,False,True,False,66.9119,False
54.5532,0.0000,0.0000,0.0000,0.0000,False,False,False,True,False,67.9340,False
54.6009,0.0000,0.0000,0.0000,0.0000,False,False,False,True,False,68.9749,False
54.6494,0.0000,0.0000,0.0000,0.0000,False,False,False,True,False,70.0146,False
54.6985,0.0000,0.0000,0.0000,0.0000,False,False,False,True,False,71.0599,False
54.7438,0.0000,0.0000,0.0000,0.0000,False,False,False,True,False,72.1192,False
54.7897,0.0000,0.0000,0.0000,0.0000,False,False,False,True,False,73.1338,False
54.8348,0.0000,0.0000,0.0000,0.0000,False,False,False,True,False,74.1252,False
54.8813,0.0000,0.0000,0.0000,0.0000,False,False,False,True,False,75.1111,False
54.9299,0.0000,0.0000,0.0000,0.0000,False,False,False,True,False,76.1081,False
54.9826,0.0000,0.0000,0.0000,0.0000,False,False,False,True,False,77.1449,False
55.0273,0.0000,0.0000,0.0000,0.0000,False,False,False,True,False,78.2530,False
55.0714,0.0000,0.0000,0.0000,0.0000,False,False,False,True,False,79.2906,False
55.1162,0.0000,0.0000,0.0000,0.0000,False,False,False,True,False,80.2533,False
55.1609,0.0000,0.0000,0.0000,0.0000,False,False,False,True,False,81.2193,False
55.2059,0.0000,0.0000,0.0000,0.0000,False,False,False,True,False,82.1923,False
55.2496,0.0000,0.0000,0.0000,0.0000,False,False,False,True,False,83.1696,False
55.2931,0.0000,0.0000,0.0000,0.0000,False,False,False,True,False,84.1322,False
55.3366,0.0000,0.0000,0.0000,0.0000,False,False,False,True,False,85.0813,False
55.3808,0.0000,0.0000,0.0000,0.0000,False,False,False,True,False,86.0301,False
55.4240,0.0000,0.0000,0.0000,0.0000,False,False,False,True,False,86.9875,False
55.4671,0.0000,0.0000,0.0000,0.0000,False,False,False,True,False,87.9370,False
55.5103,0.0000,0.0000,0.0000,0.0000,False,False,False,True,False,88.8760,False
55.5532,0.0000,0.0000,0.0000,0.0000,False,False,False,True,False,89.8163,False
55.5996,0.0000,0.0000,0.0000,0.0000,False,False,False,True,False,90.7535,False
55.6500,0.0000,0.0000,0.0000,0.0000,False,False,False,True,False,91.7352,False
55.6927,0.0000,0.0000,0.0000,0.0000,False,False,False,True,False,92.7992,False
55.7348,0.0000,0.0000,0.0000,0.0000,False,False,False,True,False,93.7948,False
55.7773,0.0000,0.0000,0.0000,0.0000,False,False,False,True,False,94.7170,False
55.8191,0.0000,0.0000,0.0000,0.0000,False,False,False,True,False,95.6394,False
55.8618,0.0000,0.0000,0.0000,0.0000,False,False,False,True,False,96.5506,False
55.9084,0.0000,0.0000,0.0000,0.0000,False,False,False,True,False,97.4674,False
55.9508,0.0000,0.0000,0.0000,0.0000,False,False,False,True,False,98.4423,False
55.9924,0.0000,0.0000,0.0000,0.0000,False,False,False,True,False,99.3965,False
56.0341,0.0000,0.0000,0.0000,0.0000,False,False,False,True,False,100.3051,False
56.0760,0.0000,0.0000,0.0000,0.0000,False,False,False,True,False,101.2063,False
56.1174,0.0000,0.0000,0.0000,0.0000,False,False,False,True,False,102.1122,False
56.1591,0.0000,0.0000,0.0000,0.0000,False,False,False,True,False,103.0133,False
56.2009,0.0000,0.0000,0.0000,0.0000,False,False,False,True,False,103.9136,False
56.2468,0.0000,0.0000,0.0000,0.0000,False,False,False,True,False,104.8180,False
56.2963,0.0000,0.0000,0.0000,0.0000,False,False,False,True,False,105.7762,False
56.3788,0.0000,0.0000,0.0000,0.0000,False,False,False,True,False,106.8176,False
56.4199,0.0000,0.0000,0.0000,0.0000,False,False,False,True,False,108.3209,False
56.4611,0.0000,0.0000,0.0000,0.0000,False,False,False,True,False,109.5665,False
56.5034,0.0000,0.0000,0.0000,0.0000,False,False,False,True,False,110.4586,False
56.5476,0.0000,0.0000,0.0000,0.0000,False,False,False,True,False,111.3653,False
56.5898,0.0000,0.0000,0.0000,0.0000,False,False,False,True,False,112.3061,False
56.6336,0.0000,0.0000,0.0000,0.0000,False,False,False,True,False,113.2372,False
56.6770,0.0000,0.0000,0.0000,0.0000,False,False,False,True,False,114.1712,False
56.7197,0.0000,0.0000,0.0000,0.0000,False,False,False,True,False,115.1142,False
56.7625,0.0000,0.0000,0.0000,0.0000,False,False,False,True,False,116.0451,False
56.8048,0.0000,0.0000,0.0000,0.0000,False,False,False,True,False,116.9710,False
56.8477,0.0000,0.0000,0.0000,0.0000,False,False,False,True,False,117.8919,False
56.8905,0.0000,0.0000,0.0000,0.0000,False,False,False,True,False,118.8160,False
56.9333,0.0000,0.0000,0.0000,0.0000,False,False,False,True,False,119.7439,False
56.9796,0.0000,0.0000,0.0000,0.0000,False,False,False,True,False,120.6704,False
57.0295,0.0000,0.0000,0.0000,0.0000,False,False,False,True,False,121.6434,False
57.0712,0.0000,0.0000,0.0000,0.0000,False,False,False,True,False,122.6973,False
57.1131,0.0000,0.0000,0.0000,0.0000,False,False,False,True,False,123.6743,False
57.1552,0.0000,0.0000,0.0000,0.0000,False,False,False,True,False,124.5845,False
57.1973,0.0000,0.0000,0.0000,0.0000,False,False,False,True,False,125.4983,False
57.2396,0.0000,0.0000,0.0000,0.0000,False,False,False,True,False,126.4145,False
57.2840,0.0000,0.0000,0.0000,0.0000,False,False,False,True,False,127.3332,False
57.3267,0.0000,0.0000,0.0000,0.0000,False,False,False,True,False,128.2805,False
57.3690,0.0000,0.0000,0.0000,0.0000,False,False,False,True,False,129.2241,False
57.4107,0.0000,0.0000,0.0000,0.0000,False,False,False,True,False,130.1483,False
57.4530,0.0000,0.0000,0.0000,0.0000,False,False,False,True,False,131.0612,False
57.4960,0.0000,0.0000,0.0000,0.0000,False,False,False,True,False,131.9762,False
57.5382,0.0000,0.0000,0.0000,0.0000,False,False,False,True,False,132.9059,False
57.5802,0.0000,0.0000,0.0000,0.0000,False,False,False,True,False,133.8309,False
57.6266,0.0000,0.0000,0.0000,0.0000,False,False,False,True,False,134.7464,False
57.6733,0.0000,0.0000,0.0000,0.0000,False,False,False,True,False,135.7177,False
57.7231,0.0000,0.0000,0.0000,0.0000,False,False,False,True,False,136.7307,False
57.7740,0.0000,0.0000,0.0000,0.0000,False,False,False,True,False,137.7875,False
57.8216,0.0000,0.0000,0.0000,0.0000,False,False,False,True,False,138.8852,False
57.8655,0.0000,0.0000,0.0000,0.0000,False,False,False,True,False,139.9498,False
57.9080,0.0000,0.0000,0.0000,0.0000,False,False,False,True,False,140.9364,False
57.9509,0.0000,0.0000,0.0000,0.0000,False,False,False,True,False,141.8732,False
57.9932,0.0000,0.0000,0.0000,0.0000,False,False,False,True,False,142.8037,False
58.0359,0.0000,0.0000,0.0000,0.0000,False,False,False,True,False,143.7290,False
58.0781,0.0000,0.0000,0.0000,0.0000,False,False,False,True,False,144.6541,False
58.1204,0.0000,0.0000,0.0000,0.0000,False,False,False,True,False,145.5770,False
58.1630,0.0000,0.0000,0.0000,0.0000,False,False,False,True,False,146.4970,False
58.2065,0.0000,0.0000,0.0000,0.0000,False,False,False,True,False,147.4206,False
58.2496,0.0000,0.0000,0.0000,0.0000,False,False,False,True,False,148.3598,False
58.2923,0.0000,0.0000,0.0000,0.0000,False,False,False,True,False,149.2998,False
58.3443,0.0000,0.0000,0.0000,0.0000,False,False,False,True,False,150.2269,False
58.3874,0.0000,0.0000,0.0000,0.0000,False,False,False,True,False,151.2708,False
58.4380,0.0000,0.0000,0.0000,0.0000,False,False,False,True,False,152.2812,False
58.4860,0.0000,0.0000,0.0000,0.0000,False,False,False,True,False,153.3102,False
58.5315,0.0000,0.0000,0.0000,0.0000,False,False,False,True,False,154.3703,False
58.5787,0.0000,0.0000,0.0000,0.0000,False,False,False,True,False,155.3767,False
58.6263,0.0000,0.0000,0.0000,0.0000,False,False,False,True,False,156.3834,False
58.6718,0.0000,0.0000,0.0000,0.0000,False,False,False,True,False,157.4094,False
58.7193,0.0000,0.0000,0.0000,0.0000,False,False,False,True,False,158.4121,False
58.7649,0.0000,0.0000,0.0000,0.0000,False,False,False,True,False,159.4218,False
58.8098,0.0000,0.0000,0.0000,0.0000,False,False,False,True,False,160.4242,False
58.8549,0.0000,0.0000,0.0000,0.0000,False,False,False,True,False,161.4023,False
58.9011,0.0000,0.0000,0.0000,0.0000,False,False,False,True,False,162.3765,False
58.9619,0.0000,0.0000,0.0000,0.0000,False,False,False,True,False,163.3660,False
59.0101,0.0000,0.0000,0.0000,0.0000,False,False,False,True,False,164.5544,False
59.0560,0.0000,0.0000,0.0000,0.0000,False,False,False,True,False,165.7080,False
59.1015,0.0000,0.0000,0.0000,0.0000,False,False,False,True,False,166.7250,False
59.1519,0.0000,0.0000,0.0000,0.0000,False,False,False,True,False,167.7172,False
59.1977,0.0000,0.0000,0.0000,0.0000,False,False,False,True,False,168.7699,False
59.2431,0.0000,0.0000,0.0000,0.0000,False,False,False,True,False,169.8048,False
59.2906,0.0000,0.0000,0.0000,0.0000,False,False,False,True,False,170.7943,False
59.3370,0.0000,0.0000,0.0000,0.0000,False,False,False,True,False,171.8076,False
59.3830,0.0000,0.0000,0.0000,0.0000,False,False,False,True,False,172.8251,False
59.4296,0.0000,0.0000,0.0000,0.0000,False,False,False,True,False,173.8273,False
59.4804,0.0000,0.0000,0.0000,0.0000,False,False,False,True,False,174.8342,False
59.5325,0.0000,0.0000,0.0000,0.0000,False,False,False,True,False,175.9022,False
59.5858,0.0000,0.0000,0.0000,0.0000,False,False,False,True,False,177.0231,False
59.6332,0.0000,0.0000,0.0000,0.0000,False,False,False,True,False,178.1705,False
59.6809,0.0000,0.0000,0.0000,0.0000,False,False,False,True,False,179.2511,False
59.7284,0.0000,0.0000,0.0000,0.0000,False,False,False,True,False,180.2844,False
59.7761,0.0000,0.0000,0.0000,0.0000,False,False,False,True,False,181.3178,False
59.8236,0.0000,0.0000,0.0000,0.0000,False,False,False,True,False,182.3534,False
59.8719,0.0000,0.0000,0.0000,0.0000,False,False,False,True,False,183.3875,False
59.9203,0.0000,0.0000,0.0000,0.0000,False,False,False,True,False,184.4296,False
59.9720,0.0000,0.0000,0.0000,0.0000,False,False,False,True,False,185.4791,False
60.0223,0.0000,0.0000,0.0000,0.0000,False,False,False,True,False,186.5692,False
60.0724,0.0000,0.0000,0.0000,0.0000,False,False,False,True,False,187.6704,False
60.1198,0.0000,0.0000,0.0000,0.0000,False,False,False,True,False,188.7555,False
60.1706,0.0000,0.0000,0.0000,0.0000,False,False,False,True,False,189.8031,False
60.2252,0.0000,0.0000,0.0000,0.0000,False,False,False,True,False,190.8717,False
60.2736,0.0000,0.0000,0.0000,0.0000,False,False,False,True,False,192.0190,False
60.3236,0.0000,0.0000,0.0000,0.0000,False,False,False,True,False,193.1191,False
60.3713,0.0000,0.0000,0.0000,0.0000,False,False,False,True,False,194.1861,False
60.4187,0.0000,0.0000,0.0000,0.0000,False,False,False,True,False,195.2382,False
60.4692,0.0000,0.0000,0.0000,0.0000,False,False,False,True,False,196.2656,False
60.5177,0.0000,0.0000,0.0000,0.0000,False,False,False,True,False,197.3310,False
60.5679,0.0000,0.0000,0.0000,0.0000,False,False,False,True,False,198.3974,False
60.6181,0.0000,0.0000,0.0000,0.0000,False,False,False,True,False,199.4682,False
60.6672,0.0000,0.0000,0.0000,0.0000,False,False,False,True,False,200.5532,False
60.7156,0.0000,0.0000,0.0000,0.0000,False,False,False,True,False,201.6242,False
60.7630,0.0000,0.0000,0.0000,0.0000,False,False,False,True,False,202.6764,False
60.8137,0.0000,0.0000,0.0000,0.0000,False,False,False,True,False,203.7099,False
60.8685,0.0000,0.0000,0.0000,0.0000,False,False,False,True,False,204.7773,False
60.9166,0.0000,0.0000,0.0000,0.0000,False,False,False,True,False,205.9266,False
60.9666,0.0000,0.0000,0.0000,0.0000,False,False,False,True,False,207.0256,False
61.0135,0.0000,0.0000,0.0000,0.0000,False,False,False,True,False,208.0903,False
61.0647,0.0000,0.0000,0.0000,0.0000,False,False,False,True,False,209.1318,False
61.1177,0.0000,0.0000,0.0000,0.0000,False,False,False,True,False,210.2004,False
61.1666,0.0000,0.0000,0.0000,0.0000,False,False,False,True,False,211.3322,False
61.2145,0.0000,0.0000,0.0000,0.0000,False,False,False,True,False,212.4287,False
61.2627,0.0000,0.0000,0.0000,0.0000,False,False,False,True,False,213.4762,False
61.3118,0.0000,0.0000,0.0000,0.0000,False,False,False,True,False,214.5189,False
61.3599,0.0000,0.0000,0.0000,0.0000,False,False,False,True,False,215.5747,False
61.4074,0.0000,0.0000,0.0000,0.0000,False,False,False,True,False,216.6264,False
61.4555,0.0000,0.0000,0.0000,0.0000,False,False,False,True,False,217.6615,False
61.5165,0.0000,0.0000,0.0000,0.0000,False,False,False,True,False,218.6983,False
61.5692,0.0000,0.0000,0.0000,0.0000,False,False,False,True,False,219.9077,False
61.6194,0.0000,0.0000,0.0000,0.0000,False,False,False,True,False,221.1236,False
61.6704,0.0000,0.0000,0.0000,0.0000,False,False,False,True,False,222.2334,False
61.7199,0.0000,0.0000,0.0000,0.0000,False,False,False,True,False,223.3319,False
61.7713,0.0000,0.0000,0.0000,0.0000,False,False,False,True,False,224.4182,False
61.8246,0.0000,0.0000,0.0000,0.0000,False,False,False,True,False,225.5158,False
61.8741,0.0000,0.0000,0.0000,0.0000,False,False,False,True,False,226.6548,False
61.9279,0.0000,0.0000,0.0000,0.0000,False,False,False,True,False,227.7614,False
61.9805,0.0000,0.0000,0.0000,0.0000,False,False,False,True,False,228.8900,False
62.0371,0.0000,0.0000,0.0000,0.0000,False,False,False,True,False,230.0410,False
62.0891,0.0000,0.0000,0.0000,0.0000,False,False,False,True,False,231.2354,False
62.1400,0.0000,0.0000,0.0000,0.0000,False,False,False,True,False,232.4044,False
62.1936,0.0000,0.0000,0.0000,0.0000,False,False,False,True,False,233.5202,False
62.2480,0.0000,0.0000,0.0000,0.0000,False,False,False,True,False,234.6612,False
62.2983,0.0000,0.0000,0.0000,0.0000,False,False,False,True,False,235.8362,False
62.3484,0.0000,0.0000,0.0000,0.0000,False,False,False,True,False,236.9646,False
62.3985,0.0000,0.0000,0.0000,0.0000,False,False,False,True,False,238.0542,False
62.4487,0.0000,0.0000,0.0000,0.0000,False,False,False,True,False,239.1428,False
62.5016,0.0000,0.0000,0.0000,0.0000,False,False,False,True,False,240.2330,False
62.5582,0.0000,0.0000,0.0000,0.0000,False,False,False,True,False,241.3581,False
62.6123,0.0000,0.0000,0.0000,0.0000,False,False,False,True,False,242.5548,False
62.6677,0.0000,0.0000,0.0000,0.0000,False,False,False,True,False,243.7519,False
62.7203,0.0000,0.0000,0.0000,0.0000,False,False,False,True,False,244.9448,False
62.7734,0.0000,0.0000,0.0000,0.0000,False,False,False,True,False,246.1126,False
62.8636,0.0000,0.0000,0.0000,0.0000,False,False,False,True,False,247.2616,False
62.9264,0.0000,0.0000,0.0000,0.0000,False,False,False,True,False,248.8962,False
62.9924,0.0000,0.0000,0.0000,0.0000,False,False,False,True,False,250.4998,False
63.0512,0.0000,0.0000,0.0000,0.0000,False,False,False,True,False,251.9060,False
63.1069,0.0000,0.0000,0.0000,0.0000,False,False,False,True,False,253.2464,False
63.1645,0.0000,0.0000,0.0000,0.0000,False,False,False,True,False,254.4834,False
63.2199,0.0000,0.0000,0.0000,0.0000,False,False,False,True,False,255.7176,False
63.2815,0.0000,0.0000,0.0000,0.0000,False,False,False,True,False,256.9404,False
63.3437,0.0000,0.0000,0.0000,0.0000,False,False,False,True,False,258.2244,False
63.4041,0.0000,0.0000,0.0000,0.0000,False,False,False,True,False,259.5710,False
63.4600,0.0000,0.0000,0.0000,0.0000,False,False,False,True,False,260.8996,False
63.5170,0.0000,0.0000,0.0000,0.0000,False,False,False,True,False,262.1523,False
63.5752,0.0000,0.0000,0.0000,0.0000,False,False,False,True,False,263.3805,False
63.6338,0.0000,0.0000,0.0000,0.0000,False,False,False,True,False,264.6355,False
63.6913,0.0000,0.0000,0.0000,0.0000,False,False,False,True,False,265.9046,False
63.7505,0.0000,0.0000,0.0000,0.0000,False,False,False,True,False,267.1634,False
63.8102,0.0000,0.0000,0.0000,0.0000,False,False,False,True,False,268.4342,False
63.8662,0.0000,0.0000,0.0000,0.0000,False,False,False,True,False,269.7272,False
63.9226,0.0000,0.0000,0.0000,0.0000,False,False,False,True,False,270.9763,False
63.9868,0.0000,0.0000,0.0000,0.0000,False,False,False,True,False,272.1978,False
64.0516,0.0000,0.0000,0.0000,0.0000,False,False,False,True,False,273.5238,False
64.1104,0.0000,0.0000,0.0000,0.0000,False,False,False,True,False,274.9268,False
64.1717,0.0000,0.0000,0.0000,0.0000,False,False,False,True,False,276.2574,False
64.2330,0.0000,0.0000,0.0000,0.0000,False,False,False,True,False,277.5673,False
64.2924,0.0000,0.0000,0.0000,0.0000,False,False,False,True,False,278.8984,False
64.3530,0.0000,0.0000,0.0000,0.0000,False,False,False,True,False,280.2058,False
64.4156,0.0000,0.0000,0.0000,0.0000,False,False,False,True,False,281.5118,False
64.4846,0.0000,0.0000,0.0000,0.0000,False,False,False,True,False,282.8543,False
64.5856,0.0000,0.0000,0.0000,0.0000,False,False,False,True,False,284.2967,False
64.6562,0.0000,0.0000,0.0000,0.0000,False,False,False,True,False,286.2104,False
64.7210,0.0000,0.0000,0.0000,0.0000,False,False,False,True,False,288.0108,False
64.7844,0.0000,0.0000,0.0000,0.0000,False,False,False,True,False,289.4691,False
64.8492,0.0000,0.0000,0.0000,0.0000,False,False,False,False,True,289.4691,False
64.9177,0.0000,0.0000,0.0000,0.0000,False,False,False,False,True,119.8672,False
64.9823,0.0000,0.0000,0.0000,0.0000,False,False,False,False,True,117.8844,False
65.0483,0.0000,0.0000,0.0000,0.0000,False,False,False,False,True,116.0591,False
65.1116,0.0000,0.0000,0.0000,0.0000,False,False,False,False,True,114.2388,False
65.1754,0.0000,0.0000,0.0000,0.0000,False,False,False,False,True,112.5281,False
65.2364,0.0000,0.0000,0.0000,0.0000,False,False,False,False,True,110.8407,False
65.2987,0.0000,0.0000,0.0000,0.0000,False,False,False,False,True,109.2562,False
65.3600,0.0000,0.0000,0.0000,0.0000,False,False,False,False,True,107.6662,False
65.4217,0.0000,0.0000,0.0000,0.0000,False,False,False,False,True,106.1270,False
65.4968,0.0000,0.0000,0.0000,0.0000,False,False,False,False,True,104.6015,False
65.5713,0.0000,0.0000,0.0000,0.0000,False,False,False,False,True,102.7724,False
65.6331,0.0000,0.0000,0.0000,0.0000,False,False,False,False,True,100.9883,False
65.6980,0.0000,0.0000,0.0000,0.0000,False,False,False,False,True,99.5327,False
65.7634,0.0000,0.0000,0.0000,0.0000,False,False,False,False,True,98.0225,False
65.8271,0.0000,0.0000,0.0000,0.0000,False,False,False,False,True,96.5170,False
65.9330,0.0000,0.0000,0.0000,0.0000,False,False,False,False,True,95.0703,False
66.0020,0.0000,0.0000,0.0000,0.0000,False,False,False,False,True,92.6885,False
66.0700,0.0000,0.0000,0.0000,0.0000,False,False,False,False,True,91.1594,False
66.1383,0.0000,0.0000,0.0000,0.0000,False,False,False,False,True,89.6705,False
66.2008,0.0000,0.0000,0.0000,0.0000,False,False,False,False,True,88.1872,False
66.2684,0.0000,0.0000,0.0000,0.0000,False,False,False,False,True,86.8406,False
66.3324,0.0000,0.0000,0.0000,0.0000,False,False,False,False,True,85.3945,False
66.4075,0.0000,0.0000,0.0000,0.0000,False,False,False,False,True,84.0334,False
66.4892,0.0000,0.0000,0.0000,0.0000,False,False,False,False,True,82.4495,False
66.5620,0.0000,0.0000,0.0000,0.0000,False,False,False,False,True,80.7368,False
66.6409,0.0000,0.0000,0.0000,0.0000,False,False,False,False,True,79.2217,False
66.7139,0.0000,0.0000,0.0000,0.0000,False,False,False,False,True,77.5885,False
66.7868,0.0000,0.0000,0.0000,0.0000,False,False,False,False,True,76.0867,False
66.8638,0.0000,0.0000,0.0000,0.0000,False,False,False,False,True,74.5954,False
66.9389,0.0000,0.0000,0.0000,0.0000,False,False,False,False,True,73.0250,False
67.0204,0.0000,0.0000,0.0000,0.0000,False,False,False,False,True,71.5020,False
67.0965,0.0000,0.0000,0.0000,0.0000,False,False,False,False,True,69.8536,False
67.1718,0.0000,0.0000,0.0000,0.0000,False,False,False,False,True,68.3216,False
67.2486,0.0000,0.0000,0.0000,0.0000,False,False,False,False,True,66.8109,False
67.3192,0.0000,0.0000,0.0000,0.0000,False,False,False,False,True,65.2751,False
67.3916,0.0000,0.0000,0.0000,0.0000,False,False,False,False,True,63.8675,False
67.4837,0.0000,0.0000,0.0000,0.0000,False,False,False,False,True,62.4287,False
67.5598,0.0000,0.0000,0.0000,0.0000,False,False,False,False,True,60.5999,False
67.6437,0.0000,0.0000,0.0000,0.0000,False,False,False,False,True,59.0946,False
67.7282,0.0000,0.0000,0.0000,0.0000,False,False,False,False,True,57.4406,False
67.8108,0.0000,0.0000,0.0000,0.0000,False,False,False,False,True,55.7761,False
67.8938,0.0000,0.0000,0.0000,0.0000,False,False,False,False,True,54.1533,False
67.9754,0.0000,0.0000,0.0000,0.0000,False,False,False,False,True,52.5242,False
68.0575,0.0000,0.0000,0.0000,0.0000,False,False,False,False,True,50.9272,False
68.1449,0.0000,0.0000,0.0000,0.0000,False,False,False,False,True,49.3246,False
68.2289,0.0000,0.0000,0.0000,0.0000,False,False,False,False,True,47.6187,False
68.3163,0.0000,0.0000,0.0000,0.0000,False,False,False,False,True,45.9824,False
68.3970,0.0000,0.0000,0.0000,0.0000,False,False,False,False,True,44.2831,False
68.4841,0.0000,0.0000,0.0000,0.0000,False,False,False,False,True,42.7178,False
68.5722,0.0000,0.0000,0.0000,0.0000,False,False,False,False,True,41.0293,False
68.6736,0.0000,0.0000,0.0000,0.0000,False,False,False,False,True,39.3239,False
68.7617,0.0000,0.0000,0.0000,0.0000,False,False,False,False,True,37.3634,False
68.8473,0.0000,0.0000,0.0000,0.0000,False,False,False,False,True,35.6638,False
68.9571,0.0000,0.0000,0.0000,0.0000,False,False,False,False,True,34.0153,False
69.0456,0.0000,0.0000,0.0000,0.0000,False,False,False,False,True,31.9043,False
69.1338,0.0000,0.0000,0.0000,0.0000,False,False,False,False,True,30.2058,False
69.2198,0.0000,0.0000,0.0000,0.0000,False,False,False,False,True,28.5164,False
69.3166,0.0000,0.0000,0.0000,0.0000,False,False,False,False,True,26.8749,False
69.4145,0.0000,0.0000,0.0000,0.0000,False,False,False,False,True,25.0307,False
69.5135,0.0000,0.0000,0.0000,0.0000,False,False,False,False,True,23.1719,False
69.6078,0.0000,0.0000,0.0000,0.0000,False,False,False,False,True,21.2973,False
69.7046,0.0000,0.0000,0.0000,0.0000,False,False,False,False,True,19.5180,False
69.7988,0.0000,0.0000,0.0000,0.0000,False,False,False,False,True,17.6767,False
69.8957,0.0000,0.0000,0.0000,0.0000,False,False,False,False,True,15.8699,False
69.9851,0.0000,0.0000,0.0000,0.0000,False,False,False,False,True,13.9998,False
70.0845,0.0000,0.0000,0.0000,0.0000,False,False,False,False,True,12.2693,False
70.1765,0.0000,0.0000,0.0000,0.0000,False,False,False,False,True,10.3410,False
70.2672,0.0000,0.0000,0.0000,0.0000,False,False,False,False,True,8.5508,False
70.3593,0.0000,0.0000,0.0000,0.0000,False,False,False,False,True,6.7827,False
70.4506,0.0000,0.0000,0.0000,0.0000,False,False,False,False,True,4.9938,False
70.5414,0.0000,0.0000,0.0000,0.0000,False,False,False,False,True,3.2404,False
70.6369,0.0000,0.0000,0.0000,0.0000,False,False,False,False,True,1.5857,False
70.7256,0.0000,0.0000,0.0000,0.0000,False,False,False,False,True,0.9597,False
70.8165,0.0000,0.0000,0.0000,0.0000,False,False,False,False,True,2.3674,False
70.9078,0.0000,0.0000,0.0000,0.0000,False,False,False,False,True,4.0399,False
70.9959,0.0000,0.0000,0.0000,0.0000,False,False,False,False,True,5.7425,False
71.0766,0.0000,0.0000,0.0000,0.0000,False,False,False,False,True,7.3895,False
71.1592,0.0000,0.0000,0.0000,0.0000,False,False,False,False,True,8.9015,False
71.2277,0.0000,0.0000,0.0000,0.0000,False,False,False,False,True,10.4482,False
71.2938,0.0000,0.0000,0.0000,0.0000,False,False,False,False,True,11.7321,False
71.3574,0.0000,0.0000,0.0000,0.0000,False,False,False,False,True,12.9723,False
71.4206,0.0000,0.0000,0.0000,0.0000,False,False,False,False,True,14.1648,False
71.4881,0.0000,0.0000,0.0000,0.0000,False,False,False,False,True,15.3499,False
71.5516,0.0000,0.0000,0.0000,0.0000,False,False,False,False,True,16.6102,False
71.6187,0.0000,0.0000,0.0000,0.0000,False,False,False,False,True,17.7861,False
71.6848,0.0000,0.0000,0.0000,0.0000,False,False,False,False,True,19.0044,False
71.7532,0.0000,0.0000,0.0000,0.0000,False,False,False,False,True,20.2068,False
71.8168,0.0000,0.0000,0.0000,0.0000,False,False,False,False,True,21.4671,False
71.8828,0.0000,0.0000,0.0000,0.0000,False,False,False,False,True,22.6489,False
71.9536,0.0000,0.0000,0.0000,0.0000,False,False,False,False,True,23.8848,False
72.0293,0.0000,0.0000,0.0000,0.0000,False,False,False,False,True,25.2185,False
72.0990,0.0000,0.0000,0.0000,0.0000,False,False,False,False,True,26.6549,False
72.1635,0.0000,0.0000,0.0000,0.0000,False,False,False,False,True,27.9879,False
72.2271,0.0000,0.0000,0.0000,0.0000,False,False,False,False,True,29.2273,False
72.2877,0.0000,0.0000,0.0000,0.0000,False,False,False,False,True,30.4516,False
72.3505,0.0000,0.0000,0.0000,0.0000,False,False,False,False,True,31.6115,False
72.4129,0.0000,0.0000,0.0000,0.0000,False,False,False,False,True,32.6427,False
72.4732,0.0000,0.0000,0.0000,0.0000,False,False,False,False,True,33.3758,False
72.5268,0.0000,0.0000,0.0000,0.0000,False,False,False,False,True,34.0895,False
72.5901,0.0000,0.0000,0.0000,0.0000,False,False,False,False,True,34.7292,False
72.6425,0.0000,0.0000,0.0000,0.0000,False,False,False,False,True,35.4902,False
72.6963,0.0000,0.0000,0.0000,0.0000,False,False,False,False,True,36.1232,False
72.7624,0.0000,0.0000,0.0000,0.0000,False,False,False,False,True,36.7778,False
72.8147,0.0000,0.0000,0.0000,0.0000,False,False,False,False,True,37.5866,False
72.8701,0.0000,0.0000,0.0000,0.0000,False,False,False,False,True,38.2296,False
72.9390,0.0000,0.0000,0.0000,0.0000,False,False,False,False,True,38.9135,False
72.9899,0.0000,0.0000,0.0000,0.0000,False,False,False,False,True,39.7689,False
73.0412,0.0000,0.0000,0.0000,0.0000,False,False,False,False,True,40.4051,False
73.1073,0.0000,0.0000,0.0000,0.0000,False,False,False,False,True,41.0475,False
73.1600,0.0000,0.0000,0.0000,0.0000,False,False,False,False,True,41.8775,False
73.2129,0.0000,0.0000,0.0000,0.0000,False,False,False,False,True,42.5436,False
73.2796,0.0000,0.0000,0.0000,0.0000,False,False,False,False,True,43.2130,False
73.3305,0.0000,0.0000,0.0000,0.0000,False,False,False,False,True,44.0609,False
73.3811,0.0000,0.0000,0.0000,0.0000,False,False,False,False,True,44.7091,False
73.4433,0.0000,0.0000,0.0000,0.0000,False,False,False,False,True,45.3563,False
73.4941,0.0000,0.0000,0.0000,0.0000,False,False,False,False,True,46.1540,False
73.5705,0.0000,0.0000,0.0000,0.0000,False,False,False,False,True,46.8072,False
73.6355,0.0000,0.0000,0.0000,0.0000,False,False,False,False,True,47.7917,False
73.6931,0.0000,0.0000,0.0000,0.0000,False,False,False,False,True,48.6325,False
73.7458,0.0000,0.0000,0.0000,0.0000,False,False,False,False,True,49.3786,False
73.8122,0.0000,0.0000,0.0000,0.0000,False,False,False,False,True,50.0633,False
73.8681,0.0000,0.0000,0.0000,0.0000,False,False,False,False,True,50.9269,False
73.9194,0.0000,0.0000,0.0000,0.0000,False,False,False,False,True,51.6568,False
73.9808,0.0000,0.0000,0.0000,0.0000,False,False,False,False,True,52.3262,False
74.0315,0.0000,0.0000,0.0000,0.0000,False,False,False,False,True,53.1311,False
74.0868,0.0000,0.0000,0.0000,0.0000,False,False,False,False,True,53.7953,False
74.1484,0.0000,0.0000,0.0000,0.0000,False,False,False,False,True,54.5212,False
74.2010,0.0000,0.0000,0.0000,0.0000,False,False,False,False,True,55.3315,False
74.2534,0.0000,0.0000,0.0000,0.0000,False,False,False,False,True,56.0247,False
74.3149,0.0000,0.0000,0.0000,0.0000,False,False,False,False,True,56.7170,False
74.3662,0.0000,0.0000,0.0000,0.0000,False,False,False,False,True,57.5295,False
74.4188,0.0000,0.0000,0.0000,0.0000,False,False,False,False,True,58.2083,False
74.4826,0.0000,0.0000,0.0000,0.0000,False,False,False,False,True,58.9043,False
74.5351,0.0000,0.0000,0.0000,0.0000,False,False,False,False,True,59.7503,False
74.5885,0.0000,0.0000,0.0000,0.0000,False,False,False,False,True,60.4478,False
74.6506,0.0000,0.0000,0.0000,0.0000,False,False,False,False,True,61.1583,False
74.7035,0.0000,0.0000,0.0000,0.0000,False,False,False,False,True,61.9849,False
74.7649,0.0000,0.0000,0.0000,0.0000,False,False,False,False,True,62.6893,False
74.8343,0.0000,0.0000,0.0000,0.0000,False,False,False,False,True,63.5084,False
74.8913,0.0000,0.0000,0.0000,0.0000,False,False,False,False,True,64.4345,False
74.9503,0.0000,0.0000,0.0000,0.0000,False,False,False,False,True,65.1960,False
75.0118,0.0000,0.0000,0.0000,0.0000,False,False,False,False,True,65.9854,False
75.0646,0.0000,0.0000,0.0000,0.0000,False,False,False,False,True,66.8099,False
75.1188,0.0000,0.0000,0.0000,0.0000,False,False,False,False,True,67.5168,False
75.1823,0.0000,0.0000,0.0000,0.0000,False,False,False,False,True,68.2439,False
75.2351,0.0000,0.0000,0.0000,0.0000,False,False,False,False,True,69.0968,False
75.2901,0.0000,0.0000,0.0000,0.0000,False,False,False,False,True,69.8054,False
75.3514,0.0000,0.0000,0.0000,0.0000,False,False,False,False,True,70.5453,False
75.4053,0.0000,0.0000,0.0000,0.0000,False,False,False,False,True,71.3703,False
75.4585,0.0000,0.0000,0.0000,0.0000,False,False,False,False,True,72.0961,False
75.5195,0.0000,0.0000,0.0000,0.0000,False,False,False,False,True,72.8121,False
75.5702,0.0000,0.0000,0.0000,0.0000,False,False,False,False,True,73.6345,False
75.6250,0.0000,0.0000,0.0000,0.0000,False,False,False,False,True,74.3183,False
75.6975,0.0000,0.0000,0.0000,0.0000,False,False,False,False,True,75.0583,False
75.7542,0.0000,0.0000,0.0000,0.0000,False,False,False,False,True,76.0378,False
75.8078,0.0000,0.0000,0.0000,0.0000,False,False,False,False,True,76.8045,False
75.8705,0.0000,0.0000,0.0000,0.0000,False,False,False,False,True,77.5286,False
75.9227,0.0000,0.0000,0.0000,0.0000,False,False,False,False,True,78.3768,False
75.9746,0.0000,0.0000,0.0000,0.0000,False,False,False,False,True,79.0840,False
76.0381,0.0000,0.0000,0.0000,0.0000,False,False,False,False,True,79.7871,False
76.0886,0.0000,0.0000,0.0000,0.0000,False,False,False,False,True,80.6470,False
76.1450,0.0000,0.0000,0.0000,0.0000,False,False,False,False,True,81.3310,False
76.2068,0.0000,0.0000,0.0000,0.0000,False,False,False,False,True,82.0960,False
76.2598,0.0000,0.0000,0.0000,0.0000,False,False,False,False,True,82.9347,False
76.3126,0.0000,0.0000,0.0000,0.0000,False,False,False,False,True,83.6550,False
76.3762,0.0000,0.0000,0.0000,0.0000,False,False,False,False,True,84.3720,False
76.4301,0.0000,0.0000,0.0000,0.0000,False,False,False,False,True,85.2350,False
76.4865,0.0000,0.0000,0.0000,0.0000,False,False,False,False,True,85.9679,False
76.5475,0.0000,0.0000,0.0000,0.0000,False,False,False,False,True,86.7345,False
76.6012,0.0000,0.0000,0.0000,0.0000,False,False,False,False,True,87.5654,False
76.6555,0.0000,0.0000,0.0000,0.0000,False,False,False,False,True,88.2958,False
76.7180,0.0000,0.0000,0.0000,0.0000,False,False,False,False,True,89.0350,False
76.7735,0.0000,0.0000,0.0000,0.0000,False,False,False,False,True,89.8862,False
76.8265,0.0000,0.0000,0.0000,0.0000,False,False,False,False,True,90.6420,False
76.8903,0.0000,0.0000,0.0000,0.0000,False,False,False,False,True,91.3644,False
76.9450,0.0000,0.0000,0.0000,0.0000,False,False,False,False,True,92.2341,False
76.9964,0.0000,0.0000,0.0000,0.0000,False,False,False,False,True,92.9793,False
77.0591,0.0000,0.0000,0.0000,0.0000,False,False,False,False,True,93.6803,False
77.1159,0.0000,0.0000,0.0000,0.0000,False,False,False,False,True,94.5366,False
77.1700,0.0000,0.0000,0.0000,0.0000,False,False,False,False,True,95.3112,False
77.2398,0.0000,0.0000,0.0000,0.0000,False,False,False,False,True,96.0504,False
77.2914,0.0000,0.0000,0.0000,0.0000,False,False,False,False,True,97.0037,False
77.3435,0.0000,0.0000,0.0000,0.0000,False,False,False,False,True,97.7084,False
77.4058,0.0000,0.0000,0.0000,0.0000,False,False,False,False,True,98.4194,False
77.4583,0.0000,0.0000,0.0000,0.0000,False,False,False,False,True,99.2716,False
77.5103,0.0000,0.0000,0.0000,0.0000,False,False,False,False,True,99.9891,False
77.5737,0.0000,0.0000,0.0000,0.0000,False,False,False,False,True,100.6998,False
77.6311,0.0000,0.0000,0.0000,0.0000,False,False,False,False,True,101.5673,False
77.6848,0.0000,0.0000,0.0000,0.0000,False,False,False,False,True,102.3527,False
77.7510,0.0000,0.0000,0.0000,0.0000,False,False,False,False,True,103.0872,False
77.8025,0.0000,0.0000,0.0000,0.0000,False,False,False,False,True,103.9922,False
77.8539,0.0000,0.0000,0.0000,0.0000,False,False,False,False,True,104.6980,False
77.9163,0.0000,0.0000,0.0000,0.0000,False,False,False,False,True,105.4021,False
77.9718,0.0000,0.0000,0.0000,0.0000,False,False,False,False,True,106.2558,False
78.0300,0.0000,0.0000,0.0000,0.0000,False,False,False,False,True,107.0168,False
78.0928,0.0000,0.0000,0.0000,0.0000,False,False,False,False,True,107.8131,False
78.1525,0.0000,0.0000,0.0000,0.0000,False,False,False,False,True,108.6745,False
78.2092,0.0000,0.0000,0.0000,0.0000,False,False,False,False,True,109.4924,False
78.2727,0.0000,0.0000,0.0000,0.0000,False,False,False,False,True,110.2700,False
78.3269,0.0000,0.0000,0.0000,0.0000,False,False,False,False,True,111.1414,False
78.3788,0.0000,0.0000,0.0000,0.0000,False,False,False,False,True,111.8844,False
78.4419,0.0000,0.0000,0.0000,0.0000,False,False,False,False,True,112.5956,False
78.5032,0.0000,0.0000,0.0000,0.0000,False,False,False,False,True,113.4612,False
78.5545,0.0000,0.0000,0.0000,0.0000,False,False,False,False,True,114.3031,False
78.6173,0.0000,0.0000,0.0000,0.0000,False,False,False,False,True,115.0073,False
78.6741,0.0000,0.0000,0.0000,0.0000,False,False,False,False,True,115.8694,False
78.7306,0.0000,0.0000,0.0000,0.0000,False,False,False,False,True,116.6485,False
78.7999,0.0000,0.0000,0.0000,0.0000,False,False,False,False,True,117.4241,False
78.8560,0.0000,0.0000,0.0000,0.0000,False,False,False,False,True,118.3764,False
78.9073,0.0000,0.0000,0.0000,0.0000,False,False,False,False,True,119.1472,False
78.9711,0.0000,0.0000,0.0000,0.0000,False,False,False,False,True,119.8512,False
79.0231,0.0000,0.0000,0.0000,0.0000,False,False,False,False,True,120.7285,False
79.0748,0.0000,0.0000,0.0000,0.0000,False,False,False,False,True,121.4425,False
79.1400,0.0000,0.0000,0.0000,0.0000,False,False,False,False,True,122.1531,False
79.1941,0.0000,0.0000,0.0000,0.0000,False,False,False,False,True,123.0488,False
79.2474,0.0000,0.0000,0.0000,0.0000,False,False,False,False,True,123.7924,False
79.3104,0.0000,0.0000,0.0000,0.0000,False,False,False,False,True,124.5254,False
79.3612,0.0000,0.0000,0.0000,0.0000,False,False,False,False,True,125.3924,False
79.4155,0.0000,0.0000,0.0000,0.0000,False,False,False,False,True,126.0906,False
79.4777,0.0000,0.0000,0.0000,0.0000,False,False,False,False,True,126.8371,False
79.5586,0.0000,0.0000,0.0000,0.0000,False,False,False,False,True,127.6934,False
79.6173,0.0000,0.0000,0.0000,0.0000,False,False,False,False,True,128.8062,False
79.6823,0.0000,0.0000,0.0000,0.0000,False,False,False,False,True,129.6141,False
79.7367,0.0000,0.0000,0.0000,0.0000,False,False,False,False,True,130.5080,False
79.8172,0.0000,0.0000,0.0000,0.0000,False,False,False,False,True,131.2573,False
79.8787,0.0000,0.0000,0.0000,0.0000,False,False,False,False,True,132.3650,False
79.9324,0.0000,0.0000,0.0000,0.0000,False,False,False,False,True,133.2116,False
79.9851,0.0000,0.0000,0.0000,0.0000,False,False,False,False,True,133.9513,False
80.0517,0.0000,0.0000,0.0000,0.0000,False,False,False,False,True,134.6765,False
80.1032,0.0000,0.0000,0.0000,0.0000,False,False,False,False,True,135.5928,False
80.1599,0.0000,0.0000,0.0000,0.0000,False,False,False,False,True,136.3031,False
80.2228,0.0000,0.0000,0.0000,0.0000,False,False,False,False,True,137.0842,False
80.2770,0.0000,0.0000,0.0000,0.0000,False,False,False,False,True,137.9503,False
80.3307,0.0000,0.0000,0.0000,0.0000,False,False,False,False,True,138.6970,False
80.3988,0.0000,0.0000,0.0000,0.0000,False,False,False,False,True,139.4361,False
80.4563,0.0000,0.0000,0.0000,0.0000,False,False,False,False,True,140.3750,False
80.5089,0.0000,0.0000,0.0000,0.0000,False,False,False,False,True,141.1673,False
80.5727,0.0000,0.0000,0.0000,0.0000,False,False,False,False,True,141.8925,False
80.6244,0.0000,0.0000,0.0000,0.0000,False,False,False,False,True,142.7707,False
80.6813,0.0000,0.0000,0.0000,0.0000,False,False,False,False,True,143.4843,False
80.7494,0.0000,0.0000,0.0000,0.0000,False,False,False,False,True,144.2680,False
80.8066,0.0000,0.0000,0.0000,0.0000,False,False,False,False,True,145.2075,False
80.8633,0.0000,0.0000,0.0000,0.0000,False,False,False,False,True,145.9950,False
80.9356,0.0000,0.0000,0.0000,0.0000,False,False,False,False,True,146.7778,False
80.9876,0.0000,0.0000,0.0000,0.0000,False,False,False,False,True,147.7739,False
81.0416,0.0000,0.0000,0.0000,0.0000,False,False,False,False,True,148.4909,False
81.1058,0.0000,0.0000,0.0000,0.0000,False,False,False,False,True,149.2356,False
81.1620,0.0000,0.0000,0.0000,0.0000,False,False,False,False,True,150.1222,False
81.2189,0.0000,0.0000,0.0000,0.0000,False,False,False,False,True,150.8976,False
81.2862,0.0000,0.0000,0.0000,0.0000,False,False,False,False,True,151.6819,False
81.3380,0.0000,0.0000,0.0000,0.0000,False,False,False,False,True,152.6109,False
81.3902,0.0000,0.0000,0.0000,0.0000,False,False,False,False,True,153.3248,False
81.4554,0.0000,0.0000,0.0000,0.0000,False,False,False,False,True,154.0447,False
81.5071,0.0000,0.0000,0.0000,0.0000,False,False,False,False,True,154.9444,False
81.5589,0.0000,0.0000,0.0000,0.0000,False,False,False,False,True,155.6576,False
81.6226,0.0000,0.0000,0.0000,0.0000,False,False,False,False,True,156.3738,False
81.6799,0.0000,0.0000,0.0000,0.0000,False,False,False,False,True,157.2521,False
81.7336,0.0000,0.0000,0.0000,0.0000,False,False,False,False,True,158.0427,False
81.7991,0.0000,0.0000,0.0000,0.0000,False,False,False,False,True,158.7843,False
81.8540,0.0000,0.0000,0.0000,0.0000,False,False,False,False,True,159.6889,False
81.9063,0.0000,0.0000,0.0000,0.0000,False,False,False,False,True,160.4467,False
81.9687,0.0000,0.0000,0.0000,0.0000,False,False,False,False,True,161.1684,False
82.0351,0.0000,0.0000,0.0000,0.0000,False,False,False,False,True,162.0301,False
82.0879,0.0000,0.0000,0.0000,0.0000,False,False,False,False,True,162.9464,False
82.1544,0.0000,0.0000,0.0000,0.0000,False,False,False,False,True,163.6749,False
82.2079,0.0000,0.0000,0.0000,0.0000,False,False,False,False,True,164.5933,False
82.2623,0.0000,0.0000,0.0000,0.0000,False,False,False,False,True,165.3323,False
82.3242,0.0000,0.0000,0.0000,0.0000,False,False,False,False,True,166.0833,False
82.3762,0.0000,0.0000,0.0000,0.0000,False,False,False,False,True,166.9389,False
82.4280,0.0000,0.0000,0.0000,0.0000,False,False,False,False,True,167.6570,False
82.4911,0.0000,0.0000,0.0000,0.0000,False,False,False,False,True,168.3729,False
82.5453,0.0000,0.0000,0.0000,0.0000,False,False,False,False,True,169.2447,False
82.5999,0.0000,0.0000,0.0000,0.0000,False,False,False,False,True,169.9928,False
82.6653,0.0000,0.0000,0.0000,0.0000,False,False,False,False,True,170.7468,False
82.7194,0.0000,0.0000,0.0000,0.0000,False,False,False,False,True,171.6499,False
82.7745,0.0000,0.0000,0.0000,0.0000,False,False,False,False,True,172.3985,False
82.8465,0.0000,0.0000,0.0000,0.0000,False,False,False,False,True,173.1590,False
82.9035,0.0000,0.0000,0.0000,0.0000,False,False,False,False,True,174.1536,False
82.9551,0.0000,0.0000,0.0000,0.0000,False,False,False,False,True,174.9417,False
83.0191,0.0000,0.0000,0.0000,0.0000,False,False,False,False,True,175.6549,False
83.0717,0.0000,0.0000,0.0000,0.0000,False,False,False,False,True,176.5398,False
83.1239,0.0000,0.0000,0.0000,0.0000,False,False,False,False,True,177.2665,False
83.1917,0.0000,0.0000,0.0000,0.0000,False,False,False,False,True,177.9871,False
83.2454,0.0000,0.0000,0.0000,0.0000,False,False,False,False,True,178.9247,False
83.2991,0.0000,0.0000,0.0000,0.0000,False,False,False,False,True,179.6670,False
83.3608,0.0000,0.0000,0.0000,0.0000,False,False,False,False,True,180.4096,False
83.4155,0.0000,0.0000,0.0000,0.0000,False,False,False,False,True,181.2614,False
83.4672,0.0000,0.0000,0.0000,0.0000,False,False,False,False,True,182.0180,False
83.5319,0.0000,0.0000,0.0000,0.0000,False,False,False,False,True,182.7332,False
83.6443,0.0000,0.0000,0.0000,0.0000,False,False,False,False,True,183.6277,False
83.7055,0.0000,0.0000,0.0000,0.0000,False,False,False,False,True,185.1817,False
83.7611,0.0000,0.0000,0.0000,0.0000,False,False,False,False,True,186.0274,False
83.8147,0.0000,0.0000,0.0000,0.0000,False,False,False,False,True,186.7955,False
83.8806,0.0000,0.0000,0.0000,0.0000,False,False,False,False,True,187.5377,False
83.9345,0.0000,0.0000,0.0000,0.0000,False,False,False,False,True,188.4483,False
83.9862,0.0000,0.0000,0.0000,0.0000,False,False,False,False,True,189.1938,False
84.0505,0.0000,0.0000,0.0000,0.0000,False,False,False,False,True,189.9082,False
84.1024,0.0000,0.0000,0.0000,0.0000,False,False,False,False,True,190.7980,False
84.1599,0.0000,0.0000,0.0000,0.0000,False,False,False,False,True,191.5156,False
84.2252,0.0000,0.0000,0.0000,0.0000,False,False,False,False,True,192.3112,False
84.2795,0.0000,0.0000,0.0000,0.0000,False,False,False,False,True,193.2141,False
84.3351,0.0000,0.0000,0.0000,0.0000,False,False,False,False,True,193.9648,False
84.3993,0.0000,0.0000,0.0000,0.0000,False,False,False,False,True,194.7344,False
84.4584,0.0000,0.0000,0.0000,0.0000,False,False,False,False,True,195.6220,False
84.5102,0.0000,0.0000,0.0000,0.0000,False,False,False,False,True,196.4399,False
84.5753,0.0000,0.0000,0.0000,0.0000,False,False,False,False,True,197.1566,False
84.6283,0.0000,0.0000,0.0000,0.0000,False,False,False,False,True,198.0572,False
84.6828,0.0000,0.0000,0.0000,0.0000,False,False,False,False,True,198.7902,False
84.7464,0.0000,0.0000,0.0000,0.0000,False,False,False,False,True,199.5445,False
84.7996,0.0000,0.0000,0.0000,0.0000,False,False,False,False,True,200.4241,False
84.8564,0.0000,0.0000,0.0000,0.0000,False,False,False,False,True,201.1606,False
84.9211,0.0000,0.0000,0.0000,0.0000,False,False,False,False,True,201.9453,False
84.9730,0.0000,0.0000,0.0000,0.0000,False,False,False,False,True,202.8413,False
85.0256,0.0000,0.0000,0.0000,0.0000,False,False,False,False,True,203.5596,False
85.0890,0.0000,0.0000,0.0000,0.0000,False,False,False,False,True,204.2873,False
85.1423,0.0000,0.0000,0.0000,0.0000,False,False,False,False,True,205.1647,False
85.1977,0.0000,0.0000,0.0000,0.0000,False,False,False,False,True,205.9022,False
85.2636,0.0000,0.0000,0.0000,0.0000,False,False,False,False,True,206.6678,False
85.3292,0.0000,0.0000,0.0000,0.0000,False,False,False,False,True,207.5801,False
85.3824,0.0000,0.0000,0.0000,0.0000,False,False,False,False,True,208.4876,False
85.4444,0.0000,0.0000,0.0000,0.0000,False,False,False,False,True,209.2239,False
85.4955,0.0000,0.0000,0.0000,0.0000,False,False,False,False,True,210.0829,False
85.5469,0.0000,0.0000,0.0000,0.0000,False,False,False,False,True,210.7901,False
85.6117,0.0000,0.0000,0.0000,0.0000,False,False,False,False,True,211.5007,False
85.6889,0.0000,0.0000,0.0000,0.0000,False,False,False,False,True,212.3976,False
85.7420,0.0000,0.0000,0.0000,0.0000,False,False,False,False,True,213.4665,False
85.8040,0.0000,0.0000,0.0000,0.0000,False,False,False,False,True,214.2011,False
85.8588,0.0000,0.0000,0.0000,0.0000,False,False,False,False,True,215.0606,False
85.9148,0.0000,0.0000,0.0000,0.0000,False,False,False,False,True,215.8191,False
85.9769,0.0000,0.0000,0.0000,0.0000,False,False,False,False,True,216.5941,False
86.0309,0.0000,0.0000,0.0000,0.0000,False,False,False,False,True,217.4531,False
86.0866,0.0000,0.0000,0.0000,0.0000,False,False,False,False,True,218.2006,False
86.1557,0.0000,0.0000,0.0000,0.0000,False,False,False,False,True,218.9712,False
86.2147,0.0000,0.0000,0.0000,0.0000,False,False,False,False,True,219.9280,False
86.2678,0.0000,0.0000,0.0000,0.0000,False,False,False,False,True,220.7453,False
86.3315,0.0000,0.0000,0.0000,0.0000,False,False,False,False,True,221.4811,False
86.3824,0.0000,0.0000,0.0000,0.0000,False,False,False,False,True,222.3629,False
86.4376,0.0000,0.0000,0.0000,0.0000,False,False,False,False,True,223.0666,False
86.4996,0.0000,0.0000,0.0000,0.0000,False,False,False,False,True,223.8313,False
86.5504,0.0000,0.0000,0.0000,0.0000,False,False,False,False,True,224.6896,False
86.6022,0.0000,0.0000,0.0000,0.0000,False,False,False,False,True,225.3925,False
86.6662,0.0000,0.0000,0.0000,0.0000,False,False,False,False,True,226.1102,False
86.7229,0.0000,0.0000,0.0000,0.0000,False,False,False,False,True,226.9967,False
86.7766,0.0000,0.0000,0.0000,0.0000,False,False,False,False,True,227.7824,False
86.8396,0.0000,0.0000,0.0000,0.0000,False,False,False,False,True,228.5252,False
86.8949,0.0000,0.0000,0.0000,0.0000,False,False,False,False,True,229.3977,False
86.9520,0.0000,0.0000,0.0000,0.0000,False,False,False,False,True,230.1632,False
87.0144,0.0000,0.0000,0.0000,0.0000,False,False,False,False,True,230.9548,False
87.0680,0.0000,0.0000,0.0000,0.0000,False,False,False,False,True,231.8184,False
87.1216,0.0000,0.0000,0.0000,0.0000,False,False,False,False,True,232.5604,False
87.1840,0.0000,0.0000,0.0000,0.0000,False,False,False,False,True,233.3025,False
87.2398,0.0000,0.0000,0.0000,0.0000,False,False,False,False,True,234.1666,False
87.2927,0.0000,0.0000,0.0000,0.0000,False,False,False,False,True,234.9397,False
87.3539,0.0000,0.0000,0.0000,0.0000,False,False,False,False,True,235.6721,False
87.4043,0.0000,0.0000,0.0000,0.0000,False,False,False,False,True,236.5197,False
87.4585,0.0000,0.0000,0.0000,0.0000,False,False,False,False,True,237.2187,False
87.5203,0.0000,0.0000,0.0000,0.0000,False,False,False,False,True,237.9686,False
87.5735,0.0000,0.0000,0.0000,0.0000,False,False,False,False,True,238.8250,False
87.6246,0.0000,0.0000,0.0000,0.0000,False,False,False,False,True,239.5618,False
87.6897,0.0000,0.0000,0.0000,0.0000,False,False,False,False,True,240.2702,False
87.7494,0.0000,0.0000,0.0000,0.0000,False,False,False,False,True,241.1708,False
87.8068,0.0000,0.0000,0.0000,0.0000,False,False,False,False,True,241.9979,False
87.8697,0.0000,0.0000,0.0000,0.0000,False,False,False,False,True,242.7938,False
87.9258,0.0000,0.0000,0.0000,0.0000,False,False,False,False,True,243.6653,False
87.9773,0.0000,0.0000,0.0000,0.0000,False,False,False,False,True,244.4419,False
88.0395,0.0000,0.0000,0.0000,0.0000,False,False,False,False,True,245.1555,False
88.0942,0.0000,0.0000,0.0000,0.0000,False,False,False,False,True,246.0177,False
88.1458,0.0000,0.0000,0.0000,0.0000,False,False,False,False,True,246.7750,False
88.2116,0.0000,0.0000,0.0000,0.0000,False,False,False,False,True,247.4895,False
88.2675,0.0000,0.0000,0.0000,0.0000,False,False,False,False,True,248.4009,False
88.3242,0.0000,0.0000,0.0000,0.0000,False,False,False,False,True,249.1764,False
88.3866,0.0000,0.0000,0.0000,0.0000,False,False,False,False,True,249.9612,False
88.4381,0.0000,0.0000,0.0000,0.0000,False,False,False,False,True,250.8255,False
88.4899,0.0000,0.0000,0.0000,0.0000,False,False,False,False,True,251.5396,False
88.5575,0.0000,0.0000,0.0000,0.0000,False,False,False,False,True,252.2568,False
88.6147,0.0000,0.0000,0.0000,0.0000,False,False,False,False,True,253.1933,False
88.6662,0.0000,0.0000,0.0000,0.0000,False,False,False,False,True,253.9861,False
88.7334,0.0000,0.0000,0.0000,0.0000,False,False,False,False,True,254.6999,False
88.7891,0.0000,0.0000,0.0000,0.0000,False,False,False,False,True,255.6311,False
88.8439,0.0000,0.0000,0.0000,0.0000,False,False,False,False,True,256.4022,False
88.9073,0.0000,0.0000,0.0000,0.0000,False,False,False,False,True,257.1614,False
88.9595,0.0000,0.0000,0.0000,0.0000,False,False,False,False,True,258.0404,False
89.0121,0.0000,0.0000,0.0000,0.0000,False,False,False,False,True,258.7644,False
89.0753,0.0000,0.0000,0.0000,0.0000,False,False,False,False,True,259.4928,False
89.1281,0.0000,0.0000,0.0000,0.0000,False,False,False,False,True,260.3679,False
89.1848,0.0000,0.0000,0.0000,0.0000,False,False,False,False,True,261.0994,False
89.2505,0.0000,0.0000,0.0000,0.0000,False,False,False,False,True,261.8859,False
89.3068,0.0000,0.0000,0.0000,0.0000,False,False,False,False,True,262.7963,False
89.3618,0.0000,0.0000,0.0000,0.0000,False,False,False,False,True,263.5758,False
89.4322,0.0000,0.0000,0.0000,0.0000,False,False,False,False,True,264.3389,False
89.4834,0.0000,0.0000,0.0000,0.0000,False,False,False,False,True,265.3137,False
89.5364,0.0000,0.0000,0.0000,0.0000,False,False,False,False,True,266.0231,False
89.6011,0.0000,0.0000,0.0000,0.0000,False,False,False,False,True,266.7581,False
89.6552,0.0000,0.0000,0.0000,0.0000,False,False,False,False,True,267.6548,False
89.7114,0.0000,0.0000,0.0000,0.0000,False,False,False,False,True,268.4051,False
89.7750,0.0000,0.0000,0.0000,0.0000,False,False,False,False,True,269.1837,False
89.8322,0.0000,0.0000,0.0000,0.0000,False,False,False,False,True,270.0646,False
89.8862,0.0000,0.0000,0.0000,0.0000,False,False,False,False,True,270.8576,False
89.9735,0.0000,0.0000,0.0000,0.0000,False,False,False,False,True,271.6068,False
90.0254,0.0000,0.0000,0.0000,0.0000,False,False,False,False,True,272.8161,False
90.0781,0.0000,0.0000,0.0000,0.0000,False,False,False,False,True,273.5361,False
90.1426,0.0000,0.0000,0.0000,0.0000,False,False,False,False,True,274.2655,False
90.1937,0.0000,0.0000,0.0000,0.0000,False,False,False,False,True,275.1596,False
90.2519,0.0000,0.0000,0.0000,0.0000,False,False,False,False,True,275.8676,False
90.3231,0.0000,0.0000,0.0000,0.0000,False,False,False,False,True,276.6745,False
90.3766,0.0000,0.0000,0.0000,0.0000,False,False,False,False,True,277.6611,False
90.4300,0.0000,0.0000,0.0000,0.0000,False,False,False,False,True,278.4029,False
90.4930,0.0000,0.0000,0.0000,0.0000,False,False,False,False,True,279.1436,False
90.5476,0.0000,0.0000,0.0000,0.0000,False,False,False,False,True,280.0162,False
90.5998,0.0000,0.0000,0.0000,0.0000,False,False,False,False,True,280.7728,False
90.6625,0.0000,0.0000,0.0000,0.0000,False,False,False,False,True,281.4972,False
90.7150,0.0000,0.0000,0.0000,0.0000,False,False,False,False,True,282.3663,False
90.7696,0.0000,0.0000,0.0000,0.0000,False,False,False,False,True,283.0940,False
90.8328,0.0000,0.0000,0.0000,0.0000,False,False,False,False,True,283.8504,False
90.8877,0.0000,0.0000,0.0000,0.0000,False,False,False,False,True,284.7272,False
90.9418,0.0000,0.0000,0.0000,0.0000,False,False,False,False,True,285.4883,False
91.0046,0.0000,0.0000,0.0000,0.0000,False,False,False,False,True,286.2384,False
91.0559,0.0000,0.0000,0.0000,0.0000,False,False,False,False,True,287.1090,False
91.1128,0.0000,0.0000,0.0000,0.0000,False,False,False,False,True,287.8196,False
91.1828,0.0000,0.0000,0.0000,0.0000,False,False,False,False,True,288.6079,False
91.2464,0.0000,0.0000,0.0000,0.0000,False,False,False,False,True,289.5788,False
91.3093,0.0000,0.0000,0.0000,0.0000,False,False,False,False,True,290.4607,False
91.3712,0.0000,0.0000,0.0000,0.0000,False,False,False,False,True,291.3331,False
91.4222,0.0000,0.0000,0.0000,0.0000,False,False,False,False,True,292.1903,False
91.4752,0.0000,0.0000,0.0000,0.0000,False,False,False,False,True,292.8980,False
91.5371,0.0000,0.0000,0.0000,0.0000,False,False,False,False,True,293.6323,False
91.5886,0.0000,0.0000,0.0000,0.0000,False,False,False,False,True,294.4906,False
91.6405,0.0000,0.0000,0.0000,0.0000,False,False,False,False,True,295.2042,False
91.7031,0.0000,0.0000,0.0000,0.0000,False,False,False,False,True,295.9242,False
91.7597,0.0000,0.0000,0.0000,0.0000,False,False,False,False,True,296.7920,False
91.8310,0.0000,0.0000,0.0000,0.0000,False,False,False,False,True,297.5772,False
91.8935,0.0000,0.0000,0.0000,0.0000,False,False,False,False,True,298.5655,False
91.9447,0.0000,0.0000,0.0000,0.0000,False,False,False,False,True,299.4318,False
91.9968,0.0000,0.0000,0.0000,0.0000,False,False,False,False,True,300.1421,False
92.0690,0.0000,0.0000,0.0000,0.0000,False,False,False,False,True,300.8634,False
92.1218,0.0000,0.0000,0.0000,0.0000,False,False,False,False,True,301.8652,False
92.1743,0.0000,0.0000,0.0000,0.0000,False,False,False,False,True,302.5976,False
92.2417,0.0000,0.0000,0.0000,0.0000,False,False,False,False,True,303.3257,False
92.2966,0.0000,0.0000,0.0000,0.0000,False,False,False,False,True,304.2600,False
92.3500,0.0000,0.0000,0.0000,0.0000,False,False,False,False,True,305.0207,False
92.4126,0.0000,0.0000,0.0000,0.0000,False,False,False,False,True,305.7605,False
92.4644,0.0000,0.0000,0.0000,0.0000,False,False,False,False,True,306.6292,False
92.5174,0.0000,0.0000,0.0000,0.0000,False,False,False,False,True,307.3467,False
92.5795,0.0000,0.0000,0.0000,0.0000,False,False,False,False,True,308.0823,False
92.6309,0.0000,0.0000,0.0000,0.0000,False,False,False,False,True,308.9433,False
92.6831,0.0000,0.0000,0.0000,0.0000,False,False,False,False,True,309.6565,False
92.7491,0.0000,0.0000,0.0000,0.0000,False,False,False,False,True,310.3802,False
92.8056,0.0000,0.0000,0.0000,0.0000,False,False,False,False,True,311.2956,False
92.8646,0.0000,0.0000,0.0000,0.0000,False,False,False,False,True,312.0781,False
92.9286,0.0000,0.0000,0.0000,0.0000,False,False,False,False,True,312.8965,False
92.9808,0.0000,0.0000,0.0000,0.0000,False,False,False,False,True,313.7849,False
93.0344,0.0000,0.0000,0.0000,0.0000,False,False,False,False,True,314.5081,False
93.0975,0.0000,0.0000,0.0000,0.0000,False,False,False,False,True,315.2517,False
93.1858,0.0000,0.0000,0.0000,0.0000,False,False,False,False,True,316.1267,False
93.2478,0.0000,0.0000,0.0000,0.0000,False,False,False,False,True,317.3504,False
93.3060,0.0000,0.0000,0.0000,0.0000,False,False,False,False,True,318.2111,False
93.3592,0.0000,0.0000,0.0000,0.0000,False,False,False,False,True,319.0182,False
93.4230,0.0000,0.0000,0.0000,0.0000,False,False,False,False,True,319.7554,False
93.4769,0.0000,0.0000,0.0000,0.0000,False,False,False,False,True,320.6406,False
93.5300,0.0000,0.0000,0.0000,0.0000,False,False,False,False,True,321.3887,False
93.5975,0.0000,0.0000,0.0000,0.0000,False,False,False,False,True,322.1241,False
93.6549,0.0000,0.0000,0.0000,0.0000,False,False,False,False,True,323.0606,False
93.7077,0.0000,0.0000,0.0000,0.0000,False,False,False,False,True,323.8571,False
93.7741,0.0000,0.0000,0.0000,0.0000,False,False,False,False,True,324.5890,False
93.8305,0.0000,0.0000,0.0000,0.0000,False,False,False,False,True,325.5093,False
93.8870,0.0000,0.0000,0.0000,0.0000,False,False,False,False,True,326.2912,False
93.9495,0.0000,0.0000,0.0000,0.0000,False,False,False,False,True,327.0751,False
94.0020,0.0000,0.0000,0.0000,0.0000,False,False,False,False,True,327.9419,False
94.0540,0.0000,0.0000,0.0000,0.0000,False,False,False,False,True,328.6702,False
94.1180,0.0000,0.0000,0.0000,0.0000,False,False,False,False,True,329.3911,False
94.1708,0.0000,0.0000,0.0000,0.0000,False,False,False,False,True,330.2790,False
94.2257,0.0000,0.0000,0.0000,0.0000,False,False,False,False,True,331.0118,False
94.2955,0.0000,0.0000,0.0000,0.0000,False,False,False,False,True,331.7732,False
94.3486,0.0000,0.0000,0.0000,0.0000,False,False,False,False,True,332.7413,False
94.4105,0.0000,0.0000,0.0000,0.0000,False,False,False,False,True,333.4779,False
94.5103,0.0000,0.0000,0.0000,0.0000,False,False,False,False,True,334.3355,False
94.5587,0.0000,0.0000,0.0000,0.0000,False,False,False,False,True,335.7201,False
94.6100,0.0000,0.0000,0.0000,0.0000,False,False,False,False,True,336.3912,False
94.6721,0.0000,0.0000,0.0000,0.0000,False,False,False,False,True,337.1026,False
94.7254,0.0000,0.0000,0.0000,0.0000,False,False,False,False,True,337.9647,False
94.7838,0.0000,0.0000,0.0000,0.0000,False,False,False,False,True,338.7037,False
94.8455,0.0000,0.0000,0.0000,0.0000,False,False,False,False,True,339.5139,False
94.9023,0.0000,0.0000,0.0000,0.0000,False,False,False,False,True,340.3696,False
94.9666,0.0000,0.0000,0.0000,0.0000,False,False,False,False,True,341.1575,False
95.0301,0.0000,0.0000,0.0000,0.0000,False,False,False,False,True,342.0484,False
95.0806,0.0000,0.0000,0.0000,0.0000,False,False,False,False,True,342.9303,False
95.1326,0.0000,0.0000,0.0000,0.0000,False,False,False,False,True,343.6303,False
95.2058,0.0000,0.0000,0.0000,0.0000,False,False,False,False,True,344.3514,False
95.2570,0.0000,0.0000,0.0000,0.0000,False,False,False,False,True,345.3666,False
95.3111,0.0000,0.0000,0.0000,0.0000,False,False,False,False,True,346.0774,False
95.3729,0.0000,0.0000,0.0000,0.0000,False,False,False,False,True,346.8269,False
95.4256,0.0000,0.0000,0.0000,0.0000,False,False,False,False,True,347.6851,False
95.4788,0.0000,0.0000,0.0000,0.0000,False,False,False,False,True,348.4160,False
95.5425,0.0000,0.0000,0.0000,0.0000,False,False,False,False,True,349.1536,False
95.5937,0.0000,0.0000,0.0000,0.0000,False,False,False,False,True,350.0374,False
95.6439,0.0000,0.0000,0.0000,0.0000,False,False,False,False,True,350.7468,False
95.7076,0.0000,0.0000,0.0000,0.0000,False,False,False,False,True,351.4443,False
95.7580,0.0000,0.0000,0.0000,0.0000,False,False,False,False,True,352.3271,False
95.8110,0.0000,0.0000,0.0000,0.0000,False,False,False,False,True,353.0260,False
95.8756,0.0000,0.0000,0.0000,0.0000,False,False,False,False,True,353.7613,False
95.9328,0.0000,0.0000,0.0000,0.0000,False,False,False,False,True,354.6583,False
95.9918,0.0000,0.0000,0.0000,0.0000,False,False,False,False,True,355.4505,False
96.0582,0.0000,0.0000,0.0000,0.0000,False,False,False,False,True,356.2698,False
96.1107,0.0000,0.0000,0.0000,0.0000,False,False,False,False,True,357.1909,False
96.1620,0.0000,0.0000,0.0000,0.0000,False,False,False,False,True,357.9190,False
96.2244,0.0000,0.0000,0.0000,0.0000,False,False,False,False,True,358.6309,False
96.3106,0.0000,0.0000,0.0000,0.0000,False,False,False,False,True,359.4968,False
96.3619,0.0000,0.0000,0.0000,0.0000,False,False,False,False,True,360.6927,False
96.4228,0.0000,0.0000,0.0000,0.0000,False,False,False,False,True,361.4040,False
96.4738,0.0000,0.0000,0.0000,0.0000,False,False,False,False,True,362.2484,False
96.5257,0.0000,0.0000,0.0000,0.0000,False,False,False,False,True,362.9559,False
96.5883,0.0000,0.0000,0.0000,0.0000,False,False,False,False,True,363.6758,False
96.6407,0.0000,0.0000,0.0000,0.0000,False,False,False,False,True,364.5442,False
96.6939,0.0000,0.0000,0.0000,0.0000,False,False,False,False,True,365.2715,False
96.7595,0.0000,0.0000,0.0000,0.0000,False,False,False,False,True,366.0092,False
96.8208,0.0000,0.0000,0.0000,0.0000,False,False,False,False,True,366.9195,False
96.8752,0.0000,0.0000,0.0000,0.0000,False,False,False,False,True,367.7701,False
96.9372,0.0000,0.0000,0.0000,0.0000,False,False,False,False,True,368.5243,False
96.9892,0.0000,0.0000,0.0000,0.0000,False,False,False,False,True,369.3854,False
97.0422,0.0000,0.0000,0.0000,0.0000,False,False,False,False,True,370.1056,False
97.1030,0.0000,0.0000,0.0000,0.0000,False,False,False,False,True,370.8414,False
97.1538,0.0000,0.0000,0.0000,0.0000,False,False,False,False,True,371.6852,False
97.2063,0.0000,0.0000,0.0000,0.0000,False,False,False,False,True,372.3904,False
97.2706,0.0000,0.0000,0.0000,0.0000,False,False,False,False,True,373.1188,False
97.3260,0.0000,0.0000,0.0000,0.0000,False,False,False,False,True,374.0095,False
97.3783,0.0000,0.0000,0.0000,0.0000,False,False,False,False,True,374.7794,False
97.4398,0.0000,0.0000,0.0000,0.0000,False,False,False,False,True,375.5049,False
97.4912,0.0000,0.0000,0.0000,0.0000,False,False,False,False,True,376.3570,False
97.5459,0.0000,0.0000,0.0000,0.0000,False,False,False,False,True,377.0700,False
97.6160,0.0000,0.0000,0.0000,0.0000,False,False,False,False,True,377.8292,False
97.6660,0.0000,0.0000,0.0000,0.0000,False,False,False,False,True,378.8016,False
97.7164,0.0000,0.0000,0.0000,0.0000,False,False,False,False,True,379.4951,False
97.7810,0.0000,0.0000,0.0000,0.0000,False,False,False,False,True,380.1947,False
97.8350,0.0000,0.0000,0.0000,0.0000,False,False,False,False,True,381.0910,False
97.8905,0.0000,0.0000,0.0000,0.0000,False,False,False,False,True,381.8410,False
97.9557,0.0000,0.0000,0.0000,0.0000,False,False,False,False,True,382.6107,False
98.0053,0.0000,0.0000,0.0000,0.0000,False,False,False,False,True,383.5146,False
98.0569,0.0000,0.0000,0.0000,0.0000,False,False,False,False,True,384.2036,False
98.1209,0.0000,0.0000,0.0000,0.0000,False,False,False,False,True,384.9195,False
98.1824,0.0000,0.0000,0.0000,0.0000,False,False,False,False,True,385.8068,False
98.2336,0.0000,0.0000,0.0000,0.0000,False,False,False,False,True,386.6599,False
98.2981,0.0000,0.0000,0.0000,0.0000,False,False,False,False,True,387.3712,False
98.3590,0.0000,0.0000,0.0000,0.0000,False,False,False,False,True,388.2653,False
98.4107,0.0000,0.0000,0.0000,0.0000,False,False,False,False,True,389.1102,False
98.4712,0.0000,0.0000,0.0000,0.0000,False,False,False,False,True,389.8275,False
98.5209,0.0000,0.0000,0.0000,0.0000,False,False,False,False,True,390.6667,False
98.5716,0.0000,0.0000,0.0000,0.0000,False,False,False,False,True,391.3574,False
98.6477,0.0000,0.0000,0.0000,0.0000,False,False,False,False,True,392.0607,False
98.6979,0.0000,0.0000,0.0000,0.0000,False,False,False,False,True,393.1164,False
98.7476,0.0000,0.0000,0.0000,0.0000,False,False,False,False,True,393.8130,False
98.8113,0.0000,0.0000,0.0000,0.0000,False,False,False,False,True,394.5017,False
98.8641,0.0000,0.0000,0.0000,0.0000,False,False,False,False,True,395.3860,False
98.9171,0.0000,0.0000,0.0000,0.0000,False,False,False,False,True,396.1192,False
98.9786,0.0000,0.0000,0.0000,0.0000,False,False,False,False,True,396.8537,False
99.0299,0.0000,0.0000,0.0000,0.0000,False,False,False,False,True,397.7074,False
99.0803,0.0000,0.0000,0.0000,0.0000,False,False,False,False,True,398.4184,False
99.1515,0.0000,0.0000,0.0000,0.0000,False,False,False,False,True,399.1183,False
99.2034,0.0000,0.0000,0.0000,0.0000,False,False,False,False,True,400.1061,False
99.2541,0.0000,0.0000,0.0000,0.0000,False,False,False,False,True,400.8269,False
99.3188,0.0000,0.0000,0.0000,0.0000,False,False,False,False,True,401.5297,False
99.3712,0.0000,0.0000,0.0000,0.0000,False,False,False,False,True,402.4269,False
99.4240,0.0000,0.0000,0.0000,0.0000,False,False,False,False,True,403.1543,False
99.4852,0.0000,0.0000,0.0000,0.0000,False,False,False,False,True,403.8876,False
99.5356,0.0000,0.0000,0.0000,0.0000,False,False,False,False,True,404.7362,False
99.5862,0.0000,0.0000,0.0000,0.0000,False,False,False,False,True,405.4355,False
99.6477,0.0000,0.0000,0.0000,0.0000,False,False,False,False,True,406.1380,False
99.6983,0.0000,0.0000,0.0000,0.0000,False,False,False,False,True,406.9919,False
99.7484,0.0000,0.0000,0.0000,0.0000,False,False,False,False,True,407.6935,False
99.8136,0.0000,0.0000,0.0000,0.0000,False,False,False,False,True,408.3881,False
99.8664,0.0000,0.0000,0.0000,0.0000,False,False,False,False,True,409.2932,False
99.9279,0.0000,0.0000,0.0000,0.0000,False,False,False,False,True,410.0253,False
99.9892,0.0000,0.0000,0.0000,0.0000,False,False,False,False,True,410.8787,False
100.0389,0.0000,0.0000,0.0000,0.0000,False,False,False,False,True,411.7299,False
100.0899,0.0000,0.0000,0.0000,0.0000,False,False,False,False,True,412.4194,False
100.1538,0.0000,0.0000,0.0000,0.0000,False,False,False,False,True,413.1275,False
100.2042,0.0000,0.0000,0.0000,0.0000,False,False,False,False,True,414.0143,False
100.2553,0.0000,0.0000,0.0000,0.0000,False,False,False,False,True,414.7131,False
100.3199,0.0000,0.0000,0.0000,0.0000,False,False,False,False,True,415.4224,False
100.3724,0.0000,0.0000,0.0000,0.0000,False,False,False,False,True,416.3194,False
100.4242,0.0000,0.0000,0.0000,0.0000,False,False,False,False,True,417.0466,False
100.4860,0.0000,0.0000,0.0000,0.0000,False,False,False,False,True,417.7668,False
100.5387,0.0000,0.0000,0.0000,0.0000,False,False,False,False,True,418.6232,False
100.5895,0.0000,0.0000,0.0000,0.0000,False,False,False,False,True,419.3557,False
100.6507,0.0000,0.0000,0.0000,0.0000,False,False,False,False,True,420.0598,False
100.7058,0.0000,0.0000,0.0000,0.0000,False,False,False,False,True,420.9095,False
100.7619,0.0000,0.0000,0.0000,0.0000,False,False,False,False,True,421.6733,False
100.8258,0.0000,0.0000,0.0000,0.0000,False,False,False,False,True,422.4520,False
100.8825,0.0000,0.0000,0.0000,0.0000,False,False,False,False,True,423.3389,False
100.9384,0.0000,0.0000,0.0000,0.0000,False,False,False,False,True,424.1261,False
100.9996,0.0000,0.0000,0.0000,0.0000,False,False,False,False,True,424.9019,False
101.0494,0.0000,0.0000,0.0000,0.0000,False,False,False,False,True,425.7513,False
101.0999,0.0000,0.0000,0.0000,0.0000,False,False,False,False,True,426.4422,False
101.1615,0.0000,0.0000,0.0000,0.0000,False,False,False,False,True,427.1420,False
101.2129,0.0000,0.0000,0.0000,0.0000,False,False,False,False,True,427.9977,False
101.2634,0.0000,0.0000,0.0000,0.0000,False,False,False,False,True,428.7106,False
101.3306,0.0000,0.0000,0.0000,0.0000,False,False,False,False,True,429.4120,False
101.3848,0.0000,0.0000,0.0000,0.0000,False,False,False,False,True,430.3438,False
101.4373,0.0000,0.0000,0.0000,0.0000,False,False,False,False,True,431.0964,False
101.5056,0.0000,0.0000,0.0000,0.0000,False,False,False,False,True,431.8251,False
101.5618,0.0000,0.0000,0.0000,0.0000,False,False,False,False,True,432.7730,False
101.6143,0.0000,0.0000,0.0000,0.0000,False,False,False,False,True,433.5522,False
101.6916,0.0000,0.0000,0.0000,0.0000,False,False,False,False,True,434.2808,False
101.7444,0.0000,0.0000,0.0000,0.0000,False,False,False,False,True,435.3529,False
101.7955,0.0000,0.0000,0.0000,0.0000,False,False,False,False,True,436.0863,False
101.8595,0.0000,0.0000,0.0000,0.0000,False,False,False,False,True,436.7956,False
101.9132,0.0000,0.0000,0.0000,0.0000,False,False,False,False,True,437.6833,False
101.9662,0.0000,0.0000,0.0000,0.0000,False,False,False,False,True,438.4292,False
102.0287,0.0000,0.0000,0.0000,0.0000,False,False,False,False,True,439.1650,False
102.0800,0.0000,0.0000,0.0000,0.0000,False,False,False,False,True,440.0314,False
102.1322,0.0000,0.0000,0.0000,0.0000,False,False,False,False,True,440.7436,False
102.1951,0.0000,0.0000,0.0000,0.0000,False,False,False,False,True,441.4677,False
102.2458,0.0000,0.0000,0.0000,0.0000,False,False,False,False,True,442.3412,False
102.3231,0.0000,0.0000,0.0000,0.0000,False,False,False,False,True,443.0445,False
102.4034,0.0000,0.0000,0.0000,0.0000,False,False,False,False,True,444.1178,False
102.4579,0.0000,0.0000,0.0000,0.0000,False,False,False,False,True,445.2314,False
102.5103,0.0000,0.0000,0.0000,0.0000,False,False,False,False,True,445.9878,False
102.5717,0.0000,0.0000,0.0000,0.0000,False,False,False,False,True,446.7151,False
102.6245,0.0000,0.0000,0.0000,0.0000,False,False,False,False,True,447.5675,False
102.6757,0.0000,0.0000,0.0000,0.0000,False,False,False,False,True,448.2994,False
102.7392,0.0000,0.0000,0.0000,0.0000,False,False,False,False,True,449.0111,False
102.7918,0.0000,0.0000,0.0000,0.0000,False,False,False,False,True,449.8912,False
102.8483,0.0000,0.0000,0.0000,0.0000,False,False,False,False,True,450.6219,False
102.9120,0.0000,0.0000,0.0000,0.0000,False,False,False,False,True,451.4061,False
102.9653,0.0000,0.0000,0.0000,0.0000,False,False,False,False,True,452.2906,False
103.0188,0.0000,0.0000,0.0000,0.0000,False,False,False,False,True,453.0294,False
103.0811,0.0000,0.0000,0.0000,0.0000,False,False,False,False,True,453.7721,False
103.1386,0.0000,0.0000,0.0000,0.0000,False,False,False,False,True,454.6365,False
103.1969,0.0000,0.0000,0.0000,0.0000,False,False,False,False,True,455.4344,False
103.2581,0.0000,0.0000,0.0000,0.0000,False,False,False,False,True,456.2441,False
103.3106,0.0000,0.0000,0.0000,0.0000,False,False,False,False,True,457.0935,False
103.3669,0.0000,0.0000,0.0000,0.0000,False,False,False,False,True,457.8223,False
103.4288,0.0000,0.0000,0.0000,0.0000,False,False,False,False,True,458.6028,False
103.4821,0.0000,0.0000,0.0000,0.0000,False,False,False,False,True,459.4618,False
103.5358,0.0000,0.0000,0.0000,0.0000,False,False,False,False,True,460.2015,False
103.5977,0.0000,0.0000,0.0000,0.0000,False,False,False,False,True,460.9475,False
103.6487,0.0000,0.0000,0.0000,0.0000,False,False,False,False,True,461.8057,False
103.7028,0.0000,0.0000,0.0000,0.0000,False,False,False,False,True,462.5139,False
103.7644,0.0000,0.0000,0.0000,0.0000,False,False,False,False,True,463.2655,False
103.8142,0.0000,0.0000,0.0000,0.0000,False,False,False,False,True,464.1200,False
103.8690,0.0000,0.0000,0.0000,0.0000,False,False,False,False,True,464.8117,False
103.9322,0.0000,0.0000,0.0000,0.0000,False,False,False,False,True,465.5712,False
103.9907,0.0000,0.0000,0.0000,0.0000,False,False,False,False,True,466.4492,False
104.0495,0.0000,0.0000,0.0000,0.0000,False,False,False,False,True,467.2601,False
104.1123,0.0000,0.0000,0.0000,0.0000,False,False,False,False,True,468.0774,False
104.1633,0.0000,0.0000,0.0000,0.0000,False,False,False,False,True,468.9477,False
104.2151,0.0000,0.0000,0.0000,0.0000,False,False,False,False,True,469.6555,False
104.2772,0.0000,0.0000,0.0000,0.0000,False,False,False,False,True,470.3745,False
104.3332,0.0000,0.0000,0.0000,0.0000,False,False,False,False,True,471.2372,False
104.3865,0.0000,0.0000,0.0000,0.0000,False,False,False,False,True,472.0139,False
104.4492,0.0000,0.0000,0.0000,0.0000,False,False,False,False,True,472.7541,False
104.5004,0.0000,0.0000,0.0000,0.0000,False,False,False,False,True,473.6242,False
104.5538,0.0000,0.0000,0.0000,0.0000,False,False,False,False,True,474.3347,False
104.6150,0.0000,0.0000,0.0000,0.0000,False,False,False,False,True,475.0756,False
104.6652,0.0000,0.0000,0.0000,0.0000,False,False,False,False,True,475.9250,False
104.7165,0.0000,0.0000,0.0000,0.0000,False,False,False,False,True,476.6218,False
104.7836,0.0000,0.0000,0.0000,0.0000,False,False,False,False,True,477.3341,False
104.8403,0.0000,0.0000,0.0000,0.0000,False,False,False,False,True,478.2657,False
104.8959,0.0000,0.0000,0.0000,0.0000,False,False,False,False,True,479.0517,False
104.9594,0.0000,0.0000,0.0000,0.0000,False,False,False,False,True,479.8233,False
105.0116,0.0000,0.0000,0.0000,0.0000,False,False,False,False,True,480.7059,False
105.0640,0.0000,0.0000,0.0000,0.0000,False,False,False,False,True,481.4303,False
105.1261,0.0000,0.0000,0.0000,0.0000,False,False,False,False,True,482.1574,False
105.1781,0.0000,0.0000,0.0000,0.0000,False,False,False,False,True,483.0189,False
105.2297,0.0000,0.0000,0.0000,0.0000,False,False,False,False,True,483.7407,False
105.2920,0.0000,0.0000,0.0000,0.0000,False,False,False,False,True,484.4561,False
105.3470,0.0000,0.0000,0.0000,0.0000,False,False,False,False,True,485.3218,False
105.3993,0.0000,0.0000,0.0000,0.0000,False,False,False,False,True,486.0844,False
105.4607,0.0000,0.0000,0.0000,0.0000,False,False,False,False,True,486.8102,False
105.5150,0.0000,0.0000,0.0000,0.0000,False,False,False,False,True,487.6624,False
105.5666,0.0000,0.0000,0.0000,0.0000,False,False,False,False,True,488.4161,False
105.6373,0.0000,0.0000,0.0000,0.0000,False,False,False,False,True,489.1333,False
105.6995,0.0000,0.0000,0.0000,0.0000,False,False,False,False,True,490.1144,False
105.7503,0.0000,0.0000,0.0000,0.0000,False,False,False,False,True,490.9770,False
105.8119,0.0000,0.0000,0.0000,0.0000,False,False,False,False,True,491.6822,False
105.8690,0.0000,0.0000,0.0000,0.0000,False,False,False,False,True,492.5378,False
105.9228,0.0000,0.0000,0.0000,0.0000,False,False,False,False,True,493.3297,False
105.9858,0.0000,0.0000,0.0000,0.0000,False,False,False,False,True,494.0772,False
106.0369,0.0000,0.0000,0.0000,0.0000,False,False,False,False,True,494.9507,False
106.0883,0.0000,0.0000,0.0000,0.0000,False,False,False,False,True,495.6608,False
106.1513,0.0000,0.0000,0.0000,0.0000,False,False,False,False,True,496.3737,False
106.2042,0.0000,0.0000,0.0000,0.0000,False,False,False,False,True,497.2483,False
106.2552,0.0000,0.0000,0.0000,0.0000,False,False,False,False,True,497.9821,False
106.3173,0.0000,0.0000,0.0000,0.0000,False,False,False,False,True,498.6901,False
106.3726,0.0000,0.0000,0.0000,0.0000,False,False,False,False,True,499.5527,False
106.4286,0.0000,0.0000,0.0000,0.0000,False,False,False,False,True,500.3203,False
106.4959,0.0000,0.0000,0.0000,0.0000,False,False,False,False,True,501.0973,False
106.5467,0.0000,0.0000,0.0000,0.0000,False,False,False,False,True,502.0318,False
106.5980,0.0000,0.0000,0.0000,0.0000,False,False,False,False,True,502.7372,False
106.6586,0.0000,0.0000,0.0000,0.0000,False,False,False,False,True,503.4491,False
106.7095,0.0000,0.0000,0.0000,0.0000,False,False,False,False,True,504.2899,False
106.7606,0.0000,0.0000,0.0000,0.0000,False,False,False,False,True,504.9962,False
106.8276,0.0000,0.0000,0.0000,0.0000,False,False,False,False,True,505.7064,False
106.8843,0.0000,0.0000,0.0000,0.0000,False,False,False,False,True,506.6356,False
106.9377,0.0000,0.0000,0.0000,0.0000,False,False,False,False,True,507.4224,False
107.0014,0.0000,0.0000,0.0000,0.0000,False,False,False,False,True,508.1644,False
107.0546,0.0000,0.0000,0.0000,0.0000,False,False,False,False,True,509.0479,False
107.1055,0.0000,0.0000,0.0000,0.0000,False,False,False,False,True,509.7870,False
107.1826,0.0000,0.0000,0.0000,0.0000,False,False,False,False,True,510.4935,False
107.2364,0.0000,0.0000,0.0000,0.0000,False,False,False,False,True,511.5628,False
107.2904,0.0000,0.0000,0.0000,0.0000,False,False,False,False,True,512.3100,False
107.3584,0.0000,0.0000,0.0000,0.0000,False,False,False,False,True,513.0598,False
107.4203,0.0000,0.0000,0.0000,0.0000,False,False,False,False,True,514.0035,False
107.4843,0.0000,0.0000,0.0000,0.0000,False,False,False,False,True,514.8630,False
107.5602,0.0000,0.0000,0.0000,0.0000,False,False,False,False,True,515.7516,False
107.6179,0.0000,0.0000,0.0000,0.0000,False,False,False,False,True,516.8052,False
107.6766,0.0000,0.0000,0.0000,0.0000,False,False,False,False,True,517.6061,False
107.7416,0.0000,0.0000,0.0000,0.0000,False,False,False,False,True,518.4201,False
107.7962,0.0000,0.0000,0.0000,0.0000,False,False,False,False,True,519.3234,False
107.8480,0.0000,0.0000,0.0000,0.0000,False,False,False,False,True,520.0812,False
107.9154,0.0000,0.0000,0.0000,0.0000,False,False,False,False,True,520.8003,False
107.9679,0.0000,0.0000,0.0000,0.0000,False,False,False,False,True,521.7358,False
108.0204,0.0000,0.0000,0.0000,0.0000,False,False,False,False,True,522.4648,False
108.0820,0.0000,0.0000,0.0000,0.0000,False,False,False,False,True,523.1932,False
108.1335,0.0000,0.0000,0.0000,0.0000,False,False,False,False,True,524.0483,False
108.1847,0.0000,0.0000,0.0000,0.0000,False,False,False,False,True,524.7622,False
108.2560,0.0000,0.0000,0.0000,0.0000,False,False,False,False,True,525.4736,False
108.3071,0.0000,0.0000,0.0000,0.0000,False,False,False,False,True,526.4638,False
108.3641,0.0000,0.0000,0.0000,0.0000,False,False,False,False,True,527.1725,False
108.4257,0.0000,0.0000,0.0000,0.0000,False,False,False,False,True,527.9630,False
108.4786,0.0000,0.0000,0.0000,0.0000,False,False,False,False,True,528.8183,False
108.5317,0.0000,0.0000,0.0000,0.0000,False,False,False,False,True,529.5527,False
108.5937,0.0000,0.0000,0.0000,0.0000,False,False,False,False,True,530.2900,False
108.6436,0.0000,0.0000,0.0000,0.0000,False,False,False,False,True,531.1500,False
108.6943,0.0000,0.0000,0.0000,0.0000,False,False,False,False,True,531.8431,False
108.7564,0.0000,0.0000,0.0000,0.0000,False,False,False,False,True,532.5475,False
108.8070,0.0000,0.0000,0.0000,0.0000,False,False,False,False,True,533.4094,False
108.8582,0.0000,0.0000,0.0000,0.0000,False,False,False,False,True,534.1119,False
108.9244,0.0000,0.0000,0.0000,0.0000,False,False,False,False,True,534.8219,False
108.9808,0.0000,0.0000,0.0000,0.0000,False,False,False,False,True,535.7418,False
109.0383,0.0000,0.0000,0.0000,0.0000,False,False,False,False,True,536.5244,False
109.1000,0.0000,0.0000,0.0000,0.0000,False,False,False,False,True,537.3219,False
109.1514,0.0000,0.0000,0.0000,0.0000,False,False,False,False,True,538.1793,False
109.2024,0.0000,0.0000,0.0000,0.0000,False,False,False,False,True,538.8926,False
109.2640,0.0000,0.0000,0.0000,0.0000,False,False,False,False,True,539.6003,False
109.3142,0.0000,0.0000,0.0000,0.0000,False,False,False,False,True,540.4552,False
109.3673,0.0000,0.0000,0.0000,0.0000,False,False,False,False,True,541.1526,False
109.4288,0.0000,0.0000,0.0000,0.0000,False,False,False,False,True,541.8899,False
109.4927,0.0000,0.0000,0.0000,0.0000,False,False,False,False,True,542.7436,False
109.5440,0.0000,0.0000,0.0000,0.0000,False,False,False,False,True,543.6307,False
109.6051,0.0000,0.0000,0.0000,0.0000,False,False,False,False,True,544.3416,False
109.6594,0.0000,0.0000,0.0000,0.0000,False,False,False,False,True,545.1902,False
109.7097,0.0000,0.0000,0.0000,0.0000,False,False,False,False,True,545.9449,False
109.7810,0.0000,0.0000,0.0000,0.0000,False,False,False,False,True,546.6419,False
109.8357,0.0000,0.0000,0.0000,0.0000,False,False,False,False,True,547.6325,False
109.8900,0.0000,0.0000,0.0000,0.0000,False,False,False,False,True,548.3917,False
109.9564,0.0000,0.0000,0.0000,0.0000,False,False,False,False,True,549.1458,False
110.0107,0.0000,0.0000,0.0000,0.0000,False,False,False,False,True,550.0674,False
110.0630,0.0000,0.0000,0.0000,0.0000,False,False,False,False,True,550.8214,False
110.1239,0.0000,0.0000,0.0000,0.0000,False,False,False,False,True,551.5468,False
110.1786,0.0000,0.0000,0.0000,0.0000,False,False,False,False,True,552.3925,False
110.2301,0.0000,0.0000,0.0000,0.0000,False,False,False,False,True,553.1522,False
110.2927,0.0000,0.0000,0.0000,0.0000,False,False,False,False,True,553.8658,False
110.3537,0.0000,0.0000,0.0000,0.0000,False,False,False,False,True,554.7360,False
110.4067,0.0000,0.0000,0.0000,0.0000,False,False,False,False,True,555.5815,False
110.4685,0.0000,0.0000,0.0000,0.0000,False,False,False,False,True,556.3176,False
110.5239,0.0000,0.0000,0.0000,0.0000,False,False,False,False,True,557.1759,False
110.5818,0.0000,0.0000,0.0000,0.0000,False,False,False,False,True,557.9448,False
110.6435,0.0000,0.0000,0.0000,0.0000,False,False,False,False,True,558.7480,False
110.6938,0.0000,0.0000,0.0000,0.0000,False,False,False,False,True,559.6052,False
110.7442,0.0000,0.0000,0.0000,0.0000,False,False,False,False,True,560.3038,False
110.8055,0.0000,0.0000,0.0000,0.0000,False,False,False,False,True,561.0027,False
110.8589,0.0000,0.0000,0.0000,0.0000,False,False,False,False,True,561.8533,False
110.9152,0.0000,0.0000,0.0000,0.0000,False,False,False,False,True,562.5959,False
110.9798,0.0000,0.0000,0.0000,0.0000,False,False,False,False,True,563.3769,False
111.0328,0.0000,0.0000,0.0000,0.0000,False,False,False,False,True,564.2735,False
111.0863,0.0000,0.0000,0.0000,0.0000,False,False,False,False,True,565.0092,False
111.1480,0.0000,0.0000,0.0000,0.0000,False,False,False,False,True,565.7515,False
111.2007,0.0000,0.0000,0.0000,0.0000,False,False,False,False,True,566.6088,False
111.2551,0.0000,0.0000,0.0000,0.0000,False,False,False,False,True,567.3406,False
111.3264,0.0000,0.0000,0.0000,0.0000,False,False,False,False,True,568.0948,False
111.3780,0.0000,0.0000,0.0000,0.0000,False,False,False,False,True,569.0846,False
111.4324,0.0000,0.0000,0.0000,0.0000,False,False,False,False,True,569.8019,False
111.4990,0.0000,0.0000,0.0000,0.0000,False,False,False,False,True,570.5571,False
111.5557,0.0000,0.0000,0.0000,0.0000,False,False,False,False,True,571.4818,False
111.6092,0.0000,0.0000,0.0000,0.0000,False,False,False,False,True,572.2684,False
111.6720,0.0000,0.0000,0.0000,0.0000,False,False,False,False,True,573.0112,False
111.7432,0.0000,0.0000,0.0000,0.0000,False,False,False,False,True,573.8826,False
111.7944,0.0000,0.0000,0.0000,0.0000,False,False,False,False,True,574.8712,False
111.8568,0.0000,0.0000,0.0000,0.0000,False,False,False,False,True,575.5820,False
111.9137,0.0000,0.0000,0.0000,0.0000,False,False,False,False,True,576.4479,False
111.9661,0.0000,0.0000,0.0000,0.0000,False,False,False,False,True,577.2379,False
112.0285,0.0000,0.0000,0.0000,0.0000,False,False,False,False,True,577.9661,False
112.0820,0.0000,0.0000,0.0000,0.0000,False,False,False,False,True,578.8316,False
112.1374,0.0000,0.0000,0.0000,0.0000,False,False,False,False,True,579.5748,False
112.1997,0.0000,0.0000,0.0000,0.0000,False,False,False,False,True,580.3430,False
112.2749,0.0000,0.0000,0.0000,0.0000,False,False,False,False,True,581.2090,False
112.3256,0.0000,0.0000,0.0000,0.0000,False,False,False,False,True,582.2529,False
112.3886,0.0000,0.0000,0.0000,0.0000,False,False,False,False,True,582.9565,False
112.4444,0.0000,0.0000,0.0000,0.0000,False,False,False,False,True,583.8312,False
112.4997,0.0000,0.0000,0.0000,0.0000,False,False,False,False,True,584.6057,False
112.5749,0.0000,0.0000,0.0000,0.0000,False,False,False,False,True,585.3737,False
112.6334,0.0000,0.0000,0.0000,0.0000,False,False,False,False,True,586.4173,False
112.6864,0.0000,0.0000,0.0000,0.0000,False,False,False,False,True,587.2286,False
112.7519,0.0000,0.0000,0.0000,0.0000,False,False,False,False,True,587.9652,False
112.8025,0.0000,0.0000,0.0000,0.0000,False,False,False,False,True,588.8738,False
112.8538,0.0000,0.0000,0.0000,0.0000,False,False,False,False,True,589.5771,False
112.9283,0.0000,0.0000,0.0000,0.0000,False,False,False,False,True,590.2885,False
112.9827,0.0000,0.0000,0.0000,0.0000,False,False,False,False,True,591.3234,False
113.0365,0.0000,0.0000,0.0000,0.0000,False,False,False,False,True,592.0779,False
113.0983,0.0000,0.0000,0.0000,0.0000,False,False,False,False,True,592.8256,False
113.1497,0.0000,0.0000,0.0000,0.0000,False,False,False,False,True,593.6833,False
113.2018,0.0000,0.0000,0.0000,0.0000,False,False,False,False,True,594.3971,False
113.2671,0.0000,0.0000,0.0000,0.0000,False,False,False,False,True,595.1205,False
113.3188,0.0000,0.0000,0.0000,0.0000,False,False,False,False,True,596.0274,False
113.3692,0.0000,0.0000,0.0000,0.0000,False,False,False,False,True,596.7448,False
113.4362,0.0000,0.0000,0.0000,0.0000,False,False,False,False,True,597.4446,False
113.4884,0.0000,0.0000,0.0000,0.0000,False,False,False,False,True,598.3742,False
113.5421,0.0000,0.0000,0.0000,0.0000,False,False,False,False,True,599.0997,False
113.6432,0.0000,0.0000,0.0000,0.0000,False,False,False,False,True,599.8442,False
113.6968,0.0000,0.0000,0.0000,0.0000,False,False,False,False,True,601.2476,False
113.7647,0.0000,0.0000,0.0000,0.0000,False,False,False,False,True,601.9920,False
113.8151,0.0000,0.0000,0.0000,0.0000,False,False,False,False,True,602.9356,False
113.8666,0.0000,0.0000,0.0000,0.0000,False,False,False,False,True,603.6345,False
113.9314,0.0000,0.0000,0.0000,0.0000,False,False,False,False,True,604.3502,False
113.9823,0.0000,0.0000,0.0000,0.0000,False,False,False,False,True,605.2498,False
114.0373,0.0000,0.0000,0.0000,0.0000,False,False,False,False,True,605.9560,False
114.1001,0.0000,0.0000,0.0000,0.0000,False,False,False,False,True,606.7191,False
114.1526,0.0000,0.0000,0.0000,0.0000,False,False,False,False,True,607.5908,False
114.2038,0.0000,0.0000,0.0000,0.0000,False,False,False,False,True,608.3205,False
114.2680,0.0000,0.0000,0.0000,0.0000,False,False,False,False,True,609.0313,False
114.3202,0.0000,0.0000,0.0000,0.0000,False,False,False,False,True,609.9230,False
114.3719,0.0000,0.0000,0.0000,0.0000,False,False,False,False,True,610.6465,False
114.4376,0.0000,0.0000,0.0000,0.0000,False,False,False,False,True,611.3644,False
114.4931,0.0000,0.0000,0.0000,0.0000,False,False,False,False,True,612.2772,False
114.5526,0.0000,0.0000,0.0000,0.0000,False,False,False,False,True,613.0472,False
114.6163,0.0000,0.0000,0.0000,0.0000,False,False,False,False,True,613.8734,False
114.6667,0.0000,0.0000,0.0000,0.0000,False,False,False,False,True,614.7585,False
114.7183,0.0000,0.0000,0.0000,0.0000,False,False,False,False,True,615.4580,False
114.7798,0.0000,0.0000,0.0000,0.0000,False,False,False,False,True,616.1738,False
114.8303,0.0000,0.0000,0.0000,0.0000,False,False,False,False,True,617.0282,False
114.8827,0.0000,0.0000,0.0000,0.0000,False,False,False,False,True,617.7291,False
114.9471,0.0000,0.0000,0.0000,0.0000,False,False,False,False,True,618.4563,False
114.9974,0.0000,0.0000,0.0000,0.0000,False,False,False,False,True,619.3505,False
115.0501,0.0000,0.0000,0.0000,0.0000,False,False,False,False,True,620.0493,False
115.1132,0.0000,0.0000,0.0000,0.0000,False,False,False,False,True,620.7803,False
115.1635,0.0000,0.0000,0.0000,0.0000,False,False,False,False,True,621.6566,False
115.2174,0.0000,0.0000,0.0000,0.0000,False,False,False,False,True,622.3557,False
115.2886,0.0000,0.0000,0.0000,0.0000,False,False,False,False,True,623.1035,False
115.3388,0.0000,0.0000,0.0000,0.0000,False,False,False,False,True,624.0915,False
115.3887,0.0000,0.0000,0.0000,0.0000,False,False,False,False,True,624.7885,False
115.4545,0.0000,0.0000,0.0000,0.0000,False,False,False,False,True,625.4814,False
115.5127,0.0000,0.0000,0.0000,0.0000,False,False,False,False,True,626.3948,False
115.5720,0.0000,0.0000,0.0000,0.0000,False,False,False,False,True,627.2038,False
115.6373,0.0000,0.0000,0.0000,0.0000,False,False,False,False,True,628.0273,False
115.7017,0.0000,0.0000,0.0000,0.0000,False,False,False,False,True,628.9327,False
115.7539,0.0000,0.0000,0.0000,0.0000,False,False,False,False,True,629.8278,False
115.8172,0.0000,0.0000,0.0000,0.0000,False,False,False,False,True,630.5521,False
115.8820,0.0000,0.0000,0.0000,0.0000,False,False,False,False,True,631.4311,False
115.9432,0.0000,0.0000,0.0000,0.0000,False,False,False,False,True,632.3300,False
116.0153,0.0000,0.0000,0.0000,0.0000,False,False,False,False,True,633.1807,False
116.0763,0.0000,0.0000,0.0000,0.0000,False,False,False,False,True,634.1817,False
116.1493,0.0000,0.0000,0.0000,0.0000,False,False,False,False,True,635.0288,False
116.2212,0.0000,0.0000,0.0000,0.0000,False,False,False,False,True,636.0410,False
116.2794,0.0000,0.0000,0.0000,0.0000,False,False,False,False,True,637.0405,False
116.3326,0.0000,0.0000,0.0000,0.0000,False,False,False,False,True,637.8472,False
116.3949,0.0000,0.0000,0.0000,0.0000,False,False,False,False,True,638.5865,False
116.4482,0.0000,0.0000,0.0000,0.0000,False,False,False,False,True,639.4520,False
116.5012,0.0000,0.0000,0.0000,0.0000,False,False,False,False,True,640.1913,False
116.5646,0.0000,0.0000,0.0000,0.0000,False,False,False,False,True,640.9268,False
116.6143,0.0000,0.0000,0.0000,0.0000,False,False,False,False,True,641.8078,False
116.6665,0.0000,0.0000,0.0000,0.0000,False,False,False,False,True,642.4978,False
116.7275,0.0000,0.0000,0.0000,0.0000,False,False,False,False,True,643.2224,False
116.7787,0.0000,0.0000,0.0000,0.0000,False,False,False,False,True,644.0688,False
116.8310,0.0000,0.0000,0.0000,0.0000,False,False,False,False,True,644.7795,False
116.8937,0.0000,0.0000,0.0000,0.0000,False,False,False,False,True,645.5068,False
116.9525,0.0000,0.0000,0.0000,0.0000,False,False,False,False,True,646.3762,False
117.0147,0.0000,0.0000,0.0000,0.0000,False,False,False,False,True,647.1933,False
117.0770,0.0000,0.0000,0.0000,0.0000,False,False,False,False,True,648.0563,False
117.1275,0.0000,0.0000,0.0000,0.0000,False,False,False,False,True,648.9221,False
117.1777,0.0000,0.0000,0.0000,0.0000,False,False,False,False,True,649.6222,False
117.2393,0.0000,0.0000,0.0000,0.0000,False,False,False,False,True,650.3199,False
117.2930,0.0000,0.0000,0.0000,0.0000,False,False,False,False,True,651.1748,False
117.3435,0.0000,0.0000,0.0000,0.0000,False,False,False,False,True,651.9203,False
117.4052,0.0000,0.0000,0.0000,0.0000,False,False,False,False,True,652.6221,False
117.4629,0.0000,0.0000,0.0000,0.0000,False,False,False,False,True,653.4777,False
117.5167,0.0000,0.0000,0.0000,0.0000,False,False,False,False,True,654.2798,False
117.5807,0.0000,0.0000,0.0000,0.0000,False,False,False,False,True,655.0267,False
117.6323,0.0000,0.0000,0.0000,0.0000,False,False,False,False,True,655.9155,False
117.6842,0.0000,0.0000,0.0000,0.0000,False,False,False,False,True,656.6314,False
117.7519,0.0000,0.0000,0.0000,0.0000,False,False,False,False,True,657.3514,False
117.8088,0.0000,0.0000,0.0000,0.0000,False,False,False,False,True,658.2922,False
117.8604,0.0000,0.0000,0.0000,0.0000,False,False,False,False,True,659.0815,False
117.9232,0.0000,0.0000,0.0000,0.0000,False,False,False,False,True,659.7980,False
117.9779,0.0000,0.0000,0.0000,0.0000,False,False,False,False,True,660.6709,False
118.0315,0.0000,0.0000,0.0000,0.0000,False,False,False,False,True,661.4298,False
118.0960,0.0000,0.0000,0.0000,0.0000,False,False,False,False,True,662.1746,False
118.1483,0.0000,0.0000,0.0000,0.0000,False,False,False,False,True,663.0692,False
118.2005,0.0000,0.0000,0.0000,0.0000,False,False,False,False,True,663.7949,False
118.2696,0.0000,0.0000,0.0000,0.0000,False,False,False,False,True,664.5209,False
118.3614,0.0000,0.0000,0.0000,0.0000,False,False,False,False,True,665.4802,False
118.4323,0.0000,0.0000,0.0000,0.0000,False,False,False,False,True,666.7538,False
118.4887,0.0000,0.0000,0.0000,0.0000,False,False,False,False,True,667.7380,False
118.5421,0.0000,0.0000,0.0000,0.0000,False,False,False,False,True,668.5220,False
118.6180,0.0000,0.0000,0.0000,0.0000,False,False,False,False,True,669.2629,False
118.6953,0.0000,0.0000,0.0000,0.0000,False,False,False,False,True,670.3168,False
118.7655,0.0000,0.0000,0.0000,0.0000,False,False,False,False,True,671.3901,False
118.8277,0.0000,0.0000,0.0000,0.0000,False,False,False,False,True,672.3648,False
118.8999,0.0000,0.0000,0.0000,0.0000,False,False,False,False,True,673.2286,False
118.9785,0.0000,0.0000,0.0000,0.0000,False,False,False,False,True,674.2306,False
119.0452,0.0000,0.0000,0.0000,0.0000,False,False,False,False,True,675.3228,False
119.1047,0.0000,0.0000,0.0000,0.0000,False,False,False,False,True,676.2478,False
119.1735,0.0000,0.0000,0.0000,0.0000,False,False,False,False,True,677.0743,False
119.2311,0.0000,0.0000,0.0000,0.0000,False,False,False,False,True,678.0301,False
119.2878,0.0000,0.0000,0.0000,0.0000,False,False,False,False,True,678.8287,False
119.3583,0.0000,0.0000,0.0000,0.0000,False,False,False,False,True,679.6168,False
119.4132,0.0000,0.0000,0.0000,0.0000,False,False,False,False,True,680.5957,False
119.4721,0.0000,0.0000,0.0000,0.0000,False,False,False,False,True,681.3579,False
119.5427,0.0000,0.0000,0.0000,0.0000,False,False,False,False,True,682.1756,False
119.6047,0.0000,0.0000,0.0000,0.0000,False,False,False,False,True,683.1557,False
119.6597,0.0000,0.0000,0.0000,0.0000,False,False,False,False,True,684.0167,False
119.7257,0.0000,0.0000,0.0000,0.0000,False,False,False,False,True,684.7807,False
119.7806,0.0000,0.0000,0.0000,0.0000,False,False,False,False,True,685.6965,False
119.8373,0.0000,0.0000,0.0000,0.0000,False,False,False,False,True,686.4589,False
119.9048,0.0000,0.0000,0.0000,0.0000,False,False,False,False,True,687.2456,False
119.9603,0.0000,0.0000,0.0000,0.0000,False,False,False,False,True,688.1830,False
120.0221,0.0000,0.0000,0.0000,0.0000,False,False,False,False,True,688.9531,False
120.0896,0.0000,0.0000,0.0000,0.0000,False,False,False,False,True,689.8117,False
120.1456,0.0000,0.0000,0.0000,0.0000,False,False,False,False,True,690.7487,False
120.2020,0.0000,0.0000,0.0000,0.0000,False,False,False,False,True,691.5266,False
120.2670,0.0000,0.0000,0.0000,0.0000,False,False,False,False,True,692.3093,False
120.3231,0.0000,0.0000,0.0000,0.0000,False,False,False,False,True,693.2124,False
120.3784,0.0000,0.0000,0.0000,0.0000,False,False,False,False,True,693.9910,False
120.4650,0.0000,0.0000,0.0000,0.0000,False,False,False,False,True,694.7589,False
120.5216,0.0000,0.0000,0.0000,0.0000,False,False,False,False,True,695.9606,False
120.5772,0.0000,0.0000,0.0000,0.0000,False,False,False,False,True,696.7471,False
120.6452,0.0000,0.0000,0.0000,0.0000,False,False,False,False,True,697.5194,False
120.7018,0.0000,0.0000,0.0000,0.0000,False,False,False,False,True,698.4631,False
120.7570,0.0000,0.0000,0.0000,0.0000,False,False,False,False,True,699.2488,False
120.8227,0.0000,0.0000,0.0000,0.0000,False,False,False,False,True,700.0157,False
120.8771,0.0000,0.0000,0.0000,0.0000,False,False,False,False,True,700.9272,False
120.9328,0.0000,0.0000,0.0000,0.0000,False,False,False,False,True,701.6833,False
121.0042,0.0000,0.0000,0.0000,0.0000,False,False,False,False,True,702.4559,False
121.0603,0.0000,0.0000,0.0000,0.0000,False,False,False,False,True,703.4482,False
121.1174,0.0000,0.0000,0.0000,0.0000,False,False,False,False,True,704.2269,False
121.1902,0.0000,0.0000,0.0000,0.0000,False,False,False,False,True,705.0190,False
121.2473,0.0000,0.0000,0.0000,0.0000,False,False,False,False,True,706.0298,False
121.3065,0.0000,0.0000,0.0000,0.0000,False,False,False,False,True,706.8225,False
121.3779,0.0000,0.0000,0.0000,0.0000,False,False,False,False,True,707.6454,False
121.5451,0.0000,0.0000,0.0000,0.0000,False,False,False,False,True,708.6357,False
121.6160,0.0000,0.0000,0.0000,0.0000,False,False,False,False,True,710.9576,False
121.6757,0.0000,0.0000,0.0000,0.0000,False,False,False,False,True,711.9417,False
121.7310,0.0000,0.0000,0.0000,0.0000,False,False,False,False,True,712.7705,False
121.8304,0.0000,0.0000,0.0000,0.0000,False,False,False,False,True,713.5388,False
121.8846,0.0000,0.0000,0.0000,0.0000,False,False,False,False,True,714.9188,False
121.9507,0.0000,0.0000,0.0000,0.0000,False,False,False,False,True,715.6718,False
122.0076,0.0000,0.0000,0.0000,0.0000,False,False,False,False,True,716.5894,False
122.0620,0.0000,0.0000,0.0000,0.0000,False,False,False,False,True,717.3799,False
122.1308,0.0000,0.0000,0.0000,0.0000,False,False,False,False,True,718.1348,False
122.1877,0.0000,0.0000,0.0000,0.0000,False,False,False,False,True,719.0895,False
122.2454,0.0000,0.0000,0.0000,0.0000,False,False,False,False,True,719.8804,False
122.3183,0.0000,0.0000,0.0000,0.0000,False,False,False,False,True,720.6811,False
122.3736,0.0000,0.0000,0.0000,0.0000,False,False,False,False,True,721.6932,False
122.4283,0.0000,0.0000,0.0000,0.0000,False,False,False,False,True,722.4609,False
122.4996,0.0000,0.0000,0.0000,0.0000,False,False,False,False,True,723.2208,False
122.5546,0.0000,0.0000,0.0000,0.0000,False,False,False,False,True,724.2110,False
122.6096,0.0000,0.0000,0.0000,0.0000,False,False,False,False,True,724.9748,False
122.6751,0.0000,0.0000,0.0000,0.0000,False,False,False,False,True,725.7377,False
122.7286,0.0000,0.0000,0.0000,0.0000,False,False,False,False,True,726.6475,False
122.7839,0.0000,0.0000,0.0000,0.0000,False,False,False,False,True,727.3907,False
122.8493,0.0000,0.0000,0.0000,0.0000,False,False,False,False,True,728.1583,False
122.9079,0.0000,0.0000,0.0000,0.0000,False,False,False,False,True,729.0668,False
122.9630,0.0000,0.0000,0.0000,0.0000,False,False,False,False,True,729.8793,False
123.0329,0.0000,0.0000,0.0000,0.0000,False,False,False,False,True,730.6442,False
123.0882,0.0000,0.0000,0.0000,0.0000,False,False,False,False,True,731.6153,False
123.1466,0.0000,0.0000,0.0000,0.0000,False,False,False,False,True,732.3834,False
123.2178,0.0000,0.0000,0.0000,0.0000,False,False,False,False,True,733.1940,False
123.2716,0.0000,0.0000,0.0000,0.0000,False,False,False,False,True,734.1821,False
123.3269,0.0000,0.0000,0.0000,0.0000,False,False,False,False,True,734.9297,False
123.3919,0.0000,0.0000,0.0000,0.0000,False,False,False,False,True,735.6973,False
123.4486,0.0000,0.0000,0.0000,0.0000,False,False,False,False,True,736.6003,False
123.5050,0.0000,0.0000,0.0000,0.0000,False,False,False,False,True,737.3872,False
123.5714,0.0000,0.0000,0.0000,0.0000,False,False,False,False,True,738.1707,False
123.6279,0.0000,0.0000,0.0000,0.0000,False,False,False,False,True,739.0918,False
123.6869,0.0000,0.0000,0.0000,0.0000,False,False,False,False,True,739.8770,False
123.7597,0.0000,0.0000,0.0000,0.0000,False,False,False,False,True,740.6959,False
123.8147,0.0000,0.0000,0.0000,0.0000,False,False,False,False,True,741.7064,False
123.8691,0.0000,0.0000,0.0000,0.0000,False,False,False,False,True,742.4704,False
123.9346,0.0000,0.0000,0.0000,0.0000,False,False,False,False,True,743.2256,False
123.9878,0.0000,0.0000,0.0000,0.0000,False,False,False,False,True,744.1351,False
124.0509,0.0000,0.0000,0.0000,0.0000,False,False,False,False,True,744.8741,False
124.1311,0.0000,0.0000,0.0000,0.0000,False,False,False,False,True,745.7500,False
124.2009,0.0000,0.0000,0.0000,0.0000,False,False,False,False,True,746.8640,False
124.2794,0.0000,0.0000,0.0000,0.0000,False,False,False,False,True,747.8335,False
124.3440,0.0000,0.0000,0.0000,0.0000,False,False,False,False,True,748.9232,False
124.4083,0.0000,0.0000,0.0000,0.0000,False,False,False,False,True,749.8204,False
124.4795,0.0000,0.0000,0.0000,0.0000,False,False,False,False,True,750.7130,False
124.5375,0.0000,0.0000,0.0000,0.0000,False,False,False,False,True,751.7014,False
124.5943,0.0000,0.0000,0.0000,0.0000,False,False,False,False,True,752.5071,False
124.6599,0.0000,0.0000,0.0000,0.0000,False,False,False,False,True,753.2952,False
124.7145,0.0000,0.0000,0.0000,0.0000,False,False,False,False,True,754.2067,False
124.7682,0.0000,0.0000,0.0000,0.0000,False,False,False,False,True,754.9636,False
124.8310,0.0000,0.0000,0.0000,0.0000,False,False,False,False,True,755.7104,False
124.8817,0.0000,0.0000,0.0000,0.0000,False,False,False,False,True,756.5818,False
124.9364,0.0000,0.0000,0.0000,0.0000,False,False,False,False,True,757.2861,False
124.9989,0.0000,0.0000,0.0000,0.0000,False,False,False,False,True,758.0460,False
125.0611,0.0000,0.0000,0.0000,0.0000,False,False,False,False,True,758.9126,False
125.1138,0.0000,0.0000,0.0000,0.0000,False,False,False,False,True,759.7763,False
125.1763,0.0000,0.0000,0.0000,0.0000,False,False,False,False,True,760.5091,False
125.2287,0.0000,0.0000,0.0000,0.0000,False,False,False,False,True,761.3769,False
125.2790,0.0000,0.0000,0.0000,0.0000,False,False,False,False,True,762.1038,False
125.3404,0.0000,0.0000,0.0000,0.0000,False,False,False,False,True,762.8019,False
125.3910,0.0000,0.0000,0.0000,0.0000,False,False,False,False,True,763.6545,False
125.4411,0.0000,0.0000,0.0000,0.0000,False,False,False,False,True,764.3579,False
125.5020,0.0000,0.0000,0.0000,0.0000,False,False,False,False,True,765.0525,False
125.5588,0.0000,0.0000,0.0000,0.0000,False,False,False,False,True,765.8993,False
125.6102,0.0000,0.0000,0.0000,0.0000,False,False,False,False,True,766.6868,False
125.6732,0.0000,0.0000,0.0000,0.0000,False,False,False,False,True,767.4014,False
125.7248,0.0000,0.0000,0.0000,0.0000,False,False,False,False,True,768.2763,False
125.7783,0.0000,0.0000,0.0000,0.0000,False,False,False,False,True,768.9926,False
125.8472,0.0000,0.0000,0.0000,0.0000,False,False,False,False,True,769.7344,False
125.8959,0.0000,0.0000,0.0000,0.0000,False,False,False,False,True,770.6915,False
125.9489,0.0000,0.0000,0.0000,0.0000,False,False,False,False,True,771.3675,False
126.0158,0.0000,0.0000,0.0000,0.0000,False,False,False,False,True,772.1040,False
126.0691,0.0000,0.0000,0.0000,0.0000,False,False,False,False,True,773.0325,False
126.1185,0.0000,0.0000,0.0000,0.0000,False,False,False,False,True,773.7725,False
126.1785,0.0000,0.0000,0.0000,0.0000,False,False,False,False,True,774.4595,False
126.2277,0.0000,0.0000,0.0000,0.0000,False,False,False,False,True,775.2917,False
126.2768,0.0000,0.0000,0.0000,0.0000,False,False,False,False,True,775.9753,False
126.3398,0.0000,0.0000,0.0000,0.0000,False,False,False,False,True,776.6567,False
126.3905,0.0000,0.0000,0.0000,0.0000,False,False,False,False,True,777.5316,False
126.4403,0.0000,0.0000,0.0000,0.0000,False,False,False,False,True,778.2351,False
126.5012,0.0000,0.0000,0.0000,0.0000,False,False,False,False,True,778.9266,False
126.5629,0.0000,0.0000,0.0000,0.0000,False,False,False,False,True,779.7720,False
126.6115,0.0000,0.0000,0.0000,0.0000,False,False,False,False,True,780.6293,False
126.6735,0.0000,0.0000,0.0000,0.0000,False,False,False,False,True,781.3049,False
126.7252,0.0000,0.0000,0.0000,0.0000,False,False,False,False,True,782.1652,False
126.7776,0.0000,0.0000,0.0000,0.0000,False,False,False,False,True,782.8831,False
126.8380,0.0000,0.0000,0.0000,0.0000,False,False,False,False,True,783.6104,False
126.8872,0.0000,0.0000,0.0000,0.0000,False,False,False,False,True,784.4495,False
126.9372,0.0000,0.0000,0.0000,0.0000,False,False,False,False,True,785.1324,False
126.9985,0.0000,0.0000,0.0000,0.0000,False,False,False,False,True,785.8275,False
127.0507,0.0000,0.0000,0.0000,0.0000,False,False,False,False,True,786.6777,False
127.1001,0.0000,0.0000,0.0000,0.0000,False,False,False,False,True,787.4029,False
127.1624,0.0000,0.0000,0.0000,0.0000,False,False,False,False,True,788.0888,False
127.2136,0.0000,0.0000,0.0000,0.0000,False,False,False,False,True,788.9534,False
127.2680,0.0000,0.0000,0.0000,0.0000,False,False,False,False,True,789.6651,False
127.3353,0.0000,0.0000,0.0000,0.0000,False,False,False,False,True,790.4205,False
127.3845,0.0000,0.0000,0.0000,0.0000,False,False,False,False,True,791.3549,False
127.4337,0.0000,0.0000,0.0000,0.0000,False,False,False,False,True,792.0372,False
127.4939,0.0000,0.0000,0.0000,0.0000,False,False,False,False,True,792.7204,False
127.5465,0.0000,0.0000,0.0000,0.0000,False,False,False,False,True,793.5568,False
127.5960,0.0000,0.0000,0.0000,0.0000,False,False,False,False,True,794.2867,False
127.6589,0.0000,0.0000,0.0000,0.0000,False,False,False,False,True,794.9749,False
127.7100,0.0000,0.0000,0.0000,0.0000,False,False,False,False,True,795.8483,False
127.7596,0.0000,0.0000,0.0000,0.0000,False,False,False,False,True,796.5576,False
127.8207,0.0000,0.0000,0.0000,0.0000,False,False,False,False,True,797.2460,False
127.8695,0.0000,0.0000,0.0000,0.0000,False,False,False,False,True,798.0948,False
127.9180,0.0000,0.0000,0.0000,0.0000,False,False,False,False,True,798.7717,False
127.9791,0.0000,0.0000,0.0000,0.0000,False,False,False,False,True,799.4460,False
128.0336,0.0000,0.0000,0.0000,0.0000,False,False,False,False,True,800.2944,False
128.0881,0.0000,0.0000,0.0000,0.0000,False,False,False,False,True,801.0513,False
128.1507,0.0000,0.0000,0.0000,0.0000,False,False,False,False,True,801.8072,False
128.2018,0.0000,0.0000,0.0000,0.0000,False,False,False,False,True,802.6761,False
128.2512,0.0000,0.0000,0.0000,0.0000,False,False,False,False,True,803.3864,False
128.3142,0.0000,0.0000,0.0000,0.0000,False,False,False,False,True,804.0717,False
128.3641,0.0000,0.0000,0.0000,0.0000,False,False,False,False,True,804.9465,False
128.4142,0.0000,0.0000,0.0000,0.0000,False,False,False,False,True,805.6400,False
128.4775,0.0000,0.0000,0.0000,0.0000,False,False,False,False,True,806.3352,False
128.5286,0.0000,0.0000,0.0000,0.0000,False,False,False,False,True,807.2144,False
128.5771,0.0000,0.0000,0.0000,0.0000,False,False,False,False,True,807.9245,False
128.6415,0.0000,0.0000,0.0000,0.0000,False,False,False,False,True,808.5983,False
128.6922,0.0000,0.0000,0.0000,0.0000,False,False,False,False,True,809.4921,False
128.7417,0.0000,0.0000,0.0000,0.0000,False,False,False,False,True,810.1959,False
128.8102,0.0000,0.0000,0.0000,0.0000,False,False,False,False,True,810.8835,False
128.8588,0.0000,0.0000,0.0000,0.0000,False,False,False,False,True,811.8347,False
128.9084,0.0000,0.0000,0.0000,0.0000,False,False,False,False,True,812.5092,False
128.9718,0.0000,0.0000,0.0000,0.0000,False,False,False,False,True,813.1982,False
129.0212,0.0000,0.0000,0.0000,0.0000,False,False,False,False,True,814.0779,False
129.0739,0.0000,0.0000,0.0000,0.0000,False,False,False,False,True,814.7639,False
129.1360,0.0000,0.0000,0.0000,0.0000,False,False,False,False,True,815.4966,False
129.1871,0.0000,0.0000,0.0000,0.0000,False,False,False,False,True,816.3591,False
129.2363,0.0000,0.0000,0.0000,0.0000,False,False,False,False,True,817.0675,False
129.2966,0.0000,0.0000,0.0000,0.0000,False,False,False,False,True,817.7508,False
129.3459,0.0000,0.0000,0.0000,0.0000,False,False,False,False,True,818.5883,False
129.3963,0.0000,0.0000,0.0000,0.0000,False,False,False,False,True,819.2737,False
129.4563,0.0000,0.0000,0.0000,0.0000,False,False,False,False,True,819.9724,False
129.5091,0.0000,0.0000,0.0000,0.0000,False,False,False,False,True,820.8058,False
129.5690,0.0000,0.0000,0.0000,0.0000,False,False,False,False,True,821.5399,False
129.6323,0.0000,0.0000,0.0000,0.0000,False,False,False,False,True,822.3715,False
129.6855,0.0000,0.0000,0.0000,0.0000,False,False,False,False,True,823.2501,False
129.7408,0.0000,0.0000,0.0000,0.0000,False,False,False,False,True,823.9882,False
129.8089,0.0000,0.0000,0.0000,0.0000,False,False,False,False,True,824.7566,False
129.8621,0.0000,0.0000,0.0000,0.0000,False,False,False,False,True,825.7016,False
129.9173,0.0000,0.0000,0.0000,0.0000,False,False,False,False,True,826.4410,False
130.0083,0.0000,0.0000,0.0000,0.0000,False,False,False,False,True,827.2073,False
130.0589,0.0000,0.0000,0.0000,0.0000,False,False,False,False,True,828.4711,False
130.1107,0.0000,0.0000,0.0000,0.0000,False,False,False,False,True,829.1735,False
130.1750,0.0000,0.0000,0.0000,0.0000,False,False,False,False,True,829.8932,False
130.2261,0.0000,0.0000,0.0000,0.0000,False,False,False,False,True,830.7858,False
130.2758,0.0000,0.0000,0.0000,0.0000,False,False,False,False,True,831.4953,False
130.3394,0.0000,0.0000,0.0000,0.0000,False,False,False,False,True,832.1855,False
130.3941,0.0000,0.0000,0.0000,0.0000,False,False,False,False,True,833.0682,False
130.4453,0.0000,0.0000,0.0000,0.0000,False,False,False,False,True,833.8280,False
130.5057,0.0000,0.0000,0.0000,0.0000,False,False,False,False,True,834.5396,False
130.5576,0.0000,0.0000,0.0000,0.0000,False,False,False,False,True,835.3783,False
130.6100,0.0000,0.0000,0.0000,0.0000,False,False,False,False,True,836.0992,False
130.6724,0.0000,0.0000,0.0000,0.0000,False,False,False,False,True,836.8260,False
130.7250,0.0000,0.0000,0.0000,0.0000,False,False,False,False,True,837.6927,False
130.7741,0.0000,0.0000,0.0000,0.0000,False,False,False,False,True,838.4233,False
130.8354,0.0000,0.0000,0.0000,0.0000,False,False,False,False,True,839.1051,False
130.8844,0.0000,0.0000,0.0000,0.0000,False,False,False,False,True,839.9566,False
130.9345,0.0000,0.0000,0.0000,0.0000,False,False,False,False,True,840.6370,False
130.9962,0.0000,0.0000,0.0000,0.0000,False,False,False,False,True,841.3320,False
131.0454,0.0000,0.0000,0.0000,0.0000,False,False,False,False,True,842.1888,False
131.1014,0.0000,0.0000,0.0000,0.0000,False,False,False,False,True,842.8719,False
131.1691,0.0000,0.0000,0.0000,0.0000,False,False,False,False,True,843.6502,False
131.2215,0.0000,0.0000,0.0000,0.0000,False,False,False,False,True,844.5897,False
131.2711,0.0000,0.0000,0.0000,0.0000,False,False,False,False,True,845.3175,False
131.3316,0.0000,0.0000,0.0000,0.0000,False,False,False,False,True,846.0068,False
131.3826,0.0000,0.0000,0.0000,0.0000,False,False,False,False,True,846.8461,False
131.4333,0.0000,0.0000,0.0000,0.0000,False,False,False,False,True,847.5550,False
131.4957,0.0000,0.0000,0.0000,0.0000,False,False,False,False,True,848.2587,False
131.5448,0.0000,0.0000,0.0000,0.0000,False,False,False,False,True,849.1251,False
131.5971,0.0000,0.0000,0.0000,0.0000,False,False,False,False,True,849.8061,False
131.6591,0.0000,0.0000,0.0000,0.0000,False,False,False,False,True,850.5330,False
131.7096,0.0000,0.0000,0.0000,0.0000,False,False,False,False,True,851.3940,False
131.7591,0.0000,0.0000,0.0000,0.0000,False,False,False,False,True,852.0953,False
131.8193,0.0000,0.0000,0.0000,0.0000,False,False,False,False,True,852.7820,False
131.8717,0.0000,0.0000,0.0000,0.0000,False,False,False,False,True,853.6179,False
131.9295,0.0000,0.0000,0.0000,0.0000,False,False,False,False,True,854.3466,False
131.9909,0.0000,0.0000,0.0000,0.0000,False,False,False,False,True,855.1481,False
132.0403,0.0000,0.0000,0.0000,0.0000,False,False,False,False,True,856.0018,False
132.0932,0.0000,0.0000,0.0000,0.0000,False,False,False,False,True,856.6866,False
132.1574,0.0000,0.0000,0.0000,0.0000,False,False,False,False,True,857.4214,False
132.2079,0.0000,0.0000,0.0000,0.0000,False,False,False,False,True,858.3140,False
132.2567,0.0000,0.0000,0.0000,0.0000,False,False,False,False,True,859.0147,False
132.3168,0.0000,0.0000,0.0000,0.0000,False,False,False,False,True,859.6921,False
132.3685,0.0000,0.0000,0.0000,0.0000,False,False,False,False,True,860.5269,False
132.4185,0.0000,0.0000,0.0000,0.0000,False,False,False,False,True,861.2455,False
132.4785,0.0000,0.0000,0.0000,0.0000,False,False,False,False,True,861.9399,False
132.5283,0.0000,0.0000,0.0000,0.0000,False,False,False,False,True,862.7730,False
132.5811,0.0000,0.0000,0.0000,0.0000,False,False,False,False,True,863.4644,False
132.6466,0.0000,0.0000,0.0000,0.0000,False,False,False,False,True,864.1975,False
132.7077,0.0000,0.0000,0.0000,0.0000,False,False,False,False,True,865.1061,False
132.7579,0.0000,0.0000,0.0000,0.0000,False,False,False,False,True,865.9547,False
132.8194,0.0000,0.0000,0.0000,0.0000,False,False,False,False,True,866.6526,False
132.8685,0.0000,0.0000,0.0000,0.0000,False,False,False,False,True,867.5066,False
132.9193,0.0000,0.0000,0.0000,0.0000,False,False,False,False,True,868.1886,False
132.9879,0.0000,0.0000,0.0000,0.0000,False,False,False,False,True,868.8929,False
133.0420,0.0000,0.0000,0.0000,0.0000,False,False,False,False,True,869.8463,False
133.0946,0.0000,0.0000,0.0000,0.0000,False,False,False,False,True,870.5973,False
133.1570,0.0000,0.0000,0.0000,0.0000,False,False,False,False,True,871.3280,False
133.2076,0.0000,0.0000,0.0000,0.0000,False,False,False,False,True,872.1948,False
133.2564,0.0000,0.0000,0.0000,0.0000,False,False,False,False,True,872.8974,False
133.3192,0.0000,0.0000,0.0000,0.0000,False,False,False,False,True,873.5746,False
133.3688,0.0000,0.0000,0.0000,0.0000,False,False,False,False,True,874.4461,False
133.4209,0.0000,0.0000,0.0000,0.0000,False,False,False,False,True,875.1357,False
133.4887,0.0000,0.0000,0.0000,0.0000,False,False,False,False,True,875.8591,False
133.5407,0.0000,0.0000,0.0000,0.0000,False,False,False,False,True,876.8000,False
133.6014,0.0000,0.0000,0.0000,0.0000,False,False,False,False,True,877.5230,False
133.6799,0.0000,0.0000,0.0000,0.0000,False,False,False,False,True,878.3658,False
133.7447,0.0000,0.0000,0.0000,0.0000,False,False,False,False,True,879.4548,False
133.8056,0.0000,0.0000,0.0000,0.0000,False,False,False,False,True,880.3546,False
133.8775,0.0000,0.0000,0.0000,0.0000,False,False,False,False,True,881.2009,False
133.9275,0.0000,0.0000,0.0000,0.0000,False,False,False,False,True,882.1985,False
133.9783,0.0000,0.0000,0.0000,0.0000,False,False,False,False,True,882.8936,False
134.0389,0.0000,0.0000,0.0000,0.0000,False,False,False,False,True,883.5981,False
134.0912,0.0000,0.0000,0.0000,0.0000,False,False,False,False,True,884.4398,False
134.1409,0.0000,0.0000,0.0000,0.0000,False,False,False,False,True,885.1665,False
134.2063,0.0000,0.0000,0.0000,0.0000,False,False,False,False,True,885.8560,False
134.2608,0.0000,0.0000,0.0000,0.0000,False,False,False,False,True,886.7648,False
134.3154,0.0000,0.0000,0.0000,0.0000,False,False,False,False,True,887.5217,False
134.3761,0.0000,0.0000,0.0000,0.0000,False,False,False,False,True,888.2793,False
134.4263,0.0000,0.0000,0.0000,0.0000,False,False,False,False,True,889.1226,False
134.4767,0.0000,0.0000,0.0000,0.0000,False,False,False,False,True,889.8194,False
134.5368,0.0000,0.0000,0.0000,0.0000,False,False,False,False,True,890.5201,False
134.5887,0.0000,0.0000,0.0000,0.0000,False,False,False,False,True,891.3541,False
134.6375,0.0000,0.0000,0.0000,0.0000,False,False,False,False,True,892.0745,False
134.7008,0.0000,0.0000,0.0000,0.0000,False,False,False,False,True,892.7528,False
134.7681,0.0000,0.0000,0.0000,0.0000,False,False,False,False,True,893.6323,False
134.8156,0.0000,0.0000,0.0000,0.0000,False,False,False,False,True,894.5668,False
134.8751,0.0000,0.0000,0.0000,0.0000,False,False,False,False,True,895.2257,False
134.9237,0.0000,0.0000,0.0000,0.0000,False,False,False,False,True,896.0516,False
134.9722,0.0000,0.0000,0.0000,0.0000,False,False,False,False,True,896.7266,False
135.0360,0.0000,0.0000,0.0000,0.0000,False,False,False,False,True,897.4008,False
135.0905,0.0000,0.0000,0.0000,0.0000,False,False,False,False,True,898.2863,False
135.1421,0.0000,0.0000,0.0000,0.0000,False,False,False,False,True,899.0424,False
135.2046,0.0000,0.0000,0.0000,0.0000,False,False,False,False,True,899.7598,False
135.2562,0.0000,0.0000,0.0000,0.0000,False,False,False,False,True,900.6272,False
135.3068,0.0000,0.0000,0.0000,0.0000,False,False,False,False,True,901.3436,False
135.3682,0.0000,0.0000,0.0000,0.0000,False,False,False,False,True,902.0466,False
135.4193,0.0000,0.0000,0.0000,0.0000,False,False,False,False,True,902.8990,False
135.4688,0.0000,0.0000,0.0000,0.0000,False,False,False,False,True,903.6093,False
135.5292,0.0000,0.0000,0.0000,0.0000,False,False,False,False,True,904.2953,False
135.5789,0.0000,0.0000,0.0000,0.0000,False,False,False,False,True,905.1347,False
135.6311,0.0000,0.0000,0.0000,0.0000,False,False,False,False,True,905.8254,False
135.6930,0.0000,0.0000,0.0000,0.0000,False,False,False,False,True,906.5496,False
135.7432,0.0000,0.0000,0.0000,0.0000,False,False,False,False,True,907.4100,False
135.7918,0.0000,0.0000,0.0000,0.0000,False,False,False,False,True,908.1067,False
135.8627,0.0000,0.0000,0.0000,0.0000,False,False,False,False,True,908.7817,False
135.9114,0.0000,0.0000,0.0000,0.0000,False,False,False,False,True,909.7653,False
135.9612,0.0000,0.0000,0.0000,0.0000,False,False,False,False,True,910.4422,False
136.0221,0.0000,0.0000,0.0000,0.0000,False,False,False,False,True,911.1339,False
136.0735,0.0000,0.0000,0.0000,0.0000,False,False,False,False,True,911.9797,False
136.1261,0.0000,0.0000,0.0000,0.0000,False,False,False,False,True,912.6938,False
136.1878,0.0000,0.0000,0.0000,0.0000,False,False,False,False,True,913.4238,False
136.2384,0.0000,0.0000,0.0000,0.0000,False,False,False,False,True,914.2803,False
136.2870,0.0000,0.0000,0.0000,0.0000,False,False,False,False,True,914.9837,False
136.3474,0.0000,0.0000,0.0000,0.0000,False,False,False,False,True,915.6587,False
136.3986,0.0000,0.0000,0.0000,0.0000,False,False,False,False,True,916.4968,False
136.4488,0.0000,0.0000,0.0000,0.0000,False,False,False,False,True,917.2080,False
136.5082,0.0000,0.0000,0.0000,0.0000,False,False,False,False,True,917.9041,False
136.5573,0.0000,0.0000,0.0000,0.0000,False,False,False,False,True,918.7298,False
136.6127,0.0000,0.0000,0.0000,0.0000,False,False,False,False,True,919.4118,False
136.6804,0.0000,0.0000,0.0000,0.0000,False,False,False,False,True,920.1807,False
136.7332,0.0000,0.0000,0.0000,0.0000,False,False,False,False,True,921.1207,False
136.7825,0.0000,0.0000,0.0000,0.0000,False,False,False,False,True,921.8547,False
136.8434,0.0000,0.0000,0.0000,0.0000,False,False,False,False,True,922.5388,False
136.8929,0.0000,0.0000,0.0000,0.0000,False,False,False,False,True,923.3843,False
136.9415,0.0000,0.0000,0.0000,0.0000,False,False,False,False,True,924.0714,False
137.0014,0.0000,0.0000,0.0000,0.0000,False,False,False,False,True,924.7470,False
137.0518,0.0000,0.0000,0.0000,0.0000,False,False,False,False,True,925.5775,False
137.1408,0.0000,0.0000,0.0000,0.0000,False,False,False,False,True,926.2786,False
137.2003,0.0000,0.0000,0.0000,0.0000,False,False,False,False,True,927.5143,False
137.2494,0.0000,0.0000,0.0000,0.0000,False,False,False,False,True,928.3402,False
137.2976,0.0000,0.0000,0.0000,0.0000,False,False,False,False,True,929.0223,False
137.3576,0.0000,0.0000,0.0000,0.0000,False,False,False,False,True,929.6914,False
137.4097,0.0000,0.0000,0.0000,0.0000,False,False,False,False,True,930.5249,False
137.4685,0.0000,0.0000,0.0000,0.0000,False,False,False,False,True,931.2478,False
137.5295,0.0000,0.0000,0.0000,0.0000,False,False,False,False,True,932.0640,False
137.5782,0.0000,0.0000,0.0000,0.0000,False,False,False,False,True,932.9120,False
137.6296,0.0000,0.0000,0.0000,0.0000,False,False,False,False,True,933.5873,False
137.6912,0.0000,0.0000,0.0000,0.0000,False,False,False,False,True,934.3015,False
137.7413,0.0000,0.0000,0.0000,0.0000,False,False,False,False,True,935.1565,False
137.7917,0.0000,0.0000,0.0000,0.0000,False,False,False,False,True,935.8533,False
137.8514,0.0000,0.0000,0.0000,0.0000,False,False,False,False,True,936.5529,False
137.9005,0.0000,0.0000,0.0000,0.0000,False,False,False,False,True,937.3816,False
137.9493,0.0000,0.0000,0.0000,0.0000,False,False,False,False,True,938.0631,False
138.0081,0.0000,0.0000,0.0000,0.0000,False,False,False,False,True,938.7408,False
138.0582,0.0000,0.0000,0.0000,0.0000,False,False,False,False,True,939.5576,False
138.1106,0.0000,0.0000,0.0000,0.0000,False,False,False,False,True,940.2531,False
138.1740,0.0000,0.0000,0.0000,0.0000,False,False,False,False,True,940.9810,False
138.2275,0.0000,0.0000,0.0000,0.0000,False,False,False,False,True,941.8608,False
138.2817,0.0000,0.0000,0.0000,0.0000,False,False,False,False,True,942.6042,False
138.3416,0.0000,0.0000,0.0000,0.0000,False,False,False,False,True,943.3568,False
138.3920,0.0000,0.0000,0.0000,0.0000,False,False,False,False,True,944.1881,False
138.4421,0.0000,0.0000,0.0000,0.0000,False,False,False,False,True,944.8885,False
138.5023,0.0000,0.0000,0.0000,0.0000,False,False,False,False,True,945.5835,False
138.5501,0.0000,0.0000,0.0000,0.0000,False,False,False,False,True,946.4197,False
138.6012,0.0000,0.0000,0.0000,0.0000,False,False,False,False,True,947.0840,False
138.6623,0.0000,0.0000,0.0000,0.0000,False,False,False,False,True,947.7933,False
138.7121,0.0000,0.0000,0.0000,0.0000,False,False,False,False,True,948.6418,False
138.7602,0.0000,0.0000,0.0000,0.0000,False,False,False,False,True,949.3334,False
138.8208,0.0000,0.0000,0.0000,0.0000,False,False,False,False,True,950.0009,False
138.8691,0.0000,0.0000,0.0000,0.0000,False,False,False,False,True,950.8430,False
138.9176,0.0000,0.0000,0.0000,0.0000,False,False,False,False,True,951.5131,False
138.9798,0.0000,0.0000,0.0000,0.0000,False,False,False,False,True,952.1873,False
139.0364,0.0000,0.0000,0.0000,0.0000,False,False,False,False,True,953.0503,False
139.0885,0.0000,0.0000,0.0000,0.0000,False,False,False,False,True,953.8371,False
139.1552,0.0000,0.0000,0.0000,0.0000,False,False,False,False,True,954.5599,False
139.2058,0.0000,0.0000,0.0000,0.0000,False,False,False,False,True,955.4860,False
139.2567,0.0000,0.0000,0.0000,0.0000,False,False,False,False,True,956.1889,False
139.3173,0.0000,0.0000,0.0000,0.0000,False,False,False,False,True,956.8957,False
139.3666,0.0000,0.0000,0.0000,0.0000,False,False,False,False,True,957.7378,False
139.4186,0.0000,0.0000,0.0000,0.0000,False,False,False,False,True,958.4224,False
139.4794,0.0000,0.0000,0.0000,0.0000,False,False,False,False,True,959.1446,False
139.5286,0.0000,0.0000,0.0000,0.0000,False,False,False,False,True,959.9888,False
139.5776,0.0000,0.0000,0.0000,0.0000,False,False,False,False,True,960.6711,False
139.6419,0.0000,0.0000,0.0000,0.0000,False,False,False,False,True,961.3516,False
139.6942,0.0000,0.0000,0.0000,0.0000,False,False,False,False,True,962.2455,False
139.7423,0.0000,0.0000,0.0000,0.0000,False,False,False,False,True,962.9707,False
139.8069,0.0000,0.0000,0.0000,0.0000,False,False,False,False,True,963.6387,False
139.8641,0.0000,0.0000,0.0000,0.0000,False,False,False,False,True,964.5363,False
139.9198,0.0000,0.0000,0.0000,0.0000,False,False,False,False,True,965.3304,False
139.9839,0.0000,0.0000,0.0000,0.0000,False,False,False,False,True,966.1046,False
140.0324,0.0000,0.0000,0.0000,0.0000,False,False,False,False,True,966.9946,False
140.0827,0.0000,0.0000,0.0000,0.0000,False,False,False,False,True,967.6675,False
140.1478,0.0000,0.0000,0.0000,0.0000,False,False,False,False,True,968.3659,False
140.1980,0.0000,0.0000,0.0000,0.0000,False,False,False,False,True,969.2702,False
140.2467,0.0000,0.0000,0.0000,0.0000,False,False,False,False,True,969.9680,False
140.3068,0.0000,0.0000,0.0000,0.0000,False,False,False,False,True,970.6435,False
140.3555,0.0000,0.0000,0.0000,0.0000,False,False,False,False,True,971.4783,False
140.4054,0.0000,0.0000,0.0000,0.0000,False,False,False,False,True,972.1546,False
140.4665,0.0000,0.0000,0.0000,0.0000,False,False,False,False,True,972.8477,False
140.5149,0.0000,0.0000,0.0000,0.0000,False,False,False,False,True,973.6953,False
140.5672,0.0000,0.0000,0.0000,0.0000,False,False,False,False,True,974.3677,False
140.6393,0.0000,0.0000,0.0000,0.0000,False,False,False,False,True,975.0934,False
140.6961,0.0000,0.0000,0.0000,0.0000,False,False,False,False,True,976.0959,False
140.7451,0.0000,0.0000,0.0000,0.0000,False,False,False,False,True,976.8843,False
140.8066,0.0000,0.0000,0.0000,0.0000,False,False,False,False,True,977.5652,False
140.8563,0.0000,0.0000,0.0000,0.0000,False,False,False,False,True,978.4190,False
140.9064,0.0000,0.0000,0.0000,0.0000,False,False,False,False,True,979.1093,False
140.9673,0.0000,0.0000,0.0000,0.0000,False,False,False,False,True,979.8052,False
141.0159,0.0000,0.0000,0.0000,0.0000,False,False,False,False,True,980.6502,False
141.0651,0.0000,0.0000,0.0000,0.0000,False,False,False,False,True,981.3243,False
141.1282,0.0000,0.0000,0.0000,0.0000,False,False,False,False,True,982.0079,False
141.1792,0.0000,0.0000,0.0000,0.0000,False,False,False,False,True,982.8846,False
141.2279,0.0000,0.0000,0.0000,0.0000,False,False,False,False,True,983.5928,False
141.2904,0.0000,0.0000,0.0000,0.0000,False,False,False,False,True,984.2692,False
141.3410,0.0000,0.0000,0.0000,0.0000,False,False,False,False,True,985.1368,False
141.3959,0.0000,0.0000,0.0000,0.0000,False,False,False,False,True,985.8389,False
141.4623,0.0000,0.0000,0.0000,0.0000,False,False,False,False,True,986.6015,False
141.5116,0.0000,0.0000,0.0000,0.0000,False,False,False,False,True,987.5241,False
141.5622,0.0000,0.0000,0.0000,0.0000,False,False,False,False,True,988.2089,False
141.6248,0.0000,0.0000,0.0000,0.0000,False,False,False,False,True,988.9108,False
141.6787,0.0000,0.0000,0.0000,0.0000,False,False,False,False,True,989.7808,False
141.7276,0.0000,0.0000,0.0000,0.0000,False,False,False,False,True,990.5295,False
141.7896,0.0000,0.0000,0.0000,0.0000,False,False,False,False,True,991.2082,False
141.8410,0.0000,0.0000,0.0000,0.0000,False,False,False,False,True,992.0688,False
141.8926,0.0000,0.0000,0.0000,0.0000,False,False,False,False,True,992.7834,False
141.9533,0.0000,0.0000,0.0000,0.0000,False,False,False,False,True,993.4987,False
142.0017,0.0000,0.0000,0.0000,0.0000,False,False,False,False,True,994.3417,False
142.0532,0.0000,0.0000,0.0000,0.0000,False,False,False,False,True,995.0143,False
142.1156,0.0000,0.0000,0.0000,0.0000,False,False,False,False,True,995.7289,False
142.1787,0.0000,0.0000,0.0000,0.0000,False,False,False,False,True,996.5965,False
142.2285,0.0000,0.0000,0.0000,0.0000,False,False,False,False,True,997.4717,False
142.2923,0.0000,0.0000,0.0000,0.0000,False,False,False,False,True,998.1631,False
142.3433,0.0000,0.0000,0.0000,0.0000,False,False,False,False,True,999.0497,False
142.3977,0.0000,0.0000,0.0000,0.0000,False,False,False,False,True,999.7576,False
142.4578,0.0000,0.0000,0.0000,0.0000,False,False,False,False,True,1000.5140,False
142.5084,0.0000,0.0000,0.0000,0.0000,False,False,False,False,True,1001.3470,False
142.5573,0.0000,0.0000,0.0000,0.0000,False,False,False,False,True,1002.0500,False
142.6194,0.0000,0.0000,0.0000,0.0000,False,False,False,False,True,1002.7290,False
142.6705,0.0000,0.0000,0.0000,0.0000,False,False,False,False,True,1003.5920,False
142.7197,0.0000,0.0000,0.0000,0.0000,False,False,False,False,True,1004.3020,False
142.7832,0.0000,0.0000,0.0000,0.0000,False,False,False,False,True,1004.9840,False
142.8364,0.0000,0.0000,0.0000,0.0000,False,False,False,False,True,1005.8670,False
142.8854,0.0000,0.0000,0.0000,0.0000,False,False,False,False,True,1006.6060,False
142.9560,0.0000,0.0000,0.0000,0.0000,False,False,False,False,True,1007.2860,False
143.0052,0.0000,0.0000,0.0000,0.0000,False,False,False,False,True,1008.2670,False
143.0554,0.0000,0.0000,0.0000,0.0000,False,False,False,False,True,1008.9500,False
143.1180,0.0000,0.0000,0.0000,0.0000,False,False,False,False,True,1009.6460,False
143.1716,0.0000,0.0000,0.0000,0.0000,False,False,False,False,True,1010.5150,False
143.2215,0.0000,0.0000,0.0000,0.0000,False,False,False,False,True,1011.2600,False
143.2870,0.0000,0.0000,0.0000,0.0000,False,False,False,False,True,1011.9530,False
143.3392,0.0000,0.0000,0.0000,0.0000,False,False,False,False,True,1012.8630,False
143.3909,0.0000,0.0000,0.0000,0.0000,False,False,False,False,True,1013.5870,False
143.4540,0.0000,0.0000,0.0000,0.0000,False,False,False,False,True,1014.3050,False
143.5038,0.0000,0.0000,0.0000,0.0000,False,False,False,False,True,1015.1820,False
143.5532,0.0000,0.0000,0.0000,0.0000,False,False,False,False,True,1015.8730,False
143.6154,0.0000,0.0000,0.0000,0.0000,False,False,False,False,True,1016.5600,False
143.6708,0.0000,0.0000,0.0000,0.0000,False,False,False,False,True,1017.4240,False
143.7267,0.0000,0.0000,0.0000,0.0000,False,False,False,False,True,1018.1930,False
143.7896,0.0000,0.0000,0.0000,0.0000,False,False,False,False,True,1018.9700,False
143.8444,0.0000,0.0000,0.0000,0.0000,False,False,False,False,True,1019.8430,False
143.8940,0.0000,0.0000,0.0000,0.0000,False,False,False,False,True,1020.6040,False
143.9566,0.0000,0.0000,0.0000,0.0000,False,False,False,False,True,1021.2920,False
144.0077,0.0000,0.0000,0.0000,0.0000,False,False,False,False,True,1022.1610,False
144.0587,0.0000,0.0000,0.0000,0.0000,False,False,False,False,True,1022.8710,False
144.1198,0.0000,0.0000,0.0000,0.0000,False,False,False,False,True,1023.5790,False
144.1733,0.0000,0.0000,0.0000,0.0000,False,False,False,False,True,1024.4270,False
144.2236,0.0000,0.0000,0.0000,0.0000,False,False,False,False,True,1025.1710,False
144.2885,0.0000,0.0000,0.0000,0.0000,False,False,False,False,True,1025.8700,False
144.3438,0.0000,0.0000,0.0000,0.0000,False,False,False,False,True,1026.7710,False
144.3973,0.0000,0.0000,0.0000,0.0000,False,False,False,False,True,1027.5380,False
144.4700,0.0000,0.0000,0.0000,0.0000,False,False,False,False,True,1028.2810,False
144.5201,0.0000,0.0000,0.0000,0.0000,False,False,False,False,True,1029.2920,False
144.5713,0.0000,0.0000,0.0000,0.0000,False,False,False,False,True,1029.9870,False
144.6322,0.0000,0.0000,0.0000,0.0000,False,False,False,False,True,1030.6980,False
144.6866,0.0000,0.0000,0.0000,0.0000,False,False,False,False,True,1031.5440,False
144.7360,0.0000,0.0000,0.0000,0.0000,False,False,False,False,True,1032.2990,False
144.8027,0.0000,0.0000,0.0000,0.0000,False,False,False,False,True,1032.9850,False
144.8544,0.0000,0.0000,0.0000,0.0000,False,False,False,False,True,1033.9110,False
144.9050,0.0000,0.0000,0.0000,0.0000,False,False,False,False,True,1034.6300,False
144.9661,0.0000,0.0000,0.0000,0.0000,False,False,False,False,True,1035.3320,False
145.0198,0.0000,0.0000,0.0000,0.0000,False,False,False,False,True,1036.1800,False
145.0702,0.0000,0.0000,0.0000,0.0000,False,False,False,False,True,1036.9260,False
145.1356,0.0000,0.0000,0.0000,0.0000,False,False,False,False,True,1037.6260,False
145.1876,0.0000,0.0000,0.0000,0.0000,False,False,False,False,True,1038.5340,False
145.2458,0.0000,0.0000,0.0000,0.0000,False,False,False,False,True,1039.2560,False
145.3143,0.0000,0.0000,0.0000,0.0000,False,False,False,False,True,1040.0650,False
145.3660,0.0000,0.0000,0.0000,0.0000,False,False,False,False,True,1041.0160,False
145.4174,0.0000,0.0000,0.0000,0.0000,False,False,False,False,True,1041.7340,False
145.4778,0.0000,0.0000,0.0000,0.0000,False,False,False,False,True,1042.4470,False
145.5269,0.0000,0.0000,0.0000,0.0000,False,False,False,False,True,1043.2870,False
145.5786,0.0000,0.0000,0.0000,0.0000,False,False,False,False,True,1043.9680,False
145.6390,0.0000,0.0000,0.0000,0.0000,False,False,False,False,True,1044.6870,False
145.6934,0.0000,0.0000,0.0000,0.0000,False,False,False,False,True,1045.5260,False
145.7440,0.0000,0.0000,0.0000,0.0000,False,False,False,False,True,1046.2810,False
145.8060,0.0000,0.0000,0.0000,0.0000,False,False,False,False,True,1046.9840,False
145.8562,0.0000,0.0000,0.0000,0.0000,False,False,False,False,True,1047.8440,False
145.9079,0.0000,0.0000,0.0000,0.0000,False,False,False,False,True,1048.5420,False
145.9744,0.0000,0.0000,0.0000,0.0000,False,False,False,False,True,1049.2600,False
146.0282,0.0000,0.0000,0.0000,0.0000,False,False,False,False,True,1050.1830,False
146.0800,0.0000,0.0000,0.0000,0.0000,False,False,False,False,True,1050.9310,False
146.1433,0.0000,0.0000,0.0000,0.0000,False,False,False,False,True,1051.6490,False
146.1965,0.0000,0.0000,0.0000,0.0000,False,False,False,False,True,1052.5290,False
146.2475,0.0000,0.0000,0.0000,0.0000,False,False,False,False,True,1053.2680,False
146.3116,0.0000,0.0000,0.0000,0.0000,False,False,False,False,True,1053.9750,False
146.3636,0.0000,0.0000,0.0000,0.0000,False,False,False,False,True,1054.8660,False
146.4156,0.0000,0.0000,0.0000,0.0000,False,False,False,False,True,1055.5880,False
146.4760,0.0000,0.0000,0.0000,0.0000,False,False,False,False,True,1056.3090,False
146.5299,0.0000,0.0000,0.0000,0.0000,False,False,False,False,True,1057.1490,False
146.5788,0.0000,0.0000,0.0000,0.0000,False,False,False,False,True,1057.8970,False
146.6406,0.0000,0.0000,0.0000,0.0000,False,False,False,False,True,1058.5760,False
146.6931,0.0000,0.0000,0.0000,0.0000,False,False,False,False,True,1059.4350,False
146.7458,0.0000,0.0000,0.0000,0.0000,False,False,False,False,True,1060.1630,False
146.8179,0.0000,0.0000,0.0000,0.0000,False,False,False,False,True,1060.8960,False
146.8699,0.0000,0.0000,0.0000,0.0000,False,False,False,False,True,1061.8970,False
146.9213,0.0000,0.0000,0.0000,0.0000,False,False,False,False,True,1062.6190,False
146.9830,0.0000,0.0000,0.0000,0.0000,False,False,False,False,True,1063.3330,False
147.0336,0.0000,0.0000,0.0000,0.0000,False,False,False,False,True,1064.1890,False
147.0857,0.0000,0.0000,0.0000,0.0000,False,False,False,False,True,1064.8920,False
147.1512,0.0000,0.0000,0.0000,0.0000,False,False,False,False,True,1065.6150,False
147.2031,0.0000,0.0000,0.0000,0.0000,False,False,False,False,True,1066.5240,False
147.2541,0.0000,0.0000,0.0000,0.0000,False,False,False,False,True,1067.2450,False
147.3172,0.0000,0.0000,0.0000,0.0000,False,False,False,False,True,1067.9540,False
147.3716,0.0000,0.0000,0.0000,0.0000,False,False,False,False,True,1068.8300,False
147.4239,0.0000,0.0000,0.0000,0.0000,False,False,False,False,True,1069.5850,False
147.4848,0.0000,0.0000,0.0000,0.0000,False,False,False,False,True,1070.3120,False
147.5396,0.0000,0.0000,0.0000,0.0000,False,False,False,False,True,1071.1580,False
147.5956,0.0000,0.0000,0.0000,0.0000,False,False,False,False,True,1071.9180,False
147.6566,0.0000,0.0000,0.0000,0.0000,False,False,False,False,True,1072.6960,False
147.7089,0.0000,0.0000,0.0000,0.0000,False,False,False,False,True,1073.5430,False
147.7604,0.0000,0.0000,0.0000,0.0000,False,False,False,False,True,1074.2690,False
147.8235,0.0000,0.0000,0.0000,0.0000,False,False,False,False,True,1074.9850,False
147.8760,0.0000,0.0000,0.0000,0.0000,False,False,False,False,True,1075.8610,False
147.9274,0.0000,0.0000,0.0000,0.0000,False,False,False,False,True,1076.5900,False
147.9897,0.0000,0.0000,0.0000,0.0000,False,False,False,False,True,1077.3050,False
148.0396,0.0000,0.0000,0.0000,0.0000,False,False,False,False,True,1078.1700,False
148.0921,0.0000,0.0000,0.0000,0.0000,False,False,False,False,True,1078.8630,False
148.1552,0.0000,0.0000,0.0000,0.0000,False,False,False,False,True,1079.5910,False
148.2075,0.0000,0.0000,0.0000,0.0000,False,False,False,False,True,1080.4670,False
148.2592,0.0000,0.0000,0.0000,0.0000,False,False,False,False,True,1081.1940,False
148.3304,0.0000,0.0000,0.0000,0.0000,False,False,False,False,True,1081.9110,False
148.3839,0.0000,0.0000,0.0000,0.0000,False,False,False,False,True,1082.9000,False
148.4354,0.0000,0.0000,0.0000,0.0000,False,False,False,False,True,1083.6440,False
148.4957,0.0000,0.0000,0.0000,0.0000,False,False,False,False,True,1084.3590,False
148.5471,0.0000,0.0000,0.0000,0.0000,False,False,False,False,True,1085.1970,False
148.5975,0.0000,0.0000,0.0000,0.0000,False,False,False,False,True,1085.9100,False
148.6584,0.0000,0.0000,0.0000,0.0000,False,False,False,False,True,1086.6090,False
148.7128,0.0000,0.0000,0.0000,0.0000,False,False,False,False,True,1087.4560,False
148.7622,0.0000,0.0000,0.0000,0.0000,False,False,False,False,True,1088.2110,False
148.8248,0.0000,0.0000,0.0000,0.0000,False,False,False,False,True,1088.8970,False
148.8762,0.0000,0.0000,0.0000,0.0000,False,False,False,False,True,1089.7660,False
148.9268,0.0000,0.0000,0.0000,0.0000,False,False,False,False,True,1090.4800,False
148.9893,0.0000,0.0000,0.0000,0.0000,False,False,False,False,True,1091.1840,False
149.0388,0.0000,0.0000,0.0000,0.0000,False,False,False,False,True,1092.0510,False
149.0919,0.0000,0.0000,0.0000,0.0000,False,False,False,False,True,1092.7380,False
149.1613,0.0000,0.0000,0.0000,0.0000,False,False,False,False,True,1093.4750,False
149.2133,0.0000,0.0000,0.0000,0.0000,False,False,False,False,True,1094.4390,False
149.2660,0.0000,0.0000,0.0000,0.0000,False,False,False,False,True,1095.1610,False
149.3313,0.0000,0.0000,0.0000,0.0000,False,False,False,False,True,1095.8930,False
149.3838,0.0000,0.0000,0.0000,0.0000,False,False,False,False,True,1096.8000,False
149.4356,0.0000,0.0000,0.0000,0.0000,False,False,False,False,True,1097.5300,False
149.4983,0.0000,0.0000,0.0000,0.0000,False,False,False,False,True,1098.2480,False
149.5470,0.0000,0.0000,0.0000,0.0000,False,False,False,False,True,1099.1190,False
149.5986,0.0000,0.0000,0.0000,0.0000,False,False,False,False,True,1099.7950,False
149.6591,0.0000,0.0000,0.0000,0.0000,False,False,False,False,True,1100.5120,False
149.7120,0.0000,0.0000,0.0000,0.0000,False,False,False,False,True,1101.3530,False
149.7629,0.0000,0.0000,0.0000,0.0000,False,False,False,False,True,1102.0870,False
149.8265,0.0000,0.0000,0.0000,0.0000,False,False,False,False,True,1102.7940,False
149.8875,0.0000,0.0000,0.0000,0.0000,False,False,False,False,True,1103.6770,False
149.9371,0.0000,0.0000,0.0000,0.0000,False,False,False,False,True,1104.5240,False
149.9990,0.0000,0.0000,0.0000,0.0000,False,False,False,False,True,1105.2140,False
150.0501,0.0000,0.0000,0.0000,0.0000,False,False,False,False,True,1106.0740,False
150.1186,0.0000,0.0000,0.0000,0.0000,False,False,False,False,True,1106.7820,False
150.1781,0.0000,0.0000,0.0000,0.0000,False,False,False,False,True,1107.7340,False
150.2290,0.0000,0.0000,0.0000,0.0000,False,False,False,False,True,1108.5600,False
150.2779,0.0000,0.0000,0.0000,0.0000,False,False,False,False,True,1109.2670,False
150.3393,0.0000,0.0000,0.0000,0.0000,False,False,False,False,True,1109.9460,False
150.3913,0.0000,0.0000,0.0000,0.0000,False,False,False,False,True,1110.7990,False
150.4407,0.0000,0.0000,0.0000,0.0000,False,False,False,False,True,1111.5210,False
150.5028,0.0000,0.0000,0.0000,0.0000,False,False,False,False,True,1112.2070,False
150.5523,0.0000,0.0000,0.0000,0.0000,False,False,False,False,True,1113.0690,False
150.6009,0.0000,0.0000,0.0000,0.0000,False,False,False,False,True,1113.7560,False
150.6697,0.0000,0.0000,0.0000,0.0000,False,False,False,False,True,1114.4320,False
150.7219,0.0000,0.0000,0.0000,0.0000,False,False,False,False,True,1115.3870,False
150.7738,0.0000,0.0000,0.0000,0.0000,False,False,False,False,True,1116.1120,False
150.8360,0.0000,0.0000,0.0000,0.0000,False,False,False,False,True,1116.8330,False
150.8864,0.0000,0.0000,0.0000,0.0000,False,False,False,False,True,1117.6960,False
150.9361,0.0000,0.0000,0.0000,0.0000,False,False,False,False,True,1118.3960,False
150.9953,0.0000,0.0000,0.0000,0.0000,False,False,False,False,True,1119.0860,False
151.0440,0.0000,0.0000,0.0000,0.0000,False,False,False,False,True,1119.9090,False
151.0935,0.0000,0.0000,0.0000,0.0000,False,False,False,False,True,1120.5850,False
151.1533,0.0000,0.0000,0.0000,0.0000,False,False,False,False,True,1121.2720,False
151.2029,0.0000,0.0000,0.0000,0.0000,False,False,False,False,True,1122.1030,False
151.2554,0.0000,0.0000,0.0000,0.0000,False,False,False,False,True,1122.7920,False
151.3169,0.0000,0.0000,0.0000,0.0000,False,False,False,False,True,1123.5210,False
151.3677,0.0000,0.0000,0.0000,0.0000,False,False,False,False,True,1124.3750,False
151.4202,0.0000,0.0000,0.0000,0.0000,False,False,False,False,True,1125.0800,False
151.4848,0.0000,0.0000,0.0000,0.0000,False,False,False,False,True,1125.8100,False
151.5337,0.0000,0.0000,0.0000,0.0000,False,False,False,False,True,1126.7070,False
151.5821,0.0000,0.0000,0.0000,0.0000,False,False,False,False,True,1127.3850,False
151.6414,0.0000,0.0000,0.0000,0.0000,False,False,False,False,True,1128.0580,False
151.6899,0.0000,0.0000,0.0000,0.0000,False,False,False,False,True,1128.8810,False
151.7415,0.0000,0.0000,0.0000,0.0000,False,False,False,False,True,1129.5550,False
151.8056,0.0000,0.0000,0.0000,0.0000,False,False,False,False,True,1130.2720,False
151.8569,0.0000,0.0000,0.0000,0.0000,False,False,False,False,True,1131.1620,False
151.9053,0.0000,0.0000,0.0000,0.0000,False,False,False,False,True,1131.8750,False
151.9650,0.0000,0.0000,0.0000,0.0000,False,False,False,False,True,1132.5470,False
152.0140,0.0000,0.0000,0.0000,0.0000,False,False,False,False,True,1133.3750,False
152.0625,0.0000,0.0000,0.0000,0.0000,False,False,False,False,True,1134.0560,False
152.1224,0.0000,0.0000,0.0000,0.0000,False,False,False,False,True,1134.7290,False
152.1723,0.0000,0.0000,0.0000,0.0000,False,False,False,False,True,1135.5620,False
152.2321,0.0000,0.0000,0.0000,0.0000,False,False,False,False,True,1136.2550,False
152.2970,0.0000,0.0000,0.0000,0.0000,False,False,False,False,True,1137.0850,False
152.3483,0.0000,0.0000,0.0000,0.0000,False,False,False,False,True,1137.9860,False
152.3984,0.0000,0.0000,0.0000,0.0000,False,False,False,False,True,1138.6980,False
152.4580,0.0000,0.0000,0.0000,0.0000,False,False,False,False,True,1139.3940,False
152.5417,0.0000,0.0000,0.0000,0.0000,False,False,False,False,True,1140.2220,False
152.5889,0.0000,0.0000,0.0000,0.0000,False,False,False,False,True,1141.3840,False
152.6469,0.0000,0.0000,0.0000,0.0000,False,False,False,False,True,1142.0400,False
152.6948,0.0000,0.0000,0.0000,0.0000,False,False,False,False,True,1142.8460,False
152.7459,0.0000,0.0000,0.0000,0.0000,False,False,False,False,True,1143.5100,False
152.8070,0.0000,0.0000,0.0000,0.0000,False,False,False,False,True,1144.2200,False
152.8566,0.0000,0.0000,0.0000,0.0000,False,False,False,False,True,1145.0690,False
152.9056,0.0000,0.0000,0.0000,0.0000,False,False,False,False,True,1145.7580,False
152.9647,0.0000,0.0000,0.0000,0.0000,False,False,False,False,True,1146.4380,False
153.0205,0.0000,0.0000,0.0000,0.0000,False,False,False,False,True,1147.2590,False
153.0687,0.0000,0.0000,0.0000,0.0000,False,False,False,False,True,1148.0340,False
153.1726,0.0000,0.0000,0.0000,0.0000,False,False,False,False,True,1148.7030,False
153.2212,0.0000,0.0000,0.0000,0.0000,False,False,False,False,True,1150.1450,False
153.2854,0.0000,0.0000,0.0000,0.0000,False,False,False,False,True,1150.8210,False
153.3360,0.0000,0.0000,0.0000,0.0000,False,False,False,False,True,1151.7120,False
153.3852,0.0000,0.0000,0.0000,0.0000,False,False,False,False,True,1152.4140,False
153.4448,0.0000,0.0000,0.0000,0.0000,False,False,False,False,True,1153.0980,False
153.4940,0.0000,0.0000,0.0000,0.0000,False,False,False,False,True,1153.9260,False
153.5433,0.0000,0.0000,0.0000,0.0000,False,False,False,False,True,1154.6090,False
153.6032,0.0000,0.0000,0.0000,0.0000,False,False,False,False,True,1155.2940,False
153.6515,0.0000,0.0000,0.0000,0.0000,False,False,False,False,True,1156.1250,False
153.7002,0.0000,0.0000,0.0000,0.0000,False,False,False,False,True,1156.7970,False
153.7751,0.0000,0.0000,0.0000,0.0000,False,False,False,False,True,1157.4730,False
153.8262,0.0000,0.0000,0.0000,0.0000,False,False,False,False,True,1158.5130,False
153.8749,0.0000,0.0000,0.0000,0.0000,False,False,False,False,True,1159.2220,False
153.9353,0.0000,0.0000,0.0000,0.0000,False,False,False,False,True,1159.8990,False
153.9831,0.0000,0.0000,0.0000,0.0000,False,False,False,False,True,1160.7370,False
154.0325,0.0000,0.0000,0.0000,0.0000,False,False,False,False,True,1161.4020,False
154.0918,0.0000,0.0000,0.0000,0.0000,False,False,False,False,True,1162.0870,False
154.1406,0.0000,0.0000,0.0000,0.0000,False,False,False,False,True,1162.9100,False
154.1927,0.0000,0.0000,0.0000,0.0000,False,False,False,False,True,1163.5890,False
154.2575,0.0000,0.0000,0.0000,0.0000,False,False,False,False,True,1164.3120,False
154.3077,0.0000,0.0000,0.0000,0.0000,False,False,False,False,True,1165.2120,False
154.3564,0.0000,0.0000,0.0000,0.0000,False,False,False,False,True,1165.9090,False
154.4175,0.0000,0.0000,0.0000,0.0000,False,False,False,False,True,1166.5850,False
154.4659,0.0000,0.0000,0.0000,0.0000,False,False,False,False,True,1167.4340,False
154.5147,0.0000,0.0000,0.0000,0.0000,False,False,False,False,True,1168.1060,False
154.5880,0.0000,0.0000,0.0000,0.0000,False,False,False,False,True,1168.7830,False
154.6369,0.0000,0.0000,0.0000,0.0000,False,False,False,False,True,1169.8010,False
154.6853,0.0000,0.0000,0.0000,0.0000,False,False,False,False,True,1170.4800,False
154.7500,0.0000,0.0000,0.0000,0.0000,False,False,False,False,True,1171.1530,False
154.8005,0.0000,0.0000,0.0000,0.0000,False,False,False,False,True,1172.0520,False
154.8509,0.0000,0.0000,0.0000,0.0000,False,False,False,False,True,1172.7520,False
154.9106,0.0000,0.0000,0.0000,0.0000,False,False,False,False,True,1173.4530,False
154.9629,0.0000,0.0000,0.0000,0.0000,False,False,False,False,True,1174.2810,False
155.0113,0.0000,0.0000,0.0000,0.0000,False,False,False,False,True,1175.0080,False
155.0725,0.0000,0.0000,0.0000,0.0000,False,False,False,False,True,1175.6800,False
155.1214,0.0000,0.0000,0.0000,0.0000,False,False,False,False,True,1176.5300,False
155.1699,0.0000,0.0000,0.0000,0.0000,False,False,False,False,True,1177.2090,False
155.2326,0.0000,0.0000,0.0000,0.0000,False,False,False,False,True,1177.8830,False
155.2841,0.0000,0.0000,0.0000,0.0000,False,False,False,False,True,1178.7530,False
155.3371,0.0000,0.0000,0.0000,0.0000,False,False,False,False,True,1179.4690,False
155.4069,0.0000,0.0000,0.0000,0.0000,False,False,False,False,True,1180.2050,False
155.4641,0.0000,0.0000,0.0000,0.0000,False,False,False,False,True,1181.1740,False
155.5217,0.0000,0.0000,0.0000,0.0000,False,False,False,False,True,1181.9680,False
155.5804,0.0000,0.0000,0.0000,0.0000,False,False,False,False,True,1182.7690,False
155.6282,0.0000,0.0000,0.0000,0.0000,False,False,False,False,True,1183.5830,False
155.6767,0.0000,0.0000,0.0000,0.0000,False,False,False,False,True,1184.2470,False
155.7355,0.0000,0.0000,0.0000,0.0000,False,False,False,False,True,1184.9210,False
155.7890,0.0000,0.0000,0.0000,0.0000,False,False,False,False,True,1185.7370,False
155.8379,0.0000,0.0000,0.0000,0.0000,False,False,False,False,True,1186.4810,False
155.8997,0.0000,0.0000,0.0000,0.0000,False,False,False,False,True,1187.1590,False
155.9505,0.0000,0.0000,0.0000,0.0000,False,False,False,False,True,1188.0170,False
155.9995,0.0000,0.0000,0.0000,0.0000,False,False,False,False,True,1188.7230,False
156.0583,0.0000,0.0000,0.0000,0.0000,False,False,False,False,True,1189.4030,False
156.1088,0.0000,0.0000,0.0000,0.0000,False,False,False,False,True,1190.2200,False
156.1599,0.0000,0.0000,0.0000,0.0000,False,False,False,False,True,1190.9220,False
156.2261,0.0000,0.0000,0.0000,0.0000,False,False,False,False,True,1191.6310,False
156.2884,0.0000,0.0000,0.0000,0.0000,False,False,False,False,True,1192.5510,False
156.3407,0.0000,0.0000,0.0000,0.0000,False,False,False,False,True,1193.4170,False
156.4094,0.0000,0.0000,0.0000,0.0000,False,False,False,False,True,1194.1430,False
156.4609,0.0000,0.0000,0.0000,0.0000,False,False,False,False,True,1195.0970,False
156.5099,0.0000,0.0000,0.0000,0.0000,False,False,False,False,True,1195.8120,False
156.5713,0.0000,0.0000,0.0000,0.0000,False,False,False,False,True,1196.4920,False
156.6189,0.0000,0.0000,0.0000,0.0000,False,False,False,False,True,1197.3440,False
156.6671,0.0000,0.0000,0.0000,0.0000,False,False,False,False,True,1198.0060,False
156.7262,0.0000,0.0000,0.0000,0.0000,False,False,False,False,True,1198.6750,False
156.7766,0.0000,0.0000,0.0000,0.0000,False,False,False,False,True,1199.4950,False
156.8246,0.0000,0.0000,0.0000,0.0000,False,False,False,False,True,1200.1960,False
156.8866,0.0000,0.0000,0.0000,0.0000,False,False,False,False,True,1200.8630,False
156.9418,0.0000,0.0000,0.0000,0.0000,False,False,False,False,True,1201.7240,False
156.9985,0.0000,0.0000,0.0000,0.0000,False,False,False,False,True,1202.4900,False
157.0569,0.0000,0.0000,0.0000,0.0000,False,False,False,False,True,1203.2770,False
157.1047,0.0000,0.0000,0.0000,0.0000,False,False,False,False,True,1204.0890,False
157.1532,0.0000,0.0000,0.0000,0.0000,False,False,False,False,True,1204.7530,False
157.2126,0.0000,0.0000,0.0000,0.0000,False,False,False,False,True,1205.4270,False
157.2626,0.0000,0.0000,0.0000,0.0000,False,False,False,False,True,1206.2510,False
157.3147,0.0000,0.0000,0.0000,0.0000,False,False,False,False,True,1206.9460,False
157.3777,0.0000,0.0000,0.0000,0.0000,False,False,False,False,True,1207.6690,False
157.4282,0.0000,0.0000,0.0000,0.0000,False,False,False,False,True,1208.5430,False
157.4774,0.0000,0.0000,0.0000,0.0000,False,False,False,False,True,1209.2460,False
157.5367,0.0000,0.0000,0.0000,0.0000,False,False,False,False,True,1209.9290,False
157.5863,0.0000,0.0000,0.0000,0.0000,False,False,False,False,True,1210.7520,False
157.6383,0.0000,0.0000,0.0000,0.0000,False,False,False,False,True,1211.4410,False
157.7018,0.0000,0.0000,0.0000,0.0000,False,False,False,False,True,1212.1630,False
157.7565,0.0000,0.0000,0.0000,0.0000,False,False,False,False,True,1213.0440,False
157.8120,0.0000,0.0000,0.0000,0.0000,False,False,False,False,True,1213.8040,False
157.8740,0.0000,0.0000,0.0000,0.0000,False,False,False,False,True,1214.5750,False
157.9241,0.0000,0.0000,0.0000,0.0000,False,False,False,False,True,1215.4360,False
157.9722,0.0000,0.0000,0.0000,0.0000,False,False,False,False,True,1216.1320,False
158.0323,0.0000,0.0000,0.0000,0.0000,False,False,False,False,True,1216.8000,False
158.0802,0.0000,0.0000,0.0000,0.0000,False,False,False,False,True,1217.6350,False
158.1286,0.0000,0.0000,0.0000,0.0000,False,False,False,False,True,1218.3000,False
158.1882,0.0000,0.0000,0.0000,0.0000,False,False,False,False,True,1218.9720,False
158.2369,0.0000,0.0000,0.0000,0.0000,False,False,False,False,True,1219.8000,False
158.2913,0.0000,0.0000,0.0000,0.0000,False,False,False,False,True,1220.4760,False
158.3539,0.0000,0.0000,0.0000,0.0000,False,False,False,False,True,1221.2310,False
158.4081,0.0000,0.0000,0.0000,0.0000,False,False,False,False,True,1222.1010,False
158.4648,0.0000,0.0000,0.0000,0.0000,False,False,False,False,True,1222.8530,False
158.5245,0.0000,0.0000,0.0000,0.0000,False,False,False,False,True,1223.6410,False
158.5754,0.0000,0.0000,0.0000,0.0000,False,False,False,False,True,1224.4690,False
158.6253,0.0000,0.0000,0.0000,0.0000,False,False,False,False,True,1225.1770,False
158.6846,0.0000,0.0000,0.0000,0.0000,False,False,False,False,True,1225.8700,False
158.7352,0.0000,0.0000,0.0000,0.0000,False,False,False,False,True,1226.6930,False
158.7865,0.0000,0.0000,0.0000,0.0000,False,False,False,False,True,1227.3960,False
158.8478,0.0000,0.0000,0.0000,0.0000,False,False,False,False,True,1228.1080,False
158.8981,0.0000,0.0000,0.0000,0.0000,False,False,False,False,True,1228.9590,False
158.9490,0.0000,0.0000,0.0000,0.0000,False,False,False,False,True,1229.6580,False
159.0126,0.0000,0.0000,0.0000,0.0000,False,False,False,False,True,1230.3650,False
159.0608,0.0000,0.0000,0.0000,0.0000,False,False,False,False,True,1231.2490,False
159.1108,0.0000,0.0000,0.0000,0.0000,False,False,False,False,True,1231.9170,False
159.1760,0.0000,0.0000,0.0000,0.0000,False,False,False,False,True,1232.6120,False
159.2307,0.0000,0.0000,0.0000,0.0000,False,False,False,False,True,1233.5170,False
159.2853,0.0000,0.0000,0.0000,0.0000,False,False,False,False,True,1234.2770,False
159.3505,0.0000,0.0000,0.0000,0.0000,False,False,False,False,True,1235.0350,False
159.4008,0.0000,0.0000,0.0000,0.0000,False,False,False,False,True,1235.9400,False
159.4515,0.0000,0.0000,0.0000,0.0000,False,False,False,False,True,1236.6400,False
159.5104,0.0000,0.0000,0.0000,0.0000,False,False,False,False,True,1237.3430,False
159.5586,0.0000,0.0000,0.0000,0.0000,False,False,False,False,True,1238.1610,False
159.6098,0.0000,0.0000,0.0000,0.0000,False,False,False,False,True,1238.8300,False
159.6686,0.0000,0.0000,0.0000,0.0000,False,False,False,False,True,1239.5410,False
159.7170,0.0000,0.0000,0.0000,0.0000,False,False,False,False,True,1240.3580,False
159.7648,0.0000,0.0000,0.0000,0.0000,False,False,False,False,True,1241.0300,False
159.8302,0.0000,0.0000,0.0000,0.0000,False,False,False,False,True,1241.6940,False
159.8795,0.0000,0.0000,0.0000,0.0000,False,False,False,False,True,1242.6020,False
159.9317,0.0000,0.0000,0.0000,0.0000,False,False,False,False,True,1243.2870,False
160.0017,0.0000,0.0000,0.0000,0.0000,False,False,False,False,True,1244.0120,False
160.0501,0.0000,0.0000,0.0000,0.0000,False,False,False,False,True,1244.9840,False
160.0979,0.0000,0.0000,0.0000,0.0000,False,False,False,False,True,1245.6560,False
160.1583,0.0000,0.0000,0.0000,0.0000,False,False,False,False,True,1246.3200,False
160.2063,0.0000,0.0000,0.0000,0.0000,False,False,False,False,True,1247.1580,False
160.2548,0.0000,0.0000,0.0000,0.0000,False,False,False,False,True,1247.8260,False
160.3238,0.0000,0.0000,0.0000,0.0000,False,False,False,False,True,1248.4980,False
160.3747,0.0000,0.0000,0.0000,0.0000,False,False,False,False,True,1249.4560,False
160.4249,0.0000,0.0000,0.0000,0.0000,False,False,False,False,True,1250.1630,False
160.4848,0.0000,0.0000,0.0000,0.0000,False,False,False,False,True,1250.8600,False
160.5360,0.0000,0.0000,0.0000,0.0000,False,False,False,False,True,1251.6920,False
160.5853,0.0000,0.0000,0.0000,0.0000,False,False,False,False,True,1252.4040,False
160.6466,0.0000,0.0000,0.0000,0.0000,False,False,False,False,True,1253.0890,False
160.6985,0.0000,0.0000,0.0000,0.0000,False,False,False,False,True,1253.9400,False
160.7536,0.0000,0.0000,0.0000,0.0000,False,False,False,False,True,1254.6610,False
160.8190,0.0000,0.0000,0.0000,0.0000,False,False,False,False,True,1255.4260,False
160.8691,0.0000,0.0000,0.0000,0.0000,False,False,False,False,True,1256.3340,False
160.9206,0.0000,0.0000,0.0000,0.0000,False,False,False,False,True,1257.0300,False
160.9793,0.0000,0.0000,0.0000,0.0000,False,False,False,False,True,1257.7450,False
161.0275,0.0000,0.0000,0.0000,0.0000,False,False,False,False,True,1258.5600,False
161.0756,0.0000,0.0000,0.0000,0.0000,False,False,False,False,True,1259.2290,False
161.1363,0.0000,0.0000,0.0000,0.0000,False,False,False,False,True,1259.8980,False
161.1843,0.0000,0.0000,0.0000,0.0000,False,False,False,False,True,1260.7400,False
161.2342,0.0000,0.0000,0.0000,0.0000,False,False,False,False,True,1261.4070,False
161.2944,0.0000,0.0000,0.0000,0.0000,False,False,False,False,True,1262.1000,False
161.3462,0.0000,0.0000,0.0000,0.0000,False,False,False,False,True,1262.9370,False
161.3995,0.0000,0.0000,0.0000,0.0000,False,False,False,False,True,1263.6560,False
161.4646,0.0000,0.0000,0.0000,0.0000,False,False,False,False,True,1264.3960,False
161.5210,0.0000,0.0000,0.0000,0.0000,False,False,False,False,True,1265.3010,False
161.5726,0.0000,0.0000,0.0000,0.0000,False,False,False,False,True,1266.0830,False
161.6342,0.0000,0.0000,0.0000,0.0000,False,False,False,False,True,1266.8000,False
161.6842,0.0000,0.0000,0.0000,0.0000,False,False,False,False,True,1267.6560,False
161.7339,0.0000,0.0000,0.0000,0.0000,False,False,False,False,True,1268.3500,False
161.7926,0.0000,0.0000,0.0000,0.0000,False,False,False,False,True,1269.0400,False
161.8450,0.0000,0.0000,0.0000,0.0000,False,False,False,False,True,1269.8550,False
161.8935,0.0000,0.0000,0.0000,0.0000,False,False,False,False,True,1270.5830,False
161.9556,0.0000,0.0000,0.0000,0.0000,False,False,False,False,True,1271.2560,False
162.0063,0.0000,0.0000,0.0000,0.0000,False,False,False,False,True,1272.1190,False
162.0575,0.0000,0.0000,0.0000,0.0000,False,False,False,False,True,1272.8230,False
162.1173,0.0000,0.0000,0.0000,0.0000,False,False,False,False,True,1273.5330,False
162.1663,0.0000,0.0000,0.0000,0.0000,False,False,False,False,True,1274.3640,False
162.2209,0.0000,0.0000,0.0000,0.0000,False,False,False,False,True,1275.0440,False
162.2851,0.0000,0.0000,0.0000,0.0000,False,False,False,False,True,1275.8030,False
162.3384,0.0000,0.0000,0.0000,0.0000,False,False,False,False,True,1276.6940,False
162.3900,0.0000,0.0000,0.0000,0.0000,False,False,False,False,True,1277.4350,False
162.4514,0.0000,0.0000,0.0000,0.0000,False,False,False,False,True,1278.1520,False
162.5018,0.0000,0.0000,0.0000,0.0000,False,False,False,False,True,1279.0040,False
162.5496,0.0000,0.0000,0.0000,0.0000,False,False,False,False,True,1279.7050,False
162.6114,0.0000,0.0000,0.0000,0.0000,False,False,False,False,True,1280.3680,False
162.7023,0.0000,0.0000,0.0000,0.0000,False,False,False,False,True,1281.2260,False
162.7637,0.0000,0.0000,0.0000,0.0000,False,False,False,False,True,1282.4880,False
162.8143,0.0000,0.0000,0.0000,0.0000,False,False,False,False,True,1283.3410,False
162.8661,0.0000,0.0000,0.0000,0.0000,False,False,False,False,True,1284.0430,False
162.9320,0.0000,0.0000,0.0000,0.0000,False,False,False,False,True,1284.7630,False
162.9827,0.0000,0.0000,0.0000,0.0000,False,False,False,False,True,1285.6770,False
163.0453,0.0000,0.0000,0.0000,0.0000,False,False,False,False,True,1286.3820,False
163.1055,0.0000,0.0000,0.0000,0.0000,False,False,False,False,True,1287.2510,False
163.1536,0.0000,0.0000,0.0000,0.0000,False,False,False,False,True,1288.0880,False
163.2024,0.0000,0.0000,0.0000,0.0000,False,False,False,False,True,1288.7550,False
163.2625,0.0000,0.0000,0.0000,0.0000,False,False,False,False,True,1289.4330,False
163.3115,0.0000,0.0000,0.0000,0.0000,False,False,False,False,True,1290.2680,False
163.3644,0.0000,0.0000,0.0000,0.0000,False,False,False,False,True,1290.9480,False
163.4275,0.0000,0.0000,0.0000,0.0000,False,False,False,False,True,1291.6830,False
163.4801,0.0000,0.0000,0.0000,0.0000,False,False,False,False,True,1292.5600,False
163.5292,0.0000,0.0000,0.0000,0.0000,False,False,False,False,True,1293.2910,False
163.5910,0.0000,0.0000,0.0000,0.0000,False,False,False,False,True,1293.9720,False
163.6420,0.0000,0.0000,0.0000,0.0000,False,False,False,False,True,1294.8300,False
163.6922,0.0000,0.0000,0.0000,0.0000,False,False,False,False,True,1295.5390,False
163.7527,0.0000,0.0000,0.0000,0.0000,False,False,False,False,True,1296.2360,False
163.8093,0.0000,0.0000,0.0000,0.0000,False,False,False,False,True,1297.0750,False
163.8630,0.0000,0.0000,0.0000,0.0000,False,False,False,False,True,1297.8620,False
163.9243,0.0000,0.0000,0.0000,0.0000,False,False,False,False,True,1298.6080,False
163.9745,0.0000,0.0000,0.0000,0.0000,False,False,False,False,True,1299.4590,False
164.0324,0.0000,0.0000,0.0000,0.0000,False,False,False,False,True,1300.1570,False
164.0941,0.0000,0.0000,0.0000,0.0000,False,False,False,False,True,1300.9610,False
164.1426,0.0000,0.0000,0.0000,0.0000,False,False,False,False,True,1301.8170,False
164.1946,0.0000,0.0000,0.0000,0.0000,False,False,False,False,True,1302.4920,False
164.2546,0.0000,0.0000,0.0000,0.0000,False,False,False,False,True,1303.2130,False
164.3038,0.0000,0.0000,0.0000,0.0000,False,False,False,False,True,1304.0470,False
164.3578,0.0000,0.0000,0.0000,0.0000,False,False,False,False,True,1304.7300,False
164.4230,0.0000,0.0000,0.0000,0.0000,False,False,False,False,True,1305.4800,False
164.4733,0.0000,0.0000,0.0000,0.0000,False,False,False,False,True,1306.3850,False
164.5220,0.0000,0.0000,0.0000,0.0000,False,False,False,False,True,1307.0840,False
164.5912,0.0000,0.0000,0.0000,0.0000,False,False,False,False,True,1307.7590,False
164.6431,0.0000,0.0000,0.0000,0.0000,False,False,False,False,True,1308.7210,False
164.6915,0.0000,0.0000,0.0000,0.0000,False,False,False,False,True,1309.4410,False
164.7540,0.0000,0.0000,0.0000,0.0000,False,False,False,False,True,1310.1140,False
164.8036,0.0000,0.0000,0.0000,0.0000,False,False,False,False,True,1310.9820,False
164.8572,0.0000,0.0000,0.0000,0.0000,False,False,False,False,True,1311.6710,False
164.9188,0.0000,0.0000,0.0000,0.0000,False,False,False,False,True,1312.4150,False
164.9695,0.0000,0.0000,0.0000,0.0000,False,False,False,False,True,1313.2710,False
165.0196,0.0000,0.0000,0.0000,0.0000,False,False,False,False,True,1313.9740,False
165.0796,0.0000,0.0000,0.0000,0.0000,False,False,False,False,True,1314.6710,False
165.1283,0.0000,0.0000,0.0000,0.0000,False,False,False,False,True,1315.5040,False
165.1789,0.0000,0.0000,0.0000,0.0000,False,False,False,False,True,1316.1790,False
165.2397,0.0000,0.0000,0.0000,0.0000,False,False,False,False,True,1316.8820,False
165.2900,0.0000,0.0000,0.0000,0.0000,False,False,False,False,True,1317.7260,False
165.3897,0.0000,0.0000,0.0000,0.0000,False,False,False,False,True,1318.4260,False
165.4495,0.0000,0.0000,0.0000,0.0000,False,False,False,False,True,1319.8110,False
165.5021,0.0000,0.0000,0.0000,0.0000,False,False,False,False,True,1320.6410,False
165.5529,0.0000,0.0000,0.0000,0.0000,False,False,False,False,True,1321.3710,False
165.6152,0.0000,0.0000,0.0000,0.0000,False,False,False,False,True,1322.0760,False
165.6640,0.0000,0.0000,0.0000,0.0000,False,False,False,False,True,1322.9420,False
165.7146,0.0000,0.0000,0.0000,0.0000,False,False,False,False,True,1323.6190,False
165.7743,0.0000,0.0000,0.0000,0.0000,False,False,False,False,True,1324.3230,False
165.8251,0.0000,0.0000,0.0000,0.0000,False,False,False,False,True,1325.1510,False
165.8774,0.0000,0.0000,0.0000,0.0000,False,False,False,False,True,1325.8570,False
165.9387,0.0000,0.0000,0.0000,0.0000,False,False,False,False,True,1326.5830,False
165.9906,0.0000,0.0000,0.0000,0.0000,False,False,False,False,True,1327.4350,False
166.0398,0.0000,0.0000,0.0000,0.0000,False,False,False,False,True,1328.1550,False
166.1005,0.0000,0.0000,0.0000,0.0000,False,False,False,False,True,1328.8380,False
166.1592,0.0000,0.0000,0.0000,0.0000,False,False,False,False,True,1329.6820,False
166.2276,0.0000,0.0000,0.0000,0.0000,False,False,False,False,True,1330.4970,False
166.2873,0.0000,0.0000,0.0000,0.0000,False,False,False,False,True,1331.4460,False
166.3359,0.0000,0.0000,0.0000,0.0000,False,False,False,False,True,1332.2750,False
166.3916,0.0000,0.0000,0.0000,0.0000,False,False,False,False,True,1332.9500,False
166.4536,0.0000,0.0000,0.0000,0.0000,False,False,False,False,True,1333.7240,False
166.5035,0.0000,0.0000,0.0000,0.0000,False,False,False,False,True,1334.5850,False
166.5523,0.0000,0.0000,0.0000,0.0000,False,False,False,False,True,1335.2790,False
166.6115,0.0000,0.0000,0.0000,0.0000,False,False,False,False,True,1335.9570,False
166.6599,0.0000,0.0000,0.0000,0.0000,False,False,False,False,True,1336.7780,False
166.7076,0.0000,0.0000,0.0000,0.0000,False,False,False,False,True,1337.4500,False
166.8037,0.0000,0.0000,0.0000,0.0000,False,False,False,False,True,1338.1130,False
166.8538,0.0000,0.0000,0.0000,0.0000,False,False,False,False,True,1339.4480,False
166.9058,0.0000,0.0000,0.0000,0.0000,False,False,False,False,True,1340.1430,False
166.9773,0.0000,0.0000,0.0000,0.0000,False,False,False,False,True,1340.8650,False
167.0276,0.0000,0.0000,0.0000,0.0000,False,False,False,False,True,1341.8590,False
167.0768,0.0000,0.0000,0.0000,0.0000,False,False,False,False,True,1342.5570,False
167.1368,0.0000,0.0000,0.0000,0.0000,False,False,False,False,True,1343.2390,False
167.1854,0.0000,0.0000,0.0000,0.0000,False,False,False,False,True,1344.0730,False
167.2349,0.0000,0.0000,0.0000,0.0000,False,False,False,False,True,1344.7480,False
167.2958,0.0000,0.0000,0.0000,0.0000,False,False,False,False,True,1345.4360,False
167.3445,0.0000,0.0000,0.0000,0.0000,False,False,False,False,True,1346.2810,False
167.4012,0.0000,0.0000,0.0000,0.0000,False,False,False,False,True,1346.9580,False
167.4655,0.0000,0.0000,0.0000,0.0000,False,False,False,False,True,1347.7450,False
167.5156,0.0000,0.0000,0.0000,0.0000,False,False,False,False,True,1348.6380,False
167.5642,0.0000,0.0000,0.0000,0.0000,False,False,False,False,True,1349.3340,False
167.6243,0.0000,0.0000,0.0000,0.0000,False,False,False,False,True,1350.0090,False
167.6737,0.0000,0.0000,0.0000,0.0000,False,False,False,False,True,1350.8430,False
167.7316,0.0000,0.0000,0.0000,0.0000,False,False,False,False,True,1351.5290,False
167.7932,0.0000,0.0000,0.0000,0.0000,False,False,False,False,True,1352.3330,False
167.8416,0.0000,0.0000,0.0000,0.0000,False,False,False,False,True,1353.1890,False
167.8929,0.0000,0.0000,0.0000,0.0000,False,False,False,False,True,1353.8620,False
167.9540,0.0000,0.0000,0.0000,0.0000,False,False,False,False,True,1354.5730,False
168.0037,0.0000,0.0000,0.0000,0.0000,False,False,False,False,True,1355.4230,False
168.0526,0.0000,0.0000,0.0000,0.0000,False,False,False,False,True,1356.1130,False
168.1127,0.0000,0.0000,0.0000,0.0000,False,False,False,False,True,1356.7910,False
168.1655,0.0000,0.0000,0.0000,0.0000,False,False,False,False,True,1357.6260,False
168.2141,0.0000,0.0000,0.0000,0.0000,False,False,False,False,True,1358.3600,False
168.2740,0.0000,0.0000,0.0000,0.0000,False,False,False,False,True,1359.0340,False
168.3230,0.0000,0.0000,0.0000,0.0000,False,False,False,False,True,1359.8660,False
168.3794,0.0000,0.0000,0.0000,0.0000,False,False,False,False,True,1360.5470,False
168.4430,0.0000,0.0000,0.0000,0.0000,False,False,False,False,True,1361.3290,False
168.4998,0.0000,0.0000,0.0000,0.0000,False,False,False,False,True,1362.2130,False
168.5538,0.0000,0.0000,0.0000,0.0000,False,False,False,False,True,1363.0020,False
168.6145,0.0000,0.0000,0.0000,0.0000,False,False,False,False,True,1363.7520,False
168.6628,0.0000,0.0000,0.0000,0.0000,False,False,False,False,True,1364.5950,False
168.7467,0.0000,0.0000,0.0000,0.0000,False,False,False,False,True,1365.2660,False
168.8046,0.0000,0.0000,0.0000,0.0000,False,False,False,False,True,1366.4310,False
168.8577,0.0000,0.0000,0.0000,0.0000,False,False,False,False,True,1367.2350,False
168.9058,0.0000,0.0000,0.0000,0.0000,False,False,False,False,True,1367.9720,False
168.9705,0.0000,0.0000,0.0000,0.0000,False,False,False,False,True,1368.6410,False
169.0209,0.0000,0.0000,0.0000,0.0000,False,False,False,False,True,1369.5400,False
169.0690,0.0000,0.0000,0.0000,0.0000,False,False,False,False,True,1370.2390,False
169.1288,0.0000,0.0000,0.0000,0.0000,False,False,False,False,True,1370.9070,False
169.1772,0.0000,0.0000,0.0000,0.0000,False,False,False,False,True,1371.7380,False
169.2263,0.0000,0.0000,0.0000,0.0000,False,False,False,False,True,1372.4100,False
169.2866,0.0000,0.0000,0.0000,0.0000,False,False,False,False,True,1373.0910,False
169.3431,0.0000,0.0000,0.0000,0.0000,False,False,False,False,True,1373.9280,False
169.3961,0.0000,0.0000,0.0000,0.0000,False,False,False,False,True,1374.7130,False
169.4629,0.0000,0.0000,0.0000,0.0000,False,False,False,False,True,1375.4490,False
169.5157,0.0000,0.0000,0.0000,0.0000,False,False,False,False,True,1376.3780,False
169.5642,0.0000,0.0000,0.0000,0.0000,False,False,False,False,True,1377.1110,False
169.6240,0.0000,0.0000,0.0000,0.0000,False,False,False,False,True,1377.7840,False
169.6723,0.0000,0.0000,0.0000,0.0000,False,False,False,False,True,1378.6150,False
169.7210,0.0000,0.0000,0.0000,0.0000,False,False,False,False,True,1379.2850,False
169.7808,0.0000,0.0000,0.0000,0.0000,False,False,False,False,True,1379.9620,False
169.8292,0.0000,0.0000,0.0000,0.0000,False,False,False,False,True,1380.7920,False
169.8808,0.0000,0.0000,0.0000,0.0000,False,False,False,False,True,1381.4640,False
169.9424,0.0000,0.0000,0.0000,0.0000,False,False,False,False,True,1382.1800,False
169.9966,0.0000,0.0000,0.0000,0.0000,False,False,False,False,True,1383.0360,False
170.0459,0.0000,0.0000,0.0000,0.0000,False,False,False,False,True,1383.7890,False
170.1090,0.0000,0.0000,0.0000,0.0000,False,False,False,False,True,1384.4740,False
170.1633,0.0000,0.0000,0.0000,0.0000,False,False,False,False,True,1385.3490,False
170.2120,0.0000,0.0000,0.0000,0.0000,False,False,False,False,True,1386.1040,False
170.2713,0.0000,0.0000,0.0000,0.0000,False,False,False,False,True,1386.7800,False
170.3203,0.0000,0.0000,0.0000,0.0000,False,False,False,False,True,1387.6040,False
170.3721,0.0000,0.0000,0.0000,0.0000,False,False,False,False,True,1388.2840,False
170.4354,0.0000,0.0000,0.0000,0.0000,False,False,False,False,True,1389.0030,False
170.4871,0.0000,0.0000,0.0000,0.0000,False,False,False,False,True,1389.8820,False
170.5360,0.0000,0.0000,0.0000,0.0000,False,False,False,False,True,1390.6010,False
170.5953,0.0000,0.0000,0.0000,0.0000,False,False,False,False,True,1391.2790,False
170.6440,0.0000,0.0000,0.0000,0.0000,False,False,False,False,True,1392.1030,False
170.6940,0.0000,0.0000,0.0000,0.0000,False,False,False,False,True,1392.7790,False
170.7542,0.0000,0.0000,0.0000,0.0000,False,False,False,False,True,1393.4740,False
170.8040,0.0000,0.0000,0.0000,0.0000,False,False,False,False,True,1394.3100,False
170.8535,0.0000,0.0000,0.0000,0.0000,False,False,False,False,True,1395.0010,False
170.9233,0.0000,0.0000,0.0000,0.0000,False,False,False,False,True,1395.6880,False
170.9790,0.0000,0.0000,0.0000,0.0000,False,False,False,False,True,1396.6580,False
171.0339,0.0000,0.0000,0.0000,0.0000,False,False,False,False,True,1397.4320,False
171.1023,0.0000,0.0000,0.0000,0.0000,False,False,False,False,True,1398.1940,False
171.1505,0.0000,0.0000,0.0000,0.0000,False,False,False,False,True,1399.1450,False
171.1989,0.0000,0.0000,0.0000,0.0000,False,False,False,False,True,1399.8140,False
171.2583,0.0000,0.0000,0.0000,0.0000,False,False,False,False,True,1400.4860,False
171.3067,0.0000,0.0000,0.0000,0.0000,False,False,False,False,True,1401.3110,False
171.3560,0.0000,0.0000,0.0000,0.0000,False,False,False,False,True,1401.9830,False
171.4220,0.0000,0.0000,0.0000,0.0000,False,False,False,False,True,1402.6680,False
171.4748,0.0000,0.0000,0.0000,0.0000,False,False,False,False,True,1403.5840,False
171.5258,0.0000,0.0000,0.0000,0.0000,False,False,False,False,True,1404.3170,False
171.5858,0.0000,0.0000,0.0000,0.0000,False,False,False,False,True,1405.0250,False
171.6349,0.0000,0.0000,0.0000,0.0000,False,False,False,False,True,1405.8590,False
171.6829,0.0000,0.0000,0.0000,0.0000,False,False,False,False,True,1406.5410,False
171.7432,0.0000,0.0000,0.0000,0.0000,False,False,False,False,True,1407.2080,False
171.7955,0.0000,0.0000,0.0000,0.0000,False,False,False,False,True,1408.0450,False
171.8493,0.0000,0.0000,0.0000,0.0000,False,False,False,False,True,1408.7710,False
171.9129,0.0000,0.0000,0.0000,0.0000,False,False,False,False,True,1409.5190,False
171.9646,0.0000,0.0000,0.0000,0.0000,False,False,False,False,True,1410.4020,False
172.0132,0.0000,0.0000,0.0000,0.0000,False,False,False,False,True,1411.1200,False
172.0735,0.0000,0.0000,0.0000,0.0000,False,False,False,False,True,1411.7950,False
172.1223,0.0000,0.0000,0.0000,0.0000,False,False,False,False,True,1412.6320,False
172.1710,0.0000,0.0000,0.0000,0.0000,False,False,False,False,True,1413.3100,False
172.2561,0.0000,0.0000,0.0000,0.0000,False,False,False,False,True,1413.9860,False
172.3063,0.0000,0.0000,0.0000,0.0000,False,False,False,False,True,1415.1690,False
172.3552,0.0000,0.0000,0.0000,0.0000,False,False,False,False,True,1415.8650,False
172.4190,0.0000,0.0000,0.0000,0.0000,False,False,False,False,True,1416.5450,False
172.4704,0.0000,0.0000,0.0000,0.0000,False,False,False,False,True,1417.4310,False
172.5240,0.0000,0.0000,0.0000,0.0000,False,False,False,False,True,1418.1440,False
172.5892,0.0000,0.0000,0.0000,0.0000,False,False,False,False,True,1418.8890,False
172.6375,0.0000,0.0000,0.0000,0.0000,False,False,False,False,True,1419.7940,False
172.6860,0.0000,0.0000,0.0000,0.0000,False,False,False,False,True,1420.4650,False
172.7463,0.0000,0.0000,0.0000,0.0000,False,False,False,False,True,1421.1380,False
172.7949,0.0000,0.0000,0.0000,0.0000,False,False,False,False,True,1421.9760,False
172.8440,0.0000,0.0000,0.0000,0.0000,False,False,False,False,True,1422.6510,False
172.9087,0.0000,0.0000,0.0000,0.0000,False,False,False,False,True,1423.3330,False
172.9594,0.0000,0.0000,0.0000,0.0000,False,False,False,False,True,1424.2310,False
173.0085,0.0000,0.0000,0.0000,0.0000,False,False,False,False,True,1424.9350,False
173.0690,0.0000,0.0000,0.0000,0.0000,False,False,False,False,True,1425.6170,False
173.1185,0.0000,0.0000,0.0000,0.0000,False,False,False,False,True,1426.4580,False
173.1673,0.0000,0.0000,0.0000,0.0000,False,False,False,False,True,1427.1440,False
173.2307,0.0000,0.0000,0.0000,0.0000,False,False,False,False,True,1427.8230,False
173.2851,0.0000,0.0000,0.0000,0.0000,False,False,False,False,True,1428.7040,False
173.3400,0.0000,0.0000,0.0000,0.0000,False,False,False,False,True,1429.4580,False
173.3999,0.0000,0.0000,0.0000,0.0000,False,False,False,False,True,1430.2200,False
173.4521,0.0000,0.0000,0.0000,0.0000,False,False,False,False,True,1431.0540,False
173.5042,0.0000,0.0000,0.0000,0.0000,False,False,False,False,True,1431.7770,False
173.5673,0.0000,0.0000,0.0000,0.0000,False,False,False,False,True,1432.5010,False
173.6203,0.0000,0.0000,0.0000,0.0000,False,False,False,False,True,1433.3780,False
173.6724,0.0000,0.0000,0.0000,0.0000,False,False,False,False,True,1434.1140,False
173.7359,0.0000,0.0000,0.0000,0.0000,False,False,False,False,True,1434.8380,False
173.7858,0.0000,0.0000,0.0000,0.0000,False,False,False,False,True,1435.7190,False
173.8359,0.0000,0.0000,0.0000,0.0000,False,False,False,False,True,1436.4120,False
173.8981,0.0000,0.0000,0.0000,0.0000,False,False,False,False,True,1437.1090,False
173.9496,0.0000,0.0000,0.0000,0.0000,False,False,False,False,True,1437.9720,False
173.9989,0.0000,0.0000,0.0000,0.0000,False,False,False,False,True,1438.6870,False
174.0704,0.0000,0.0000,0.0000,0.0000,False,False,False,False,True,1439.3720,False
174.1212,0.0000,0.0000,0.0000,0.0000,False,False,False,False,True,1440.3650,False
174.1699,0.0000,0.0000,0.0000,0.0000,False,False,False,False,True,1441.0700,False
174.2337,0.0000,0.0000,0.0000,0.0000,False,False,False,False,True,1441.7460,False
174.2826,0.0000,0.0000,0.0000,0.0000,False,False,False,False,True,1442.6330,False
174.3321,0.0000,0.0000,0.0000,0.0000,False,False,False,False,True,1443.3120,False
174.3923,0.0000,0.0000,0.0000,0.0000,False,False,False,False,True,1444.0000,False
174.4442,0.0000,0.0000,0.0000,0.0000,False,False,False,False,True,1444.8360,False
174.4975,0.0000,0.0000,0.0000,0.0000,False,False,False,False,True,1445.5560,False
174.5605,0.0000,0.0000,0.0000,0.0000,False,False,False,False,True,1446.2960,False
174.6124,0.0000,0.0000,0.0000,0.0000,False,False,False,False,True,1447.1710,False
174.6617,0.0000,0.0000,0.0000,0.0000,False,False,False,False,True,1447.8930,False
174.7212,0.0000,0.0000,0.0000,0.0000,False,False,False,False,True,1448.5760,False
174.7731,0.0000,0.0000,0.0000,0.0000,False,False,False,False,True,1449.4030,False
174.8284,0.0000,0.0000,0.0000,0.0000,False,False,False,False,True,1450.1240,False
174.9323,0.0000,0.0000,0.0000,0.0000,False,False,False,False,True,1450.8930,False
174.9812,0.0000,0.0000,0.0000,0.0000,False,False,False,False,True,1452.3340,False
175.0431,0.0000,0.0000,0.0000,0.0000,False,False,False,False,True,1453.0140,False
175.0928,0.0000,0.0000,0.0000,0.0000,False,False,False,False,True,1453.8730,False
175.1416,0.0000,0.0000,0.0000,0.0000,False,False,False,False,True,1454.5640,False
175.2038,0.0000,0.0000,0.0000,0.0000,False,False,False,False,True,1455.2410,False
175.2516,0.0000,0.0000,0.0000,0.0000,False,False,False,False,True,1456.1060,False
175.3018,0.0000,0.0000,0.0000,0.0000,False,False,False,False,True,1456.7700,False
175.3630,0.0000,0.0000,0.0000,0.0000,False,False,False,False,True,1457.4670,False
175.4133,0.0000,0.0000,0.0000,0.0000,False,False,False,False,True,1458.3160,False
175.4655,0.0000,0.0000,0.0000,0.0000,False,False,False,False,True,1459.0140,False
175.5320,0.0000,0.0000,0.0000,0.0000,False,False,False,False,True,1459.7400,False
175.5862,0.0000,0.0000,0.0000,0.0000,False,False,False,False,True,1460.6630,False
175.6404,0.0000,0.0000,0.0000,0.0000,False,False,False,False,True,1461.4170,False
175.7033,0.0000,0.0000,0.0000,0.0000,False,False,False,False,True,1462.1690,False
175.7520,0.0000,0.0000,0.0000,0.0000,False,False,False,False,True,1463.0420,False
175.8007,0.0000,0.0000,0.0000,0.0000,False,False,False,False,True,1463.7190,False
175.8611,0.0000,0.0000,0.0000,0.0000,False,False,False,False,True,1464.3960,False
175.9118,0.0000,0.0000,0.0000,0.0000,False,False,False,False,True,1465.2340,False
175.9641,0.0000,0.0000,0.0000,0.0000,False,False,False,False,True,1465.9380,False
176.0257,0.0000,0.0000,0.0000,0.0000,False,False,False,False,True,1466.6650,False
176.0791,0.0000,0.0000,0.0000,0.0000,False,False,False,False,True,1467.5200,False
176.1276,0.0000,0.0000,0.0000,0.0000,False,False,False,False,True,1468.2620,False
176.1874,0.0000,0.0000,0.0000,0.0000,False,False,False,False,True,1468.9360,False
176.2383,0.0000,0.0000,0.0000,0.0000,False,False,False,False,True,1469.7660,False
176.2895,0.0000,0.0000,0.0000,0.0000,False,False,False,False,True,1470.4730,False
176.3580,0.0000,0.0000,0.0000,0.0000,False,False,False,False,True,1471.1840,False
176.4064,0.0000,0.0000,0.0000,0.0000,False,False,False,False,True,1472.1360,False
176.4581,0.0000,0.0000,0.0000,0.0000,False,False,False,False,True,1472.8070,False
176.5213,0.0000,0.0000,0.0000,0.0000,False,False,False,False,True,1473.5260,False
176.5763,0.0000,0.0000,0.0000,0.0000,False,False,False,False,True,1474.4020,False
176.6271,0.0000,0.0000,0.0000,0.0000,False,False,False,False,True,1475.1670,False
176.6868,0.0000,0.0000,0.0000,0.0000,False,False,False,False,True,1475.8730,False
176.7374,0.0000,0.0000,0.0000,0.0000,False,False,False,False,True,1476.7010,False
176.7856,0.0000,0.0000,0.0000,0.0000,False,False,False,False,True,1477.4040,False
176.8479,0.0000,0.0000,0.0000,0.0000,False,False,False,False,True,1478.0730,False
176.8961,0.0000,0.0000,0.0000,0.0000,False,False,False,False,True,1478.9390,False
176.9525,0.0000,0.0000,0.0000,0.0000,False,False,False,False,True,1479.6070,False
177.0147,0.0000,0.0000,0.0000,0.0000,False,False,False,False,True,1480.3910,False
177.0681,0.0000,0.0000,0.0000,0.0000,False,False,False,False,True,1481.2550,False
177.1226,0.0000,0.0000,0.0000,0.0000,False,False,False,False,True,1481.9970,False
177.1838,0.0000,0.0000,0.0000,0.0000,False,False,False,False,True,1482.7540,False
177.2321,0.0000,0.0000,0.0000,0.0000,False,False,False,False,True,1483.6040,False
177.2831,0.0000,0.0000,0.0000,0.0000,False,False,False,False,True,1484.2740,False
177.3425,0.0000,0.0000,0.0000,0.0000,False,False,False,False,True,1484.9830,False
177.3924,0.0000,0.0000,0.0000,0.0000,False,False,False,False,True,1485.8070,False
177.4464,0.0000,0.0000,0.0000,0.0000,False,False,False,False,True,1486.5000,False
177.5103,0.0000,0.0000,0.0000,0.0000,False,False,False,False,True,1487.2510,False
177.5629,0.0000,0.0000,0.0000,0.0000,False,False,False,False,True,1488.1380,False
177.6122,0.0000,0.0000,0.0000,0.0000,False,False,False,False,True,1488.8680,False
177.6772,0.0000,0.0000,0.0000,0.0000,False,False,False,False,True,1489.5530,False
177.7262,0.0000,0.0000,0.0000,0.0000,False,False,False,False,True,1490.4560,False
177.7757,0.0000,0.0000,0.0000,0.0000,False,False,False,False,True,1491.1360,False
177.8398,0.0000,0.0000,0.0000,0.0000,False,False,False,False,True,1491.8230,False
177.8960,0.0000,0.0000,0.0000,0.0000,False,False,False,False,True,1492.7140,False
177.9473,0.0000,0.0000,0.0000,0.0000,False,False,False,False,True,1493.4940,False
178.0106,0.0000,0.0000,0.0000,0.0000,False,False,False,False,True,1494.2060,False
178.0610,0.0000,0.0000,0.0000,0.0000,False,False,False,False,True,1495.0860,False
178.1096,0.0000,0.0000,0.0000,0.0000,False,False,False,False,True,1495.7860,False
178.1696,0.0000,0.0000,0.0000,0.0000,False,False,False,False,True,1496.4620,False
178.2196,0.0000,0.0000,0.0000,0.0000,False,False,False,False,True,1497.2940,False
178.2680,0.0000,0.0000,0.0000,0.0000,False,False,False,False,True,1497.9890,False
178.3308,0.0000,0.0000,0.0000,0.0000,False,False,False,False,True,1498.6610,False
178.3799,0.0000,0.0000,0.0000,0.0000,False,False,False,False,True,1499.5330,False
178.4339,0.0000,0.0000,0.0000,0.0000,False,False,False,False,True,1500.2140,False
178.4971,0.0000,0.0000,0.0000,0.0000,False,False,False,False,True,1500.9640,False
178.5487,0.0000,0.0000,0.0000,0.0000,False,False,False,False,True,1501.8430,False
178.6017,0.0000,0.0000,0.0000,0.0000,False,False,False,False,True,1502.5590,False
178.6703,0.0000,0.0000,0.0000,0.0000,False,False,False,False,True,1503.2950,False
178.7197,0.0000,0.0000,0.0000,0.0000,False,False,False,False,True,1504.2470,False
178.7681,0.0000,0.0000,0.0000,0.0000,False,False,False,False,True,1504.9330,False
178.8280,0.0000,0.0000,0.0000,0.0000,False,False,False,False,True,1505.6060,False
178.8781,0.0000,0.0000,0.0000,0.0000,False,False,False,False,True,1506.4390,False
178.9323,0.0000,0.0000,0.0000,0.0000,False,False,False,False,True,1507.1330,False
178.9944,0.0000,0.0000,0.0000,0.0000,False,False,False,False,True,1507.8860,False
179.0475,0.0000,0.0000,0.0000,0.0000,False,False,False,False,True,1508.7490,False
179.1012,0.0000,0.0000,0.0000,0.0000,False,False,False,False,True,1509.4870,False
179.1604,0.0000,0.0000,0.0000,0.0000,False,False,False,False,True,1510.2320,False
179.2135,0.0000,0.0000,0.0000,0.0000,False,False,False,False,True,1511.0550,False
179.2631,0.0000,0.0000,0.0000,0.0000,False,False,False,False,True,1511.7920,False
179.3232,0.0000,0.0000,0.0000,0.0000,False,False,False,False,True,1512.4810,False
179.3748,0.0000,0.0000,0.0000,0.0000,False,False,False,False,True,1513.3160,False
179.4295,0.0000,0.0000,0.0000,0.0000,False,False,False,False,True,1514.0320,False
179.4953,0.0000,0.0000,0.0000,0.0000,False,False,False,False,True,1514.7920,False
179.5477,0.0000,0.0000,0.0000,0.0000,False,False,False,False,True,1515.7050,False
179.5985,0.0000,0.0000,0.0000,0.0000,False,False,False,False,True,1516.4330,False
179.6582,0.0000,0.0000,0.0000,0.0000,False,False,False,False,True,1517.1380,False
179.7092,0.0000,0.0000,0.0000,0.0000,False,False,False,False,True,1517.9680,False
179.7585,0.0000,0.0000,0.0000,0.0000,False,False,False,False,True,1518.6760,False
179.8179,0.0000,0.0000,0.0000,0.0000,False,False,False,False,True,1519.3610,False
179.8678,0.0000,0.0000,0.0000,0.0000,False,False,False,False,True,1520.1860,False
179.9172,0.0000,0.0000,0.0000,0.0000,False,False,False,False,True,1520.8790,False
179.9826,0.0000,0.0000,0.0000,0.0000,False,False,False,False,True,1521.5640,False
180.0365,0.0000,0.0000,0.0000,0.0000,False,False,False,False,True,1522.4730,False
180.0855,0.0000,0.0000,0.0000,0.0000,False,False,False,False,True,1523.2220,False
180.1480,0.0000,0.0000,0.0000,0.0000,False,False,False,False,True,1523.9030,False
180.2019,0.0000,0.0000,0.0000,0.0000,False,False,False,False,True,1524.7710,False
180.2542,0.0000,0.0000,0.0000,0.0000,False,False,False,False,True,1525.5190,False
180.3136,0.0000,0.0000,0.0000,0.0000,False,False,False,False,True,1526.2450,False
180.3616,0.0000,0.0000,0.0000,0.0000,False,False,False,False,True,1527.0700,False
180.4107,0.0000,0.0000,0.0000,0.0000,False,False,False,False,True,1527.7370,False
180.4777,0.0000,0.0000,0.0000,0.0000,False,False,False,False,True,1528.4190,False
180.5281,0.0000,0.0000,0.0000,0.0000,False,False,False,False,True,1529.3490,False
180.5779,0.0000,0.0000,0.0000,0.0000,False,False,False,False,True,1530.0490,False
180.6389,0.0000,0.0000,0.0000,0.0000,False,False,False,False,True,1530.7420,False
180.6898,0.0000,0.0000,0.0000,0.0000,False,False,False,False,True,1531.5890,False
180.7395,0.0000,0.0000,0.0000,0.0000,False,False,False,False,True,1532.2950,False
180.8002,0.0000,0.0000,0.0000,0.0000,False,False,False,False,True,1532.9850,False
180.8491,0.0000,0.0000,0.0000,0.0000,False,False,False,False,True,1533.8290,False
180.8998,0.0000,0.0000,0.0000,0.0000,False,False,False,False,True,1534.5080,False
180.9715,0.0000,0.0000,0.0000,0.0000,False,False,False,False,True,1535.2110,False
181.0218,0.0000,0.0000,0.0000,0.0000,False,False,False,False,True,1536.2080,False
181.0725,0.0000,0.0000,0.0000,0.0000,False,False,False,False,True,1536.9060,False
181.1321,0.0000,0.0000,0.0000,0.0000,False,False,False,False,True,1537.6100,False
181.1824,0.0000,0.0000,0.0000,0.0000,False,False,False,False,True,1538.4380,False
181.2312,0.0000,0.0000,0.0000,0.0000,False,False,False,False,True,1539.1370,False
181.2905,0.0000,0.0000,0.0000,0.0000,False,False,False,False,True,1539.8140,False
181.3394,0.0000,0.0000,0.0000,0.0000,False,False,False,False,True,1540.6370,False
181.3901,0.0000,0.0000,0.0000,0.0000,False,False,False,False,True,1541.3180,False
181.4501,0.0000,0.0000,0.0000,0.0000,False,False,False,False,True,1542.0210,False
181.5017,0.0000,0.0000,0.0000,0.0000,False,False,False,False,True,1542.8540,False
181.5542,0.0000,0.0000,0.0000,0.0000,False,False,False,False,True,1543.5710,False
181.6195,0.0000,0.0000,0.0000,0.0000,False,False,False,False,True,1544.3000,False
181.6706,0.0000,0.0000,0.0000,0.0000,False,False,False,False,True,1545.2060,False
181.7317,0.0000,0.0000,0.0000,0.0000,False,False,False,False,True,1545.9160,False
181.7906,0.0000,0.0000,0.0000,0.0000,False,False,False,False,True,1546.7650,False
181.8396,0.0000,0.0000,0.0000,0.0000,False,False,False,False,True,1547.5830,False
181.8902,0.0000,0.0000,0.0000,0.0000,False,False,False,False,True,1548.2630,False
181.9496,0.0000,0.0000,0.0000,0.0000,False,False,False,False,True,1548.9660,False
182.0050,0.0000,0.0000,0.0000,0.0000,False,False,False,False,True,1549.7910,False
182.0538,0.0000,0.0000,0.0000,0.0000,False,False,False,False,True,1550.5600,False
182.1152,0.0000,0.0000,0.0000,0.0000,False,False,False,False,True,1551.2390,False
182.1671,0.0000,0.0000,0.0000,0.0000,False,False,False,False,True,1552.0910,False
182.2156,0.0000,0.0000,0.0000,0.0000,False,False,False,False,True,1552.8110,False
182.2757,0.0000,0.0000,0.0000,0.0000,False,False,False,False,True,1553.4860,False
182.3284,0.0000,0.0000,0.0000,0.0000,False,False,False,False,True,1554.3200,False
182.3779,0.0000,0.0000,0.0000,0.0000,False,False,False,False,True,1555.0520,False
182.4410,0.0000,0.0000,0.0000,0.0000,False,False,False,False,True,1555.7400,False
182.4962,0.0000,0.0000,0.0000,0.0000,False,False,False,False,True,1556.6150,False
182.5504,0.0000,0.0000,0.0000,0.0000,False,False,False,False,True,1557.3820,False
182.6304,0.0000,0.0000,0.0000,0.0000,False,False,False,False,True,1558.1360,False
182.6813,0.0000,0.0000,0.0000,0.0000,False,False,False,False,True,1559.2470,False
182.7298,0.0000,0.0000,0.0000,0.0000,False,False,False,False,True,1559.9530,False
182.7910,0.0000,0.0000,0.0000,0.0000,False,False,False,False,True,1560.6260,False
182.8392,0.0000,0.0000,0.0000,0.0000,False,False,False,False,True,1561.4760,False
182.8886,0.0000,0.0000,0.0000,0.0000,False,False,False,False,True,1562.1460,False
182.9480,0.0000,0.0000,0.0000,0.0000,False,False,False,False,True,1562.8320,False
182.9995,0.0000,0.0000,0.0000,0.0000,False,False,False,False,True,1563.6570,False
183.0488,0.0000,0.0000,0.0000,0.0000,False,False,False,False,True,1564.3720,False
183.1118,0.0000,0.0000,0.0000,0.0000,False,False,False,False,True,1565.0560,False
183.1626,0.0000,0.0000,0.0000,0.0000,False,False,False,False,True,1565.9320,False
183.2119,0.0000,0.0000,0.0000,0.0000,False,False,False,False,True,1566.6360,False
183.2749,0.0000,0.0000,0.0000,0.0000,False,False,False,False,True,1567.3210,False
183.3287,0.0000,0.0000,0.0000,0.0000,False,False,False,False,True,1568.1960,False
183.3771,0.0000,0.0000,0.0000,0.0000,False,False,False,False,True,1568.9430,False
183.4366,0.0000,0.0000,0.0000,0.0000,False,False,False,False,True,1569.6150,False
183.4854,0.0000,0.0000,0.0000,0.0000,False,False,False,False,True,1570.4420,False
183.5375,0.0000,0.0000,0.0000,0.0000,False,False,False,False,True,1571.1200,False
183.5991,0.0000,0.0000,0.0000,0.0000,False,False,False,False,True,1571.8430,False
183.6511,0.0000,0.0000,0.0000,0.0000,False,False,False,False,True,1572.6990,False
183.7021,0.0000,0.0000,0.0000,0.0000,False,False,False,False,True,1573.4210,False
183.7625,0.0000,0.0000,0.0000,0.0000,False,False,False,False,True,1574.1290,False
183.8109,0.0000,0.0000,0.0000,0.0000,False,False,False,False,True,1574.9680,False
183.8626,0.0000,0.0000,0.0000,0.0000,False,False,False,False,True,1575.6400,False
183.9235,0.0000,0.0000,0.0000,0.0000,False,False,False,False,True,1576.3580,False
183.9724,0.0000,0.0000,0.0000,0.0000,False,False,False,False,True,1577.2040,False
184.0241,0.0000,0.0000,0.0000,0.0000,False,False,False,False,True,1577.8830,False
184.0945,0.0000,0.0000,0.0000,0.0000,False,False,False,False,True,1578.6010,False
184.1444,0.0000,0.0000,0.0000,0.0000,False,False,False,False,True,1579.5790,False
184.1934,0.0000,0.0000,0.0000,0.0000,False,False,False,False,True,1580.2720,False
184.2536,0.0000,0.0000,0.0000,0.0000,False,False,False,False,True,1580.9520,False
184.3037,0.0000,0.0000,0.0000,0.0000,False,False,False,False,True,1581.7880,False
184.3526,0.0000,0.0000,0.0000,0.0000,False,False,False,False,True,1582.4850,False
184.4136,0.0000,0.0000,0.0000,0.0000,False,False,False,False,True,1583.1640,False
184.4622,0.0000,0.0000,0.0000,0.0000,False,False,False,False,True,1584.0100,False
184.5139,0.0000,0.0000,0.0000,0.0000,False,False,False,False,True,1584.6850,False
184.5758,0.0000,0.0000,0.0000,0.0000,False,False,False,False,True,1585.4040,False
184.6292,0.0000,0.0000,0.0000,0.0000,False,False,False,False,True,1586.2630,False
184.6796,0.0000,0.0000,0.0000,0.0000,False,False,False,False,True,1587.0050,False
184.7421,0.0000,0.0000,0.0000,0.0000,False,False,False,False,True,1587.7050,False
184.7919,0.0000,0.0000,0.0000,0.0000,False,False,False,False,True,1588.5740,False
184.8436,0.0000,0.0000,0.0000,0.0000,False,False,False,False,True,1589.2650,False
184.9090,0.0000,0.0000,0.0000,0.0000,False,False,False,False,True,1589.9820,False
184.9570,0.0000,0.0000,0.0000,0.0000,False,False,False,False,True,1590.8910,False
185.0442,0.0000,0.0000,0.0000,0.0000,False,False,False,False,True,1591.5570,False
185.1038,0.0000,0.0000,0.0000,0.0000,False,False,False,False,True,1592.7680,False
185.1525,0.0000,0.0000,0.0000,0.0000,False,False,False,False,True,1593.5960,False
185.2005,0.0000,0.0000,0.0000,0.0000,False,False,False,False,True,1594.2720,False
185.2599,0.0000,0.0000,0.0000,0.0000,False,False,False,False,True,1594.9390,False
185.3081,0.0000,0.0000,0.0000,0.0000,False,False,False,False,True,1595.7640,False
185.3571,0.0000,0.0000,0.0000,0.0000,False,False,False,False,True,1596.4340,False
185.4173,0.0000,0.0000,0.0000,0.0000,False,False,False,False,True,1597.1140,False
185.4666,0.0000,0.0000,0.0000,0.0000,False,False,False,False,True,1597.9500,False
185.5184,0.0000,0.0000,0.0000,0.0000,False,False,False,False,True,1598.6350,False
185.5799,0.0000,0.0000,0.0000,0.0000,False,False,False,False,True,1599.3550,False
185.6307,0.0000,0.0000,0.0000,0.0000,False,False,False,False,True,1600.2080,False
185.6904,0.0000,0.0000,0.0000,0.0000,False,False,False,False,True,1600.9140,False
185.7502,0.0000,0.0000,0.0000,0.0000,False,False,False,False,True,1601.7430,False
185.8036,0.0000,0.0000,0.0000,0.0000,False,False,False,False,True,1602.5740,False
185.8524,0.0000,0.0000,0.0000,0.0000,False,False,False,False,True,1603.3150,False
185.9117,0.0000,0.0000,0.0000,0.0000,False,False,False,False,True,1603.9930,False
185.9610,0.0000,0.0000,0.0000,0.0000,False,False,False,False,True,1604.8170,False
186.0126,0.0000,0.0000,0.0000,0.0000,False,False,False,False,True,1605.5010,False
186.0737,0.0000,0.0000,0.0000,0.0000,False,False,False,False,True,1606.2180,False
186.1265,0.0000,0.0000,0.0000,0.0000,False,False,False,False,True,1607.0660,False
186.1759,0.0000,0.0000,0.0000,0.0000,False,False,False,False,True,1607.8000,False
186.2361,0.0000,0.0000,0.0000,0.0000,False,False,False,False,True,1608.4860,False
186.2870,0.0000,0.0000,0.0000,0.0000,False,False,False,False,True,1609.3230,False
186.3364,0.0000,0.0000,0.0000,0.0000,False,False,False,False,True,1610.0280,False
186.3961,0.0000,0.0000,0.0000,0.0000,False,False,False,False,True,1610.7150,False
186.4487,0.0000,0.0000,0.0000,0.0000,False,False,False,False,True,1611.5440,False
186.5044,0.0000,0.0000,0.0000,0.0000,False,False,False,False,True,1612.2750,False
186.5748,0.0000,0.0000,0.0000,0.0000,False,False,False,False,True,1613.0480,False
186.6315,0.0000,0.0000,0.0000,0.0000,False,False,False,False,True,1614.0260,False
186.6864,0.0000,0.0000,0.0000,0.0000,False,False,False,False,True,1614.8140,False
186.7464,0.0000,0.0000,0.0000,0.0000,False,False,False,False,True,1615.5760,False
186.7945,0.0000,0.0000,0.0000,0.0000,False,False,False,False,True,1616.4090,False
186.8428,0.0000,0.0000,0.0000,0.0000,False,False,False,False,True,1617.0770,False
186.9031,0.0000,0.0000,0.0000,0.0000,False,False,False,False,True,1617.7470,False
186.9525,0.0000,0.0000,0.0000,0.0000,False,False,False,False,True,1618.5850,False
187.0045,0.0000,0.0000,0.0000,0.0000,False,False,False,False,True,1619.2710,False
187.0660,0.0000,0.0000,0.0000,0.0000,False,False,False,False,True,1619.9930,False
187.1167,0.0000,0.0000,0.0000,0.0000,False,False,False,False,True,1620.8470,False
187.1659,0.0000,0.0000,0.0000,0.0000,False,False,False,False,True,1621.5520,False
187.2260,0.0000,0.0000,0.0000,0.0000,False,False,False,False,True,1622.2350,False
187.2749,0.0000,0.0000,0.0000,0.0000,False,False,False,False,True,1623.0690,False
187.3277,0.0000,0.0000,0.0000,0.0000,False,False,False,False,True,1623.7480,False
187.3926,0.0000,0.0000,0.0000,0.0000,False,False,False,False,True,1624.4820,False
187.4414,0.0000,0.0000,0.0000,0.0000,False,False,False,False,True,1625.3830,False
187.4906,0.0000,0.0000,0.0000,0.0000,False,False,False,False,True,1626.0610,False
187.5553,0.0000,0.0000,0.0000,0.0000,False,False,False,False,True,1626.7450,False
187.6102,0.0000,0.0000,0.0000,0.0000,False,False,False,False,True,1627.6430,False
187.6599,0.0000,0.0000,0.0000,0.0000,False,False,False,False,True,1628.4050,False
187.7225,0.0000,0.0000,0.0000,0.0000,False,False,False,False,True,1629.0950,False
187.7716,0.0000,0.0000,0.0000,0.0000,False,False,False,False,True,1629.9650,False
187.8208,0.0000,0.0000,0.0000,0.0000,False,False,False,False,True,1630.6470,False
187.8804,0.0000,0.0000,0.0000,0.0000,False,False,False,False,True,1631.3300,False
187.9289,0.0000,0.0000,0.0000,0.0000,False,False,False,False,True,1632.1580,False
187.9778,0.0000,0.0000,0.0000,0.0000,False,False,False,False,True,1632.8320,False
188.0437,0.0000,0.0000,0.0000,0.0000,False,False,False,False,True,1633.5110,False
188.0973,0.0000,0.0000,0.0000,0.0000,False,False,False,False,True,1634.4270,False
188.1503,0.0000,0.0000,0.0000,0.0000,False,False,False,False,True,1635.1700,False
188.2100,0.0000,0.0000,0.0000,0.0000,False,False,False,False,True,1635.9070,False
188.2590,0.0000,0.0000,0.0000,0.0000,False,False,False,False,True,1636.7360,False
188.3071,0.0000,0.0000,0.0000,0.0000,False,False,False,False,True,1637.4160,False
188.3671,0.0000,0.0000,0.0000,0.0000,False,False,False,False,True,1638.0850,False
188.4152,0.0000,0.0000,0.0000,0.0000,False,False,False,False,True,1638.9170,False
188.4669,0.0000,0.0000,0.0000,0.0000,False,False,False,False,True,1639.5850,False
188.5319,0.0000,0.0000,0.0000,0.0000,False,False,False,False,True,1640.3040,False
188.5821,0.0000,0.0000,0.0000,0.0000,False,False,False,False,True,1641.2060,False
188.6311,0.0000,0.0000,0.0000,0.0000,False,False,False,False,True,1641.9030,False
188.6936,0.0000,0.0000,0.0000,0.0000,False,False,False,False,True,1642.5850,False
188.7427,0.0000,0.0000,0.0000,0.0000,False,False,False,False,True,1643.4530,False
188.7959,0.0000,0.0000,0.0000,0.0000,False,False,False,False,True,1644.1340,False
188.8605,0.0000,0.0000,0.0000,0.0000,False,False,False,False,True,1644.8730,False
188.9105,0.0000,0.0000,0.0000,0.0000,False,False,False,False,True,1645.7700,False
188.9592,0.0000,0.0000,0.0000,0.0000,False,False,False,False,True,1646.4650,False
189.0199,0.0000,0.0000,0.0000,0.0000,False,False,False,False,True,1647.1410,False
189.0713,0.0000,0.0000,0.0000,0.0000,False,False,False,False,True,1647.9830,False
189.1205,0.0000,0.0000,0.0000,0.0000,False,False,False,False,True,1648.6970,False
189.1831,0.0000,0.0000,0.0000,0.0000,False,False,False,False,True,1649.3800,False
189.2350,0.0000,0.0000,0.0000,0.0000,False,False,False,False,True,1650.2510,False
189.2840,0.0000,0.0000,0.0000,0.0000,False,False,False,False,True,1650.9710,False
189.3432,0.0000,0.0000,0.0000,0.0000,False,False,False,False,True,1651.6510,False
189.3916,0.0000,0.0000,0.0000,0.0000,False,False,False,False,True,1652.4740,False
189.4396,0.0000,0.0000,0.0000,0.0000,False,False,False,False,True,1653.1470,False
189.4988,0.0000,0.0000,0.0000,0.0000,False,False,False,False,True,1653.8130,False
189.5528,0.0000,0.0000,0.0000,0.0000,False,False,False,False,True,1654.6350,False
189.6073,0.0000,0.0000,0.0000,0.0000,False,False,False,False,True,1655.3850,False
189.6688,0.0000,0.0000,0.0000,0.0000,False,False,False,False,True,1656.1420,False
189.7208,0.0000,0.0000,0.0000,0.0000,False,False,False,False,True,1656.9960,False
189.7723,0.0000,0.0000,0.0000,0.0000,False,False,False,False,True,1657.7180,False
189.8322,0.0000,0.0000,0.0000,0.0000,False,False,False,False,True,1658.4340,False
189.8810,0.0000,0.0000,0.0000,0.0000,False,False,False,False,True,1659.2650,False
189.9319,0.0000,0.0000,0.0000,0.0000,False,False,False,False,True,1659.9430,False
189.9923,0.0000,0.0000,0.0000,0.0000,False,False,False,False,True,1660.6500,False
190.0453,0.0000,0.0000,0.0000,0.0000,False,False,False,False,True,1661.4890,False
190.1041,0.0000,0.0000,0.0000,0.0000,False,False,False,False,True,1662.2250,False
190.1745,0.0000,0.0000,0.0000,0.0000,False,False,False,False,True,1663.0410,False
190.2306,0.0000,0.0000,0.0000,0.0000,False,False,False,False,True,1664.0190,False
190.2835,0.0000,0.0000,0.0000,0.0000,False,False,False,False,True,1664.7990,False
190.3583,0.0000,0.0000,0.0000,0.0000,False,False,False,False,True,1665.5330,False
190.4103,0.0000,0.0000,0.0000,0.0000,False,False,False,False,True,1666.5720,False
190.4621,0.0000,0.0000,0.0000,0.0000,False,False,False,False,True,1667.2940,False
190.5235,0.0000,0.0000,0.0000,0.0000,False,False,False,False,True,1668.0140,False
190.5826,0.0000,0.0000,0.0000,0.0000,False,False,False,False,True,1668.8660,False
190.6315,0.0000,0.0000,0.0000,0.0000,False,False,False,False,True,1669.6870,False
190.6933,0.0000,0.0000,0.0000,0.0000,False,False,False,False,True,1670.3660,False
190.7457,0.0000,0.0000,0.0000,0.0000,False,False,False,False,True,1671.2250,False
190.7961,0.0000,0.0000,0.0000,0.0000,False,False,False,False,True,1671.9520,False
190.8555,0.0000,0.0000,0.0000,0.0000,False,False,False,False,True,1672.6520,False
190.9044,0.0000,0.0000,0.0000,0.0000,False,False,False,False,True,1673.4760,False
190.9549,0.0000,0.0000,0.0000,0.0000,False,False,False,False,True,1674.1570,False
191.0139,0.0000,0.0000,0.0000,0.0000,False,False,False,False,True,1674.8570,False
191.0681,0.0000,0.0000,0.0000,0.0000,False,False,False,False,True,1675.6770,False
191.1224,0.0000,0.0000,0.0000,0.0000,False,False,False,False,True,1676.4290,False
191.1856,0.0000,0.0000,0.0000,0.0000,False,False,False,False,True,1677.1840,False
191.2352,0.0000,0.0000,0.0000,0.0000,False,False,False,False,True,1678.0620,False
191.3225,0.0000,0.0000,0.0000,0.0000,False,False,False,False,True,1678.7500,False
191.3817,0.0000,0.0000,0.0000,0.0000,False,False,False,False,True,1679.9630,False
191.4290,0.0000,0.0000,0.0000,0.0000,False,False,False,False,True,1680.7850,False
191.4785,0.0000,0.0000,0.0000,0.0000,False,False,False,False,True,1681.4420,False
191.5397,0.0000,0.0000,0.0000,0.0000,False,False,False,False,True,1682.1290,False
191.5915,0.0000,0.0000,0.0000,0.0000,False,False,False,False,True,1682.9790,False
191.6420,0.0000,0.0000,0.0000,0.0000,False,False,False,False,True,1683.6990,False
191.7037,0.0000,0.0000,0.0000,0.0000,False,False,False,False,True,1684.4000,False
191.7557,0.0000,0.0000,0.0000,0.0000,False,False,False,False,True,1685.2570,False
191.8063,0.0000,0.0000,0.0000,0.0000,False,False,False,False,True,1685.9790,False
191.8699,0.0000,0.0000,0.0000,0.0000,False,False,False,False,True,1686.6810,False
191.9277,0.0000,0.0000,0.0000,0.0000,False,False,False,False,True,1687.5650,False
191.9770,0.0000,0.0000,0.0000,0.0000,False,False,False,False,True,1688.3680,False
192.0368,0.0000,0.0000,0.0000,0.0000,False,False,False,False,True,1689.0520,False
192.0906,0.0000,0.0000,0.0000,0.0000,False,False,False,False,True,1689.8830,False
192.1394,0.0000,0.0000,0.0000,0.0000,False,False,False,False,True,1690.6310,False
192.2004,0.0000,0.0000,0.0000,0.0000,False,False,False,False,True,1691.3080,False
192.2565,0.0000,0.0000,0.0000,0.0000,False,False,False,False,True,1692.1560,False
192.3087,0.0000,0.0000,0.0000,0.0000,False,False,False,False,True,1692.9340,False
192.3694,0.0000,0.0000,0.0000,0.0000,False,False,False,False,True,1693.6590,False
192.4177,0.0000,0.0000,0.0000,0.0000,False,False,False,False,True,1694.5020,False
192.4701,0.0000,0.0000,0.0000,0.0000,False,False,False,False,True,1695.1730,False
192.5301,0.0000,0.0000,0.0000,0.0000,False,False,False,False,True,1695.9010,False
192.5817,0.0000,0.0000,0.0000,0.0000,False,False,False,False,True,1696.7340,False
192.6339,0.0000,0.0000,0.0000,0.0000,False,False,False,False,True,1697.4510,False
192.7012,0.0000,0.0000,0.0000,0.0000,False,False,False,False,True,1698.1760,False
192.7558,0.0000,0.0000,0.0000,0.0000,False,False,False,False,True,1699.1100,False
192.8069,0.0000,0.0000,0.0000,0.0000,False,False,False,False,True,1699.8680,False
192.8687,0.0000,0.0000,0.0000,0.0000,False,False,False,False,True,1700.5780,False
192.9190,0.0000,0.0000,0.0000,0.0000,False,False,False,False,True,1701.4380,False
192.9693,0.0000,0.0000,0.0000,0.0000,False,False,False,False,True,1702.1360,False
193.0290,0.0000,0.0000,0.0000,0.0000,False,False,False,False,True,1702.8340,False
193.0850,0.0000,0.0000,0.0000,0.0000,False,False,False,False,True,1703.6630,False
193.1339,0.0000,0.0000,0.0000,0.0000,False,False,False,False,True,1704.4400,False
193.1948,0.0000,0.0000,0.0000,0.0000,False,False,False,False,True,1705.1210,False
193.2446,0.0000,0.0000,0.0000,0.0000,False,False,False,False,True,1705.9660,False
193.2932,0.0000,0.0000,0.0000,0.0000,False,False,False,False,True,1706.6580,False
193.3520,0.0000,0.0000,0.0000,0.0000,False,False,False,False,True,1707.3320,False
193.4068,0.0000,0.0000,0.0000,0.0000,False,False,False,False,True,1708.1490,False
193.4607,0.0000,0.0000,0.0000,0.0000,False,False,False,False,True,1708.9100,False
193.5200,0.0000,0.0000,0.0000,0.0000,False,False,False,False,True,1709.6580,False
193.5680,0.0000,0.0000,0.0000,0.0000,False,False,False,False,True,1710.4830,False
193.6200,0.0000,0.0000,0.0000,0.0000,False,False,False,False,True,1711.1480,False
193.6814,0.0000,0.0000,0.0000,0.0000,False,False,False,False,True,1711.8710,False
193.7348,0.0000,0.0000,0.0000,0.0000,False,False,False,False,True,1712.7240,False
193.7849,0.0000,0.0000,0.0000,0.0000,False,False,False,False,True,1713.4660,False
193.8460,0.0000,0.0000,0.0000,0.0000,False,False,False,False,True,1714.1610,False
193.8976,0.0000,0.0000,0.0000,0.0000,False,False,False,False,True,1715.0090,False
193.9462,0.0000,0.0000,0.0000,0.0000,False,False,False,False,True,1715.7270,False
194.0060,0.0000,0.0000,0.0000,0.0000,False,False,False,False,True,1716.4020,False
194.0552,0.0000,0.0000,0.0000,0.0000,False,False,False,False,True,1717.2320,False
194.1089,0.0000,0.0000,0.0000,0.0000,False,False,False,False,True,1717.9150,False
194.1760,0.0000,0.0000,0.0000,0.0000,False,False,False,False,True,1718.6620,False
194.2325,0.0000,0.0000,0.0000,0.0000,False,False,False,False,True,1719.5920,False
194.2855,0.0000,0.0000,0.0000,0.0000,False,False,False,False,True,1720.3780,False
194.3475,0.0000,0.0000,0.0000,0.0000,False,False,False,False,True,1721.1130,False
194.3960,0.0000,0.0000,0.0000,0.0000,False,False,False,False,True,1721.9740,False
194.4466,0.0000,0.0000,0.0000,0.0000,False,False,False,False,True,1722.6480,False
194.5060,0.0000,0.0000,0.0000,0.0000,False,False,False,False,True,1723.3510,False
194.5546,0.0000,0.0000,0.0000,0.0000,False,False,False,False,True,1724.1760,False
194.6072,0.0000,0.0000,0.0000,0.0000,False,False,False,False,True,1724.8510,False
194.6722,0.0000,0.0000,0.0000,0.0000,False,False,False,False,True,1725.5820,False
194.7234,0.0000,0.0000,0.0000,0.0000,False,False,False,False,True,1726.4840,False
194.7726,0.0000,0.0000,0.0000,0.0000,False,False,False,False,True,1727.1950,False
194.8333,0.0000,0.0000,0.0000,0.0000,False,False,False,False,True,1727.8780,False
194.8822,0.0000,0.0000,0.0000,0.0000,False,False,False,False,True,1728.7200,False
194.9361,0.0000,0.0000,0.0000,0.0000,False,False,False,False,True,1729.4000,False
195.0000,0.0000,0.0000,0.0000,0.0000,False,False,False,False,True,1730.1490,False
195.0480,0.0000,0.0000,0.0000,0.0000,False,False,False,False,True,1731.0360,False
195.1017,0.0000,0.0000,0.0000,0.0000,False,False,False,False,True,1731.7040,False
195.1630,0.0000,0.0000,0.0000,0.0000,False,False,False,False,True,1732.4480,False
195.2132,0.0000,0.0000,0.0000,0.0000,False,False,False,False,True,1733.3010,False
195.2615,0.0000,0.0000,0.0000,0.0000,False,False,False,False,True,1733.9970,False
195.3234,0.0000,0.0000,0.0000,0.0000,False,False,False,False,True,1734.6680,False
195.3744,0.0000,0.0000,0.0000,0.0000,False,False,False,False,True,1735.5270,False
195.4288,0.0000,0.0000,0.0000,0.0000,False,False,False,False,True,1736.2370,False
195.4920,0.0000,0.0000,0.0000,0.0000,False,False,False,False,True,1736.9920,False
195.5408,0.0000,0.0000,0.0000,0.0000,False,False,False,False,True,1737.8700,False
195.5925,0.0000,0.0000,0.0000,0.0000,False,False,False,False,True,1738.5470,False
195.6542,0.0000,0.0000,0.0000,0.0000,False,False,False,False,True,1739.2660,False
195.7086,0.0000,0.0000,0.0000,0.0000,False,False,False,False,True,1740.1220,False
195.7656,0.0000,0.0000,0.0000,0.0000,False,False,False,False,True,1740.8790,False
195.8263,0.0000,0.0000,0.0000,0.0000,False,False,False,False,True,1741.6700,False
195.8774,0.0000,0.0000,0.0000,0.0000,False,False,False,False,True,1742.5130,False
195.9258,0.0000,0.0000,0.0000,0.0000,False,False,False,False,True,1743.2220,False
195.9906,0.0000,0.0000,0.0000,0.0000,False,False,False,False,True,1743.8950,False
196.0424,0.0000,0.0000,0.0000,0.0000,False,False,False,False,True,1744.7940,False
196.0941,0.0000,0.0000,0.0000,0.0000,False,False,False,False,True,1745.5130,False
196.1556,0.0000,0.0000,0.0000,0.0000,False,False,False,False,True,1746.2320,False
196.2062,0.0000,0.0000,0.0000,0.0000,False,False,False,False,True,1747.0860,False
196.2556,0.0000,0.0000,0.0000,0.0000,False,False,False,False,True,1747.7890,False
196.3179,0.0000,0.0000,0.0000,0.0000,False,False,False,False,True,1748.4750,False
196.3659,0.0000,0.0000,0.0000,0.0000,False,False,False,False,True,1749.3400,False
196.4152,0.0000,0.0000,0.0000,0.0000,False,False,False,False,True,1750.0060,False
196.4779,0.0000,0.0000,0.0000,0.0000,False,False,False,False,True,1750.6910,False
196.5317,0.0000,0.0000,0.0000,0.0000,False,False,False,False,True,1751.5620,False
196.5825,0.0000,0.0000,0.0000,0.0000,False,False,False,False,True,1752.3090,False
196.6466,0.0000,0.0000,0.0000,0.0000,False,False,False,False,True,1753.0150,False
196.6974,0.0000,0.0000,0.0000,0.0000,False,False,False,False,True,1753.9050,False
196.7851,0.0000,0.0000,0.0000,0.0000,False,False,False,False,True,1754.6100,False
196.8489,0.0000,0.0000,0.0000,0.0000,False,False,False,False,True,1755.8280,False
196.8977,0.0000,0.0000,0.0000,0.0000,False,False,False,False,True,1756.7140,False
196.9472,0.0000,0.0000,0.0000,0.0000,False,False,False,False,True,1757.3920,False
197.0072,0.0000,0.0000,0.0000,0.0000,False,False,False,False,True,1758.0800,False
197.0588,0.0000,0.0000,0.0000,0.0000,False,False,False,False,True,1758.9120,False
197.1105,0.0000,0.0000,0.0000,0.0000,False,False,False,False,True,1759.6290,False
197.1720,0.0000,0.0000,0.0000,0.0000,False,False,False,False,True,1760.3470,False
197.2223,0.0000,0.0000,0.0000,0.0000,False,False,False,False,True,1761.2020,False
197.2745,0.0000,0.0000,0.0000,0.0000,False,False,False,False,True,1761.9000,False
197.3420,0.0000,0.0000,0.0000,0.0000,False,False,False,False,True,1762.6250,False
197.3910,0.0000,0.0000,0.0000,0.0000,False,False,False,False,True,1763.5620,False
197.4403,0.0000,0.0000,0.0000,0.0000,False,False,False,False,True,1764.2430,False
197.5015,0.0000,0.0000,0.0000,0.0000,False,False,False,False,True,1764.9270,False
197.5499,0.0000,0.0000,0.0000,0.0000,False,False,False,False,True,1765.7770,False
197.6017,0.0000,0.0000,0.0000,0.0000,False,False,False,False,True,1766.4500,False
197.6641,0.0000,0.0000,0.0000,0.0000,False,False,False,False,True,1767.1690,False
197.7187,0.0000,0.0000,0.0000,0.0000,False,False,False,False,True,1768.0360,False
197.7706,0.0000,0.0000,0.0000,0.0000,False,False,False,False,True,1768.7940,False
197.8316,0.0000,0.0000,0.0000,0.0000,False,False,False,False,True,1769.5140,False
197.8813,0.0000,0.0000,0.0000,0.0000,False,False,False,False,True,1770.3620,False
197.9305,0.0000,0.0000,0.0000,0.0000,False,False,False,False,True,1771.0520,False
197.9925,0.0000,0.0000,0.0000,0.0000,False,False,False,False,True,1771.7360,False
198.0426,0.0000,0.0000,0.0000,0.0000,False,False,False,False,True,1772.5960,False
198.1002,0.0000,0.0000,0.0000,0.0000,False,False,False,False,True,1773.2920,False
198.1644,0.0000,0.0000,0.0000,0.0000,False,False,False,False,True,1774.0920,False
198.2153,0.0000,0.0000,0.0000,0.0000,False,False,False,False,True,1774.9840,False
198.2664,0.0000,0.0000,0.0000,0.0000,False,False,False,False,True,1775.6910,False
198.3258,0.0000,0.0000,0.0000,0.0000,False,False,False,False,True,1776.4010,False
198.3749,0.0000,0.0000,0.0000,0.0000,False,False,False,False,True,1777.2260,False
198.4241,0.0000,0.0000,0.0000,0.0000,False,False,False,False,True,1777.9070,False
198.4900,0.0000,0.0000,0.0000,0.0000,False,False,False,False,True,1778.5910,False
198.5388,0.0000,0.0000,0.0000,0.0000,False,False,False,False,True,1779.5060,False
198.5874,0.0000,0.0000,0.0000,0.0000,False,False,False,False,True,1780.1850,False
198.6526,0.0000,0.0000,0.0000,0.0000,False,False,False,False,True,1780.8590,False
198.7034,0.0000,0.0000,0.0000,0.0000,False,False,False,False,True,1781.7640,False
198.7520,0.0000,0.0000,0.0000,0.0000,False,False,False,False,True,1782.4690,False
198.8304,0.0000,0.0000,0.0000,0.0000,False,False,False,False,True,1783.1440,False
198.8827,0.0000,0.0000,0.0000,0.0000,False,False,False,False,True,1784.2330,False
198.9375,0.0000,0.0000,0.0000,0.0000,False,False,False,False,True,1784.9600,False
198.9977,0.0000,0.0000,0.0000,0.0000,False,False,False,False,True,1785.7210,False
199.0476,0.0000,0.0000,0.0000,0.0000,False,False,False,False,True,1786.5570,False
199.0998,0.0000,0.0000,0.0000,0.0000,False,False,False,False,True,1787.2490,False
199.1623,0.0000,0.0000,0.0000,0.0000,False,False,False,False,True,1787.9750,False
199.2138,0.0000,0.0000,0.0000,0.0000,False,False,False,False,True,1788.8420,False
199.2640,0.0000,0.0000,0.0000,0.0000,False,False,False,False,True,1789.5580,False
199.3239,0.0000,0.0000,0.0000,0.0000,False,False,False,False,True,1790.2540,False
199.3752,0.0000,0.0000,0.0000,0.0000,False,False,False,False,True,1791.0870,False
199.4247,0.0000,0.0000,0.0000,0.0000,False,False,False,False,True,1791.7990,False
199.4854,0.0000,0.0000,0.0000,0.0000,False,False,False,False,True,1792.4860,False
199.5342,0.0000,0.0000,0.0000,0.0000,False,False,False,False,True,1793.3300,False
199.5842,0.0000,0.0000,0.0000,0.0000,False,False,False,False,True,1794.0070,False
199.6526,0.0000,0.0000,0.0000,0.0000,False,False,False,False,True,1794.7020,False
199.7092,0.0000,0.0000,0.0000,0.0000,False,False,False,False,True,1795.6520,False
199.7610,0.0000,0.0000,0.0000,0.0000,False,False,False,False,True,1796.4370,False
199.8217,0.0000,0.0000,0.0000,0.0000,False,False,False,False,True,1797.1570,False
199.8732,0.0000,0.0000,0.0000,0.0000,False,False,False,False,True,1797.9990,False
199.9225,0.0000,0.0000,0.0000,0.0000,False,False,False,False,True,1798.7150,False
199.9832,0.0000,0.0000,0.0000,0.0000,False,False,False,False,True,1799.4010,False
200.0318,0.0000,0.0000,0.0000,0.0000,False,False,False,False,True,1800.2430,False
200.0821,0.0000,0.0000,0.0000,0.0000,False,False,False,False,True,1800.9180,False
200.1471,0.0000,0.0000,0.0000,0.0000,False,False,False,False,True,1801.6160,False
200.1975,0.0000,0.0000,0.0000,0.0000,False,False,False,False,True,1802.5190,False
200.2458,0.0000,0.0000,0.0000,0.0000,False,False,False,False,True,1803.2190,False
200.3057,0.0000,0.0000,0.0000,0.0000,False,False,False,False,True,1803.8900,False
200.3544,0.0000,0.0000,0.0000,0.0000,False,False,False,False,True,1804.7220,False
200.4031,0.0000,0.0000,0.0000,0.0000,False,False,False,False,True,1805.3980,False
200.4665,0.0000,0.0000,0.0000,0.0000,False,False,False,False,True,1806.0750,False
200.5198,0.0000,0.0000,0.0000,0.0000,False,False,False,False,True,1806.9560,False
200.5683,0.0000,0.0000,0.0000,0.0000,False,False,False,False,True,1807.6960,False
200.6329,0.0000,0.0000,0.0000,0.0000,False,False,False,False,True,1808.3690,False
200.6834,0.0000,0.0000,0.0000,0.0000,False,False,False,False,True,1809.2660,False
200.7333,0.0000,0.0000,0.0000,0.0000,False,False,False,False,True,1809.9670,False
200.7943,0.0000,0.0000,0.0000,0.0000,False,False,False,False,True,1810.6610,False
200.8467,0.0000,0.0000,0.0000,0.0000,False,False,False,False,True,1811.5090,False
200.8971,0.0000,0.0000,0.0000,0.0000,False,False,False,False,True,1812.2360,False
200.9598,0.0000,0.0000,0.0000,0.0000,False,False,False,False,True,1812.9360,False
201.0087,0.0000,0.0000,0.0000,0.0000,False,False,False,False,True,1813.8070,False
201.0576,0.0000,0.0000,0.0000,0.0000,False,False,False,False,True,1814.4850,False
201.1175,0.0000,0.0000,0.0000,0.0000,False,False,False,False,True,1815.1640,False
201.1692,0.0000,0.0000,0.0000,0.0000,False,False,False,False,True,1815.9970,False
201.2544,0.0000,0.0000,0.0000,0.0000,False,False,False,False,True,1816.7140,False
201.3224,0.0000,0.0000,0.0000,0.0000,False,False,False,False,True,1817.8980,False
201.3724,0.0000,0.0000,0.0000,0.0000,False,False,False,False,True,1818.8430,False
201.4214,0.0000,0.0000,0.0000,0.0000,False,False,False,False,True,1819.5370,False
201.4816,0.0000,0.0000,0.0000,0.0000,False,False,False,False,True,1820.2180,False
201.5315,0.0000,0.0000,0.0000,0.0000,False,False,False,False,True,1821.0530,False
201.5814,0.0000,0.0000,0.0000,0.0000,False,False,False,False,True,1821.7460,False
201.6463,0.0000,0.0000,0.0000,0.0000,False,False,False,False,True,1822.4390,False
201.6967,0.0000,0.0000,0.0000,0.0000,False,False,False,False,True,1823.3410,False
201.7462,0.0000,0.0000,0.0000,0.0000,False,False,False,False,True,1824.0400,False
201.8060,0.0000,0.0000,0.0000,0.0000,False,False,False,False,True,1824.7270,False
201.8577,0.0000,0.0000,0.0000,0.0000,False,False,False,False,True,1825.5590,False
201.9076,0.0000,0.0000,0.0000,0.0000,False,False,False,False,True,1826.2770,False
201.9711,0.0000,0.0000,0.0000,0.0000,False,False,False,False,True,1826.9690,False
202.0203,0.0000,0.0000,0.0000,0.0000,False,False,False,False,True,1827.8520,False
202.0730,0.0000,0.0000,0.0000,0.0000,False,False,False,False,True,1828.5350,False
202.1391,0.0000,0.0000,0.0000,0.0000,False,False,False,False,True,1829.2670,False
202.1971,0.0000,0.0000,0.0000,0.0000,False,False,False,False,True,1830.1840,False
202.2526,0.0000,0.0000,0.0000,0.0000,False,False,False,False,True,1830.9900,False
202.3183,0.0000,0.0000,0.0000,0.0000,False,False,False,False,True,1831.7620,False
202.3691,0.0000,0.0000,0.0000,0.0000,False,False,False,False,True,1832.6740,False
202.4201,0.0000,0.0000,0.0000,0.0000,False,False,False,False,True,1833.3790,False
202.4798,0.0000,0.0000,0.0000,0.0000,False,False,False,False,True,1834.0870,False
202.5286,0.0000,0.0000,0.0000,0.0000,False,False,False,False,True,1834.9170,False
202.5781,0.0000,0.0000,0.0000,0.0000,False,False,False,False,True,1835.5950,False
202.6422,0.0000,0.0000,0.0000,0.0000,False,False,False,False,True,1836.2820,False
202.6933,0.0000,0.0000,0.0000,0.0000,False,False,False,False,True,1837.1720,False
202.7421,0.0000,0.0000,0.0000,0.0000,False,False,False,False,True,1837.8810,False
202.8026,0.0000,0.0000,0.0000,0.0000,False,False,False,False,True,1838.5590,False
202.8551,0.0000,0.0000,0.0000,0.0000,False,False,False,False,True,1839.3990,False
202.9051,0.0000,0.0000,0.0000,0.0000,False,False,False,False,True,1840.1290,False
202.9694,0.0000,0.0000,0.0000,0.0000,False,False,False,False,True,1840.8230,False
203.0235,0.0000,0.0000,0.0000,0.0000,False,False,False,False,True,1841.7160,False
203.0728,0.0000,0.0000,0.0000,0.0000,False,False,False,False,True,1842.4680,False
203.1339,0.0000,0.0000,0.0000,0.0000,False,False,False,False,True,1843.1510,False
203.1852,0.0000,0.0000,0.0000,0.0000,False,False,False,False,True,1844.0000,False
203.2346,0.0000,0.0000,0.0000,0.0000,False,False,False,False,True,1844.7120,False
203.2965,0.0000,0.0000,0.0000,0.0000,False,False,False,False,True,1845.3990,False
203.3472,0.0000,0.0000,0.0000,0.0000,False,False,False,False,True,1846.2590,False
203.3963,0.0000,0.0000,0.0000,0.0000,False,False,False,False,True,1846.9630,False
203.4550,0.0000,0.0000,0.0000,0.0000,False,False,False,False,True,1847.6450,False
203.5035,0.0000,0.0000,0.0000,0.0000,False,False,False,False,True,1848.4590,False
203.5528,0.0000,0.0000,0.0000,0.0000,False,False,False,False,True,1849.1340,False
203.6119,0.0000,0.0000,0.0000,0.0000,False,False,False,False,True,1849.8180,False
203.6631,0.0000,0.0000,0.0000,0.0000,False,False,False,False,True,1850.6390,False
203.7198,0.0000,0.0000,0.0000,0.0000,False,False,False,False,True,1851.3490,False
203.7817,0.0000,0.0000,0.0000,0.0000,False,False,False,False,True,1852.1380,False
203.8323,0.0000,0.0000,0.0000,0.0000,False,False,False,False,True,1852.9980,False
203.8851,0.0000,0.0000,0.0000,0.0000,False,False,False,False,True,1853.7000,False
203.9465,0.0000,0.0000,0.0000,0.0000,False,False,False,False,True,1854.4340,False
203.9956,0.0000,0.0000,0.0000,0.0000,False,False,False,False,True,1855.2850,False
204.0449,0.0000,0.0000,0.0000,0.0000,False,False,False,False,True,1855.9680,False
204.1048,0.0000,0.0000,0.0000,0.0000,False,False,False,False,True,1856.6530,False
204.1566,0.0000,0.0000,0.0000,0.0000,False,False,False,False,True,1857.4850,False
204.2055,0.0000,0.0000,0.0000,0.0000,False,False,False,False,True,1858.2040,False
204.2678,0.0000,0.0000,0.0000,0.0000,False,False,False,False,True,1858.8820,False
204.3179,0.0000,0.0000,0.0000,0.0000,False,False,False,False,True,1859.7490,False
204.3671,0.0000,0.0000,0.0000,0.0000,False,False,False,False,True,1860.4440,False
204.4303,0.0000,0.0000,0.0000,0.0000,False,False,False,False,True,1861.1270,False
204.4847,0.0000,0.0000,0.0000,0.0000,False,False,False,False,True,1862.0050,False
204.5340,0.0000,0.0000,0.0000,0.0000,False,False,False,False,True,1862.7610,False
204.5949,0.0000,0.0000,0.0000,0.0000,False,False,False,False,True,1863.4450,False
204.6449,0.0000,0.0000,0.0000,0.0000,False,False,False,False,True,1864.2910,False
204.6977,0.0000,0.0000,0.0000,0.0000,False,False,False,False,True,1864.9850,False
204.7599,0.0000,0.0000,0.0000,0.0000,False,False,False,False,True,1865.7190,False
204.8107,0.0000,0.0000,0.0000,0.0000,False,False,False,False,True,1866.5820,False
204.8620,0.0000,0.0000,0.0000,0.0000,False,False,False,False,True,1867.2880,False
204.9237,0.0000,0.0000,0.0000,0.0000,False,False,False,False,True,1868.0010,False
204.9765,0.0000,0.0000,0.0000,0.0000,False,False,False,False,True,1868.8570,False
205.0280,0.0000,0.0000,0.0000,0.0000,False,False,False,False,True,1869.5910,False
205.0897,0.0000,0.0000,0.0000,0.0000,False,False,False,False,True,1870.3070,False
205.1381,0.0000,0.0000,0.0000,0.0000,False,False,False,False,True,1871.1630,False
205.1977,0.0000,0.0000,0.0000,0.0000,False,False,False,False,True,1871.8350,False
205.2594,0.0000,0.0000,0.0000,0.0000,False,False,False,False,True,1872.6640,False
205.3096,0.0000,0.0000,0.0000,0.0000,False,False,False,False,True,1873.5200,False
205.3594,0.0000,0.0000,0.0000,0.0000,False,False,False,False,True,1874.2180,False
205.4228,0.0000,0.0000,0.0000,0.0000,False,False,False,False,True,1874.9090,False
205.4722,0.0000,0.0000,0.0000,0.0000,False,False,False,False,True,1875.7900,False
205.5212,0.0000,0.0000,0.0000,0.0000,False,False,False,False,True,1876.4750,False
205.5815,0.0000,0.0000,0.0000,0.0000,False,False,False,False,True,1877.1560,False
205.6304,0.0000,0.0000,0.0000,0.0000,False,False,False,False,True,1877.9930,False
205.6821,0.0000,0.0000,0.0000,0.0000,False,False,False,False,True,1878.6720,False
205.7442,0.0000,0.0000,0.0000,0.0000,False,False,False,False,True,1879.3910,False
205.7950,0.0000,0.0000,0.0000,0.0000,False,False,False,False,True,1880.2530,False
205.8443,0.0000,0.0000,0.0000,0.0000,False,False,False,False,True,1880.9590,False
205.9099,0.0000,0.0000,0.0000,0.0000,False,False,False,False,True,1881.6440,False
205.9696,0.0000,0.0000,0.0000,0.0000,False,False,False,False,True,1882.5540,False
206.0192,0.0000,0.0000,0.0000,0.0000,False,False,False,False,True,1883.3830,False
206.0793,0.0000,0.0000,0.0000,0.0000,False,False,False,False,True,1884.0730,False
206.1305,0.0000,0.0000,0.0000,0.0000,False,False,False,False,True,1884.9070,False
206.1838,0.0000,0.0000,0.0000,0.0000,False,False,False,False,True,1885.6180,False
206.2479,0.0000,0.0000,0.0000,0.0000,False,False,False,False,True,1886.3590,False
206.3005,0.0000,0.0000,0.0000,0.0000,False,False,False,False,True,1887.2500,False
206.3494,0.0000,0.0000,0.0000,0.0000,False,False,False,False,True,1887.9790,False
206.4087,0.0000,0.0000,0.0000,0.0000,False,False,False,False,True,1888.6590,False
206.4585,0.0000,0.0000,0.0000,0.0000,False,False,False,False,True,1889.4820,False
206.5074,0.0000,0.0000,0.0000,0.0000,False,False,False,False,True,1890.1740,False
206.5669,0.0000,0.0000,0.0000,0.0000,False,False,False,False,True,1890.8530,False
206.6199,0.0000,0.0000,0.0000,0.0000,False,False,False,False,True,1891.6800,False
206.6742,0.0000,0.0000,0.0000,0.0000,False,False,False,False,True,1892.4150,False
206.7411,0.0000,0.0000,0.0000,0.0000,False,False,False,False,True,1893.1690,False
206.7910,0.0000,0.0000,0.0000,0.0000,False,False,False,False,True,1894.0990,False
206.8400,0.0000,0.0000,0.0000,0.0000,False,False,False,False,True,1894.7920,False
206.9024,0.0000,0.0000,0.0000,0.0000,False,False,False,False,True,1895.4730,False
206.9534,0.0000,0.0000,0.0000,0.0000,False,False,False,False,True,1896.3390,False
207.0028,0.0000,0.0000,0.0000,0.0000,False,False,False,False,True,1897.0470,False
207.0637,0.0000,0.0000,0.0000,0.0000,False,False,False,False,True,1897.7340,False
207.1124,0.0000,0.0000,0.0000,0.0000,False,False,False,False,True,1898.5790,False
207.1670,0.0000,0.0000,0.0000,0.0000,False,False,False,False,True,1899.2550,False
207.2293,0.0000,0.0000,0.0000,0.0000,False,False,False,False,True,1900.0130,False
207.2803,0.0000,0.0000,0.0000,0.0000,False,False,False,False,True,1900.8790,False
207.3317,0.0000,0.0000,0.0000,0.0000,False,False,False,False,True,1901.5870,False
207.3923,0.0000,0.0000,0.0000,0.0000,False,False,False,False,True,1902.3020,False
207.4494,0.0000,0.0000,0.0000,0.0000,False,False,False,False,True,1903.1430,False
207.4983,0.0000,0.0000,0.0000,0.0000,False,False,False,False,True,1903.9360,False
207.5582,0.0000,0.0000,0.0000,0.0000,False,False,False,False,True,1904.6150,False
207.6099,0.0000,0.0000,0.0000,0.0000,False,False,False,False,True,1905.4470,False
207.6603,0.0000,0.0000,0.0000,0.0000,False,False,False,False,True,1906.1650,False
207.7260,0.0000,0.0000,0.0000,0.0000,False,False,False,False,True,1906.8640,False
207.7770,0.0000,0.0000,0.0000,0.0000,False,False,False,False,True,1907.7770,False
207.8319,0.0000,0.0000,0.0000,0.0000,False,False,False,False,True,1908.4850,False
207.8928,0.0000,0.0000,0.0000,0.0000,False,False,False,False,True,1909.2480,False
207.9426,0.0000,0.0000,0.0000,0.0000,False,False,False,False,True,1910.0930,False
207.9915,0.0000,0.0000,0.0000,0.0000,False,False,False,False,True,1910.7850,False
208.0511,0.0000,0.0000,0.0000,0.0000,False,False,False,False,True,1911.4640,False
208.0993,0.0000,0.0000,0.0000,0.0000,False,False,False,False,True,1912.2930,False
208.1479,0.0000,0.0000,0.0000,0.0000,False,False,False,False,True,1912.9620,False
208.2206,0.0000,0.0000,0.0000,0.0000,False,False,False,False,True,1913.6360,False
208.2719,0.0000,0.0000,0.0000,0.0000,False,False,False,False,True,1914.6460,False
208.3199,0.0000,0.0000,0.0000,0.0000,False,False,False,False,True,1915.3580,False
208.3801,0.0000,0.0000,0.0000,0.0000,False,False,False,False,True,1916.0260,False
208.4298,0.0000,0.0000,0.0000,0.0000,False,False,False,False,True,1916.8600,False
208.4884,0.0000,0.0000,0.0000,0.0000,False,False,False,False,True,1917.5510,False
208.5482,0.0000,0.0000,0.0000,0.0000,False,False,False,False,True,1918.3650,False
208.5970,0.0000,0.0000,0.0000,0.0000,False,False,False,False,True,1919.1960,False
208.6461,0.0000,0.0000,0.0000,0.0000,False,False,False,False,True,1919.8740,False
208.7116,0.0000,0.0000,0.0000,0.0000,False,False,False,False,True,1920.5560,False
208.7618,0.0000,0.0000,0.0000,0.0000,False,False,False,False,True,1921.4650,False
208.8143,0.0000,0.0000,0.0000,0.0000,False,False,False,False,True,1922.1620,False
208.8750,0.0000,0.0000,0.0000,0.0000,False,False,False,False,True,1922.8910,False
208.9313,0.0000,0.0000,0.0000,0.0000,False,False,False,False,True,1923.7340,False
208.9869,0.0000,0.0000,0.0000,0.0000,False,False,False,False,True,1924.5170,False
209.0470,0.0000,0.0000,0.0000,0.0000,False,False,False,False,True,1925.2880,False
209.0999,0.0000,0.0000,0.0000,0.0000,False,False,False,False,True,1926.1240,False
209.1488,0.0000,0.0000,0.0000,0.0000,False,False,False,False,True,1926.8580,False
209.2153,0.0000,0.0000,0.0000,0.0000,False,False,False,False,True,1927.5370,False
209.2667,0.0000,0.0000,0.0000,0.0000,False,False,False,False,True,1928.4610,False
209.3162,0.0000,0.0000,0.0000,0.0000,False,False,False,False,True,1929.1750,False
209.3768,0.0000,0.0000,0.0000,0.0000,False,False,False,False,True,1929.8620,False
209.4277,0.0000,0.0000,0.0000,0.0000,False,False,False,False,True,1930.7030,False
209.4771,0.0000,0.0000,0.0000,0.0000,False,False,False,False,True,1931.4110,False
209.5385,0.0000,0.0000,0.0000,0.0000,False,False,False,False,True,1932.0960,False
209.5868,0.0000,0.0000,0.0000,0.0000,False,False,False,False,True,1932.9500,False
209.6356,0.0000,0.0000,0.0000,0.0000,False,False,False,False,True,1933.6200,False
209.6980,0.0000,0.0000,0.0000,0.0000,False,False,False,False,True,1934.2980,False
209.7586,0.0000,0.0000,0.0000,0.0000,False,False,False,False,True,1935.1650,False
209.8074,0.0000,0.0000,0.0000,0.0000,False,False,False,False,True,1936.0060,False
209.8702,0.0000,0.0000,0.0000,0.0000,False,False,False,False,True,1936.6840,False
209.9216,0.0000,0.0000,0.0000,0.0000,False,False,False,False,True,1937.5560,False
209.9739,0.0000,0.0000,0.0000,0.0000,False,False,False,False,True,1938.2700,False
210.0344,0.0000,0.0000,0.0000,0.0000,False,False,False,False,True,1938.9970,False
210.0856,0.0000,0.0000,0.0000,0.0000,False,False,False,False,True,1939.8370,False
210.1373,0.0000,0.0000,0.0000,0.0000,False,False,False,False,True,1940.5470,False
210.1972,0.0000,0.0000,0.0000,0.0000,False,False,False,False,True,1941.2650,False
210.2490,0.0000,0.0000,0.0000,0.0000,False,False,False,False,True,1942.0980,False
210.3004,0.0000,0.0000,0.0000,0.0000,False,False,False,False,True,1942.8170,False
210.3635,0.0000,0.0000,0.0000,0.0000,False,False,False,False,True,1943.5310,False
210.4144,0.0000,0.0000,0.0000,0.0000,False,False,False,False,True,1944.4070,False
210.4691,0.0000,0.0000,0.0000,0.0000,False,False,False,False,True,1945.1140,False
210.5338,0.0000,0.0000,0.0000,0.0000,False,False,False,False,True,1945.8740,False
210.5828,0.0000,0.0000,0.0000,0.0000,False,False,False,False,True,1946.7730,False
210.6320,0.0000,0.0000,0.0000,0.0000,False,False,False,False,True,1947.4540,False
210.6923,0.0000,0.0000,0.0000,0.0000,False,False,False,False,True,1948.1370,False
210.7479,0.0000,0.0000,0.0000,0.0000,False,False,False,False,True,1948.9740,False
210.7981,0.0000,0.0000,0.0000,0.0000,False,False,False,False,True,1949.7460,False
210.8614,0.0000,0.0000,0.0000,0.0000,False,False,False,False,True,1950.4440,False
210.9140,0.0000,0.0000,0.0000,0.0000,False,False,False,False,True,1951.3230,False
210.9641,0.0000,0.0000,0.0000,0.0000,False,False,False,False,True,1952.0530,False
211.0281,0.0000,0.0000,0.0000,0.0000,False,False,False,False,True,1952.7500,False
211.0773,0.0000,0.0000,0.0000,0.0000,False,False,False,False,True,1953.6380,False
211.1264,0.0000,0.0000,0.0000,0.0000,False,False,False,False,True,1954.3210,False
211.1873,0.0000,0.0000,0.0000,0.0000,False,False,False,False,True,1955.0030,False
211.2386,0.0000,0.0000,0.0000,0.0000,False,False,False,False,True,1955.8490,False
211.2991,0.0000,0.0000,0.0000,0.0000,False,False,False,False,True,1956.5620,False
211.3605,0.0000,0.0000,0.0000,0.0000,False,False,False,False,True,1957.4020,False
211.4113,0.0000,0.0000,0.0000,0.0000,False,False,False,False,True,1958.2550,False
211.4604,0.0000,0.0000,0.0000,0.0000,False,False,False,False,True,1958.9600,False
211.5252,0.0000,0.0000,0.0000,0.0000,False,False,False,False,True,1959.6410,False
211.5749,0.0000,0.0000,0.0000,0.0000,False,False,False,False,True,1960.5420,False
211.6247,0.0000,0.0000,0.0000,0.0000,False,False,False,False,True,1961.2310,False
211.6857,0.0000,0.0000,0.0000,0.0000,False,False,False,False,True,1961.9240,False
211.7374,0.0000,0.0000,0.0000,0.0000,False,False,False,False,True,1962.7710,False
211.7867,0.0000,0.0000,0.0000,0.0000,False,False,False,False,True,1963.4880,False
211.8495,0.0000,0.0000,0.0000,0.0000,False,False,False,False,True,1964.1720,False
211.9054,0.0000,0.0000,0.0000,0.0000,False,False,False,False,True,1965.0450,False
211.9573,0.0000,0.0000,0.0000,0.0000,False,False,False,False,True,1965.8220,False
212.0182,0.0000,0.0000,0.0000,0.0000,False,False,False,False,True,1966.5420,False
212.0736,0.0000,0.0000,0.0000,0.0000,False,False,False,False,True,1967.3880,False
212.1278,0.0000,0.0000,0.0000,0.0000,False,False,False,False,True,2116.7860,False
212.1884,0.0000,0.0000,0.0000,0.0000,False,False,False,False,True,2212.3550,False
212.2404,0.0000,0.0000,0.0000,0.0000,False,False,False,False,True,3172.1280,False
212.2908,0.0000,0.0000,0.0000,0.0000,False,False,False,False,True,48085.2900,False
212.3569,0.0000,0.0000,0.0000,0.0000,False,False,False,False,True,57083.7000,False
212.4086,0.0000,0.0000,0.0000,0.0000,False,False,False,False,True,11457.0500,False
212.4582,0.0000,0.0000,0.0000,0.0000,False,False,False,False,True,54577.8800,False
212.5183,0.0000,0.0000,0.0000,0.0000,False,False,False,False,True,115261.4000,False
212.5669,0.0000,0.0000,0.0000,0.0000,False,False,False,False,True,20599.5900,False
212.6165,0.0000,0.0000,0.0000,0.0000,False,False,False,False,True,186859.4000,False
212.6780,0.0000,0.0000,0.0000,0.0000,False,False,False,False,True,1043252.0000,False
212.7295,0.0000,0.0000,0.0000,0.0000,False,False,False,False,True,2776650.0000,False
212.7800,0.0000,0.0000,0.0000,0.0000,False,False,False,False,True,8108392.0000,False
212.8451,0.0000,0.0000,0.0000,0.0000,False,False,False,False,True,9767524.0000,False
212.9044,0.0000,0.0000,0.0000,0.0000,False,False,False,False,True,7632046.0000,False
212.9555,0.0000,0.0000,0.0000,0.0000,False,False,False,False,True,9069256.0000,False
213.0160,0.0000,0.0000,0.0000,0.0000,False,False,False,False,True,11268910.0000,False
213.0690,0.0000,0.0000,0.0000,0.0000,False,False,False,False,True,10739140.0000,False
213.1205,0.0000,0.0000,0.0000,0.0000,False,False,False,False,True,15714160.0000,False
213.1808,0.0000,0.0000,0.0000,0.0000,False,False,False,False,True,17533490.0000,False
213.2334,0.0000,0.0000,0.0000,0.0000,False,False,False,False,True,17898150.0000,False
213.2850,0.0000,0.0000,0.0000,0.0000,False,False,False,False,True,621715.2000,False
213.3511,0.0000,0.0000,0.0000,0.0000,False,False,False,False,True,35665110.0000,False
213.4017,0.0000,0.0000,0.0000,0.0000,False,False,False,False,True,57950670.0000,False
213.4508,0.0000,0.0000,0.0000,0.0000,False,False,False,False,True,111353600.0000,False
213.5123,0.0000,0.0000,0.0000,0.0000,False,False,False,False,True,145545100.0000,False
213.5613,0.0000,0.0000,0.0000,0.0000,False,False,False,False,True,190530700.0000,False
213.6142,0.0000,0.0000,0.0000,0.0000,False,False,False,False,True,238291500.0000,False
213.6828,0.0000,0.0000,0.0000,0.0000,False,False,False,False,True,280541500.0000,False
213.7322,0.0000,0.0000,0.0000,0.0000,False,False,False,False,True,368239900.0000,False
213.7840,0.0000,0.0000,0.0000,0.0000,False,False,False,False,True,412767500.0000,False
213.8472,0.0000,0.0000,0.0000,0.0000,False,False,False,False,True,479496200.0000,False
213.9009,0.0000,0.0000,0.0000,0.0000,False,False,False,False,True,546310900.0000,False
213.9552,0.0000,0.0000,0.0000,0.0000,False,False,False,False,True,613256300.0000,False
214.0154,0.0000,0.0000,0.0000,0.0000,False,False,False,False,True,660341400.0000,False
214.0645,0.0000,0.0000,0.0000,0.0000,False,False,False,False,True,734692600.0000,False
214.1141,0.0000,0.0000,0.0000,0.0000,False,False,False,False,True,809108900.0000,False
214.1739,0.0000,0.0000,0.0000,0.0000,False,False,False,False,True,858761300.0000,False
214.2242,0.0000,0.0000,0.0000,0.0000,False,False,False,False,True,933367500.0000,False
214.2781,0.0000,0.0000,0.0000,0.0000,False,False,False,False,True,1008024000.0000,False
214.3398,0.0000,0.0000,0.0000,0.0000,False,False,False,False,True,1057797000.0000,False
214.3936,0.0000,0.0000,0.0000,0.0000,False,False,False,False,True,1132567000.0000,False
214.4484,0.0000,0.0000,0.0000,0.0000,False,False,False,False,True,1207373000.0000,False
214.5344,0.0000,0.0000,0.0000,0.0000,False,False,False,False,True,1282205000.0000,False
214.5833,0.0000,0.0000,0.0000,0.0000,False,False,False,False,True,1382001000.0000,False
214.6327,0.0000,0.0000,0.0000,0.0000,False,False,False,False,True,1456869000.0000,False
214.6928,0.0000,0.0000,0.0000,0.0000,False,False,False,False,True,1616886000.0000,False
214.7448,0.0000,0.0000,0.0000,0.0000,False,False,False,False,True,1687119000.0000,False
214.7943,0.0000,0.0000,0.0000,0.0000,False,False,False,False,True,1757473000.0000,False
214.8572,0.0000,0.0000,0.0000,0.0000,False,False,False,False,True,1804431000.0000,False
214.9104,0.0000,0.0000,0.0000,0.0000,False,False,False,False,True,1874914000.0000,False
214.9628,0.0000,0.0000,0.0000,0.0000,False,False,False,False,True,1945467000.0000,False
215.0248,0.0000,0.0000,0.0000,0.0000,False,False,False,False,True,2016038000.0000,False
215.0743,0.0000,0.0000,0.0000,0.0000,False,False,False,False,True,2086636000.0000,False
215.1242,0.0000,0.0000,0.0000,0.0000,False,False,False,False,True,2133696000.0000,False
215.1886,0.0000,0.0000,0.0000,0.0000,False,False,False,False,True,2204323000.0000,False
215.2419,0.0000,0.0000,0.0000,0.0000,False,False,False,False,True,2274977000.0000,False
215.3006,0.0000,0.0000,0.0000,0.0000,False,False,False,False,True,2345579000.0000,False
215.3642,0.0000,0.0000,0.0000,0.0000,False,False,False,False,True,2188965000.0000,False
215.4158,0.0000,0.0000,0.0000,0.0000,False,False,False,False,True,1860055000.0000,False
215.4659,0.0000,0.0000,0.0000,0.0000,False,False,False,False,True,1635622000.0000,False
215.5267,0.0000,0.0000,0.0000,0.0000,False,False,False,False,True,1304353000.0000,False
215.5762,0.0000,0.0000,0.0000,0.0000,False,False,False,False,True,1305897000.0000,False
215.6254,0.0000,0.0000,0.0000,0.0000,False,False,False,False,True,1314947000.0000,False
215.6859,0.0000,0.0000,0.0000,0.0000,False,False,False,False,True,1330865000.0000,False
215.7378,0.0000,0.0000,0.0000,0.0000,False,False,False,False,True,1347568000.0000,False
215.7907,0.0000,0.0000,0.0000,0.0000,False,False,False,False,True,1358921000.0000,False
215.8759,0.0000,0.0000,0.0000,0.0000,False,False,False,False,True,1376261000.0000,False
215.9285,0.0000,0.0000,0.0000,0.0000,False,False,False,False,True,1401686000.0000,False
215.9793,0.0000,0.0000,0.0000,0.0000,False,False,False,False,True,1422078000.0000,False
216.0441,0.0000,0.0000,0.0000,0.0000,False,False,False,False,True,1435945000.0000,False
216.1007,0.0000,0.0000,0.0000,0.0000,False,False,False,False,True,1464149000.0000,False
216.1524,0.0000,0.0000,0.0000,0.0000,False,False,False,False,True,1488608000.0000,False
216.2143,0.0000,0.0000,0.0000,0.0000,False,False,False,False,True,1506529000.0000,False
216.2681,0.0000,0.0000,0.0000,0.0000,False,False,False,False,True,1535759000.0000,False
216.3201,0.0000,0.0000,0.0000,0.0000,False,False,False,False,True,1565666000.0000,False
216.3845,0.0000,0.0000,0.0000,0.0000,False,False,False,False,True,1586295000.0000,False
216.4384,0.0000,0.0000,0.0000,0.0000,False,False,False,False,True,1667189000.0000,False
216.4891,0.0000,0.0000,0.0000,0.0000,False,False,False,False,True,1714380000.0000,False
216.5506,0.0000,0.0000,0.0000,0.0000,False,False,False,False,True,1798490000.0000,False
216.6006,0.0000,0.0000,0.0000,0.0000,False,False,False,False,True,2050997000.0000,False
216.6513,0.0000,0.0000,0.0000,0.0000,False,False,False,False,True,2346960000.0000,False
216.7129,0.0000,0.0000,0.0000,0.0000,False,False,False,False,True,2544371000.0000,False
216.7690,0.0000,0.0000,0.0000,0.0000,False,False,False,False,True,2841738000.0000,False
216.8205,0.0000,0.0000,0.0000,0.0000,False,False,False,False,True,3146363000.0000,False
216.8940,0.0000,0.0000,0.0000,0.0000,False,False,False,False,True,3776567000.0000,False
216.9561,0.0000,0.0000,0.0000,0.0000,False,False,False,False,True,4486076000.0000,False
217.0083,0.0000,0.0000,0.0000,0.0000,False,False,False,False,True,5193484000.0000,False
217.0714,0.0000,0.0000,0.0000,0.0000,False,False,False,False,True,5895281000.0000,False
217.1225,0.0000,0.0000,0.0000,0.0000,False,False,False,False,True,6596602000.0000,False
217.1749,0.0000,0.0000,0.0000,0.0000,False,False,False,False,True,7297436000.0000,False
217.2398,0.0000,0.0000,0.0000,0.0000,False,False,False,False,True,7763643000.0000,False
217.3309,0.0000,0.0000,0.0000,0.0000,False,False,False,False,True,8462849000.0000,False
217.3932,0.0000,0.0000,0.0000,0.0000,False,False,False,False,True,9627919000.0000,False
217.4478,0.0000,0.0000,0.0000,0.0000,False,False,False,False,True,10326940000.0000,False
217.4995,0.0000,0.0000,0.0000,0.0000,False,False,False,False,True,11025940000.0000,False
217.5645,0.0000,0.0000,0.0000,0.0000,False,False,False,False,True,11491930000.0000,False
217.6186,0.0000,0.0000,0.0000,0.0000,False,False,False,False,True,12423630000.0000,False
217.6750,0.0000,0.0000,0.0000,0.0000,False,False,False,False,True,12889360000.0000,False
217.7434,0.0000,0.0000,0.0000,0.0000,False,False,False,False,True,13577210000.0000,False
217.8073,0.0000,0.0000,0.0000,0.0000,False,False,False,False,True,14463750000.0000,False
217.8683,0.0000,0.0000,0.0000,0.0000,False,False,False,False,True,15128670000.0000,False
217.9429,0.0000,0.0000,0.0000,0.0000,False,False,False,False,True,15791840000.0000,False
217.9977,0.0000,0.0000,0.0000,0.0000,False,False,False,False,True,16676210000.0000,False
218.0511,0.0000,0.0000,0.0000,0.0000,False,False,False,False,True,17118120000.0000,False
218.1154,0.0000,0.0000,0.0000,0.0000,False,False,False,False,True,17780910000.0000,False
218.1706,0.0000,0.0000,0.0000,0.0000,False,False,False,False,True,18443700000.0000,False
218.2239,0.0000,0.0000,0.0000,0.0000,False,False,False,False,True,19107700000.0000,False
218.2931,0.0000,0.0000,0.0000,0.0000,False,False,False,False,True,19771680000.0000,False
218.3483,0.0000,0.0000,0.0000,0.0000,False,False,False,False,True,20435690000.0000,False
218.4014,0.0000,0.0000,0.0000,0.0000,False,False,False,False,True,21099670000.0000,False
218.4684,0.0000,0.0000,0.0000,0.0000,False,False,False,False,True,21763610000.0000,False
218.5232,0.0000,0.0000,0.0000,0.0000,False,False,False,False,True,22427560000.0000,False
218.5769,0.0000,0.0000,0.0000,0.0000,False,False,False,False,True,23091500000.0000,False
218.6462,0.0000,0.0000,0.0000,0.0000,False,False,False,False,True,23534130000.0000,False
218.7048,0.0000,0.0000,0.0000,0.0000,False,False,False,False,True,24419390000.0000,False
218.7578,0.0000,0.0000,0.0000,0.0000,False,False,False,False,True,25083340000.0000,False
218.8264,0.0000,0.0000,0.0000,0.0000,False,False,False,False,True,25525980000.0000,False
218.8823,0.0000,0.0000,0.0000,0.0000,False,False,False,False,True,26411250000.0000,False
218.9385,0.0000,0.0000,0.0000,0.0000,False,False,False,False,True,27075200000.0000,False
219.0030,0.0000,0.0000,0.0000,0.0000,False,False,False,False,True,27517830000.0000,False
219.0561,0.0000,0.0000,0.0000,0.0000,False,False,False,False,True,28403100000.0000,False
219.1093,0.0000,0.0000,0.0000,0.0000,False,False,False,False,True,28845730000.0000,False
219.1733,0.0000,0.0000,0.0000,0.0000,False,False,False,False,True,29509680000.0000,False
219.2274,0.0000,0.0000,0.0000,0.0000,False,False,False,False,True,30173620000.0000,False
219.2842,0.0000,0.0000,0.0000,0.0000,False,False,False,False,True,30837550000.0000,False
219.3521,0.0000,0.0000,0.0000,0.0000,False,False,False,False,True,31501490000.0000,False
219.4059,0.0000,0.0000,0.0000,0.0000,False,False,False,False,True,32165420000.0000,False
219.4662,0.0000,0.0000,0.0000,0.0000,False,False,False,False,True,32829350000.0000,False
219.5297,0.0000,0.0000,0.0000,0.0000,False,False,False,False,True,33493280000.0000,False
219.5821,0.0000,0.0000,0.0000,0.0000,False,False,False,False,True,34157200000.0000,False
219.6347,0.0000,0.0000,0.0000,0.0000,False,False,False,False,True,34821120000.0000,False
219.6977,0.0000,0.0000,0.0000,0.0000,False,False,False,False,True,35263720000.0000,False
219.7507,0.0000,0.0000,0.0000,0.0000,False,False,False,False,True,34692380000.0000,False
219.8092,0.0000,0.0000,0.0000,0.0000,False,False,False,False,True,35330090000.0000,False
219.8748,0.0000,0.0000,0.0000,0.0000,False,False,False,False,True,35967820000.0000,False
219.9676,0.0000,0.0000,0.0000,0.0000,False,False,False,False,True,36605550000.0000,False
220.0322,0.0000,0.0000,0.0000,0.0000,False,False,False,False,True,37668470000.0000,False
220.0856,0.0000,0.0000,0.0000,0.0000,False,False,False,False,True,38306240000.0000,False
220.1394,0.0000,0.0000,0.0000,0.0000,False,False,False,False,True,38944010000.0000,False
220.2048,0.0000,0.0000,0.0000,0.0000,False,False,False,False,True,39369200000.0000,False
220.2654,0.0000,0.0000,0.0000,0.0000,False,False,False,False,True,40219560000.0000,False
220.3276,0.0000,0.0000,0.0000,0.0000,False,False,False,False,True,40857330000.0000,False
220.3933,0.0000,0.0000,0.0000,0.0000,False,False,False,False,True,41495100000.0000,False
220.4488,0.0000,0.0000,0.0000,0.0000,False,False,False,False,True,42132870000.0000,False
220.5034,0.0000,0.0000,0.0000,0.0000,False,False,False,False,True,42770640000.0000,False
220.5676,0.0000,0.0000,0.0000,0.0000,False,False,False,False,True,43408420000.0000,False
220.6209,0.0000,0.0000,0.0000,0.0000,False,False,False,False,True,44046270000.0000,False
220.6745,0.0000,0.0000,0.0000,0.0000,False,False,False,False,True,44684150000.0000,False
220.7395,0.0000,0.0000,0.0000,0.0000,False,False,False,False,True,45109380000.0000,False
220.7936,0.0000,0.0000,0.0000,0.0000,False,False,False,False,True,45747230000.0000,False
220.8503,0.0000,0.0000,0.0000,0.0000,False,False,False,False,True,46385010000.0000,False
220.9186,0.0000,0.0000,0.0000,0.0000,False,False,False,False,True,47022760000.0000,False
220.9765,0.0000,0.0000,0.0000,0.0000,False,False,False,False,True,47660500000.0000,False
221.0303,0.0000,0.0000,0.0000,0.0000,False,False,False,False,True,48298240000.0000,False
221.1037,0.0000,0.0000,0.0000,0.0000,False,False,False,False,True,48935960000.0000,False
221.1566,0.0000,0.0000,0.0000,0.0000,False,False,False,False,True,49786010000.0000,False
221.2118,0.0000,0.0000,0.0000,0.0000,False,False,False,False,True,50211000000.0000,False
221.2763,0.0000,0.0000,0.0000,0.0000,False,False,False,False,True,50848480000.0000,False
221.3324,0.0000,0.0000,0.0000,0.0000,False,False,False,False,True,51485960000.0000,False
221.3857,0.0000,0.0000,0.0000,0.0000,False,False,False,False,True,52123440000.0000,False
221.4520,0.0000,0.0000,0.0000,0.0000,False,False,False,False,True,52760920000.0000,False
221.5095,0.0000,0.0000,0.0000,0.0000,False,False,False,False,True,53398390000.0000,False
221.5635,0.0000,0.0000,0.0000,0.0000,False,False,False,False,True,54035880000.0000,False
221.6280,0.0000,0.0000,0.0000,0.0000,False,False,False,False,True,54673370000.0000,False
221.6837,0.0000,0.0000,0.0000,0.0000,False,False,False,False,True,55310860000.0000,False
221.7374,0.0000,0.0000,0.0000,0.0000,False,False,False,False,True,55948350000.0000,False
221.8043,0.0000,0.0000,0.0000,0.0000,False,False,False,False,True,56373340000.0000,False
221.8638,0.0000,0.0000,0.0000,0.0000,False,False,False,False,True,57223330000.0000,False
221.9258,0.0000,0.0000,0.0000,0.0000,False,False,False,False,True,57860820000.0000,False
221.9938,0.0000,0.0000,0.0000,0.0000,False,False,False,False,True,58498300000.0000,False
222.0496,0.0000,0.0000,0.0000,0.0000,False,False,False,False,True,59135770000.0000,False
222.1058,0.0000,0.0000,0.0000,0.0000,False,False,False,False,True,59773250000.0000,False
222.1703,0.0000,0.0000,0.0000,0.0000,False,False,False,False,True,60410740000.0000,False
222.2235,0.0000,0.0000,0.0000,0.0000,False,False,False,False,True,61048230000.0000,False
222.2807,0.0000,0.0000,0.0000,0.0000,False,False,False,False,True,61685710000.0000,False
222.3510,0.0000,0.0000,0.0000,0.0000,False,False,False,False,True,62323190000.0000,False
222.4056,0.0000,0.0000,0.0000,0.0000,False,False,False,False,True,62960680000.0000,False
222.4608,0.0000,0.0000,0.0000,0.0000,False,False,False,False,True,63598190000.0000,False
222.5268,0.0000,0.0000,0.0000,0.0000,False,False,False,False,True,64235710000.0000,False
222.5797,0.0000,0.0000,0.0000,0.0000,False,False,False,False,True,64873220000.0000,False
222.6330,0.0000,0.0000,0.0000,0.0000,False,False,False,False,True,65298240000.0000,False
222.7102,0.0000,0.0000,0.0000,0.0000,False,False,False,False,True,65935760000.0000,False
222.7728,0.0000,0.0000,0.0000,0.0000,False,False,False,False,True,66785780000.0000,False
222.8300,0.0000,0.0000,0.0000,0.0000,False,False,False,False,True,67423290000.0000,False
222.8962,0.0000,0.0000,0.0000,0.0000,False,False,False,False,True,68060840000.0000,False
222.9524,0.0000,0.0000,0.0000,0.0000,False,False,False,False,True,68698380000.0000,False
223.0089,0.0000,0.0000,0.0000,0.0000,False,False,False,False,True,69335930000.0000,False
223.0750,0.0000,0.0000,0.0000,0.0000,False,False,False,False,True,69973480000.0000,False
223.1288,0.0000,0.0000,0.0000,0.0000,False,False,False,False,True,70611030000.0000,False
223.1828,0.0000,0.0000,0.0000,0.0000,False,False,False,False,True,71248580000.0000,False
223.2480,0.0000,0.0000,0.0000,0.0000,False,False,False,False,True,71887130000.0000,False
223.3012,0.0000,0.0000,0.0000,0.0000,False,False,False,False,True,72527430000.0000,False
223.3577,0.0000,0.0000,0.0000,0.0000,False,False,False,False,True,73167730000.0000,False
223.4264,0.0000,0.0000,0.0000,0.0000,False,False,False,False,True,73594600000.0000,False
223.4817,0.0000,0.0000,0.0000,0.0000,False,False,False,False,True,74447990000.0000,False
223.5393,0.0000,0.0000,0.0000,0.0000,False,False,False,False,True,75087510000.0000,False
223.6098,0.0000,0.0000,0.0000,0.0000,False,False,False,False,True,75513720000.0000,False
223.6623,0.0000,0.0000,0.0000,0.0000,False,False,False,False,True,76366150000.0000,False
223.7200,0.0000,0.0000,0.0000,0.0000,False,False,False,False,True,77005470000.0000,False
223.7838,0.0000,0.0000,0.0000,0.0000,False,False,False,False,True,77431690000.0000,False
223.8401,0.0000,0.0000,0.0000,0.0000,False,False,False,False,True,78284100000.0000,False
223.8937,0.0000,0.0000,0.0000,0.0000,False,False,False,False,True,78710300000.0000,False
223.9600,0.0000,0.0000,0.0000,0.0000,False,False,False,False,True,79349600000.0000,False
224.0491,0.0000,0.0000,0.0000,0.0000,False,False,False,False,True,79988880000.0000,False
224.1171,0.0000,0.0000,0.0000,0.0000,False,False,False,False,True,81054330000.0000,False
224.1739,0.0000,0.0000,0.0000,0.0000,False,False,False,False,True,81693590000.0000,False
224.2268,0.0000,0.0000,0.0000,0.0000,False,False,False,False,True,82332810000.0000,False
224.2938,0.0000,0.0000,0.0000,0.0000,False,False,False,False,True,82971420000.0000,False
224.3496,0.0000,0.0000,0.0000,0.0000,False,False,False,False,True,83609940000.0000,False
224.4133,0.0000,0.0000,0.0000,0.0000,False,False,False,False,True,84248370000.0000,False
224.4796,0.0000,0.0000,0.0000,0.0000,False,False,False,False,True,84886510000.0000,False
224.5342,0.0000,0.0000,0.0000,0.0000,False,False,False,False,True,85524590000.0000,False
224.5885,0.0000,0.0000,0.0000,0.0000,False,False,False,False,True,86162600000.0000,False
224.6580,0.0000,0.0000,0.0000,0.0000,False,False,False,False,True,86800500000.0000,False
224.7107,0.0000,0.0000,0.0000,0.0000,False,False,False,False,True,87438390000.0000,False
224.7636,0.0000,0.0000,0.0000,0.0000,False,False,False,False,True,88076290000.0000,False
224.8304,0.0000,0.0000,0.0000,0.0000,False,False,False,False,True,88714180000.0000,False
224.8855,0.0000,0.0000,0.0000,0.0000,False,False,False,False,True,89352080000.0000,False
224.9405,0.0000,0.0000,0.0000,0.0000,False,False,False,False,True,89989970000.0000,False
225.0089,0.0000,0.0000,0.0000,0.0000,False,False,False,False,True,90627820000.0000,False
225.0655,0.0000,0.0000,0.0000,0.0000,False,False,False,False,True,91265660000.0000,False
225.1195,0.0000,0.0000,0.0000,0.0000,False,False,False,False,True,91903500000.0000,False
225.1907,0.0000,0.0000,0.0000,0.0000,False,False,False,False,True,92328710000.0000,False
225.2491,0.0000,0.0000,0.0000,0.0000,False,False,False,False,True,93179100000.0000,False
225.3032,0.0000,0.0000,0.0000,0.0000,False,False,False,False,True,93816780000.0000,False
225.3782,0.0000,0.0000,0.0000,0.0000,False,False,False,False,True,94454460000.0000,False
225.4329,0.0000,0.0000,0.0000,0.0000,False,False,False,False,True,95092130000.0000,False
225.4879,0.0000,0.0000,0.0000,0.0000,False,False,False,False,True,95729760000.0000,False
225.5527,0.0000,0.0000,0.0000,0.0000,False,False,False,False,True,96367390000.0000,False
225.6105,0.0000,0.0000,0.0000,0.0000,False,False,False,False,True,97005010000.0000,False
225.6626,0.0000,0.0000,0.0000,0.0000,False,False,False,False,True,97642640000.0000,False
225.7262,0.0000,0.0000,0.0000,0.0000,False,False,False,False,True,98280240000.0000,False
225.7787,0.0000,0.0000,0.0000,0.0000,False,False,False,False,True,98917840000.0000,False
225.8332,0.0000,0.0000,0.0000,0.0000,False,False,False,False,True,99342890000.0000,False
225.9044,0.0000,0.0000,0.0000,0.0000,False,False,False,False,True,99980450000.0000,False
225.9604,0.0000,0.0000,0.0000,0.0000,False,False,False,False,True,100830400000.0000,False
226.0161,0.0000,0.0000,0.0000,0.0000,False,False,False,False,True,101467300000.0000,False
226.0863,0.0000,0.0000,0.0000,0.0000,False,False,False,False,True,101891800000.0000,False
226.1383,0.0000,0.0000,0.0000,0.0000,False,False,False,False,True,102740800000.0000,False
226.1897,0.0000,0.0000,0.0000,0.0000,False,False,False,False,True,103165200000.0000,False
226.2527,0.0000,0.0000,0.0000,0.0000,False,False,False,False,True,103801800000.0000,False
226.3079,0.0000,0.0000,0.0000,0.0000,False,False,False,False,True,104438400000.0000,False
226.3626,0.0000,0.0000,0.0000,0.0000,False,False,False,False,True,105070400000.0000,False
226.4273,0.0000,0.0000,0.0000,0.0000,False,False,False,False,True,105700100000.0000,False
226.4806,0.0000,0.0000,0.0000,0.0000,False,False,False,False,True,106329700000.0000,False
226.5332,0.0000,0.0000,0.0000,0.0000,False,False,False,False,True,106959000000.0000,False
226.5955,0.0000,0.0000,0.0000,0.0000,False,False,False,False,True,107378100000.0000,False
226.6500,0.0000,0.0000,0.0000,0.0000,False,False,False,False,True,108006500000.0000,False
226.7019,0.0000,0.0000,0.0000,0.0000,False,False,False,False,True,108635800000.0000,False
226.7635,0.0000,0.0000,0.0000,0.0000,False,False,False,False,True,109265000000.0000,False
226.8217,0.0000,0.0000,0.0000,0.0000,False,False,False,False,True,109894300000.0000,False
226.8844,0.0000,0.0000,0.0000,0.0000,False,False,False,False,True,110523500000.0000,False
226.9509,0.0000,0.0000,0.0000,0.0000,False,False,False,False,True,111152800000.0000,False
227.0064,0.0000,0.0000,0.0000,0.0000,False,False,False,False,True,111782000000.0000,False
227.0582,0.0000,0.0000,0.0000,0.0000,False,False,False,False,True,112411300000.0000,False
227.1208,0.0000,0.0000,0.0000,0.0000,False,False,False,False,True,112830800000.0000,False
227.1746,0.0000,0.0000,0.0000,0.0000,False,False,False,False,True,113669700000.0000,False
227.2252,0.0000,0.0000,0.0000,0.0000,False,False,False,False,True,114089200000.0000,False
227.2875,0.0000,0.0000,0.0000,0.0000,False,False,False,False,True,114718500000.0000,False
227.3383,0.0000,0.0000,0.0000,0.0000,False,False,False,False,True,115347700000.0000,False
227.3921,0.0000,0.0000,0.0000,0.0000,False,False,False,False,True,115767200000.0000,False
227.4572,0.0000,0.0000,0.0000,0.0000,False,False,False,False,True,116396500000.0000,False
227.5090,0.0000,0.0000,0.0000,0.0000,False,False,False,False,True,117025800000.0000,False
227.5584,0.0000,0.0000,0.0000,0.0000,False,False,False,False,True,117655100000.0000,False
227.6221,0.0000,0.0000,0.0000,0.0000,False,False,False,False,True,118074700000.0000,False
227.6794,0.0000,0.0000,0.0000,0.0000,False,False,False,False,True,110437000000.0000,False
227.7294,0.0000,0.0000,0.0000,0.0000,False,False,False,False,True,97889230000.0000,False
227.7899,0.0000,0.0000,0.0000,0.0000,False,False,False,False,True,79070280000.0000,False
227.8428,0.0000,0.0000,0.0000,0.0000,False,False,False,False,True,60251410000.0000,False
227.8956,0.0000,0.0000,0.0000,0.0000,False,False,False,False,True,41432560000.0000,False
227.9581,0.0000,0.0000,0.0000,0.0000,False,False,False,False,True,28886640000.0000,False
228.0119,0.0000,0.0000,0.0000,0.0000,False,False,False,False,True,10067760000.0000,False
228.0629,0.0000,0.0000,0.0000,0.0000,False,False,False,False,True,8751129000.0000,False
228.1406,0.0000,0.0000,0.0000,0.0000,False,False,False,False,True,27570010000.0000,False
228.1905,0.0000,0.0000,0.0000,0.0000,False,False,False,False,True,52661860000.0000,False
228.2401,0.0000,0.0000,0.0000,0.0000,False,False,False,False,True,65207780000.0000,False
228.3012,0.0000,0.0000,0.0000,0.0000,False,False,False,False,True,77753700000.0000,False
228.3537,0.0000,0.0000,0.0000,0.0000,False,False,False,False,True,102845500000.0000,False
228.4099,0.0000,0.0000,0.0000,0.0000,False,False,False,False,True,115391500000.0000,False
228.4765,0.0000,0.0000,0.0000,0.0000,False,False,False,False,True,134210200000.0000,False
228.5323,0.0000,0.0000,0.0000,0.0000,False,False,False,False,True,153028900000.0000,False
228.5822,0.0000,0.0000,0.0000,0.0000,False,False,False,False,True,171847600000.0000,False
228.6432,0.0000,0.0000,0.0000,0.0000,False,False,False,False,True,190666400000.0000,False
228.6936,0.0000,0.0000,0.0000,0.0000,False,False,False,False,True,209485100000.0000,False
228.7435,0.0000,0.0000,0.0000,0.0000,False,False,False,False,True,222030900000.0000,False
228.8045,0.0000,0.0000,0.0000,0.0000,False,False,False,False,True,240849600000.0000,False
228.8602,0.0000,0.0000,0.0000,0.0000,False,False,False,False,True,259668400000.0000,False
228.9124,0.0000,0.0000,0.0000,0.0000,False,False,False,False,True,272214200000.0000,False
228.9745,0.0000,0.0000,0.0000,0.0000,False,False,False,False,True,291032900000.0000,False
229.0267,0.0000,0.0000,0.0000,0.0000,False,False,False,False,True,309851600000.0000,False
229.0771,0.0000,0.0000,0.0000,0.0000,False,False,False,False,True,328670300000.0000,False
229.1398,0.0000,0.0000,0.0000,0.0000,False,False,False,False,True,341216200000.0000,False
229.1945,0.0000,0.0000,0.0000,0.0000,False,False,False,False,True,360034900000.0000,False
229.2511,0.0000,0.0000,0.0000,0.0000,False,False,False,False,True,378853600000.0000,False
229.3257,0.0000,0.0000,0.0000,0.0000,False,False,False,False,True,397672300000.0000,False
229.3880,0.0000,0.0000,0.0000,0.0000,False,False,False,False,True,422764000000.0000,False
229.4509,0.0000,0.0000,0.0000,0.0000,False,False,False,False,True,441582700000.0000,False
229.5327,0.0000,0.0000,0.0000,0.0000,False,False,False,False,True,460401400000.0000,False
229.5863,0.0000,0.0000,0.0000,0.0000,False,False,False,False,True,485493100000.0000,False
229.6364,0.0000,0.0000,0.0000,0.0000,False,False,False,False,True,504311800000.0000,False
229.6962,0.0000,0.0000,0.0000,0.0000,False,False,False,False,True,516857600000.0000,False
229.7490,0.0000,0.0000,0.0000,0.0000,False,False,False,False,True,535676400000.0000,False
229.7984,0.0000,0.0000,0.0000,0.0000,False,False,False,False,True,554495000000.0000,False
229.8586,0.0000,0.0000,0.0000,0.0000,False,False,False,False,True,567040900000.0000,False
229.9129,0.0000,0.0000,0.0000,0.0000,False,False,False,False,True,585859600000.0000,False
229.9649,0.0000,0.0000,0.0000,0.0000,False,False,False,False,True,604678300000.0000,False
230.0394,0.0000,0.0000,0.0000,0.0000,False,False,False,False,True,623497100000.0000,False
230.0904,0.0000,0.0000,0.0000,0.0000,False,False,False,False,True,642315800000.0000,False
230.1406,0.0000,0.0000,0.0000,0.0000,False,False,False,False,True,661134500000.0000,False
230.2003,0.0000,0.0000,0.0000,0.0000,False,False,False,False,True,679953200000.0000,False
230.2494,0.0000,0.0000,0.0000,0.0000,False,False,False,False,True,698772000000.0000,False
230.2979,0.0000,0.0000,0.0000,0.0000,False,False,False,False,True,711317800000.0000,False
230.3571,0.0000,0.0000,0.0000,0.0000,False,False,False,False,True,723863600000.0000,False
230.4107,0.0000,0.0000,0.0000,0.0000,False,False,False,False,True,742682300000.0000,False
230.4625,0.0000,0.0000,0.0000,0.0000,False,False,False,False,True,761501100000.0000,False
230.5231,0.0000,0.0000,0.0000,0.0000,False,False,False,False,True,780319800000.0000,False
230.5744,0.0000,0.0000,0.0000,0.0000,False,False,False,False,True,799138500000.0000,False
230.6226,0.0000,0.0000,0.0000,0.0000,False,False,False,False,True,811684300000.0000,False
230.6820,0.0000,0.0000,0.0000,0.0000,False,False,False,False,True,830503100000.0000,False
230.7303,0.0000,0.0000,0.0000,0.0000,False,False,False,False,True,849321800000.0000,False
230.7825,0.0000,0.0000,0.0000,0.0000,False,False,False,False,True,861867600000.0000,False
230.8722,0.0000,0.0000,0.0000,0.0000,False,False,False,False,True,880686300000.0000,False
230.9224,0.0000,0.0000,0.0000,0.0000,False,False,False,False,True,905778000000.0000,False
230.9878,0.0000,0.0000,0.0000,0.0000,False,False,False,False,True,924596700000.0000,False
231.0504,0.0000,0.0000,0.0000,0.0000,False,False,False,False,True,943415400000.0000,False
231.1023,0.0000,0.0000,0.0000,0.0000,False,False,False,False,True,962234200000.0000,False
231.1535,0.0000,0.0000,0.0000,0.0000,False,False,False,False,True,981052900000.0000,False
231.2135,0.0000,0.0000,0.0000,0.0000,False,False,False,False,True,993598700000.0000,False
231.2618,0.0000,0.0000,0.0000,0.0000,False,False,False,False,True,1012417000000.0000,False
231.3113,0.0000,0.0000,0.0000,0.0000,False,False,False,False,True,1031236000000.0000,False
231.3747,0.0000,0.0000,0.0000,0.0000,False,False,False,False,True,1043782000000.0000,False
231.4252,0.0000,0.0000,0.0000,0.0000,False,False,False,False,True,1062601000000.0000,False
231.4738,0.0000,0.0000,0.0000,0.0000,False,False,False,False,True,1081419000000.0000,False
231.5348,0.0000,0.0000,0.0000,0.0000,False,False,False,False,True,1093965000000.0000,False
231.5871,0.0000,0.0000,0.0000,0.0000,False,False,False,False,True,1112784000000.0000,False
231.6418,0.0000,0.0000,0.0000,0.0000,False,False,False,False,True,1131602000000.0000,False
231.7014,0.0000,0.0000,0.0000,0.0000,False,False,False,False,True,1150421000000.0000,False
231.7500,0.0000,0.0000,0.0000,0.0000,False,False,False,False,True,1169239000000.0000,False
231.7988,0.0000,0.0000,0.0000,0.0000,False,False,False,False,True,1181785000000.0000,False
231.8584,0.0000,0.0000,0.0000,0.0000,False,False,False,False,True,1194331000000.0000,False
231.9107,0.0000,0.0000,0.0000,0.0000,False,False,False,False,True,1213149000000.0000,False
231.9596,0.0000,0.0000,0.0000,0.0000,False,False,False,False,True,1231968000000.0000,False
232.0210,0.0000,0.0000,0.0000,0.0000,False,False,False,False,True,1244514000000.0000,False
232.0749,0.0000,0.0000,0.0000,0.0000,False,False,False,False,True,1269605000000.0000,False
232.1237,0.0000,0.0000,0.0000,0.0000,False,False,False,False,True,1282151000000.0000,False
232.1857,0.0000,0.0000,0.0000,0.0000,False,False,False,False,True,1300969000000.0000,False
232.2347,0.0000,0.0000,0.0000,0.0000,False,False,False,False,True,1319788000000.0000,False
232.2849,0.0000,0.0000,0.0000,0.0000,False,False,False,False,True,1332333000000.0000,False
232.3455,0.0000,0.0000,0.0000,0.0000,False,False,False,False,True,1351152000000.0000,False
232.4017,0.0000,0.0000,0.0000,0.0000,False,False,False,False,True,1369970000000.0000,False
232.4550,0.0000,0.0000,0.0000,0.0000,False,False,False,False,True,1388789000000.0000,False
232.5165,0.0000,0.0000,0.0000,0.0000,False,False,False,False,True,1401335000000.0000,False
232.5694,0.0000,0.0000,0.0000,0.0000,False,False,False,False,True,1420153000000.0000,False
232.6180,0.0000,0.0000,0.0000,0.0000,False,False,False,False,True,1438972000000.0000,False
232.6796,0.0000,0.0000,0.0000,0.0000,False,False,False,False,True,1451517000000.0000,False
232.7274,0.0000,0.0000,0.0000,0.0000,False,False,False,False,True,1470336000000.0000,False
232.7762,0.0000,0.0000,0.0000,0.0000,False,False,False,False,True,1489154000000.0000,False
232.8359,0.0000,0.0000,0.0000,0.0000,False,False,False,False,True,1988128000000.0000,False
232.8862,0.0000,0.0000,0.0000,0.0000,False,False,False,False,True,2001317000000.0000,False
232.9381,0.0000,0.0000,0.0000,0.0000,False,False,False,False,True,2014504000000.0000,False
232.9999,0.0000,0.0000,0.0000,0.0000,False,False,False,False,True,2023296000000.0000,False
233.0510,0.0000,0.0000,0.0000,0.0000,False,False,False,False,True,2036485000000.0000,False
233.1012,0.0000,0.0000,0.0000,0.0000,False,False,False,False,True,2049673000000.0000,False
233.1662,0.0000,0.0000,0.0000,0.0000,False,False,False,False,True,2062861000000.0000,False
233.2235,0.0000,0.0000,0.0000,0.0000,False,False,False,False,True,2076049000000.0000,False
233.2725,0.0000,0.0000,0.0000,0.0000,False,False,False,False,True,2089237000000.0000,False
233.3340,0.0000,0.0000,0.0000,0.0000,False,False,False,False,True,2098029000000.0000,False
233.3821,0.0000,0.0000,0.0000,0.0000,False,False,False,False,True,2111217000000.0000,False
233.4335,0.0000,0.0000,0.0000,0.0000,False,False,False,False,True,2124405000000.0000,False
233.5392,0.0000,0.0000,0.0000,0.0000,False,False,False,False,True,2133197000000.0000,False
233.5875,0.0000,0.0000,0.0000,0.0000,False,False,False,False,True,2155177000000.0000,False
233.6511,0.0000,0.0000,0.0000,0.0000,False,False,False,False,True,2168365000000.0000,False
233.7001,0.0000,0.0000,0.0000,0.0000,False,False,False,False,True,2181553000000.0000,False
233.7488,0.0000,0.0000,0.0000,0.0000,False,False,False,False,True,2190345000000.0000,False
233.8087,0.0000,0.0000,0.0000,0.0000,False,False,False,False,True,2203533000000.0000,False
233.8584,0.0000,0.0000,0.0000,0.0000,False,False,False,False,True,2216721000000.0000,False
233.9106,0.0000,0.0000,0.0000,0.0000,False,False,False,False,True,2225513000000.0000,False
233.9725,0.0000,0.0000,0.0000,0.0000,False,False,False,False,True,2238700000000.0000,False
234.0608,0.0000,0.0000,0.0000,0.0000,False,False,False,False,True,2251888000000.0000,False
234.1277,0.0000,0.0000,0.0000,0.0000,False,False,False,False,True,2273867000000.0000,False
234.1826,0.0000,0.0000,0.0000,0.0000,False,False,False,False,True,2287055000000.0000,False
234.2401,0.0000,0.0000,0.0000,0.0000,False,False,False,False,True,2300243000000.0000,False
234.2999,0.0000,0.0000,0.0000,0.0000,False,False,False,False,True,2309035000000.0000,False
234.3480,0.0000,0.0000,0.0000,0.0000,False,False,False,False,True,2322222000000.0000,False
234.3992,0.0000,0.0000,0.0000,0.0000,False,False,False,False,True,2335410000000.0000,False
234.4615,0.0000,0.0000,0.0000,0.0000,False,False,False,False,True,2344202000000.0000,False
234.5147,0.0000,0.0000,0.0000,0.0000,False,False,False,False,True,2361785000000.0000,False
234.5669,0.0000,0.0000,0.0000,0.0000,False,False,False,False,True,2370577000000.0000,False
234.6271,0.0000,0.0000,0.0000,0.0000,False,False,False,False,True,2383765000000.0000,False
234.6755,0.0000,0.0000,0.0000,0.0000,False,False,False,False,True,2396952000000.0000,False
234.7238,0.0000,0.0000,0.0000,0.0000,False,False,False,False,True,2405744000000.0000,False
234.7831,0.0000,0.0000,0.0000,0.0000,False,False,False,False,True,2418932000000.0000,False
234.8339,0.0000,0.0000,0.0000,0.0000,False,False,False,False,True,2432120000000.0000,False
234.8822,0.0000,0.0000,0.0000,0.0000,False,False,False,False,True,2440911000000.0000,False
234.9717,0.0000,0.0000,0.0000,0.0000,False,False,False,False,True,2454099000000.0000,False
235.0236,0.0000,0.0000,0.0000,0.0000,False,False,False,False,True,2471683000000.0000,False
235.0721,0.0000,0.0000,0.0000,0.0000,False,False,False,False,True,2484870000000.0000,False
235.1343,0.0000,0.0000,0.0000,0.0000,False,False,False,False,True,2493662000000.0000,False
235.1838,0.0000,0.0000,0.0000,0.0000,False,False,False,False,True,2506850000000.0000,False
235.2326,0.0000,0.0000,0.0000,0.0000,False,False,False,False,True,2520037000000.0000,False
235.2927,0.0000,0.0000,0.0000,0.0000,False,False,False,False,True,2528829000000.0000,False
235.3415,0.0000,0.0000,0.0000,0.0000,False,False,False,False,True,2542017000000.0000,False
235.3937,0.0000,0.0000,0.0000,0.0000,False,False,False,False,True,2555205000000.0000,False
235.4586,0.0000,0.0000,0.0000,0.0000,False,False,False,False,True,2563996000000.0000,False
235.5089,0.0000,0.0000,0.0000,0.0000,False,False,False,False,True,2577184000000.0000,False
235.5577,0.0000,0.0000,0.0000,0.0000,False,False,False,False,True,2590372000000.0000,False
235.6172,0.0000,0.0000,0.0000,0.0000,False,False,False,False,True,2599164000000.0000,False
235.6690,0.0000,0.0000,0.0000,0.0000,False,False,False,False,True,2612351000000.0000,False
235.7233,0.0000,0.0000,0.0000,0.0000,False,False,False,False,True,2625539000000.0000,False
235.7840,0.0000,0.0000,0.0000,0.0000,False,False,False,False,True,2638727000000.0000,False
235.8328,0.0000,0.0000,0.0000,0.0000,False,False,False,False,True,2651914000000.0000,False
235.8817,0.0000,0.0000,0.0000,0.0000,False,False,False,False,True,2660706000000.0000,False
235.9473,0.0000,0.0000,0.0000,0.0000,False,False,False,False,True,2673894000000.0000,False
235.9977,0.0000,0.0000,0.0000,0.0000,False,False,False,False,True,2687081000000.0000,False
236.0464,0.0000,0.0000,0.0000,0.0000,False,False,False,False,True,2695873000000.0000,False
236.1070,0.0000,0.0000,0.0000,0.0000,False,False,False,False,True,2709061000000.0000,False
236.1588,0.0000,0.0000,0.0000,0.0000,False,False,False,False,True,2722249000000.0000,False
236.2079,0.0000,0.0000,0.0000,0.0000,False,False,False,False,True,2731040000000.0000,False
236.2688,0.0000,0.0000,0.0000,0.0000,False,False,False,False,True,2744228000000.0000,False
236.3172,0.0000,0.0000,0.0000,0.0000,False,False,False,False,True,2757416000000.0000,False
236.3659,0.0000,0.0000,0.0000,0.0000,False,False,False,False,True,2766207000000.0000,False
236.4401,0.0000,0.0000,0.0000,0.0000,False,False,False,False,True,2779395000000.0000,False
236.4904,0.0000,0.0000,0.0000,0.0000,False,False,False,False,True,2792583000000.0000,False
236.5388,0.0000,0.0000,0.0000,0.0000,False,False,False,False,True,2805770000000.0000,False
236.5983,0.0000,0.0000,0.0000,0.0000,False,False,False,False,True,2814562000000.0000,False
236.6461,0.0000,0.0000,0.0000,0.0000,False,False,False,False,True,2827750000000.0000,False
236.6967,0.0000,0.0000,0.0000,0.0000,False,False,False,False,True,2840938000000.0000,False
236.7558,0.0000,0.0000,0.0000,0.0000,False,False,False,False,True,2849729000000.0000,False
236.8049,0.0000,0.0000,0.0000,0.0000,False,False,False,False,True,2862917000000.0000,False
236.8554,0.0000,0.0000,0.0000,0.0000,False,False,False,False,True,2876105000000.0000,False
236.9163,0.0000,0.0000,0.0000,0.0000,False,False,False,False,True,2884897000000.0000,False
236.9686,0.0000,0.0000,0.0000,0.0000,False,False,False,False,True,2898084000000.0000,False
237.0198,0.0000,0.0000,0.0000,0.0000,False,False,False,False,True,2911272000000.0000,False
237.0835,0.0000,0.0000,0.0000,0.0000,False,False,False,False,True,2920064000000.0000,False
237.1394,0.0000,0.0000,0.0000,0.0000,False,False,False,False,True,2937647000000.0000,False
237.1960,0.0000,0.0000,0.0000,0.0000,False,False,False,False,True,2946439000000.0000,False
237.2567,0.0000,0.0000,0.0000,0.0000,False,False,False,False,True,2959627000000.0000,False
237.3049,0.0000,0.0000,0.0000,0.0000,False,False,False,False,True,2972814000000.0000,False
237.3537,0.0000,0.0000,0.0000,0.0000,False,False,False,False,True,2986002000000.0000,False
237.4137,0.0000,0.0000,0.0000,0.0000,False,False,False,False,True,2994794000000.0000,False
237.4655,0.0000,0.0000,0.0000,0.0000,False,False,False,False,True,3051769000000.0000,False
237.5148,0.0000,0.0000,0.0000,0.0000,False,False,False,False,True,3058869000000.0000,False
237.5768,0.0000,0.0000,0.0000,0.0000,False,False,False,False,True,3063602000000.0000,False
237.6275,0.0000,0.0000,0.0000,0.0000,False,False,False,False,True,3070702000000.0000,False
237.6777,0.0000,0.0000,0.0000,0.0000,False,False,False,False,True,3077802000000.0000,False
237.7379,0.0000,0.0000,0.0000,0.0000,False,False,False,False,True,3082535000000.0000,False
237.7867,0.0000,0.0000,0.0000,0.0000,False,False,False,False,True,3089635000000.0000,False
237.8381,0.0000,0.0000,0.0000,0.0000,False,False,False,False,True,3096735000000.0000,False
237.9001,0.0000,0.0000,0.0000,0.0000,False,False,False,False,True,3101468000000.0000,False
237.9577,0.0000,0.0000,0.0000,0.0000,False,False,False,False,True,3108568000000.0000,False
238.0067,0.0000,0.0000,0.0000,0.0000,False,False,False,False,True,3115668000000.0000,False
238.0687,0.0000,0.0000,0.0000,0.0000,False,False,False,False,True,3122768000000.0000,False
238.1189,0.0000,0.0000,0.0000,0.0000,False,False,False,False,True,3129868000000.0000,False
238.1707,0.0000,0.0000,0.0000,0.0000,False,False,False,False,True,3134601000000.0000,False
238.2314,0.0000,0.0000,0.0000,0.0000,False,False,False,False,True,3141701000000.0000,False
238.2803,0.0000,0.0000,0.0000,0.0000,False,False,False,False,True,3148801000000.0000,False
238.3293,0.0000,0.0000,0.0000,0.0000,False,False,False,False,True,3155901000000.0000,False
238.3894,0.0000,0.0000,0.0000,0.0000,False,False,False,False,True,3160634000000.0000,False
238.4413,0.0000,0.0000,0.0000,0.0000,False,False,False,False,True,3167734000000.0000,False
238.4906,0.0000,0.0000,0.0000,0.0000,False,False,False,False,True,3174834000000.0000,False
238.5537,0.0000,0.0000,0.0000,0.0000,False,False,False,False,True,3179567000000.0000,False
238.6038,0.0000,0.0000,0.0000,0.0000,False,False,False,False,True,3186667000000.0000,False
238.6611,0.0000,0.0000,0.0000,0.0000,False,False,False,False,True,3193767000000.0000,False
238.7199,0.0000,0.0000,0.0000,0.0000,False,False,False,False,True,3200867000000.0000,False
238.7676,0.0000,0.0000,0.0000,0.0000,False,False,False,False,True,3205600000000.0000,False
238.8187,0.0000,0.0000,0.0000,0.0000,False,False,False,False,True,3212700000000.0000,False
238.8774,0.0000,0.0000,0.0000,0.0000,False,False,False,False,True,3217433000000.0000,False
238.9255,0.0000,0.0000,0.0000,0.0000,False,False,False,False,True,3224533000000.0000,False
238.9778,0.0000,0.0000,0.0000,0.0000,False,False,False,False,True,3231633000000.0000,False
239.0544,0.0000,0.0000,0.0000,0.0000,False,False,False,False,True,3236366000000.0000,False
239.1060,0.0000,0.0000,0.0000,0.0000,False,False,False,False,True,3245833000000.0000,False
239.1552,0.0000,0.0000,0.0000,0.0000,False,False,False,False,True,3252933000000.0000,False
239.2175,0.0000,0.0000,0.0000,0.0000,False,False,False,False,True,3257666000000.0000,False
239.2736,0.0000,0.0000,0.0000,0.0000,False,False,False,False,True,3264766000000.0000,False
239.3227,0.0000,0.0000,0.0000,0.0000,False,False,False,False,True,3271866000000.0000,False
239.3830,0.0000,0.0000,0.0000,0.0000,False,False,False,False,True,3278966000000.0000,False
239.4394,0.0000,0.0000,0.0000,0.0000,False,False,False,False,True,3286066000000.0000,False
239.4915,0.0000,0.0000,0.0000,0.0000,False,False,False,False,True,3290799000000.0000,False
239.5533,0.0000,0.0000,0.0000,0.0000,False,False,False,False,True,17078760000000.0000,False
239.6040,0.0000,0.0000,0.0000,0.0000,False,False,False,False,True,43261130000000.0000,False
239.6525,0.0000,0.0000,0.0000,0.0000,False,False,False,False,True,70175980000000.0000,False
239.7132,0.0000,0.0000,0.0000,0.0000,False,False,False,False,True,88126030000000.0000,False
239.7622,0.0000,0.0000,0.0000,0.0000,False,False,False,False,True,115035100000000.0000,False
239.8110,0.0000,0.0000,0.0000,0.0000,False,False,False,False,True,141945700000000.0000,False
239.8705,0.0000,0.0000,0.0000,0.0000,False,False,False,False,True,159886100000000.0000,False
239.9213,0.0000,0.0000,0.0000,0.0000,False,False,False,False,True,186796700000000.0000,False
239.9731,0.0000,0.0000,0.0000,0.0000,False,False,False,False,True,213707300000000.0000,False
240.0357,0.0000,0.0000,0.0000,0.0000,False,False,False,False,True,231647600000000.0000,False
240.0859,0.0000,0.0000,0.0000,0.0000,False,False,False,False,True,258558200000000.0000,False
240.1378,0.0000,0.0000,0.0000,0.0000,False,False,False,False,True,285468800000000.0000,False
240.2091,0.0000,0.0000,0.0000,0.0000,False,False,False,False,True,303409100000000.0000,False
240.2612,0.0000,0.0000,0.0000,0.0000,False,False,False,False,True,339289800000000.0000,False
240.3095,0.0000,0.0000,0.0000,0.0000,False,False,False,False,True,366200300000000.0000,False
240.3728,0.0000,0.0000,0.0000,0.0000,False,False,False,False,True,384140700000000.0000,False
240.4241,0.0000,0.0000,0.0000,0.0000,False,False,False,False,True,411051200000000.0000,False
240.4756,0.0000,0.0000,0.0000,0.0000,False,False,False,False,True,437961700000000.0000,False
240.5373,0.0000,0.0000,0.0000,0.0000,False,False,False,False,True,455902100000000.0000,False
240.5876,0.0000,0.0000,0.0000,0.0000,False,False,False,False,True,482812600000000.0000,False
240.6394,0.0000,0.0000,0.0000,0.0000,False,False,False,False,True,509723100000000.0000,False
240.6983,0.0000,0.0000,0.0000,0.0000,False,False,False,False,True,527663400000000.0000,False
240.7473,0.0000,0.0000,0.0000,0.0000,False,False,False,False,True,554574000000000.0000,False
240.7969,0.0000,0.0000,0.0000,0.0000,False,False,False,False,True,581484500000000.0000,False
240.8565,0.0000,0.0000,0.0000,0.0000,False,False,False,False,True,599424800000000.0000,False
240.9081,0.0000,0.0000,0.0000,0.0000,False,False,False,False,True,626335300000000.0000,False
240.9659,0.0000,0.0000,0.0000,0.0000,False,False,False,False,True,653245900000000.0000,False
241.0294,0.0000,0.0000,0.0000,0.0000,False,False,False,False,True,680156400000000.0000,False
241.0835,0.0000,0.0000,0.0000,0.0000,False,False,False,False,True,707066900000000.0000,False
241.1324,0.0000,0.0000,0.0000,0.0000,False,False,False,False,True,733977400000000.0000,False
241.1926,0.0000,0.0000,0.0000,0.0000,False,False,False,False,True,751917800000000.0000,False
241.2453,0.0000,0.0000,0.0000,0.0000,False,False,False,False,True,778828300000000.0000,False
241.2949,0.0000,0.0000,0.0000,0.0000,False,False,False,False,True,805738800000000.0000,False
241.3566,0.0000,0.0000,0.0000,0.0000,False,False,False,False,True,823679200000000.0000,False
241.4074,0.0000,0.0000,0.0000,0.0000,False,False,False,False,True,850589700000000.0000,False
241.4592,0.0000,0.0000,0.0000,0.0000,False,False,False,False,True,877500200000000.0000,False
241.5218,0.0000,0.0000,0.0000,0.0000,False,False,False,False,True,895440600000000.0000,False
241.5739,0.0000,0.0000,0.0000,0.0000,False,False,False,False,True,931321200000000.0000,False
241.6261,0.0000,0.0000,0.0000,0.0000,False,False,False,False,True,949261600000000.0000,False
241.6889,0.0000,0.0000,0.0000,0.0000,False,False,False,False,True,976172100000000.0000,False
241.7444,0.0000,0.0000,0.0000,0.0000,False,False,False,False,True,1003083000000000.0000,False
241.7952,0.0000,0.0000,0.0000,0.0000,False,False,False,False,True,1029993000000000.0000,False
241.8537,0.0000,0.0000,0.0000,0.0000,False,False,False,False,True,1047933000000000.0000,False
241.9046,0.0000,0.0000,0.0000,0.0000,False,False,False,False,True,1074844000000000.0000,False
241.9540,0.0000,0.0000,0.0000,0.0000,False,False,False,False,True,1101755000000000.0000,False
242.0190,0.0000,0.0000,0.0000,0.0000,False,False,False,False,True,1119695000000000.0000,False
242.0715,0.0000,0.0000,0.0000,0.0000,False,False,False,False,True,1146605000000000.0000,False
242.1230,0.0000,0.0000,0.0000,0.0000,False,False,False,False,True,1173516000000000.0000,False
242.1821,0.0000,0.0000,0.0000,0.0000,False,False,False,False,True,1200426000000000.0000,False
242.2377,0.0000,0.0000,0.0000,0.0000,False,False,False,False,True,1227337000000000.0000,False
242.2920,0.0000,0.0000,0.0000,0.0000,False,False,False,False,True,1245277000000000.0000,False
242.3548,0.0000,0.0000,0.0000,0.0000,False,False,False,False,True,1422397000000000.0000,False
242.4059,0.0000,0.0000,0.0000,0.0000,False,False,False,False,True,1814970000000000.0000,False
242.4578,0.0000,0.0000,0.0000,0.0000,False,False,False,False,True,2198094000000000.0000,False
242.5266,0.0000,0.0000,0.0000,0.0000,False,False,False,False,True,2472930000000000.0000,False
242.5782,0.0000,0.0000,0.0000,0.0000,False,False,False,False,True,2956817000000000.0000,False
242.6263,0.0000,0.0000,0.0000,0.0000,False,False,False,False,True,3209676000000000.0000,False
242.6853,0.0000,0.0000,0.0000,0.0000,False,False,False,False,True,3585755000000000.0000,False
242.7340,0.0000,0.0000,0.0000,0.0000,False,False,False,False,True,3961937000000000.0000,False
242.7849,0.0000,0.0000,0.0000,0.0000,False,False,False,False,True,4212726000000000.0000,False
242.8444,0.0000,0.0000,0.0000,0.0000,False,False,False,False,True,4588909000000000.0000,False
242.8923,0.0000,0.0000,0.0000,0.0000,False,False,False,False,True,4965092000000000.0000,False
242.9405,0.0000,0.0000,0.0000,0.0000,False,False,False,False,True,5215880000000000.0000,False
243.0047,0.0000,0.0000,0.0000,0.0000,False,False,False,False,True,5592063000000000.0000,False
243.0558,0.0000,0.0000,0.0000,0.0000,False,False,False,False,True,5968246000000000.0000,False
243.1407,0.0000,0.0000,0.0000,0.0000,False,False,False,False,True,6219034000000000.0000,False
243.1993,0.0000,0.0000,0.0000,0.0000,False,False,False,False,True,6846006000000000.0000,False
243.2520,0.0000,0.0000,0.0000,0.0000,False,False,False,False,True,7096794000000000.0000,False
243.3080,0.0000,0.0000,0.0000,0.0000,False,False,False,False,True,7472977000000000.0000,False
243.3678,0.0000,0.0000,0.0000,0.0000,False,False,False,False,True,7849160000000000.0000,False
243.4158,0.0000,0.0000,0.0000,0.0000,False,False,False,False,True,8225342000000000.0000,False
243.4674,0.0000,0.0000,0.0000,0.0000,False,False,False,False,True,8476131000000000.0000,False
243.5320,0.0000,0.0000,0.0000,0.0000,False,False,False,False,True,8852314000000000.0000,False
243.5877,0.0000,0.0000,0.0000,0.0000,False,False,False,False,True,9228495000000000.0000,False
243.6425,0.0000,0.0000,0.0000,0.0000,False,False,False,False,True,9604676000000000.0000,False
243.7018,0.0000,0.0000,0.0000,0.0000,False,False,False,False,True,9980858000000000.0000,False
243.7529,0.0000,0.0000,0.0000,0.0000,False,False,False,False,True,10357040000000000.0000,False
243.8012,0.0000,0.0000,0.0000,0.0000,False,False,False,False,True,10607830000000000.0000,False
243.8652,0.0000,0.0000,0.0000,0.0000,False,False,False,False,True,10984010000000000.0000,False
243.9135,0.0000,0.0000,0.0000,0.0000,False,False,False,False,True,11360190000000000.0000,False
243.9624,0.0000,0.0000,0.0000,0.0000,False,False,False,False,True,11610980000000000.0000,False
244.0334,0.0000,0.0000,0.0000,0.0000,False,False,False,False,True,11987160000000000.0000,False
244.0892,0.0000,0.0000,0.0000,0.0000,False,False,False,False,True,12363340000000000.0000,False
244.1382,0.0000,0.0000,0.0000,0.0000,False,False,False,False,True,12739520000000000.0000,False
244.2012,0.0000,0.0000,0.0000,0.0000,False,False,False,False,True,12990310000000000.0000,False
244.2534,0.0000,0.0000,0.0000,0.0000,False,False,False,False,True,13491880000000000.0000,False
244.3037,0.0000,0.0000,0.0000,0.0000,False,False,False,False,True,13742670000000000.0000,False
244.3658,0.0000,0.0000,0.0000,0.0000,False,False,False,False,True,14118850000000000.0000,False
244.4138,0.0000,0.0000,0.0000,0.0000,False,False,False,False,True,14495030000000000.0000,False
244.5004,0.0000,0.0000,0.0000,0.0000,False,False,False,False,True,14745820000000000.0000,False
244.5633,0.0000,0.0000,0.0000,0.0000,False,False,False,False,True,15372790000000000.0000,False
244.6180,0.0000,0.0000,0.0000,0.0000,False,False,False,False,True,15748970000000000.0000,False
244.6669,0.0000,0.0000,0.0000,0.0000,False,False,False,False,True,15999760000000000.0000,False
244.7265,0.0000,0.0000,0.0000,0.0000,False,False,False,False,True,16375940000000000.0000,False
244.7743,0.0000,0.0000,0.0000,0.0000,False,False,False,False,True,16752120000000000.0000,False
244.8229,0.0000,0.0000,0.0000,0.0000,False,False,False,False,True,17002910000000000.0000,False
244.8932,0.0000,0.0000,0.0000,0.0000,False,False,False,False,True,17379090000000000.0000,False
244.9427,0.0000,0.0000,0.0000,0.0000,False,False,False,False,True,16694900000000000.0000,False
244.9941,0.0000,0.0000,0.0000,0.0000,False,False,False,False,True,16147350000000000.0000,False
245.0589,0.0000,0.0000,0.0000,0.0000,False,False,False,False,True,15768970000000000.0000,False
245.1106,0.0000,0.0000,0.0000,0.0000,False,False,False,False,True,15201420000000000.0000,False
245.1588,0.0000,0.0000,0.0000,0.0000,False,False,False,False,True,14633890000000000.0000,False
245.2186,0.0000,0.0000,0.0000,0.0000,False,False,False,False,True,14255530000000000.0000,False
245.2706,0.0000,0.0000,0.0000,0.0000,False,False,False,False,True,13687990000000000.0000,False
245.3206,0.0000,0.0000,0.0000,0.0000,False,False,False,False,True,13120450000000000.0000,False
245.3847,0.0000,0.0000,0.0000,0.0000,False,False,False,False,True,12552910000000000.0000,False
245.4330,0.0000,0.0000,0.0000,0.0000,False,False,False,False,True,11985370000000000.0000,False
245.4849,0.0000,0.0000,0.0000,0.0000,False,False,False,False,True,11607020000000000.0000,False
245.5466,0.0000,0.0000,0.0000,0.0000,False,False,False,False,True,11039480000000000.0000,False
245.5974,0.0000,0.0000,0.0000,0.0000,False,False,False,False,True,10471940000000000.0000,False
245.6484,0.0000,0.0000,0.0000,0.0000,False,False,False,False,True,10093580000000000.0000,False
245.7128,0.0000,0.0000,0.0000,0.0000,False,False,False,False,True,9526043000000000.0000,False
245.7664,0.0000,0.0000,0.0000,0.0000,False,False,False,False,True,8958505000000000.0000,False
245.8614,0.0000,0.0000,0.0000,0.0000,False,False,False,False,True,8390967000000000.0000,False
245.9209,0.0000,0.0000,0.0000,0.0000,False,False,False,False,True,7445070000000000.0000,False
245.9687,0.0000,0.0000,0.0000,0.0000,False,False,False,False,True,6720136000000000.0000,False
246.0193,0.0000,0.0000,0.0000,0.0000,False,False,False,False,True,6325113000000000.0000,False
246.0813,0.0000,0.0000,0.0000,0.0000,False,False,False,False,True,5929988000000000.0000,False
246.1332,0.0000,0.0000,0.0000,0.0000,False,False,False,False,True,5140223000000000.0000,False
246.1852,0.0000,0.0000,0.0000,0.0000,False,False,False,False,True,4745340000000000.0000,False
246.2483,0.0000,0.0000,0.0000,0.0000,False,False,False,False,True,4153016000000000.0000,False
246.3021,0.0000,0.0000,0.0000,0.0000,False,False,False,False,True,3560692000000000.0000,False
246.3509,0.0000,0.0000,0.0000,0.0000,False,False,False,False,True,2968367000000000.0000,False
246.4105,0.0000,0.0000,0.0000,0.0000,False,False,False,False,True,2573484000000000.0000,False
246.4656,0.0000,0.0000,0.0000,0.0000,False,False,False,False,True,1981160000000000.0000,False
246.5250,0.0000,0.0000,0.0000,0.0000,False,False,False,False,True,1887695000000000.0000,False
246.5867,0.0000,0.0000,0.0000,0.0000,False,False,False,False,True,1964120000000000.0000,False
246.6366,0.0000,0.0000,0.0000,0.0000,False,False,False,False,True,2031556000000000.0000,False
246.6850,0.0000,0.0000,0.0000,0.0000,False,False,False,False,True,2064609000000000.0000,False
246.7466,0.0000,0.0000,0.0000,0.0000,False,False,False,False,True,2112300000000000.0000,False
246.7948,0.0000,0.0000,0.0000,0.0000,False,False,False,False,True,2161043000000000.0000,False
246.8435,0.0000,0.0000,0.0000,0.0000,False,False,False,False,True,2194385000000000.0000,False
246.9062,0.0000,0.0000,0.0000,0.0000,False,False,False,False,True,2242879000000000.0000,False
246.9551,0.0000,0.0000,0.0000,0.0000,False,False,False,False,True,2291713000000000.0000,False
247.0067,0.0000,0.0000,0.0000,0.0000,False,False,False,False,True,2324233000000000.0000,False
247.1090,0.0000,0.0000,0.0000,0.0000,False,False,False,False,True,2373019000000000.0000,False
247.1587,0.0000,0.0000,0.0000,0.0000,False,False,False,False,True,2454320000000000.0000,False
247.2174,0.0000,0.0000,0.0000,0.0000,False,False,False,False,True,2486840000000000.0000,False
247.2697,0.0000,0.0000,0.0000,0.0000,False,False,False,False,True,2535621000000000.0000,False
247.3236,0.0000,0.0000,0.0000,0.0000,False,False,False,False,True,2584402000000000.0000,False
247.3897,0.0000,0.0000,0.0000,0.0000,False,False,False,False,True,2633182000000000.0000,False
247.4410,0.0000,0.0000,0.0000,0.0000,False,False,False,False,True,2681963000000000.0000,False
247.5112,0.0000,0.0000,0.0000,0.0000,False,False,False,False,True,2730743000000000.0000,False
247.5748,0.0000,0.0000,0.0000,0.0000,False,False,False,False,True,2779524000000000.0000,False
247.6250,0.0000,0.0000,0.0000,0.0000,False,False,False,False,True,2828305000000000.0000,False
247.6763,0.0000,0.0000,0.0000,0.0000,False,False,False,False,True,2877085000000000.0000,False
247.7362,0.0000,0.0000,0.0000,0.0000,False,False,False,False,True,2909606000000000.0000,False
247.7925,0.0000,0.0000,0.0000,0.0000,False,False,False,False,True,2958386000000000.0000,False
247.8452,0.0000,0.0000,0.0000,0.0000,False,False,False,False,True,3007167000000000.0000,False
247.9066,0.0000,0.0000,0.0000,0.0000,False,False,False,False,True,3055948000000000.0000,False
247.9563,0.0000,0.0000,0.0000,0.0000,False,False,False,False,True,3104728000000000.0000,False
248.0070,0.0000,0.0000,0.0000,0.0000,False,False,False,False,True,3137249000000000.0000,False
248.0729,0.0000,0.0000,0.0000,0.0000,False,False,False,False,True,3186029000000000.0000,False
248.1265,0.0000,0.0000,0.0000,0.0000,False,False,False,False,True,3234810000000000.0000,False
248.1808,0.0000,0.0000,0.0000,0.0000,False,False,False,False,True,5488336000000000.0000,False
248.2394,0.0000,0.0000,0.0000,0.0000,False,False,False,False,True,6064139000000000.0000,False
248.2890,0.0000,0.0000,0.0000,0.0000,False,False,False,False,True,6413144000000000.0000,False
248.3396,0.0000,0.0000,0.0000,0.0000,False,False,False,False,True,6917739000000000.0000,False
248.4000,0.0000,0.0000,0.0000,0.0000,False,False,False,False,True,7262797000000000.0000,False
248.4496,0.0000,0.0000,0.0000,0.0000,False,False,False,False,True,7584684000000000.0000,False
248.4997,0.0000,0.0000,0.0000,0.0000,False,False,False,False,True,7897554000000000.0000,False
248.5652,0.0000,0.0000,0.0000,0.0000,False,False,False,False,True,8115376000000000.0000,False
248.6155,0.0000,0.0000,0.0000,0.0000,False,False,False,False,True,8453703000000000.0000,False
248.6677,0.0000,0.0000,0.0000,0.0000,False,False,False,False,True,8549308000000000.0000,False
248.7286,0.0000,0.0000,0.0000,0.0000,False,False,False,False,True,8685582000000000.0000,False
248.7785,0.0000,0.0000,0.0000,0.0000,False,False,False,False,True,8826210000000000.0000,False
248.8282,0.0000,0.0000,0.0000,0.0000,False,False,False,False,True,8919667000000000.0000,False
248.8894,0.0000,0.0000,0.0000,0.0000,False,False,False,False,True,9059687000000000.0000,False
248.9441,0.0000,0.0000,0.0000,0.0000,False,False,False,False,True,9199701000000000.0000,False
248.9991,0.0000,0.0000,0.0000,0.0000,False,False,False,False,True,9339715000000000.0000,False
249.0642,0.0000,0.0000,0.0000,0.0000,False,False,False,False,True,9433057000000000.0000,False
249.1149,0.0000,0.0000,0.0000,0.0000,False,False,False,False,True,9619742000000000.0000,False
249.1642,0.0000,0.0000,0.0000,0.0000,False,False,False,False,True,9713085000000000.0000,False
249.2253,0.0000,0.0000,0.0000,0.0000,False,False,False,False,True,9853098000000000.0000,False
249.2755,0.0000,0.0000,0.0000,0.0000,False,False,False,False,True,9993112000000000.0000,False
249.3272,0.0000,0.0000,0.0000,0.0000,False,False,False,False,True,10086450000000000.0000,False
249.3880,0.0000,0.0000,0.0000,0.0000,False,False,False,False,True,10226470000000000.0000,False
249.4366,0.0000,0.0000,0.0000,0.0000,False,False,False,False,True,10366480000000000.0000,False
249.4880,0.0000,0.0000,0.0000,0.0000,False,False,False,False,True,10459820000000000.0000,False
249.5524,0.0000,0.0000,0.0000,0.0000,False,False,False,False,True,10599840000000000.0000,False
249.6044,0.0000,0.0000,0.0000,0.0000,False,False,False,False,True,10739850000000000.0000,False
249.6525,0.0000,0.0000,0.0000,0.0000,False,False,False,False,True,10879870000000000.0000,False
249.7151,0.0000,0.0000,0.0000,0.0000,False,False,False,False,True,8244636000000000.0000,False
249.7662,0.0000,0.0000,0.0000,0.0000,False,False,False,False,True,7154039000000000.0000,False
249.8202,0.0000,0.0000,0.0000,0.0000,False,False,False,False,True,6845484000000000.0000,False
249.9052,0.0000,0.0000,0.0000,0.0000,False,False,False,False,True,6615284000000000.0000,False
249.9600,0.0000,0.0000,0.0000,0.0000,False,False,False,False,True,5988915000000000.0000,False
250.0108,0.0000,0.0000,0.0000,0.0000,False,False,False,False,True,5821737000000000.0000,False
250.0748,0.0000,0.0000,0.0000,0.0000,False,False,False,False,True,5527934000000000.0000,False
250.1274,0.0000,0.0000,0.0000,0.0000,False,False,False,False,True,5854865000000000.0000,False
250.1761,0.0000,0.0000,0.0000,0.0000,False,False,False,False,True,6117444000000000.0000,False
250.2370,0.0000,0.0000,0.0000,0.0000,False,False,False,False,True,6308399000000000.0000,False
250.2865,0.0000,0.0000,0.0000,0.0000,False,False,False,False,True,6718924000000000.0000,False
250.3401,0.0000,0.0000,0.0000,0.0000,False,False,False,False,True,7014670000000000.0000,False
250.4001,0.0000,0.0000,0.0000,0.0000,False,False,False,False,True,7317699000000000.0000,False
250.4490,0.0000,0.0000,0.0000,0.0000,False,False,False,False,True,7749222000000000.0000,False
250.5390,0.0000,0.0000,0.0000,0.0000,False,False,False,False,True,8141476000000000.0000,False
250.6082,0.0000,0.0000,0.0000,0.0000,False,False,False,False,True,8666311000000000.0000,False
250.6633,0.0000,0.0000,0.0000,0.0000,False,False,False,False,True,9192155000000000.0000,False
250.7256,0.0000,0.0000,0.0000,0.0000,False,False,False,False,True,9586576000000000.0000,False
250.7901,0.0000,0.0000,0.0000,0.0000,False,False,False,False,True,9980997000000000.0000,False
250.8440,0.0000,0.0000,0.0000,0.0000,False,False,False,False,True,10375420000000000.0000,False
250.8942,0.0000,0.0000,0.0000,0.0000,False,False,False,False,True,10769840000000000.0000,False
250.9548,0.0000,0.0000,0.0000,0.0000,False,False,False,False,True,11032780000000000.0000,False
251.0034,0.0000,0.0000,0.0000,0.0000,False,False,False,False,True,11427200000000000.0000,False
251.0555,0.0000,0.0000,0.0000,0.0000,False,False,False,False,True,11821620000000000.0000,False
251.1171,0.0000,0.0000,0.0000,0.0000,False,False,False,False,True,12084570000000000.0000,False
251.1675,0.0000,0.0000,0.0000,0.0000,False,False,False,False,True,12478990000000000.0000,False
251.2164,0.0000,0.0000,0.0000,0.0000,False,False,False,False,True,12873410000000000.0000,False
251.2763,0.0000,0.0000,0.0000,0.0000,False,False,False,False,True,13136360000000000.0000,False
251.3248,0.0000,0.0000,0.0000,0.0000,False,False,False,False,True,13530770000000000.0000,False
251.3769,0.0000,0.0000,0.0000,0.0000,False,False,False,False,True,13925190000000000.0000,False
251.4406,0.0000,0.0000,0.0000,0.0000,False,False,False,False,True,14188140000000000.0000,False
251.4951,0.0000,0.0000,0.0000,0.0000,False,False,False,False,True,13476410000000000.0000,False
251.5471,0.0000,0.0000,0.0000,0.0000,False,False,False,False,True,13193500000000000.0000,False
251.6087,0.0000,0.0000,0.0000,0.0000,False,False,False,False,True,12665500000000000.0000,False
251.6586,0.0000,0.0000,0.0000,0.0000,False,False,False,False,True,12178430000000000.0000,False
251.7069,0.0000,0.0000,0.0000,0.0000,False,False,False,False,True,11893330000000000.0000,False
251.7661,0.0000,0.0000,0.0000,0.0000,False,False,False,False,True,11542990000000000.0000,False
251.8141,0.0000,0.0000,0.0000,0.0000,False,False,False,False,True,11159930000000000.0000,False
251.8621,0.0000,0.0000,0.0000,0.0000,False,False,False,False,True,10902880000000000.0000,False
251.9222,0.0000,0.0000,0.0000,0.0000,False,False,False,False,True,10517480000000000.0000,False
251.9735,0.0000,0.0000,0.0000,0.0000,False,False,False,False,True,10853310000000000.0000,False
252.0214,0.0000,0.0000,0.0000,0.0000,False,False,False,False,True,11275150000000000.0000,False
252.0861,0.0000,0.0000,0.0000,0.0000,False,False,False,False,True,11810770000000000.0000,False
252.1360,0.0000,0.0000,0.0000,0.0000,False,False,False,False,True,12340680000000000.0000,False
252.1953,0.0000,0.0000,0.0000,0.0000,False,False,False,False,True,12662830000000000.0000,False
252.2543,0.0000,0.0000,0.0000,0.0000,False,False,False,False,True,13151590000000000.0000,False
252.3029,0.0000,0.0000,0.0000,0.0000,False,False,False,False,True,13640660000000000.0000,False
252.3524,0.0000,0.0000,0.0000,0.0000,False,False,False,False,True,14121930000000000.0000,False
252.4137,0.0000,0.0000,0.0000,0.0000,False,False,False,False,True,14447440000000000.0000,False
252.4625,0.0000,0.0000,0.0000,0.0000,False,False,False,False,True,14933660000000000.0000,False
252.5116,0.0000,0.0000,0.0000,0.0000,False,False,False,False,True,15419160000000000.0000,False
252.5757,0.0000,0.0000,0.0000,0.0000,False,False,False,False,True,15743290000000000.0000,False
252.6254,0.0000,0.0000,0.0000,0.0000,False,False,False,False,True,16229250000000000.0000,False
252.6742,0.0000,0.0000,0.0000,0.0000,False,False,False,False,True,16715180000000000.0000,False
252.7352,0.0000,0.0000,0.0000,0.0000,False,False,False,False,True,17039140000000000.0000,False
252.7855,0.0000,0.0000,0.0000,0.0000,False,False,False,False,True,17525070000000000.0000,False
252.8346,0.0000,0.0000,0.0000,0.0000,False,False,False,False,True,18011010000000000.0000,False
252.8975,0.0000,0.0000,0.0000,0.0000,False,False,False,False,True,18334960000000000.0000,False
252.9510,0.0000,0.0000,0.0000,0.0000,False,False,False,False,True,18820900000000000.0000,False
253.0002,0.0000,0.0000,0.0000,0.0000,False,False,False,False,True,19306830000000000.0000,False
253.0650,0.0000,0.0000,0.0000,0.0000,False,False,False,False,True,19630790000000000.0000,False
253.1162,0.0000,0.0000,0.0000,0.0000,False,False,False,False,True,20278700000000000.0000,False
253.1652,0.0000,0.0000,0.0000,0.0000,False,False,False,False,True,20602660000000000.0000,False
253.2260,0.0000,0.0000,0.0000,0.0000,False,False,False,False,True,21088590000000000.0000,False
253.2746,0.0000,0.0000,0.0000,0.0000,False,False,False,False,True,21574530000000000.0000,False
253.3235,0.0000,0.0000,0.0000,0.0000,False,False,False,False,True,21898490000000000.0000,False
253.3862,0.0000,0.0000,0.0000,0.0000,False,False,False,False,True,22384420000000000.0000,False
253.4353,0.0000,0.0000,0.0000,0.0000,False,False,False,False,True,22870360000000000.0000,False
253.4841,0.0000,0.0000,0.0000,0.0000,False,False,False,False,True,23194310000000000.0000,False
253.5432,0.0000,0.0000,0.0000,0.0000,False,False,False,False,True,23680250000000000.0000,False
253.5943,0.0000,0.0000,0.0000,0.0000,False,False,False,False,True,24166180000000000.0000,False
253.6475,0.0000,0.0000,0.0000,0.0000,False,False,False,False,True,24490140000000000.0000,False
253.7148,0.0000,0.0000,0.0000,0.0000,False,False,False,False,True,21698920000000000.0000,False
253.7647,0.0000,0.0000,0.0000,0.0000,False,False,False,False,True,21112820000000000.0000,False
253.8135,0.0000,0.0000,0.0000,0.0000,False,False,False,False,True,20563750000000000.0000,False
253.8727,0.0000,0.0000,0.0000,0.0000,False,False,False,False,True,20192500000000000.0000,False
253.9211,0.0000,0.0000,0.0000,0.0000,False,False,False,False,True,19639410000000000.0000,False
253.9691,0.0000,0.0000,0.0000,0.0000,False,False,False,False,True,19086310000000000.0000,False
254.0421,0.0000,0.0000,0.0000,0.0000,False,False,False,False,True,18717590000000000.0000,False
254.0935,0.0000,0.0000,0.0000,0.0000,False,False,False,False,True,17980120000000000.0000,False
254.1422,0.0000,0.0000,0.0000,0.0000,False,False,False,False,True,17611390000000000.0000,False
254.2042,0.0000,0.0000,0.0000,0.0000,False,False,False,False,True,17058290000000000.0000,False
254.2541,0.0000,0.0000,0.0000,0.0000,False,False,False,False,True,16505200000000000.0000,False
254.3032,0.0000,0.0000,0.0000,0.0000,False,False,False,False,True,16136460000000000.0000,False
254.3674,0.0000,0.0000,0.0000,0.0000,False,False,False,False,True,15386310000000000.0000,False
254.4220,0.0000,0.0000,0.0000,0.0000,False,False,False,False,True,14832110000000000.0000,False
254.4713,0.0000,0.0000,0.0000,0.0000,False,False,False,False,True,14423530000000000.0000,False
254.5307,0.0000,0.0000,0.0000,0.0000,False,False,False,False,True,14055280000000000.0000,False
254.5821,0.0000,0.0000,0.0000,0.0000,False,False,False,False,True,13502880000000000.0000,False
254.6313,0.0000,0.0000,0.0000,0.0000,False,False,False,False,True,12951080000000000.0000,False
254.6935,0.0000,0.0000,0.0000,0.0000,False,False,False,False,True,12583200000000000.0000,False
254.7434,0.0000,0.0000,0.0000,0.0000,False,False,False,False,True,12031410000000000.0000,False
254.7927,0.0000,0.0000,0.0000,0.0000,False,False,False,False,True,11479570000000000.0000,False
254.8524,0.0000,0.0000,0.0000,0.0000,False,False,False,False,True,11111690000000000.0000,False
254.9005,0.0000,0.0000,0.0000,0.0000,False,False,False,False,True,10559860000000000.0000,False
254.9500,0.0000,0.0000,0.0000,0.0000,False,False,False,False,True,10008040000000000.0000,False
255.0090,0.0000,0.0000,0.0000,0.0000,False,False,False,False,True,9640156000000000.0000,False
255.0575,0.0000,0.0000,0.0000,0.0000,False,False,False,False,True,9088331000000000.0000,False
255.1120,0.0000,0.0000,0.0000,0.0000,False,False,False,False,True,8720448000000000.0000,False
255.1797,0.0000,0.0000,0.0000,0.0000,False,False,False,False,True,8168623000000000.0000,False
255.2300,0.0000,0.0000,0.0000,0.0000,False,False,False,False,True,7616798000000000.0000,False
255.2816,0.0000,0.0000,0.0000,0.0000,False,False,False,False,True,7064973000000000.0000,False
255.3608,0.0000,0.0000,0.0000,0.0000,False,False,False,False,True,6513148000000000.0000,False
255.4115,0.0000,0.0000,0.0000,0.0000,False,False,False,False,True,5777382000000000.0000,False
255.4607,0.0000,0.0000,0.0000,0.0000,False,False,False,False,True,5409498000000000.0000,False
255.5208,0.0000,0.0000,0.0000,0.0000,False,False,False,False,True,4857674000000000.0000,False
255.5725,0.0000,0.0000,0.0000,0.0000,False,False,False,False,True,4305848000000000.0000,False
255.6267,0.0000,0.0000,0.0000,0.0000,False,False,False,False,True,3937964000000000.0000,False
255.6885,0.0000,0.0000,0.0000,0.0000,False,False,False,False,True,3386139000000000.0000,False
255.7421,0.0000,0.0000,0.0000,0.0000,False,False,False,False,True,2834313000000000.0000,False
255.7907,0.0000,0.0000,0.0000,0.0000,False,False,False,False,True,2282487000000000.0000,False
255.8498,0.0000,0.0000,0.0000,0.0000,False,False,False,False,True,1914604000000000.0000,False
255.9016,0.0000,0.0000,0.0000,0.0000,False,False,False,False,True,1362778000000000.0000,False
255.9565,0.0000,0.0000,0.0000,0.0000,False,False,False,False,True,810952900000000.0000,False
256.0162,0.0000,0.0000,0.0000,0.0000,False,False,False,False,True,443069400000000.0000,False
256.0652,0.0000,0.0000,0.0000,0.0000,False,False,False,False,True,108756000000000.0000,False
256.1178,0.0000,0.0000,0.0000,0.0000,False,False,False,False,True,660581300000000.0000,False
256.1855,0.0000,0.0000,0.0000,0.0000,False,False,False,False,True,1028465000000000.0000,False
256.2366,0.0000,0.0000,0.0000,0.0000,False,False,False,False,True,1764232000000000.0000,False
256.2855,0.0000,0.0000,0.0000,0.0000,False,False,False,False,True,2132116000000000.0000,False
256.3456,0.0000,0.0000,0.0000,0.0000,False,False,False,False,True,2683941000000000.0000,False
256.4020,0.0000,0.0000,0.0000,0.0000,False,False,False,False,True,3235767000000000.0000,False
256.4513,0.0000,0.0000,0.0000,0.0000,False,False,False,False,True,3787593000000000.0000,False
256.5110,0.0000,0.0000,0.0000,0.0000,False,False,False,False,True,4155476000000000.0000,False
256.5593,0.0000,0.0000,0.0000,0.0000,False,False,False,False,True,4707302000000000.0000,False
256.6111,0.0000,0.0000,0.0000,0.0000,False,False,False,False,True,5075185000000000.0000,False
256.6771,0.0000,0.0000,0.0000,0.0000,False,False,False,False,True,5627010000000000.0000,False
256.7336,0.0000,0.0000,0.0000,0.0000,False,False,False,False,True,6018793000000000.0000,False
256.7873,0.0000,0.0000,0.0000,0.0000,False,False,False,False,True,6561632000000000.0000,False
256.8473,0.0000,0.0000,0.0000,0.0000,False,False,False,False,True,7089344000000000.0000,False
256.8958,0.0000,0.0000,0.0000,0.0000,False,False,False,False,True,7628718000000000.0000,False
256.9456,0.0000,0.0000,0.0000,0.0000,False,False,False,False,True,7985529000000000.0000,False
257.0062,0.0000,0.0000,0.0000,0.0000,False,False,False,False,True,8520689000000000.0000,False
257.0579,0.0000,0.0000,0.0000,0.0000,False,False,False,False,True,9055856000000000.0000,False
257.1096,0.0000,0.0000,0.0000,0.0000,False,False,False,False,True,9412635000000000.0000,False
257.1713,0.0000,0.0000,0.0000,0.0000,False,False,False,False,True,9947802000000000.0000,False
257.2213,0.0000,0.0000,0.0000,0.0000,False,False,False,False,True,10482970000000000.0000,False
257.2703,0.0000,0.0000,0.0000,0.0000,False,False,False,False,True,11018140000000000.0000,False
257.3331,0.0000,0.0000,0.0000,0.0000,False,False,False,False,True,11374920000000000.0000,False
257.3866,0.0000,0.0000,0.0000,0.0000,False,False,False,False,True,11910080000000000.0000,False
257.4398,0.0000,0.0000,0.0000,0.0000,False,False,False,False,True,12445250000000000.0000,False
257.5046,0.0000,0.0000,0.0000,0.0000,False,False,False,False,True,12802030000000000.0000,False
257.5533,0.0000,0.0000,0.0000,0.0000,False,False,False,False,True,13515590000000000.0000,False
257.6041,0.0000,0.0000,0.0000,0.0000,False,False,False,False,True,13872370000000000.0000,False
257.6651,0.0000,0.0000,0.0000,0.0000,False,False,False,False,True,14407540000000000.0000,False
257.7221,0.0000,0.0000,0.0000,0.0000,False,False,False,False,True,14942700000000000.0000,False
257.7703,0.0000,0.0000,0.0000,0.0000,False,False,False,False,True,15477870000000000.0000,False
257.8289,0.0000,0.0000,0.0000,0.0000,False,False,False,False,True,15834650000000000.0000,False
257.8772,0.0000,0.0000,0.0000,0.0000,False,False,False,False,True,16369820000000000.0000,False
257.9294,0.0000,0.0000,0.0000,0.0000,False,False,False,False,True,16726600000000000.0000,False
257.9887,0.0000,0.0000,0.0000,0.0000,False,False,False,False,True,17261760000000000.0000,False
258.0366,0.0000,0.0000,0.0000,0.0000,False,False,False,False,True,17796930000000000.0000,False
258.1293,0.0000,0.0000,0.0000,0.0000,False,False,False,False,True,18153710000000000.0000,False
258.1928,0.0000,0.0000,0.0000,0.0000,False,False,False,False,True,19045660000000000.0000,False
258.2498,0.0000,0.0000,0.0000,0.0000,False,False,False,False,True,19580820000000000.0000,False
258.3039,0.0000,0.0000,0.0000,0.0000,False,False,False,False,True,20115990000000000.0000,False
258.3640,0.0000,0.0000,0.0000,0.0000,False,False,False,False,True,20651160000000000.0000,False
258.4132,0.0000,0.0000,0.0000,0.0000,False,False,False,False,True,21186330000000000.0000,False
258.4639,0.0000,0.0000,0.0000,0.0000,False,False,False,False,True,21543110000000000.0000,False
258.5242,0.0000,0.0000,0.0000,0.0000,False,False,False,False,True,22078280000000000.0000,False
258.5730,0.0000,0.0000,0.0000,0.0000,False,False,False,False,True,22613440000000000.0000,False
258.6252,0.0000,0.0000,0.0000,0.0000,False,False,False,False,True,22970220000000000.0000,False
258.6870,0.0000,0.0000,0.0000,0.0000,False,False,False,False,True,23505390000000000.0000,False
258.7399,0.0000,0.0000,0.0000,0.0000,False,False,False,False,True,24040560000000000.0000,False
258.7881,0.0000,0.0000,0.0000,0.0000,False,False,False,False,True,24397340000000000.0000,False
258.8479,0.0000,0.0000,0.0000,0.0000,False,False,False,False,True,24932500000000000.0000,False
258.8964,0.0000,0.0000,0.0000,0.0000,False,False,False,False,True,25467670000000000.0000,False
258.9473,0.0000,0.0000,0.0000,0.0000,False,False,False,False,True,25824450000000000.0000,False
259.0172,0.0000,0.0000,0.0000,0.0000,False,False,False,False,True,26359620000000000.0000,False
259.0714,0.0000,0.0000,0.0000,0.0000,False,False,False,False,True,26894790000000000.0000,False
259.1234,0.0000,0.0000,0.0000,0.0000,False,False,False,False,True,27429950000000000.0000,False
259.1855,0.0000,0.0000,0.0000,0.0000,False,False,False,False,True,27965120000000000.0000,False
259.2407,0.0000,0.0000,0.0000,0.0000,False,False,False,False,True,28500290000000000.0000,False
259.2905,0.0000,0.0000,0.0000,0.0000,False,False,False,False,True,29035460000000000.0000,False
259.3523,0.0000,0.0000,0.0000,0.0000,False,False,False,False,True,29392240000000000.0000,False
259.4049,0.0000,0.0000,0.0000,0.0000,False,False,False,False,True,29927410000000000.0000,False
259.4561,0.0000,0.0000,0.0000,0.0000,False,False,False,False,True,30462570000000000.0000,False
259.5162,0.0000,0.0000,0.0000,0.0000,False,False,False,False,True,30819350000000000.0000,False
259.5668,0.0000,0.0000,0.0000,0.0000,False,False,False,False,True,31395010000000000.0000,False
259.6186,0.0000,0.0000,0.0000,0.0000,False,False,False,False,True,31924650000000000.0000,False
259.6806,0.0000,0.0000,0.0000,0.0000,False,False,False,False,True,32265540000000000.0000,False
259.7348,0.0000,0.0000,0.0000,0.0000,False,False,False,False,True,32951380000000000.0000,False
259.7863,0.0000,0.0000,0.0000,0.0000,False,False,False,False,True,33294060000000000.0000,False
259.8516,0.0000,0.0000,0.0000,0.0000,False,False,False,False,True,30268590000000000.0000,False
259.9001,0.0000,0.0000,0.0000,0.0000,False,False,False,False,True,30789020000000000.0000,False
259.9486,0.0000,0.0000,0.0000,0.0000,False,False,False,False,True,31159620000000000.0000,False
260.0102,0.0000,0.0000,0.0000,0.0000,False,False,False,False,True,31713910000000000.0000,False
260.0597,0.0000,0.0000,0.0000,0.0000,False,False,False,False,True,32259260000000000.0000,False
260.1090,0.0000,0.0000,0.0000,0.0000,False,False,False,False,True,32521230000000000.0000,False
260.1783,0.0000,0.0000,0.0000,0.0000,False,False,False,False,True,32825690000000000.0000,False
260.2288,0.0000,0.0000,0.0000,0.0000,False,False,False,False,True,33205640000000000.0000,False
260.2775,0.0000,0.0000,0.0000,0.0000,False,False,False,False,True,33611490000000000.0000,False
260.3376,0.0000,0.0000,0.0000,0.0000,False,False,False,False,True,33882620000000000.0000,False
260.3882,0.0000,0.0000,0.0000,0.0000,False,False,False,False,True,34278350000000000.0000,False
260.4371,0.0000,0.0000,0.0000,0.0000,False,False,False,False,True,34675490000000000.0000,False
260.4989,0.0000,0.0000,0.0000,0.0000,False,False,False,False,True,34940140000000000.0000,False
260.5513,0.0000,0.0000,0.0000,0.0000,False,False,False,False,True,35337170000000000.0000,False
260.6104,0.0000,0.0000,0.0000,0.0000,False,False,False,False,True,35734200000000000.0000,False
260.6772,0.0000,0.0000,0.0000,0.0000,False,False,False,False,True,36131230000000000.0000,False
260.7285,0.0000,0.0000,0.0000,0.0000,False,False,False,False,True,36528260000000000.0000,False
260.7787,0.0000,0.0000,0.0000,0.0000,False,False,False,False,True,36925300000000000.0000,False
260.8383,0.0000,0.0000,0.0000,0.0000,False,False,False,False,True,37189990000000000.0000,False
260.8865,0.0000,0.0000,0.0000,0.0000,False,False,False,False,True,37587020000000000.0000,False
260.9360,0.0000,0.0000,0.0000,0.0000,False,False,False,False,True,37984060000000000.0000,False
260.9962,0.0000,0.0000,0.0000,0.0000,False,False,False,False,True,38248750000000000.0000,False
261.0454,0.0000,0.0000,0.0000,0.0000,False,False,False,False,True,38645790000000000.0000,False
261.1015,0.0000,0.0000,0.0000,0.0000,False,False,False,False,True,39042820000000000.0000,False
261.1658,0.0000,0.0000,0.0000,0.0000,False,False,False,False,True,38173540000000000.0000,False
261.2160,0.0000,0.0000,0.0000,0.0000,False,False,False,False,True,38531780000000000.0000,False
261.2650,0.0000,0.0000,0.0000,0.0000,False,False,False,False,True,38784020000000000.0000,False
261.3278,0.0000,0.0000,0.0000,0.0000,False,False,False,False,True,39138670000000000.0000,False
261.3867,0.0000,0.0000,0.0000,0.0000,False,False,False,False,True,39506900000000000.0000,False
261.4358,0.0000,0.0000,0.0000,0.0000,False,False,False,False,True,39865190000000000.0000,False
261.4992,0.0000,0.0000,0.0000,0.0000,False,False,False,False,True,40104200000000000.0000,False
261.5493,0.0000,0.0000,0.0000,0.0000,False,False,False,False,True,41523760000000000.0000,False
261.6014,0.0000,0.0000,0.0000,0.0000,False,False,False,False,True,41907930000000000.0000,False
261.6686,0.0000,0.0000,0.0000,0.0000,False,False,False,False,True,42254370000000000.0000,False
261.7180,0.0000,0.0000,0.0000,0.0000,False,False,False,False,True,42622200000000000.0000,False
261.7666,0.0000,0.0000,0.0000,0.0000,False,False,False,False,True,42864790000000000.0000,False
261.8294,0.0000,0.0000,0.0000,0.0000,False,False,False,False,True,43228660000000000.0000,False
261.8780,0.0000,0.0000,0.0000,0.0000,False,False,False,False,True,43592530000000000.0000,False
261.9297,0.0000,0.0000,0.0000,0.0000,False,False,False,False,True,43835110000000000.0000,False
261.9890,0.0000,0.0000,0.0000,0.0000,False,False,False,False,True,44198980000000000.0000,False
262.0369,0.0000,0.0000,0.0000,0.0000,False,False,False,False,True,44562850000000000.0000,False
262.0853,0.0000,0.0000,0.0000,0.0000,False,False,False,False,True,42973020000000000.0000,False
262.1548,0.0000,0.0000,0.0000,0.0000,False,False,False,False,True,43333000000000000.0000,False
262.2218,0.0000,0.0000,0.0000,0.0000,False,False,False,False,True,43634270000000000.0000,False
262.2752,0.0000,0.0000,0.0000,0.0000,False,False,False,False,True,44034600000000000.0000,False
262.3354,0.0000,0.0000,0.0000,0.0000,False,False,False,False,True,44200980000000000.0000,False
262.3880,0.0000,0.0000,0.0000,0.0000,False,False,False,False,True,44476110000000000.0000,False
262.4373,0.0000,0.0000,0.0000,0.0000,False,False,False,False,True,44751210000000000.0000,False
262.4979,0.0000,0.0000,0.0000,0.0000,False,False,False,False,True,44934600000000000.0000,False
262.5471,0.0000,0.0000,0.0000,0.0000,False,False,False,False,True,45225490000000000.0000,False
262.5969,0.0000,0.0000,0.0000,0.0000,False,False,False,False,True,45500650000000000.0000,False
262.6615,0.0000,0.0000,0.0000,0.0000,False,False,False,False,True,45684090000000000.0000,False
262.7142,0.0000,0.0000,0.0000,0.0000,False,False,False,False,True,46050970000000000.0000,False
262.7632,0.0000,0.0000,0.0000,0.0000,False,False,False,False,True,46234400000000000.0000,False
262.8229,0.0000,0.0000,0.0000,0.0000,False,False,False,False,True,46509560000000000.0000,False
262.8717,0.0000,0.0000,0.0000,0.0000,False,False,False,False,True,46784720000000000.0000,False
262.9273,0.0000,0.0000,0.0000,0.0000,False,False,False,False,True,46968160000000000.0000,False
262.9924,0.0000,0.0000,0.0000,0.0000,False,False,False,False,True,47243310000000000.0000,False
263.0427,0.0000,0.0000,0.0000,0.0000,False,False,False,False,True,47518470000000000.0000,False
263.0937,0.0000,0.0000,0.0000,0.0000,False,False,False,False,True,47793630000000000.0000,False
263.1595,0.0000,0.0000,0.0000,0.0000,False,False,False,False,True,47977070000000000.0000,False
263.2119,0.0000,0.0000,0.0000,0.0000,False,False,False,False,True,48252220000000000.0000,False
263.2635,0.0000,0.0000,0.0000,0.0000,False,False,False,False,True,48527380000000000.0000,False
263.3235,0.0000,0.0000,0.0000,0.0000,False,False,False,False,True,48802540000000000.0000,False
263.3737,0.0000,0.0000,0.0000,0.0000,False,False,False,False,True,49077690000000000.0000,False
263.4284,0.0000,0.0000,0.0000,0.0000,False,False,False,False,True,49261130000000000.0000,False
263.4915,0.0000,0.0000,0.0000,0.0000,False,False,False,False,True,49536290000000000.0000,False
263.5411,0.0000,0.0000,0.0000,0.0000,False,False,False,False,True,51064880000000000.0000,False
263.5908,0.0000,0.0000,0.0000,0.0000,False,False,False,False,True,51335080000000000.0000,False
263.6559,0.0000,0.0000,0.0000,0.0000,False,False,False,False,True,51541970000000000.0000,False
263.7069,0.0000,0.0000,0.0000,0.0000,False,False,False,False,True,51828810000000000.0000,False
263.7618,0.0000,0.0000,0.0000,0.0000,False,False,False,False,True,52093500000000000.0000,False
263.8275,0.0000,0.0000,0.0000,0.0000,False,False,False,False,True,52370770000000000.0000,False
263.8763,0.0000,0.0000,0.0000,0.0000,False,False,False,False,True,52650160000000000.0000,False
263.9259,0.0000,0.0000,0.0000,0.0000,False,False,False,False,True,52836480000000000.0000,False
264.0042,0.0000,0.0000,0.0000,0.0000,False,False,False,False,True,53115900000000000.0000,False
264.0533,0.0000,0.0000,0.0000,0.0000,False,False,False,False,True,53488460000000000.0000,False
264.1045,0.0000,0.0000,0.0000,0.0000,False,False,False,False,True,53674740000000000.0000,False
264.1702,0.0000,0.0000,0.0000,0.0000,False,False,False,False,True,53954170000000000.0000,False
264.2234,0.0000,0.0000,0.0000,0.0000,False,False,False,False,True,54233590000000000.0000,False
264.2793,0.0000,0.0000,0.0000,0.0000,False,False,False,False,True,54513010000000000.0000,False
264.3388,0.0000,0.0000,0.0000,0.0000,False,False,False,False,True,54699290000000000.0000,False
264.3912,0.0000,0.0000,0.0000,0.0000,False,False,False,False,True,54978710000000000.0000,False
264.4418,0.0000,0.0000,0.0000,0.0000,False,False,False,False,True,55258130000000000.0000,False
264.5026,0.0000,0.0000,0.0000,0.0000,False,False,False,False,True,55537560000000000.0000,False
264.5577,0.0000,0.0000,0.0000,0.0000,False,False,False,False,True,55816980000000000.0000,False
264.6118,0.0000,0.0000,0.0000,0.0000,False,False,False,False,True,56003260000000000.0000,False
264.6776,0.0000,0.0000,0.0000,0.0000,False,False,False,False,True,56282680000000000.0000,False
264.7284,0.0000,0.0000,0.0000,0.0000,False,False,False,False,True,56562100000000000.0000,False
264.7772,0.0000,0.0000,0.0000,0.0000,False,False,False,False,True,56841530000000000.0000,False
264.8376,0.0000,0.0000,0.0000,0.0000,False,False,False,False,True,57027810000000000.0000,False
264.8872,0.0000,0.0000,0.0000,0.0000,False,False,False,False,True,57307230000000000.0000,False
264.9366,0.0000,0.0000,0.0000,0.0000,False,False,False,False,True,57586650000000000.0000,False
264.9981,0.0000,0.0000,0.0000,0.0000,False,False,False,False,True,57772930000000000.0000,False
265.0470,0.0000,0.0000,0.0000,0.0000,False,False,False,False,True,58052350000000000.0000,False
265.0970,0.0000,0.0000,0.0000,0.0000,False,False,False,False,True,44500130000000000.0000,False
265.1621,0.0000,0.0000,0.0000,0.0000,False,False,False,False,True,44634000000000000.0000,False
265.2158,0.0000,0.0000,0.0000,0.0000,False,False,False,False,True,64138360000000000.0000,False
265.2650,0.0000,0.0000,0.0000,0.0000,False,False,False,False,True,64331270000000000.0000,False
265.3269,0.0000,0.0000,0.0000,0.0000,False,False,False,False,True,62814270000000000.0000,False
265.3854,0.0000,0.0000,0.0000,0.0000,False,False,False,False,True,62323190000000000.0000,False
265.4423,0.0000,0.0000,0.0000,0.0000,False,False,False,False,True,61798270000000000.0000,False
265.5101,0.0000,0.0000,0.0000,0.0000,False,False,False,False,True,61279440000000000.0000,False
265.5650,0.0000,0.0000,0.0000,0.0000,False,False,False,False,True,60758570000000000.0000,False
265.6168,0.0000,0.0000,0.0000,0.0000,False,False,False,False,True,60237600000000000.0000,False
265.6819,0.0000,0.0000,0.0000,0.0000,False,False,False,False,True,59890310000000000.0000,False
265.7326,0.0000,0.0000,0.0000,0.0000,False,False,False,False,True,59195720000000000.0000,False
265.7817,0.0000,0.0000,0.0000,0.0000,False,False,False,False,True,58848420000000000.0000,False
265.8435,0.0000,0.0000,0.0000,0.0000,False,False,False,False,True,58327470000000000.0000,False
265.8919,0.0000,0.0000,0.0000,0.0000,False,False,False,False,True,57806520000000000.0000,False
265.9403,0.0000,0.0000,0.0000,0.0000,False,False,False,False,True,57459220000000000.0000,False
265.9999,0.0000,0.0000,0.0000,0.0000,False,False,False,False,True,56938270000000000.0000,False
266.0484,0.0000,0.0000,0.0000,0.0000,False,False,False,False,True,56590970000000000.0000,False
266.0999,0.0000,0.0000,0.0000,0.0000,False,False,False,False,True,56070020000000000.0000,False
266.1615,0.0000,0.0000,0.0000,0.0000,False,False,False,False,True,55722720000000000.0000,False
266.2167,0.0000,0.0000,0.0000,0.0000,False,False,False,False,True,55028120000000000.0000,False
266.2956,0.0000,0.0000,0.0000,0.0000,False,False,False,False,True,54680820000000000.0000,False
266.3617,0.0000,0.0000,0.0000,0.0000,False,False,False,False,True,53986220000000000.0000,False
266.4151,0.0000,0.0000,0.0000,0.0000,False,False,False,False,True,53291620000000000.0000,False
266.4665,0.0000,0.0000,0.0000,0.0000,False,False,False,False,True,52944320000000000.0000,False
266.5262,0.0000,0.0000,0.0000,0.0000,False,False,False,False,True,52423370000000000.0000,False
266.5807,0.0000,0.0000,0.0000,0.0000,False,False,False,False,True,51902420000000000.0000,False
266.6332,0.0000,0.0000,0.0000,0.0000,False,False,False,False,True,51381480000000000.0000,False
266.6985,0.0000,0.0000,0.0000,0.0000,False,False,False,False,True,51034180000000000.0000,False
266.7484,0.0000,0.0000,0.0000,0.0000,False,False,False,False,True,50513230000000000.0000,False
266.7976,0.0000,0.0000,0.0000,0.0000,False,False,False,False,True,49992280000000000.0000,False
266.8596,0.0000,0.0000,0.0000,0.0000,False,False,False,False,True,49644980000000000.0000,False
266.9093,0.0000,0.0000,0.0000,0.0000,False,False,False,False,True,49124030000000000.0000,False
266.9596,0.0000,0.0000,0.0000,0.0000,False,False,False,False,True,48603080000000000.0000,False
267.0634,0.0000,0.0000,0.0000,0.0000,False,False,False,False,True,48255780000000000.0000,False
267.1118,0.0000,0.0000,0.0000,0.0000,False,False,False,False,True,47213880000000000.0000,False
267.1758,0.0000,0.0000,0.0000,0.0000,False,False,False,False,True,46866580000000000.0000,False
267.2266,0.0000,0.0000,0.0000,0.0000,False,False,False,False,True,46345630000000000.0000,False
267.2757,0.0000,0.0000,0.0000,0.0000,False,False,False,False,True,45824680000000000.0000,False
267.3359,0.0000,0.0000,0.0000,0.0000,False,False,False,False,True,45477380000000000.0000,False
267.3884,0.0000,0.0000,0.0000,0.0000,False,False,False,False,True,44956430000000000.0000,False
267.4388,0.0000,0.0000,0.0000,0.0000,False,False,False,False,True,44435480000000000.0000,False
267.4991,0.0000,0.0000,0.0000,0.0000,False,False,False,False,True,44088180000000000.0000,False
267.5478,0.0000,0.0000,0.0000,0.0000,False,False,False,False,True,43567230000000000.0000,False
267.5997,0.0000,0.0000,0.0000,0.0000,False,False,False,False,True,43046280000000000.0000,False
267.6666,0.0000,0.0000,0.0000,0.0000,False,False,False,False,True,42698980000000000.0000,False
267.7201,0.0000,0.0000,0.0000,0.0000,False,False,False,False,True,42004390000000000.0000,False
267.7726,0.0000,0.0000,0.0000,0.0000,False,False,False,False,True,41657090000000000.0000,False
267.8405,0.0000,0.0000,0.0000,0.0000,False,False,False,False,True,41136140000000000.0000,False
267.8946,0.0000,0.0000,0.0000,0.0000,False,False,False,False,True,40441540000000000.0000,False
267.9431,0.0000,0.0000,0.0000,0.0000,False,False,False,False,True,40094240000000000.0000,False
268.0034,0.0000,0.0000,0.0000,0.0000,False,False,False,False,True,39573290000000000.0000,False
268.0523,0.0000,0.0000,0.0000,0.0000,False,False,False,False,True,39052340000000000.0000,False
268.1019,0.0000,0.0000,0.0000,0.0000,False,False,False,False,True,38705040000000000.0000,False
268.1626,0.0000,0.0000,0.0000,0.0000,False,False,False,False,True,38184090000000000.0000,False
268.2150,0.0000,0.0000,0.0000,0.0000,False,False,False,False,True,37663140000000000.0000,False
268.2675,0.0000,0.0000,0.0000,0.0000,False,False,False,False,True,37315840000000000.0000,False
268.3305,0.0000,0.0000,0.0000,0.0000,False,False,False,False,True,36794890000000000.0000,False
268.3869,0.0000,0.0000,0.0000,0.0000,False,False,False,False,True,36273940000000000.0000,False
268.4381,0.0000,0.0000,0.0000,0.0000,False,False,False,False,True,35752990000000000.0000,False
268.4989,0.0000,0.0000,0.0000,0.0000,False,False,False,False,True,35405690000000000.0000,False
268.5536,0.0000,0.0000,0.0000,0.0000,False,False,False,False,True,34884740000000000.0000,False
268.6103,0.0000,0.0000,0.0000,0.0000,False,False,False,False,True,34363790000000000.0000,False
268.6699,0.0000,0.0000,0.0000,0.0000,False,False,False,False,True,33842840000000000.0000,False
268.7216,0.0000,0.0000,0.0000,0.0000,False,False,False,False,True,33321890000000000.0000,False
268.7705,0.0000,0.0000,0.0000,0.0000,False,False,False,False,True,32800940000000000.0000,False
268.8326,0.0000,0.0000,0.0000,0.0000,False,False,False,False,True,32453640000000000.0000,False
268.8822,0.0000,0.0000,0.0000,0.0000,False,False,False,False,True,31932700000000000.0000,False
268.9361,0.0000,0.0000,0.0000,0.0000,False,False,False,False,True,31411750000000000.0000,False
268.9954,0.0000,0.0000,0.0000,0.0000,False,False,False,False,True,31064450000000000.0000,False
269.0469,0.0000,0.0000,0.0000,0.0000,False,False,False,False,True,20128010000000000.0000,False
269.0963,0.0000,0.0000,0.0000,0.0000,False,False,False,False,True,20008360000000000.0000,False
269.1566,0.0000,0.0000,0.0000,0.0000,False,False,False,False,True,19634690000000000.0000,False
269.2099,0.0000,0.0000,0.0000,0.0000,False,False,False,False,True,18657520000000000.0000,False
269.2605,0.0000,0.0000,0.0000,0.0000,False,False,False,False,True,18074880000000000.0000,False
269.3335,0.0000,0.0000,0.0000,0.0000,False,False,False,False,True,17498050000000000.0000,False
269.3852,0.0000,0.0000,0.0000,0.0000,False,False,False,False,True,16926660000000000.0000,False
269.4353,0.0000,0.0000,0.0000,0.0000,False,False,False,False,True,16456070000000000.0000,False
269.4957,0.0000,0.0000,0.0000,0.0000,False,False,False,False,True,13330140000000000.0000,False
269.5467,0.0000,0.0000,0.0000,0.0000,False,False,False,False,True,13200310000000000.0000,False
269.5983,0.0000,0.0000,0.0000,0.0000,False,False,False,False,True,13245450000000000.0000,False
269.6597,0.0000,0.0000,0.0000,0.0000,False,False,False,False,True,13287290000000000.0000,False
269.7126,0.0000,0.0000,0.0000,0.0000,False,False,False,False,True,13518560000000000.0000,False
269.7622,0.0000,0.0000,0.0000,0.0000,False,False,False,False,True,13773970000000000.0000,False
269.8254,0.0000,0.0000,0.0000,0.0000,False,False,False,False,True,13852920000000000.0000,False
269.8787,0.0000,0.0000,0.0000,0.0000,False,False,False,False,True,13981530000000000.0000,False
269.9273,0.0000,0.0000,0.0000,0.0000,False,False,False,False,True,14062380000000000.0000,False
269.9918,0.0000,0.0000,0.0000,0.0000,False,False,False,False,True,14184080000000000.0000,False
270.0465,0.0000,0.0000,0.0000,0.0000,False,False,False,False,True,8671210000000000.0000,False
270.1009,0.0000,0.0000,0.0000,0.0000,False,False,False,False,True,9156644000000000.0000,False
270.1610,0.0000,0.0000,0.0000,0.0000,False,False,False,False,True,9628587000000000.0000,False
270.2126,0.0000,0.0000,0.0000,0.0000,False,False,False,False,True,10092360000000000.0000,False
270.2614,0.0000,0.0000,0.0000,0.0000,False,False,False,False,True,10334220000000000.0000,False
270.3235,0.0000,0.0000,0.0000,0.0000,False,False,False,False,True,10742950000000000.0000,False
270.3749,0.0000,0.0000,0.0000,0.0000,False,False,False,False,True,11132300000000000.0000,False
270.4271,0.0000,0.0000,0.0000,0.0000,False,False,False,False,True,11396270000000000.0000,False
270.4875,0.0000,0.0000,0.0000,0.0000,False,False,False,False,True,11801720000000000.0000,False
270.5370,0.0000,0.0000,0.0000,0.0000,False,False,False,False,True,12203520000000000.0000,False
270.5874,0.0000,0.0000,0.0000,0.0000,False,False,False,False,True,12471320000000000.0000,False
270.6494,0.0000,0.0000,0.0000,0.0000,False,False,False,False,True,12873030000000000.0000,False
270.7033,0.0000,0.0000,0.0000,0.0000,False,False,False,False,True,13274740000000000.0000,False
270.7577,0.0000,0.0000,0.0000,0.0000,False,False,False,False,True,13676440000000000.0000,False
270.8246,0.0000,0.0000,0.0000,0.0000,False,False,False,False,True,13944250000000000.0000,False
270.8814,0.0000,0.0000,0.0000,0.0000,False,False,False,False,True,14479860000000000.0000,False
270.9312,0.0000,0.0000,0.0000,0.0000,False,False,False,False,True,15061950000000000.0000,False
270.9912,0.0000,0.0000,0.0000,0.0000,False,False,False,False,True,15353000000000000.0000,False
271.0410,0.0000,0.0000,0.0000,0.0000,False,False,False,False,True,15721950000000000.0000,False
271.0901,0.0000,0.0000,0.0000,0.0000,False,False,False,False,True,16110690000000000.0000,False
271.1503,0.0000,0.0000,0.0000,0.0000,False,False,False,False,True,16375230000000000.0000,False
271.2019,0.0000,0.0000,0.0000,0.0000,False,False,False,False,True,16772150000000000.0000,False
271.2570,0.0000,0.0000,0.0000,0.0000,False,False,False,False,True,15016490000000000.0000,False
271.3195,0.0000,0.0000,0.0000,0.0000,False,False,False,False,True,15276500000000000.0000,False
271.3708,0.0000,0.0000,0.0000,0.0000,False,False,False,False,True,15641930000000000.0000,False
271.4230,0.0000,0.0000,0.0000,0.0000,False,False,False,False,True,12852930000000000.0000,False
271.4862,0.0000,0.0000,0.0000,0.0000,False,False,False,False,True,13228530000000000.0000,False
271.5412,0.0000,0.0000,0.0000,0.0000,False,False,False,False,True,13628880000000000.0000,False
271.5986,0.0000,0.0000,0.0000,0.0000,False,False,False,False,True,14029290000000000.0000,False
271.6636,0.0000,0.0000,0.0000,0.0000,False,False,False,False,True,14296230000000000.0000,False
271.7166,0.0000,0.0000,0.0000,0.0000,False,False,False,False,True,14830120000000000.0000,False
271.7713,0.0000,0.0000,0.0000,0.0000,False,False,False,False,True,15075520000000000.0000,False
271.8341,0.0000,0.0000,0.0000,0.0000,False,False,False,False,True,15548610000000000.0000,False
271.8848,0.0000,0.0000,0.0000,0.0000,False,False,False,False,True,15969560000000000.0000,False
271.9341,0.0000,0.0000,0.0000,0.0000,False,False,False,False,True,16351870000000000.0000,False
271.9964,0.0000,0.0000,0.0000,0.0000,False,False,False,False,True,16618300000000000.0000,False
272.0467,0.0000,0.0000,0.0000,0.0000,False,False,False,False,True,17016450000000000.0000,False
272.0960,0.0000,0.0000,0.0000,0.0000,False,False,False,False,True,17415350000000000.0000,False
272.1563,0.0000,0.0000,0.0000,0.0000,False,False,False,False,True,17680960000000000.0000,False
272.2065,0.0000,0.0000,0.0000,0.0000,False,False,False,False,True,18079290000000000.0000,False
272.2594,0.0000,0.0000,0.0000,0.0000,False,False,False,False,True,18727390000000000.0000,False
272.3275,0.0000,0.0000,0.0000,0.0000,False,False,False,False,True,18993540000000000.0000,False
272.3869,0.0000,0.0000,0.0000,0.0000,False,False,False,False,True,19528610000000000.0000,False
272.4393,0.0000,0.0000,0.0000,0.0000,False,False,False,False,True,19929580000000000.0000,False
272.4991,0.0000,0.0000,0.0000,0.0000,False,False,False,False,True,20196910000000000.0000,False
272.5477,0.0000,0.0000,0.0000,0.0000,False,False,False,False,True,20597910000000000.0000,False
272.5971,0.0000,0.0000,0.0000,0.0000,False,False,False,False,True,20877770000000000.0000,False
272.6581,0.0000,0.0000,0.0000,0.0000,False,False,False,False,True,21146210000000000.0000,False
272.7074,0.0000,0.0000,0.0000,0.0000,False,False,False,False,True,21616650000000000.0000,False
272.7596,0.0000,0.0000,0.0000,0.0000,False,False,False,False,True,21937130000000000.0000,False
272.8221,0.0000,0.0000,0.0000,0.0000,False,False,False,False,True,22163910000000000.0000,False
272.8757,0.0000,0.0000,0.0000,0.0000,False,False,False,False,True,22618400000000000.0000,False
272.9247,0.0000,0.0000,0.0000,0.0000,False,False,False,False,True,22841980000000000.0000,False
272.9847,0.0000,0.0000,0.0000,0.0000,False,False,False,False,True,23183310000000000.0000,False
273.0344,0.0000,0.0000,0.0000,0.0000,False,False,False,False,True,23524070000000000.0000,False
273.0839,0.0000,0.0000,0.0000,0.0000,False,False,False,False,True,23751050000000000.0000,False
273.1562,0.0000,0.0000,0.0000,0.0000,False,False,False,False,True,24091310000000000.0000,False
273.2052,0.0000,0.0000,0.0000,0.0000,False,False,False,False,True,24431580000000000.0000,False
273.2574,0.0000,0.0000,0.0000,0.0000,False,False,False,False,True,24771840000000000.0000,False
273.3193,0.0000,0.0000,0.0000,0.0000,False,False,False,False,True,24998690000000000.0000,False
273.3703,0.0000,0.0000,0.0000,0.0000,False,False,False,False,True,25320490000000000.0000,False
273.4226,0.0000,0.0000,0.0000,0.0000,False,False,False,False,True,25642640000000000.0000,False
273.4839,0.0000,0.0000,0.0000,0.0000,False,False,False,False,True,26077000000000000.0000,False
273.5350,0.0000,0.0000,0.0000,0.0000,False,False,False,False,True,26324640000000000.0000,False
273.5843,0.0000,0.0000,0.0000,0.0000,False,False,False,False,True,26480770000000000.0000,False
273.6480,0.0000,0.0000,0.0000,0.0000,False,False,False,False,True,26714210000000000.0000,False
273.7011,0.0000,0.0000,0.0000,0.0000,False,False,False,False,True,26948000000000000.0000,False
273.7533,0.0000,0.0000,0.0000,0.0000,False,False,False,False,True,27181760000000000.0000,False
273.8150,0.0000,0.0000,0.0000,0.0000,False,False,False,False,True,27337600000000000.0000,False
273.8659,0.0000,0.0000,0.0000,0.0000,False,False,False,False,True,27571360000000000.0000,False
273.9240,0.0000,0.0000,0.0000,0.0000,False,False,False,False,True,27805110000000000.0000,False
273.9833,0.0000,0.0000,0.0000,0.0000,False,False,False,False,True,28038870000000000.0000,False
274.0315,0.0000,0.0000,0.0000,0.0000,False,False,False,False,True,28272630000000000.0000,False
274.0858,0.0000,0.0000,0.0000,0.0000,False,False,False,False,True,28428470000000000.0000,False
274.1452,0.0000,0.0000,0.0000,0.0000,False,False,False,False,True,28662230000000000.0000,False
274.1939,0.0000,0.0000,0.0000,0.0000,False,False,False,False,True,28895980000000000.0000,False
274.2464,0.0000,0.0000,0.0000,0.0000,False,False,False,False,True,29051820000000000.0000,False
274.3107,0.0000,0.0000,0.0000,0.0000,False,False,False,False,True,29285580000000000.0000,False
274.3609,0.0000,0.0000,0.0000,0.0000,False,False,False,False,True,29519340000000000.0000,False
274.4103,0.0000,0.0000,0.0000,0.0000,False,False,False,False,True,29753100000000000.0000,False
274.4889,0.0000,0.0000,0.0000,0.0000,False,False,False,False,True,29908930000000000.0000,False
274.5381,0.0000,0.0000,0.0000,0.0000,False,False,False,False,True,30220610000000000.0000,False
274.5884,0.0000,0.0000,0.0000,0.0000,False,False,False,False,True,30376450000000000.0000,False
274.6501,0.0000,0.0000,0.0000,0.0000,False,False,False,False,True,30610210000000000.0000,False
274.7062,0.0000,0.0000,0.0000,0.0000,False,False,False,False,True,30843970000000000.0000,False
274.7650,0.0000,0.0000,0.0000,0.0000,False,False,False,False,True,31077720000000000.0000,False
274.8281,0.0000,0.0000,0.0000,0.0000,False,False,False,False,True,31311480000000000.0000,False
274.8817,0.0000,0.0000,0.0000,0.0000,False,False,False,False,True,31545240000000000.0000,False
274.9308,0.0000,0.0000,0.0000,0.0000,False,False,False,False,True,31779000000000000.0000,False
274.9903,0.0000,0.0000,0.0000,0.0000,False,False,False,False,True,31934840000000000.0000,False
275.0417,0.0000,0.0000,0.0000,0.0000,False,False,False,False,True,32168590000000000.0000,False
275.0934,0.0000,0.0000,0.0000,0.0000,False,False,False,False,True,32402350000000000.0000,False
275.1524,0.0000,0.0000,0.0000,0.0000,False,False,False,False,True,32558190000000000.0000,False
275.2017,0.0000,0.0000,0.0000,0.0000,False,False,False,False,True,32791950000000000.0000,False
275.2545,0.0000,0.0000,0.0000,0.0000,False,False,False,False,True,33025710000000000.0000,False
275.3169,0.0000,0.0000,0.0000,0.0000,False,False,False,False,True,33181550000000000.0000,False
275.3759,0.0000,0.0000,0.0000,0.0000,False,False,False,False,True,33415300000000000.0000,False
275.4254,0.0000,0.0000,0.0000,0.0000,False,False,False,False,True,33649060000000000.0000,False
275.4919,0.0000,0.0000,0.0000,0.0000,False,False,False,False,True,33882820000000000.0000,False
275.5459,0.0000,0.0000,0.0000,0.0000,False,False,False,False,True,34116580000000000.0000,False
275.5948,0.0000,0.0000,0.0000,0.0000,False,False,False,False,True,35099880000000000.0000,False
275.6562,0.0000,0.0000,0.0000,0.0000,False,False,False,False,True,35272160000000000.0000,False
275.7080,0.0000,0.0000,0.0000,0.0000,False,False,False,False,True,35535280000000000.0000,False
275.7602,0.0000,0.0000,0.0000,0.0000,False,False,False,False,True,35752610000000000.0000,False
275.8224,0.0000,0.0000,0.0000,0.0000,False,False,False,False,True,35875150000000000.0000,False
275.8732,0.0000,0.0000,0.0000,0.0000,False,False,False,False,True,36126420000000000.0000,False
275.9217,0.0000,0.0000,0.0000,0.0000,False,False,False,False,True,36242500000000000.0000,False
275.9834,0.0000,0.0000,0.0000,0.0000,False,False,False,False,True,36416220000000000.0000,False
276.0319,0.0000,0.0000,0.0000,0.0000,False,False,False,False,True,36591220000000000.0000,False
276.0818,0.0000,0.0000,0.0000,0.0000,False,False,False,False,True,36711850000000000.0000,False
276.1428,0.0000,0.0000,0.0000,0.0000,False,False,False,False,True,36889170000000000.0000,False
276.1918,0.0000,0.0000,0.0000,0.0000,False,False,False,False,True,37066710000000000.0000,False
276.2445,0.0000,0.0000,0.0000,0.0000,False,False,False,False,True,37184330000000000.0000,False
276.3170,0.0000,0.0000,0.0000,0.0000,False,False,False,False,True,37361870000000000.0000,False
276.3671,0.0000,0.0000,0.0000,0.0000,False,False,False,False,True,37539070000000000.0000,False
276.4161,0.0000,0.0000,0.0000,0.0000,False,False,False,False,True,37716350000000000.0000,False
276.4779,0.0000,0.0000,0.0000,0.0000,False,False,False,False,True,37834380000000000.0000,False
276.5313,0.0000,0.0000,0.0000,0.0000,False,False,False,False,True,38011590000000000.0000,False
276.5803,0.0000,0.0000,0.0000,0.0000,False,False,False,False,True,38188800000000000.0000,False
276.6407,0.0000,0.0000,0.0000,0.0000,False,False,False,False,True,38306940000000000.0000,False
276.6900,0.0000,0.0000,0.0000,0.0000,False,False,False,False,True,38543210000000000.0000,False
276.7407,0.0000,0.0000,0.0000,0.0000,False,False,False,False,True,38661350000000000.0000,False
276.8063,0.0000,0.0000,0.0000,0.0000,False,False,False,False,True,38838560000000000.0000,False
276.8590,0.0000,0.0000,0.0000,0.0000,False,False,False,False,True,38733600000000000.0000,False
276.9136,0.0000,0.0000,0.0000,0.0000,False,False,False,False,True,38845430000000000.0000,False
276.9731,0.0000,0.0000,0.0000,0.0000,False,False,False,False,True,38058810000000000.0000,False
277.0250,0.0000,0.0000,0.0000,0.0000,False,False,False,False,True,38215120000000000.0000,False
277.0792,0.0000,0.0000,0.0000,0.0000,False,False,False,False,True,38390290000000000.0000,False
277.1389,0.0000,0.0000,0.0000,0.0000,False,False,False,False,True,38499650000000000.0000,False
277.1875,0.0000,0.0000,0.0000,0.0000,False,False,False,False,True,38663760000000000.0000,False
277.2374,0.0000,0.0000,0.0000,0.0000,False,False,False,False,True,38827880000000000.0000,False
277.3028,0.0000,0.0000,0.0000,0.0000,False,False,False,False,True,38937290000000000.0000,False
277.3535,0.0000,0.0000,0.0000,0.0000,False,False,False,False,True,39619610000000000.0000,False
277.4081,0.0000,0.0000,0.0000,0.0000,False,False,False,False,True,39696660000000000.0000,False
277.4683,0.0000,0.0000,0.0000,0.0000,False,False,False,False,True,39902240000000000.0000,False
277.5183,0.0000,0.0000,0.0000,0.0000,False,False,False,False,True,40147010000000000.0000,False
277.5674,0.0000,0.0000,0.0000,0.0000,False,False,False,False,True,40310750000000000.0000,False
277.6310,0.0000,0.0000,0.0000,0.0000,False,False,False,False,True,40556680000000000.0000,False
277.6825,0.0000,0.0000,0.0000,0.0000,False,False,False,False,True,40802510000000000.0000,False
277.7322,0.0000,0.0000,0.0000,0.0000,False,False,False,False,True,41628510000000000.0000,False
277.7968,0.0000,0.0000,0.0000,0.0000,False,False,False,False,True,41792970000000000.0000,False
277.8549,0.0000,0.0000,0.0000,0.0000,False,False,False,False,True,42039780000000000.0000,False
277.9027,0.0000,0.0000,0.0000,0.0000,False,False,False,False,True,42286550000000000.0000,False
277.9651,0.0000,0.0000,0.0000,0.0000,False,False,False,False,True,42533320000000000.0000,False
278.0128,0.0000,0.0000,0.0000,0.0000,False,False,False,False,True,42780090000000000.0000,False
278.0618,0.0000,0.0000,0.0000,0.0000,False,False,False,False,True,42944600000000000.0000,False
278.1230,0.0000,0.0000,0.0000,0.0000,False,False,False,False,True,43197610000000000.0000,False
278.1710,0.0000,0.0000,0.0000,0.0000,False,False,False,False,True,43439930000000000.0000,False
278.2199,0.0000,0.0000,0.0000,0.0000,False,False,False,False,True,43601460000000000.0000,False
278.2876,0.0000,0.0000,0.0000,0.0000,False,False,False,False,True,43762990000000000.0000,False
278.3386,0.0000,0.0000,0.0000,0.0000,False,False,False,False,True,44086060000000000.0000,False
278.3895,0.0000,0.0000,0.0000,0.0000,False,False,False,False,True,44247590000000000.0000,False
278.4502,0.0000,0.0000,0.0000,0.0000,False,False,False,False,True,44489900000000000.0000,False
278.4992,0.0000,0.0000,0.0000,0.0000,False,False,False,False,True,44732200000000000.0000,False
278.5789,0.0000,0.0000,0.0000,0.0000,False,False,False,False,True,44893730000000000.0000,False
278.6420,0.0000,0.0000,0.0000,0.0000,False,False,False,False,True,45216800000000000.0000,False
278.6975,0.0000,0.0000,0.0000,0.0000,False,False,False,False,True,45539860000000000.0000,False
278.7461,0.0000,0.0000,0.0000,0.0000,False,False,False,False,True,45701400000000000.0000,False
278.8106,0.0000,0.0000,0.0000,0.0000,False,False,False,False,True,45943700000000000.0000,False
278.8608,0.0000,0.0000,0.0000,0.0000,False,False,False,False,True,46186000000000000.0000,False
278.9106,0.0000,0.0000,0.0000,0.0000,False,False,False,False,True,46428300000000000.0000,False
278.9707,0.0000,0.0000,0.0000,0.0000,False,False,False,False,True,46589830000000000.0000,False
279.0198,0.0000,0.0000,0.0000,0.0000,False,False,False,False,True,46832130000000000.0000,False
279.0715,0.0000,0.0000,0.0000,0.0000,False,False,False,False,True,46993670000000000.0000,False
279.1308,0.0000,0.0000,0.0000,0.0000,False,False,False,False,True,47235970000000000.0000,False
279.1796,0.0000,0.0000,0.0000,0.0000,False,False,False,False,True,47478270000000000.0000,False
279.2296,0.0000,0.0000,0.0000,0.0000,False,False,False,False,True,47639800000000000.0000,False
279.2999,0.0000,0.0000,0.0000,0.0000,False,False,False,False,True,47882100000000000.0000,False
279.3508,0.0000,0.0000,0.0000,0.0000,False,False,False,False,True,48124400000000000.0000,False
279.4004,0.0000,0.0000,0.0000,0.0000,False,False,False,False,True,48366700000000000.0000,False
279.4681,0.0000,0.0000,0.0000,0.0000,False,False,False,False,True,48609010000000000.0000,False
279.5171,0.0000,0.0000,0.0000,0.0000,False,False,False,False,True,48851310000000000.0000,False
279.5667,0.0000,0.0000,0.0000,0.0000,False,False,False,False,True,49012840000000000.0000,False
279.6273,0.0000,0.0000,0.0000,0.0000,False,False,False,False,True,49255140000000000.0000,False
279.6806,0.0000,0.0000,0.0000,0.0000,False,False,False,False,True,49497440000000000.0000,False
279.7303,0.0000,0.0000,0.0000,0.0000,False,False,False,False,True,49739740000000000.0000,False
279.7953,0.0000,0.0000,0.0000,0.0000,False,False,False,False,True,49901280000000000.0000,False
279.8458,0.0000,0.0000,0.0000,0.0000,False,False,False,False,True,50143580000000000.0000,False
279.8945,0.0000,0.0000,0.0000,0.0000,False,False,False,False,True,50385880000000000.0000,False
279.9543,0.0000,0.0000,0.0000,0.0000,False,False,False,False,True,50547410000000000.0000,False
280.0083,0.0000,0.0000,0.0000,0.0000,False,False,False,False,True,50789710000000000.0000,False
280.0605,0.0000,0.0000,0.0000,0.0000,False,False,False,False,True,51032010000000000.0000,False
280.1206,0.0000,0.0000,0.0000,0.0000,False,False,False,False,True,51274310000000000.0000,False
280.1693,0.0000,0.0000,0.0000,0.0000,False,False,False,False,True,51516610000000000.0000,False
280.2220,0.0000,0.0000,0.0000,0.0000,False,False,False,False,True,51678150000000000.0000,False
280.2936,0.0000,0.0000,0.0000,0.0000,False,False,False,False,True,51920450000000000.0000,False
280.3455,0.0000,0.0000,0.0000,0.0000,False,False,False,False,True,52162750000000000.0000,False
280.4138,0.0000,0.0000,0.0000,0.0000,False,False,False,False,True,52405050000000000.0000,False
280.4772,0.0000,0.0000,0.0000,0.0000,False,False,False,False,True,52647350000000000.0000,False
280.5277,0.0000,0.0000,0.0000,0.0000,False,False,False,False,True,52889650000000000.0000,False
280.5780,0.0000,0.0000,0.0000,0.0000,False,False,False,False,True,53131950000000000.0000,False
280.6389,0.0000,0.0000,0.0000,0.0000,False,False,False,False,True,53293480000000000.0000,False
280.6903,0.0000,0.0000,0.0000,0.0000,False,False,False,False,True,53535780000000000.0000,False
280.7425,0.0000,0.0000,0.0000,0.0000,False,False,False,False,True,53778080000000000.0000,False
280.8090,0.0000,0.0000,0.0000,0.0000,False,False,False,False,True,54020380000000000.0000,False
280.8590,0.0000,0.0000,0.0000,0.0000,False,False,False,False,True,54262690000000000.0000,False
280.9070,0.0000,0.0000,0.0000,0.0000,False,False,False,False,True,54424220000000000.0000,False
280.9657,0.0000,0.0000,0.0000,0.0000,False,False,False,False,True,54666520000000000.0000,False
281.0137,0.0000,0.0000,0.0000,0.0000,False,False,False,False,True,54908820000000000.0000,False
281.0675,0.0000,0.0000,0.0000,0.0000,False,False,False,False,True,55070350000000000.0000,False
281.1318,0.0000,0.0000,0.0000,0.0000,False,False,False,False,True,55312650000000000.0000,False
281.1855,0.0000,0.0000,0.0000,0.0000,False,False,False,False,True,55554960000000000.0000,False
281.2427,0.0000,0.0000,0.0000,0.0000,False,False,False,False,True,55797260000000000.0000,False
281.3077,0.0000,0.0000,0.0000,0.0000,False,False,False,False,True,56039560000000000.0000,False
281.3575,0.0000,0.0000,0.0000,0.0000,False,False,False,False,True,56281860000000000.0000,False
281.4068,0.0000,0.0000,0.0000,0.0000,False,False,False,False,True,56443390000000000.0000,False
281.4672,0.0000,0.0000,0.0000,0.0000,False,False,False,False,True,56685690000000000.0000,False
281.5167,0.0000,0.0000,0.0000,0.0000,False,False,False,False,True,56927990000000000.0000,False
281.5684,0.0000,0.0000,0.0000,0.0000,False,False,False,False,True,57089530000000000.0000,False
281.6287,0.0000,0.0000,0.0000,0.0000,False,False,False,False,True,57331830000000000.0000,False
281.6789,0.0000,0.0000,0.0000,0.0000,False,False,False,False,True,57574130000000000.0000,False
281.7283,0.0000,0.0000,0.0000,0.0000,False,False,False,False,True,57735660000000000.0000,False
281.7938,0.0000,0.0000,0.0000,0.0000,False,False,False,False,True,57977960000000000.0000,False
281.8439,0.0000,0.0000,0.0000,0.0000,False,False,False,False,True,58220260000000000.0000,False
281.8931,0.0000,0.0000,0.0000,0.0000,False,False,False,False,True,58462560000000000.0000,False
281.9580,0.0000,0.0000,0.0000,0.0000,False,False,False,False,True,58624100000000000.0000,False
282.0116,0.0000,0.0000,0.0000,0.0000,False,False,False,False,True,58866400000000000.0000,False
282.0604,0.0000,0.0000,0.0000,0.0000,False,False,False,False,True,59108700000000000.0000,False
282.1310,0.0000,0.0000,0.0000,0.0000,False,False,False,False,True,59351010000000000.0000,False
282.1796,0.0000,0.0000,0.0000,0.0000,False,False,False,False,True,59593350000000000.0000,False
282.2278,0.0000,0.0000,0.0000,0.0000,False,False,False,False,True,59754910000000000.0000,False
282.2907,0.0000,0.0000,0.0000,0.0000,False,False,False,False,True,59997250000000000.0000,False
282.3429,0.0000,0.0000,0.0000,0.0000,False,False,False,False,True,60239590000000000.0000,False
282.3913,0.0000,0.0000,0.0000,0.0000,False,False,False,False,True,60481930000000000.0000,False
282.4525,0.0000,0.0000,0.0000,0.0000,False,False,False,False,True,60643490000000000.0000,False
282.5039,0.0000,0.0000,0.0000,0.0000,False,False,False,False,True,60885830000000000.0000,False
282.5522,0.0000,0.0000,0.0000,0.0000,False,False,False,False,True,61128160000000000.0000,False
282.6122,0.0000,0.0000,0.0000,0.0000,False,False,False,False,True,61289720000000000.0000,False
282.6718,0.0000,0.0000,0.0000,0.0000,False,False,False,False,True,61532060000000000.0000,False
282.7335,0.0000,0.0000,0.0000,0.0000,False,False,False,False,True,61774400000000000.0000,False
282.7939,0.0000,0.0000,0.0000,0.0000,False,False,False,False,True,62016740000000000.0000,False
282.8452,0.0000,0.0000,0.0000,0.0000,False,False,False,False,True,62259080000000000.0000,False
282.8939,0.0000,0.0000,0.0000,0.0000,False,False,False,False,True,62501420000000000.0000,False
282.9557,0.0000,0.0000,0.0000,0.0000,False,False,False,False,True,62662980000000000.0000,False
283.0061,0.0000,0.0000,0.0000,0.0000,False,False,False,False,True,62905320000000000.0000,False
283.0568,0.0000,0.0000,0.0000,0.0000,False,False,False,False,True,63147660000000000.0000,False
283.1165,0.0000,0.0000,0.0000,0.0000,False,False,False,False,True,63309220000000000.0000,False
283.1647,0.0000,0.0000,0.0000,0.0000,False,False,False,False,True,63551560000000000.0000,False
283.2331,0.0000,0.0000,0.0000,0.0000,False,False,False,False,True,63793900000000000.0000,False
283.3325,0.0000,0.0000,0.0000,0.0000,False,False,False,False,True,64036240000000000.0000,False
283.3835,0.0000,0.0000,0.0000,0.0000,False,False,False,False,True,64440130000000000.0000,False
283.4447,0.0000,0.0000,0.0000,0.0000,False,False,False,False,True,64682470000000000.0000,False
283.4990,0.0000,0.0000,0.0000,0.0000,False,False,False,False,True,64924810000000000.0000,False
283.5548,0.0000,0.0000,0.0000,0.0000,False,False,False,False,True,65086370000000000.0000,False
283.6181,0.0000,0.0000,0.0000,0.0000,False,False,False,False,True,65328710000000000.0000,False
283.6684,0.0000,0.0000,0.0000,0.0000,False,False,False,False,True,65571050000000000.0000,False
283.7184,0.0000,0.0000,0.0000,0.0000,False,False,False,False,True,65813390000000000.0000,False
283.7781,0.0000,0.0000,0.0000,0.0000,False,False,False,False,True,65974950000000000.0000,False
283.8298,0.0000,0.0000,0.0000,0.0000,False,False,False,False,True,66217290000000000.0000,False
283.8817,0.0000,0.0000,0.0000,0.0000,False,False,False,False,True,66459630000000000.0000,False
283.9440,0.0000,0.0000,0.0000,0.0000,False,False,False,False,True,66701970000000000.0000,False
283.9955,0.0000,0.0000,0.0000,0.0000,False,False,False,False,True,66944310000000000.0000,False
284.0453,0.0000,0.0000,0.0000,0.0000,False,False,False,False,True,67105870000000000.0000,False
284.1049,0.0000,0.0000,0.0000,0.0000,False,False,False,False,True,67348210000000000.0000,False
284.1540,0.0000,0.0000,0.0000,0.0000,False,False,False,False,True,67590540000000000.0000,False
284.2062,0.0000,0.0000,0.0000,0.0000,False,False,False,False,True,67752100000000000.0000,False
284.2722,0.0000,0.0000,0.0000,0.0000,False,False,False,False,True,67994440000000000.0000,False
284.3211,0.0000,0.0000,0.0000,0.0000,False,False,False,False,True,68236780000000000.0000,False
284.3738,0.0000,0.0000,0.0000,0.0000,False,False,False,False,True,68479120000000000.0000,False
284.4357,0.0000,0.0000,0.0000,0.0000,False,False,False,False,True,68640680000000000.0000,False
284.4865,0.0000,0.0000,0.0000,0.0000,False,False,False,False,True,68883020000000000.0000,False
284.5413,0.0000,0.0000,0.0000,0.0000,False,False,False,False,True,69125360000000000.0000,False
284.6037,0.0000,0.0000,0.0000,0.0000,False,False,False,False,True,69367700000000000.0000,False
284.6560,0.0000,0.0000,0.0000,0.0000,False,False,False,False,True,69610040000000000.0000,False
284.7083,0.0000,0.0000,0.0000,0.0000,False,False,False,False,True,69771600000000000.0000,False
284.7757,0.0000,0.0000,0.0000,0.0000,False,False,False,False,True,70013940000000000.0000,False
