Time,Accel,Brake,Car_Speed,Car_AutoSpeed,Car_AutoStatus,Bike_A_Status,Bike_B_Status,Bike_C_Status,Bike_D_Status,Bike_Distance,Vibrate_Status,BPM
0.0200,0.0000,0.0000,0.0000,0.0000,False,False,False,False,False,0.0000,False
0.0400,0.0000,0.0000,0.7049,0.0000,False,False,False,False,False,0.0000,False
0.3733,0.0000,0.0000,1.1529,0.0000,False,False,False,False,False,0.0000,False
0.4602,0.0000,0.0000,0.2300,0.0000,False,False,False,False,False,0.0000,False
0.5126,0.0000,0.0000,0.0643,0.0000,False,False,False,False,False,0.0000,False
0.5621,0.0000,0.0000,0.0708,0.0000,False,False,False,False,False,0.0000,False
0.6188,0.0000,0.0000,0.0932,0.0000,False,False,False,False,False,0.0000,False
0.6758,0.0000,0.0000,0.0868,0.0000,False,False,False,False,False,0.0000,False
0.7312,0.0000,0.0000,0.0619,0.0000,False,False,False,False,False,0.0000,False
0.7789,0.0000,0.0000,0.0444,0.0000,False,False,False,False,False,0.0000,False
0.8272,0.0000,0.0000,0.0231,0.0000,False,False,False,False,False,0.0000,False
0.8770,0.0000,0.0000,0.0130,0.0000,False,False,False,False,False,0.0000,False
0.9300,0.0000,0.0000,0.0038,0.0000,False,False,False,False,False,0.0000,False
0.9797,0.0000,0.0000,0.0015,0.0000,False,False,False,False,False,0.0000,False
1.0299,0.0000,0.0000,0.0026,0.0000,False,False,False,False,False,0.0000,False
1.0771,0.0000,0.0000,0.0028,0.0000,False,False,False,False,False,0.0000,False
1.1243,0.0000,0.0000,0.0023,0.0000,False,False,False,False,False,0.0000,False
1.1760,0.0000,0.0000,0.0018,0.0000,False,False,False,False,False,0.0000,False
1.2254,0.0000,0.0000,0.0011,0.0000,False,False,False,False,False,0.0000,False
1.2739,0.0000,0.0000,0.0007,0.0000,False,False,False,False,False,0.0000,False
1.3224,0.0000,0.0000,0.0002,0.0000,False,False,False,False,False,0.0000,False
1.3709,0.0000,0.0000,0.0001,0.0000,False,False,False,False,False,0.0000,False
1.4246,0.0000,0.0000,0.0001,0.0000,False,False,False,False,False,0.0000,False
1.4745,0.0000,0.0000,0.0001,0.0000,False,False,False,False,False,0.0000,False
1.5253,0.0000,0.0000,0.0001,0.0000,False,False,False,False,False,0.0000,False
1.5747,0.0000,0.0000,0.0001,0.0000,False,False,False,False,False,0.0000,False
1.6214,0.0000,0.0000,0.0001,0.0000,False,False,False,False,False,0.0000,False
1.6680,0.0000,0.0000,0.0000,0.0000,False,False,False,False,False,0.0000,False
1.7184,0.0000,0.0000,0.0000,0.0000,False,False,False,False,False,0.0000,False
1.7666,0.0000,0.0000,0.0000,0.0000,False,False,False,False,False,0.0000,False
1.8138,0.0000,0.0000,0.0000,0.0000,False,False,False,False,False,0.0000,False
1.8634,0.0000,0.0000,0.0000,0.0000,False,False,False,False,False,0.0000,False
1.9153,0.0000,0.0000,0.0000,0.0000,False,False,False,False,False,0.0000,False
1.9621,0.0000,0.0000,0.0000,0.0000,False,False,False,False,False,0.0000,False
2.0127,0.0000,0.0000,0.0000,0.0000,False,False,False,False,False,0.0000,False
2.0621,0.0000,0.0000,0.0000,0.0000,False,False,False,False,False,0.0000,False
2.1111,0.0000,0.0000,0.0000,0.0000,False,False,False,False,False,0.0000,False
2.1636,0.0000,0.0000,0.0000,0.0000,False,False,False,False,False,0.0000,False
2.2207,0.0000,0.0000,0.0000,0.0000,False,False,False,False,False,0.0000,False
2.2699,0.0000,0.0000,0.0000,0.0000,False,False,False,False,False,0.0000,False
2.3181,0.0000,0.0000,0.0000,0.0000,False,False,False,False,False,0.0000,False
2.3653,0.0000,0.0000,0.0000,0.0000,False,False,False,False,False,0.0000,False
2.4157,0.0000,0.0000,0.0000,0.0000,False,False,False,False,False,0.0000,False
2.4771,0.0000,0.0000,0.0000,0.0000,False,False,False,False,False,0.0000,False
2.5249,0.0000,0.0000,0.0000,0.0000,False,False,False,False,False,0.0000,False
2.5735,0.0000,0.0000,0.0000,0.0000,False,False,False,False,False,0.0000,False
2.6249,0.0000,0.0000,0.0000,0.0000,False,False,False,False,False,0.0000,False
2.6763,0.0000,0.0000,0.0000,0.0000,False,False,False,False,False,0.0000,False
2.7246,0.0000,0.0000,0.0000,0.0000,False,False,False,False,False,0.0000,False
2.7715,0.0000,0.0000,0.0000,0.0000,False,False,False,False,False,0.0000,False
2.8191,0.0000,0.0000,0.0000,0.0000,False,False,False,False,False,0.0000,False
2.8653,0.0000,0.0000,0.0000,0.0000,False,False,False,False,False,0.0000,False
2.9185,0.0000,0.0000,0.0000,0.0000,False,False,False,False,False,0.0000,False
2.9659,0.0000,0.0000,0.0000,0.0000,False,False,False,False,False,0.0000,False
3.0118,0.0000,0.0000,0.0000,0.0000,False,False,False,False,False,0.0000,False
3.0593,0.0000,0.0000,0.0000,0.0000,False,False,False,False,False,0.0000,False
3.1080,0.0000,0.0000,0.0000,0.0000,False,False,False,False,False,0.0000,False
3.1580,0.0000,0.0000,0.0000,0.0000,False,False,False,False,False,0.0000,False
3.2056,0.0000,0.0000,0.0000,0.0000,False,False,False,False,False,0.0000,False
3.2549,0.0000,0.0000,0.0000,0.0000,False,False,False,False,False,0.0000,False
3.3041,0.0000,0.0000,0.0000,0.0000,False,False,False,False,False,0.0000,False
3.3527,0.0000,0.0000,0.0000,0.0000,False,False,False,False,False,0.0000,False
3.4029,0.0000,0.0000,0.0000,0.0000,False,False,False,False,False,0.0000,False
3.4503,0.0000,0.0000,0.0000,0.0000,False,False,False,False,False,0.0000,False
3.5005,0.0000,0.0000,0.0000,0.0000,False,False,False,False,False,0.0000,False
3.5467,0.0000,0.0000,0.0000,0.0000,False,False,False,False,False,0.0000,False
3.5965,0.0000,0.0000,0.0000,0.0000,False,False,False,False,False,0.0000,False
3.6458,0.0000,0.0000,0.0000,0.0000,False,False,False,False,False,0.0000,False
3.6964,0.0000,0.0000,0.0000,0.0000,False,False,False,False,False,0.0000,False
3.7437,0.0000,0.0000,0.0000,0.0000,False,False,False,False,False,0.0000,False
3.7912,0.0000,0.0000,0.0000,0.0000,False,False,False,False,False,0.0000,False
3.8394,0.0000,0.0000,0.0000,0.0000,False,False,False,False,False,0.0000,False
3.8914,0.0000,0.0000,0.0000,0.0000,False,False,False,False,False,0.0000,False
3.9403,0.0000,0.0000,0.0000,0.0000,False,False,False,False,False,0.0000,False
3.9896,0.0000,0.0000,0.0000,0.0000,False,False,False,False,False,0.0000,False
4.0400,0.0000,0.0000,0.0000,0.0000,False,False,False,False,False,0.0000,False
4.0934,0.0000,0.0000,0.0000,0.0000,False,False,False,False,False,0.0000,False
4.1465,0.0000,0.0000,0.0000,0.0000,False,False,False,False,False,0.0000,False
4.1970,0.0000,0.0000,0.0000,0.0000,False,False,False,False,False,0.0000,False
4.2449,0.0000,0.0000,0.0000,0.0000,False,False,False,False,False,0.0000,False
4.2947,0.0000,0.0000,0.0000,0.0000,False,False,False,False,False,0.0000,False
4.3426,0.0000,0.0000,0.0000,0.0000,False,False,False,False,False,0.0000,False
4.3966,0.0000,0.0000,0.0000,0.0000,False,False,False,False,False,0.0000,False
4.4461,0.0000,0.0000,0.0000,0.0000,False,False,False,False,False,0.0000,False
4.4961,0.0000,0.0000,0.0000,0.0000,False,False,False,False,False,0.0000,False
4.5461,0.0000,0.0000,0.0000,0.0000,False,False,False,False,False,0.0000,False
4.6031,0.0000,0.0000,0.0000,0.0000,False,False,False,False,False,0.0000,False
4.6638,0.0000,0.0000,0.0000,0.0000,False,False,False,False,False,0.0000,False
4.7200,0.0000,0.0000,0.0000,0.0000,False,False,False,False,False,0.0000,False
4.7768,0.0000,0.0000,0.0000,0.0000,False,False,False,False,False,0.0000,False
4.8349,0.0000,0.0000,0.0000,0.0000,False,False,False,False,False,0.0000,False
4.8882,0.0000,0.0000,0.0000,0.0000,False,False,False,False,False,0.0000,False
4.9421,0.0000,0.0000,0.0000,0.0000,False,False,False,False,False,0.0000,False
4.9931,0.0000,0.0000,0.0000,0.0000,False,False,False,False,False,0.0000,False
5.0486,0.0000,0.0000,0.0000,0.0000,False,False,False,False,False,0.0000,False
5.1066,0.0000,0.0000,0.0000,0.0000,False,False,False,False,False,0.0000,False
5.1643,0.0000,0.0000,0.0000,0.0000,False,False,False,False,False,0.0000,False
5.2242,0.0000,0.0000,0.0000,0.0000,False,False,False,False,False,0.0000,False
5.2770,0.0000,0.0000,0.0000,0.0000,False,False,False,False,False,0.0000,False
5.3301,0.0000,0.0000,0.0000,0.0000,False,False,False,False,False,0.0000,False
5.3813,0.0000,0.0000,0.0000,0.0000,False,False,False,False,False,0.0000,False
5.4318,0.0000,0.0000,0.0000,0.0000,False,False,False,False,False,0.0000,False
5.4849,0.0000,0.0000,0.0000,0.0000,False,False,False,False,False,0.0000,False
5.5347,0.0000,0.0000,0.0000,0.0000,False,False,False,False,False,0.0000,False
5.5844,0.0000,0.0000,0.0000,0.0000,False,False,False,False,False,0.0000,False
5.6360,0.0000,0.0000,0.0000,0.0000,False,False,False,False,False,0.0000,False
5.7121,0.0000,0.0000,0.0000,0.0000,False,False,False,False,False,0.0000,False
5.7753,0.0000,0.0000,0.0000,0.0000,False,False,False,False,False,0.0000,False
5.8370,0.0000,0.0000,0.0000,0.0000,False,False,False,False,False,0.0000,False
5.8971,0.0000,0.0000,0.0000,0.0000,False,False,False,False,False,0.0000,False
5.9511,0.0000,0.0000,0.0000,0.0000,False,False,False,False,False,0.0000,False
6.0083,0.0000,0.0000,0.0000,0.0000,False,False,False,False,False,0.0000,False
6.0642,0.0000,0.0000,0.0000,0.0000,False,False,False,False,False,0.0000,False
6.1249,0.0000,0.0000,0.0000,0.0000,False,False,False,False,False,0.0000,False
6.1815,0.0000,0.0000,0.0000,0.0000,False,False,False,False,False,0.0000,False
6.2417,0.0000,0.0000,0.0000,0.0000,False,False,False,False,False,0.0000,False
6.3015,0.0000,0.0000,0.0000,0.0000,False,False,False,False,False,0.0000,False
6.3652,0.0000,0.0000,0.0000,0.0000,False,False,False,False,False,0.0000,False
6.4224,0.0000,0.0000,0.0000,0.0000,False,False,False,False,False,0.0000,False
6.4794,0.0000,0.0000,0.0000,0.0000,False,False,False,False,False,0.0000,False
6.5389,0.0000,0.0000,0.0000,0.0000,False,False,False,False,False,0.0000,False
6.6005,0.0000,0.0000,0.0000,0.0000,False,False,False,False,False,0.0000,False
6.6630,0.0000,0.0000,0.0000,0.0000,False,True,False,False,False,0.0000,False
6.7274,0.0000,0.0000,0.0000,0.0000,False,True,False,False,False,139.8123,False
6.7897,0.0000,0.0000,0.0000,0.0000,False,True,False,False,False,137.9696,False
6.8466,0.0000,0.0000,0.0000,0.0000,False,True,False,False,False,136.1740,False
6.9030,0.0000,0.0000,0.0000,0.0000,False,True,False,False,False,134.5201,False
6.9642,0.0000,0.0000,0.0000,0.0000,False,True,False,False,False,132.9776,False
7.0216,0.0000,0.0000,0.0000,0.0000,False,True,False,False,False,131.4080,False
7.0800,0.0000,0.0000,0.0000,0.0000,False,True,False,False,False,129.8491,False
7.1352,0.0000,0.0000,0.0000,0.0000,False,True,False,False,False,128.3564,False
7.1945,0.0000,0.0000,0.0000,0.0000,False,True,False,False,False,126.9110,False
7.2568,0.0000,0.0000,0.0000,0.0000,False,True,False,False,False,125.4831,False
7.3137,0.0000,0.0000,0.0000,0.0000,False,True,False,False,False,123.9879,False
7.3688,0.0000,0.0000,0.0000,0.0000,False,True,False,False,False,122.5305,False
7.4263,0.0000,0.0000,0.0000,0.0000,False,True,False,False,False,121.1826,False
7.4857,0.0000,0.0000,0.0000,0.0000,False,True,False,False,False,119.8520,False
7.5408,0.0000,0.0000,0.0000,0.0000,False,True,False,False,False,118.4870,False
7.5981,0.0000,0.0000,0.0000,0.0000,False,True,False,False,False,117.1511,False
7.6580,0.0000,0.0000,0.0000,0.0000,False,True,False,False,False,115.8658,False
7.7171,0.0000,0.0000,0.0000,0.0000,False,True,False,False,False,114.5415,False
7.7845,0.0000,0.0000,0.0000,0.0000,False,True,False,False,False,113.2011,False
7.8487,0.0000,0.0000,0.0000,0.0000,False,True,False,False,False,111.8134,False
7.9104,0.0000,0.0000,0.0000,0.0000,False,True,False,False,False,110.3519,False
7.9720,0.0000,0.0000,0.0000,0.0000,False,True,False,False,False,108.9663,False
8.0409,0.0000,0.0000,0.0000,0.0000,False,True,False,False,False,107.6275,False
8.1113,0.0000,0.0000,0.0000,0.0000,False,True,False,False,False,106.2434,False
8.1795,0.0000,0.0000,0.0000,0.0000,False,True,False,False,False,104.7584,False
8.2496,0.0000,0.0000,0.0000,0.0000,False,True,False,False,False,103.2791,False
8.3164,0.0000,0.0000,0.0000,0.0000,False,True,False,False,False,101.8267,False
8.3865,0.0000,0.0000,0.0000,0.0000,False,True,False,False,False,100.3808,False
8.4624,0.0000,0.0000,0.0000,0.0000,False,True,False,False,False,98.9655,False
8.5301,0.0000,0.0000,0.0000,0.0000,False,True,False,False,False,97.4737,False
8.5981,0.0000,0.0000,0.0000,0.0000,False,True,False,False,False,95.9645,False
8.6642,0.0000,0.0000,0.0000,0.0000,False,True,False,False,False,94.5728,False
8.7386,0.0000,0.0000,0.0000,0.0000,False,True,False,False,False,93.1966,False
8.8132,0.0000,0.0000,0.0000,0.0000,False,True,False,False,False,91.7967,False
8.8834,0.0000,0.0000,0.0000,0.0000,False,True,False,False,False,90.2881,False
8.9541,0.0000,0.0000,0.0000,0.0000,False,True,False,False,False,88.8097,False
9.0206,0.0000,0.0000,0.0000,0.0000,False,True,False,False,False,87.3943,False
9.0928,0.0000,0.0000,0.0000,0.0000,False,True,False,False,False,86.0020,False
9.1622,0.0000,0.0000,0.0000,0.0000,False,True,False,False,False,84.6356,False
9.2366,0.0000,0.0000,0.0000,0.0000,False,True,False,False,False,83.2123,False
9.3120,0.0000,0.0000,0.0000,0.0000,False,True,False,False,False,81.8005,False
9.3869,0.0000,0.0000,0.0000,0.0000,False,True,False,False,False,80.3174,False
9.4665,0.0000,0.0000,0.0000,0.0000,False,True,False,False,False,78.8277,False
9.5404,0.0000,0.0000,0.0000,0.0000,False,True,False,False,False,77.3193,False
9.6166,0.0000,0.0000,0.0000,0.0000,False,True,False,False,False,75.7825,False
9.6942,0.0000,0.0000,0.0000,0.0000,False,True,False,False,False,74.3145,False
9.7732,0.0000,0.0000,0.0000,0.0000,False,True,False,False,False,72.8084,False
9.8573,0.0000,0.0000,0.0000,0.0000,False,True,False,False,False,71.2780,False
9.9535,0.0000,0.0000,0.0000,0.0000,False,True,False,False,False,69.7007,False
10.0286,0.0000,0.0000,0.0000,0.0000,False,True,False,False,False,67.9865,False
10.1029,0.0000,0.0000,0.0000,0.0000,False,True,False,False,False,66.2290,False
10.1819,0.0000,0.0000,0.0000,0.0000,False,True,False,False,False,64.7694,False
10.2668,0.0000,0.0000,0.0000,0.0000,False,True,False,False,False,63.2957,False
10.3457,0.0000,0.0000,0.0000,0.0000,False,True,False,False,False,61.7244,False
10.4198,0.0000,0.0000,0.0000,0.0000,False,True,False,False,False,60.1089,False
10.4976,0.0000,0.0000,0.0000,0.0000,False,True,False,False,False,58.6034,False
10.5735,0.0000,0.0000,0.0000,0.0000,False,True,False,False,False,57.1422,False
10.6477,0.0000,0.0000,0.0000,0.0000,False,True,False,False,False,55.6418,False
10.7231,0.0000,0.0000,0.0000,0.0000,False,True,False,False,False,54.1788,False
10.8033,0.0000,0.0000,0.0000,0.0000,False,True,False,False,False,52.7337,False
10.8851,0.0000,0.0000,0.0000,0.0000,False,True,False,False,False,51.2469,False
10.9650,0.0000,0.0000,0.0000,0.0000,False,True,False,False,False,49.6866,False
11.0378,0.0000,0.0000,0.0000,0.0000,False,True,False,False,False,48.1163,False
11.1148,0.0000,0.0000,0.0000,0.0000,False,True,False,False,False,46.6144,False
11.1840,0.0000,0.0000,0.0000,0.0000,False,True,False,False,False,45.1873,False
11.2612,0.0000,0.0000,0.0000,0.0000,False,True,False,False,False,43.7470,False
11.3389,0.0000,0.0000,0.0000,0.0000,False,True,False,False,False,42.3715,False
11.4094,0.0000,0.0000,0.0000,0.0000,False,True,False,False,False,40.8906,False
11.4817,0.0000,0.0000,0.0000,0.0000,False,True,False,False,False,39.4467,False
11.5539,0.0000,0.0000,0.0000,0.0000,False,True,False,False,False,38.0956,False
11.6411,0.0000,0.0000,0.0000,0.0000,False,True,False,False,False,36.7092,False
11.7203,0.0000,0.0000,0.0000,0.0000,False,True,False,False,False,35.2280,False
11.8003,0.0000,0.0000,0.0000,0.0000,False,True,False,False,False,33.5739,False
11.8782,0.0000,0.0000,0.0000,0.0000,False,True,False,False,False,32.0125,False
11.9510,0.0000,0.0000,0.0000,0.0000,False,True,False,False,False,30.4435,False
12.0330,0.0000,0.0000,0.0000,0.0000,False,True,False,False,False,28.9296,False
12.1093,0.0000,0.0000,0.0000,0.0000,False,True,False,False,False,27.4329,False
12.1865,0.0000,0.0000,0.0000,0.0000,False,True,False,False,False,25.8595,False
12.2701,0.0000,0.0000,0.0000,0.0000,False,True,False,False,False,24.3635,False
12.3536,0.0000,0.0000,0.0000,0.0000,False,True,False,False,False,22.8217,False
12.4465,0.0000,0.0000,0.0000,0.0000,False,True,False,False,False,21.1948,False
12.5357,0.0000,0.0000,0.0000,0.0000,False,True,False,False,False,19.5255,False
12.6175,0.0000,0.0000,0.0000,0.0000,False,True,False,False,False,17.7637,False
12.7002,0.0000,0.0000,0.0000,0.0000,False,True,False,False,False,16.1170,False
12.7847,0.0000,0.0000,0.0000,0.0000,False,True,False,False,False,14.6215,False
12.8677,0.0000,0.0000,0.0000,0.0000,False,True,False,False,False,13.1624,False
12.9464,0.0000,0.0000,0.0000,0.0000,False,True,False,False,False,11.7438,False
13.0158,0.0000,0.0000,0.0000,0.0000,False,True,False,False,False,10.4360,False
13.0851,0.0000,0.0000,0.0000,0.0000,False,True,False,False,False,9.3032,False
13.1562,0.0000,0.0000,0.0000,0.0000,False,True,False,False,False,8.4219,False
13.2312,0.0000,0.0000,0.0000,0.0000,False,True,False,False,False,7.7308,False
13.2963,0.0000,0.0000,0.0000,0.0000,False,True,False,False,False,7.2749,False
13.3621,0.0000,0.0000,0.0000,0.0000,False,True,False,False,False,6.9603,False
13.4320,0.0000,0.0000,0.0000,0.0000,False,True,False,False,False,6.9775,False
13.4936,0.0000,0.0000,0.0000,0.0000,False,True,False,False,False,7.2557,False
13.5577,0.0000,0.0000,0.0000,0.0000,False,True,False,False,False,7.6445,False
13.6198,0.0000,0.0000,0.0000,0.0000,False,True,False,False,False,8.2497,False
13.6798,0.0000,0.0000,0.0000,0.0000,False,True,False,False,False,8.9522,False
13.7381,0.0000,0.0000,0.0000,0.0000,False,True,False,False,False,9.7233,False
13.7967,0.0000,0.0000,0.0000,0.0000,False,True,False,False,False,10.5434,False
13.8568,0.0000,0.0000,0.0000,0.0000,False,True,False,False,False,11.4160,False
13.9162,0.0000,0.0000,0.0000,0.0000,False,True,False,False,False,12.3500,False
13.9720,0.0000,0.0000,0.0000,0.0000,False,True,False,False,False,13.3202,False
14.0308,0.0000,0.0000,0.0000,0.0000,False,True,False,False,False,14.2740,False
14.0922,0.0000,0.0000,0.0000,0.0000,False,True,False,False,False,15.2683,False
14.1487,0.0000,0.0000,0.0000,0.0000,False,True,False,False,False,16.3307,False
14.2061,0.0000,0.0000,0.0000,0.0000,False,True,False,False,False,17.3718,False
14.2622,0.0000,0.0000,0.0000,0.0000,False,True,False,False,False,18.4097,False
14.3194,0.0000,0.0000,0.0000,0.0000,False,True,False,False,False,19.4521,False
14.3745,0.0000,0.0000,0.0000,0.0000,False,True,False,False,False,20.5119,False
14.4362,0.0000,0.0000,0.0000,0.0000,False,True,False,False,False,21.5640,False
14.4917,0.0000,0.0000,0.0000,0.0000,False,True,False,False,False,22.6901,False
14.5444,0.0000,0.0000,0.0000,0.0000,False,True,False,False,False,23.8023,False
14.5972,0.0000,0.0000,0.0000,0.0000,False,True,False,False,False,24.8451,False
14.6509,0.0000,0.0000,0.0000,0.0000,False,True,False,False,False,25.8767,False
14.7074,0.0000,0.0000,0.0000,0.0000,False,True,False,False,False,26.9282,False
14.7614,0.0000,0.0000,0.0000,0.0000,False,True,False,False,False,28.0265,False
14.8158,0.0000,0.0000,0.0000,0.0000,False,True,False,False,False,29.1211,False
14.8679,0.0000,0.0000,0.0000,0.0000,False,True,False,False,False,30.2092,False
14.9219,0.0000,0.0000,0.0000,0.0000,False,True,False,False,False,31.2794,False
14.9776,0.0000,0.0000,0.0000,0.0000,False,True,False,False,False,32.3614,False
15.0301,0.0000,0.0000,0.0000,0.0000,False,True,False,False,False,33.4873,False
15.0819,0.0000,0.0000,0.0000,0.0000,False,True,False,False,False,34.5937,False
15.1336,0.0000,0.0000,0.0000,0.0000,False,True,False,False,False,35.6714,False
15.1864,0.0000,0.0000,0.0000,0.0000,False,True,False,False,False,36.7502,False
15.2418,0.0000,0.0000,0.0000,0.0000,False,True,False,False,False,37.8477,False
15.2929,0.0000,0.0000,0.0000,0.0000,False,True,False,False,False,38.9930,False
15.3440,0.0000,0.0000,0.0000,0.0000,False,True,False,False,False,40.1119,False
15.3956,0.0000,0.0000,0.0000,0.0000,False,True,False,False,False,41.2031,False
15.4494,0.0000,0.0000,0.0000,0.0000,False,True,False,False,False,42.3055,False
15.5010,0.0000,0.0000,0.0000,0.0000,False,True,False,False,False,43.4474,False
15.5543,0.0000,0.0000,0.0000,0.0000,False,True,False,False,False,44.5784,False
15.6032,0.0000,0.0000,0.0000,0.0000,False,True,False,False,False,45.7132,False
15.6559,0.0000,0.0000,0.0000,0.0000,False,True,False,False,False,46.8050,False
15.7100,0.0000,0.0000,0.0000,0.0000,False,True,False,False,False,47.9106,False
15.7621,0.0000,0.0000,0.0000,0.0000,False,True,False,False,False,49.0649,False
15.8132,0.0000,0.0000,0.0000,0.0000,False,True,False,False,False,50.2048,False
15.8611,0.0000,0.0000,0.0000,0.0000,False,True,False,False,False,51.3209,False
15.9124,0.0000,0.0000,0.0000,0.0000,False,True,False,False,False,52.3873,False
15.9636,0.0000,0.0000,0.0000,0.0000,False,True,False,False,False,53.4706,False
16.0147,0.0000,0.0000,0.0000,0.0000,False,True,False,False,False,54.5813,False
16.0628,0.0000,0.0000,0.0000,0.0000,False,True,False,False,False,55.6908,False
16.1127,0.0000,0.0000,0.0000,0.0000,False,True,False,False,False,56.7583,False
16.1620,0.0000,0.0000,0.0000,0.0000,False,True,False,False,False,57.8244,False
16.2140,0.0000,0.0000,0.0000,0.0000,False,True,False,False,False,58.8989,False
16.2633,0.0000,0.0000,0.0000,0.0000,False,True,False,False,False,60.0038,False
16.3094,0.0000,0.0000,0.0000,0.0000,False,True,False,False,False,61.0960,False
16.3560,0.0000,0.0000,0.0000,0.0000,False,True,False,False,False,62.1253,False
16.4046,0.0000,0.0000,0.0000,0.0000,False,True,False,False,False,63.1372,False
16.4579,0.0000,0.0000,0.0000,0.0000,False,True,False,False,False,64.1799,False
16.5043,0.0000,0.0000,0.0000,0.0000,False,True,False,False,False,65.3010,False
16.5543,0.0000,0.0000,0.0000,0.0000,False,True,False,False,False,66.3707,False
16.6014,0.0000,0.0000,0.0000,0.0000,False,True,False,False,False,67.4300,False
16.6478,0.0000,0.0000,0.0000,0.0000,False,True,False,False,False,68.4810,False
16.6986,0.0000,0.0000,0.0000,0.0000,False,True,False,False,False,69.4995,False
16.7450,0.0000,0.0000,0.0000,0.0000,False,True,False,False,False,70.5701,False
16.7931,0.0000,0.0000,0.0000,0.0000,False,True,False,False,False,71.6182,False
16.8392,0.0000,0.0000,0.0001,0.0000,False,True,False,False,False,72.6526,False
16.8863,0.0000,0.0000,0.0000,0.0000,False,True,False,False,False,73.6756,False
16.9324,0.0000,0.0000,0.0000,0.0000,False,True,False,False,False,74.6940,False
16.9823,0.0000,0.0000,0.0000,0.0000,False,True,False,False,False,75.7075,False
17.0290,0.0000,0.0000,0.0000,0.0000,False,True,False,False,False,76.7629,False
17.0748,0.0000,0.0000,0.0000,0.0000,False,True,False,False,False,77.8087,False
17.1224,0.0000,0.0000,0.0001,0.0000,False,True,False,False,False,78.8148,False
17.1756,0.0000,0.0000,0.0000,0.0000,False,True,False,False,False,79.8324,False
17.2235,0.0000,0.0000,0.0000,0.0000,False,True,False,False,False,80.9377,False
17.2721,0.0000,0.0000,0.0000,0.0000,False,True,False,False,False,82.0218,False
17.3177,0.0000,0.0000,0.0000,0.0000,False,True,False,False,False,83.0705,False
17.3643,0.0000,0.0000,0.0000,0.0000,False,True,False,False,False,84.0859,False
17.4153,0.0000,0.0000,0.0000,0.0000,False,True,False,False,False,85.0891,False
17.4624,0.0000,0.0000,0.0000,0.0000,False,True,False,False,False,86.1587,False
17.5093,0.0000,0.0000,0.0000,0.0000,False,True,False,False,False,87.2137,False
17.5558,0.0000,0.0000,0.0000,0.0000,False,True,False,False,False,88.2325,False
17.6043,0.0000,0.0000,0.0000,0.0000,False,True,False,False,False,89.2458,False
17.6531,0.0000,0.0000,0.0000,0.0000,False,True,False,False,False,90.2807,False
17.7017,0.0000,0.0000,0.0000,0.0000,False,True,False,False,False,91.3372,False
17.7472,0.0000,0.0000,0.0000,0.0000,False,True,False,False,False,92.3938,False
17.7925,0.0000,0.0000,0.0000,0.0000,False,True,False,False,False,93.4079,False
17.8372,0.0000,0.0000,0.0000,0.0000,False,True,False,False,False,94.3928,False
17.8875,0.0000,0.0000,0.0000,0.0000,False,True,False,False,False,95.3674,False
17.9402,0.0000,0.0000,0.0000,0.0000,False,True,False,False,False,96.4110,False
17.9915,0.0000,0.0000,0.0000,0.0000,False,True,False,False,False,97.5335,False
18.0363,0.0000,0.0000,0.0000,0.0000,False,True,False,False,False,98.6588,False
18.0831,0.0000,0.0000,0.0000,0.0000,False,True,False,False,False,99.6881,False
18.1298,0.0000,0.0000,0.0000,0.0000,False,True,False,False,False,100.6864,False
18.1747,0.0000,0.0000,0.0000,0.0000,False,True,False,False,False,101.7001,False
18.2225,0.0000,0.0000,0.0000,0.0000,False,True,False,False,False,102.6906,False
18.2681,0.0000,0.0000,0.0000,0.0000,False,True,False,False,False,103.7035,False
18.3150,0.0000,0.0000,0.0000,0.0000,False,True,False,False,False,104.7115,False
18.3585,0.0000,0.0000,0.0000,0.0000,False,True,False,False,False,105.7177,False
18.4042,0.0000,0.0000,0.0000,0.0000,False,True,False,False,False,106.6908,False
18.4530,0.0000,0.0000,0.0000,0.0000,False,True,False,False,False,107.6639,False
18.4972,0.0000,0.0000,0.0000,0.0000,False,True,False,False,False,108.6960,False
18.5416,0.0000,0.0000,0.0000,0.0000,False,True,False,False,False,109.6953,False
18.5886,0.0000,0.0000,0.0000,0.0000,False,True,False,False,False,110.6580,False
18.6414,0.0000,0.0000,0.0000,0.0000,False,True,False,False,False,111.6554,False
18.6867,0.0000,0.0000,0.0000,0.0000,False,True,False,False,False,112.7504,False
18.7310,0.0000,0.0000,0.0000,0.0000,False,True,False,False,False,113.7986,False
18.7738,0.0000,0.0000,0.0000,0.0000,False,True,False,False,False,114.7685,False
18.8208,0.0000,0.0000,0.0000,0.0000,False,True,False,False,False,115.7111,False
18.8650,0.0000,0.0000,0.0000,0.0000,False,True,False,False,False,116.6922,False
18.9140,0.0000,0.0000,0.0000,0.0000,False,True,False,False,False,117.6717,False
18.9591,0.0000,0.0000,0.0000,0.0000,False,True,False,False,False,118.6895,False
19.0049,0.0000,0.0000,0.0000,0.0000,False,True,False,False,False,119.6988,False
19.0483,0.0000,0.0000,0.0000,0.0000,False,True,False,False,False,120.6832,False
19.0920,0.0000,0.0000,0.0000,0.0000,False,True,False,False,False,121.6422,False
19.1399,0.0000,0.0000,0.0000,0.0000,False,True,False,False,False,122.5851,False
19.1848,0.0000,0.0000,0.0000,0.0000,False,True,False,False,False,123.5859,False
19.2289,0.0000,0.0000,0.0000,0.0000,False,True,False,False,False,124.5844,False
19.2735,0.0000,0.0000,0.0000,0.0000,False,True,False,False,False,125.5454,False
19.3238,0.0000,0.0000,0.0000,0.0000,False,True,False,False,False,126.5057,False
19.3693,0.0000,0.0000,0.0000,0.0000,False,True,False,False,False,127.5447,False
19.4111,0.0000,0.0000,0.0000,0.0000,False,True,False,False,False,128.5713,False
19.4546,0.0000,0.0000,0.0000,0.0000,False,True,False,False,False,129.5084,False
19.4972,0.0000,0.0000,0.0000,0.0000,False,True,False,False,False,130.4358,False
19.5424,0.0000,0.0000,0.0000,0.0000,False,True,False,False,False,131.3660,False
19.5910,0.0000,0.0000,0.0000,0.0000,False,True,False,False,False,132.3217,False
19.6376,0.0000,0.0000,0.0000,0.0000,False,True,False,False,False,133.3451,False
19.6816,0.0000,0.0000,0.0000,0.0000,False,True,False,False,False,134.3733,False
19.7260,0.0000,0.0000,0.0000,0.0000,False,True,False,False,False,135.3518,False
19.7692,0.0000,0.0000,0.0000,0.0000,False,True,False,False,False,136.3132,False
19.8206,0.0000,0.0000,0.0000,0.0000,False,True,False,False,False,137.2609,False
19.8640,0.0000,0.0000,0.0000,0.0000,False,True,False,False,False,138.3050,False
19.9083,0.0000,0.0000,0.0000,0.0000,False,True,False,False,False,139.3178,False
19.9547,0.0000,0.0000,0.0000,0.0000,False,True,False,False,False,140.2725,False
20.0001,0.0000,0.0000,0.0000,0.0000,False,True,False,False,False,141.2620,False
20.0463,0.0000,0.0000,0.0000,0.0000,False,True,False,False,False,142.2569,False
20.0912,0.0000,0.0000,0.0000,0.0000,False,True,False,False,False,143.2524,False
20.1364,0.0000,0.0000,0.0000,0.0000,False,True,False,False,False,144.2388,False
20.1793,0.0000,0.0000,0.0000,0.0000,False,True,False,False,False,145.2185,False
20.2233,0.0000,0.0000,0.0000,0.0000,False,True,False,False,False,146.1704,False
20.2714,0.0000,0.0000,0.0000,0.0000,False,True,False,False,False,147.1162,False
20.3133,0.0000,0.0000,0.0000,0.0000,False,True,False,False,False,148.1245,False
20.3564,0.0000,0.0000,0.0000,0.0000,False,True,False,False,False,149.0850,False
20.4018,0.0000,0.0000,0.0000,0.0000,False,True,False,False,False,150.0061,False
20.4433,0.0000,0.0000,0.0000,0.0000,False,True,False,False,False,150.9691,False
20.4904,0.0000,0.0000,0.0000,0.0000,False,True,False,False,False,151.9017,False
20.5366,0.0000,0.0000,0.0000,0.0000,False,True,False,False,False,152.8721,False
20.5873,0.0000,0.0000,0.0000,0.0000,False,True,False,False,False,153.8808,False
20.6353,0.0000,0.0000,0.0000,0.0000,False,True,False,False,False,154.9399,False
20.6833,0.0000,0.0000,0.0000,0.0000,False,True,False,False,False,156.0024,False
20.7335,0.0000,0.0000,0.0000,0.0000,False,True,False,False,False,157.0421,False
20.7785,0.0000,0.0000,0.0000,0.0000,False,True,False,False,False,158.1100,False
20.8252,0.0000,0.0000,0.0000,0.0000,False,True,False,False,False,159.1293,False
20.8738,0.0000,0.0000,0.0000,0.0000,False,True,False,False,False,160.1259,False
20.9257,0.0000,0.0000,0.0000,0.0000,False,True,False,False,False,161.1620,False
20.9739,0.0000,0.0000,0.0000,0.0000,False,True,False,False,False,162.2559,False
21.0208,0.0000,0.0000,0.0000,0.0000,False,True,False,False,False,163.3316,False
21.0671,0.0000,0.0000,0.0000,0.0000,False,True,False,False,False,164.3592,False
21.1159,0.0000,0.0000,0.0000,0.0000,False,True,False,False,False,165.3669,False
21.1661,0.0000,0.0000,0.0000,0.0000,False,True,False,False,False,166.4022,False
21.2148,0.0000,0.0000,0.0000,0.0000,False,True,False,False,False,167.4767,False
21.2618,0.0000,0.0000,0.0000,0.0000,False,True,False,False,False,168.5441,False
21.3093,0.0000,0.0000,0.0000,0.0000,False,True,False,False,False,169.5807,False
21.3584,0.0000,0.0000,0.0000,0.0000,False,True,False,False,False,170.6086,False
21.4077,0.0000,0.0000,0.0000,0.0000,False,True,False,False,False,171.6611,False
21.4585,0.0000,0.0000,0.0000,0.0000,False,True,False,False,False,172.7310,False
21.5041,0.0000,0.0000,0.0000,0.0000,False,True,False,False,False,173.8220,False
21.5504,0.0000,0.0000,0.0000,0.0000,False,True,False,False,False,174.8578,False
21.5977,0.0000,0.0000,0.0000,0.0000,False,True,False,False,False,175.8581,False
21.6499,0.0000,0.0000,0.0000,0.0000,False,True,False,False,False,176.8777,False
21.6947,0.0000,0.0000,0.0000,0.0000,False,True,False,False,False,177.9697,False
21.7405,0.0000,0.0000,0.0000,0.0000,False,True,False,False,False,179.0080,False
21.7899,0.0000,0.0000,0.0000,0.0000,False,True,False,False,False,179.9942,False
21.8373,0.0000,0.0000,0.0000,0.0000,False,True,False,False,False,181.0360,False
21.8853,0.0000,0.0000,0.0000,0.0000,False,True,False,False,False,182.0838,False
21.9407,0.0000,0.0000,0.0000,0.0000,False,True,False,False,False,183.1212,False
21.9871,0.0000,0.0000,0.0000,0.0000,False,True,False,False,False,184.2607,False
22.0320,0.0000,0.0000,0.0000,0.0000,False,True,False,False,False,185.3477,False
22.0766,0.0000,0.0000,0.0000,0.0000,False,True,False,False,False,186.3358,False
22.1236,0.0000,0.0000,0.0000,0.0000,False,True,False,False,False,187.3079,False
22.1748,0.0000,0.0000,0.0000,0.0000,False,True,False,False,False,188.3087,False
22.2221,0.0000,0.0000,0.0000,0.0000,False,True,False,False,False,189.3849,False
22.2680,0.0000,0.0000,0.0000,0.0000,False,True,False,False,False,190.4473,False
22.3160,0.0000,0.0000,0.0000,0.0000,False,True,False,False,False,191.4561,False
22.3675,0.0000,0.0000,0.0000,0.0000,False,True,False,False,False,192.4808,False
22.4122,0.0000,0.0000,0.0000,0.0000,False,True,False,False,False,193.5700,False
22.4556,0.0000,0.0000,0.0000,0.0000,False,True,False,False,False,194.6005,False
22.5012,0.0000,0.0000,0.0000,0.0000,False,True,False,False,False,195.5552,False
22.5468,0.0000,0.0000,0.0000,0.0000,False,True,False,False,False,196.5266,False
22.5921,0.0000,0.0000,0.0000,0.0000,False,True,False,False,False,197.5172,False
22.6456,0.0000,0.0000,0.0000,0.0000,False,True,False,False,False,198.5053,False
22.6972,0.0000,0.0000,0.0000,0.0000,False,True,False,False,False,199.5959,False
22.7421,0.0000,0.0000,0.0000,0.0000,False,True,False,False,False,200.7335,False
22.7892,0.0000,0.0000,0.0000,0.0000,False,True,False,False,False,201.7679,False
22.8351,0.0000,0.0000,0.0000,0.0000,False,True,False,False,False,202.7726,False
22.8801,0.0000,0.0000,0.0000,0.0000,False,True,False,False,False,203.7812,False
22.9288,0.0000,0.0000,0.0000,0.0000,False,True,False,False,False,204.7666,False
22.9741,0.0000,0.0000,0.0000,0.0000,False,True,False,False,False,205.7923,False
23.0203,0.0000,0.0000,0.0000,0.0000,False,True,False,False,False,206.8071,False
23.0644,0.0000,0.0000,0.0000,0.0000,False,True,False,False,False,207.8027,False
23.1103,0.0000,0.0000,0.0000,0.0000,False,True,False,False,False,208.7798,False
23.1599,0.0000,0.0000,0.0000,0.0000,False,True,False,False,False,209.7612,False
23.2036,0.0000,0.0000,0.0000,0.0000,False,True,False,False,False,210.8063,False
23.2495,0.0000,0.0000,0.0000,0.0000,False,True,False,False,False,211.8082,False
23.2948,0.0000,0.0000,0.0000,0.0000,False,True,False,False,False,212.7866,False
23.3404,0.0000,0.0000,0.0000,0.0000,False,True,False,False,False,213.7761,False
23.3905,0.0000,0.0000,0.0000,0.0000,False,True,False,False,False,214.7643,False
23.4365,0.0000,0.0000,0.0000,0.0000,False,True,False,False,False,215.8133,False
23.4846,0.0000,0.0000,0.0000,0.0000,False,True,False,False,False,216.8492,False
23.5306,0.0000,0.0000,0.0000,0.0000,False,True,False,False,False,217.8766,False
23.5776,0.0000,0.0000,0.0000,0.0000,False,True,False,False,False,218.8940,False
23.6273,0.0000,0.0000,0.0000,0.0000,False,True,False,False,False,219.9064,False
23.6744,0.0000,0.0000,0.0000,0.0000,False,True,False,False,False,220.9625,False
23.7223,0.0000,0.0000,0.0000,0.0000,False,True,False,False,False,222.0085,False
23.7700,0.0000,0.0000,0.0000,0.0000,False,True,False,False,False,223.0420,False
23.8156,0.0000,0.0000,0.0000,0.0000,False,True,False,False,False,224.0771,False
23.8659,0.0000,0.0000,0.0000,0.0000,False,True,False,False,False,225.0838,False
23.9136,0.0000,0.0000,0.0000,0.0000,False,True,False,False,False,226.1328,False
23.9605,0.0000,0.0000,0.0000,0.0000,False,True,False,False,False,227.1888,False
24.0065,0.0000,0.0000,0.0000,0.0000,False,True,False,False,False,228.2124,False
24.0588,0.0000,0.0000,0.0000,0.0000,False,True,False,False,False,229.2173,False
24.1040,0.0000,0.0000,0.0000,0.0000,False,True,False,False,False,230.2948,False
24.1490,0.0000,0.0000,0.0000,0.0000,False,True,False,False,False,231.3362,False
24.1947,0.0000,0.0000,0.0000,0.0000,False,True,False,False,False,232.3131,False
24.2399,0.0000,0.0000,0.0000,0.0000,False,True,False,False,False,233.2963,False
24.2864,0.0000,0.0000,0.0000,0.0000,False,True,False,False,False,234.2794,False
24.3394,0.0000,0.0000,0.0000,0.0000,False,True,False,False,False,235.2755,False
24.3856,0.0000,0.0000,0.0000,0.0000,False,True,False,False,False,236.3665,False
24.4325,0.0000,0.0000,0.0000,0.0000,False,True,False,False,False,237.4273,False
24.4806,0.0000,0.0000,0.0000,0.0000,False,True,False,False,False,238.4381,False
24.5268,0.0000,0.0000,0.0000,0.0000,False,True,False,False,False,239.4690,False
24.5776,0.0000,0.0000,0.0000,0.0000,False,True,False,False,False,240.4865,False
24.6243,0.0000,0.0000,0.0000,0.0000,False,True,False,False,False,241.5470,False
24.6734,0.0000,0.0000,0.0000,0.0000,False,True,False,False,False,242.5945,False
24.7227,0.0000,0.0000,0.0000,0.0000,False,True,False,False,False,243.6377,False
24.7761,0.0000,0.0000,0.0000,0.0000,False,True,False,False,False,244.7088,False
24.8279,0.0000,0.0000,0.0000,0.0000,False,True,False,False,False,245.8350,False
24.8805,0.0000,0.0000,0.0000,0.0000,False,True,False,False,False,246.9755,False
24.9331,0.0000,0.0000,0.0001,0.0000,False,True,False,False,False,248.1128,False
24.9867,0.0000,0.0000,0.0000,0.0000,False,True,False,False,False,249.2577,False
25.0466,0.0000,0.0000,0.0000,0.0000,False,True,False,False,False,250.4155,False
25.1004,0.0000,0.0000,0.0000,0.0000,False,True,False,False,False,251.6628,False
25.1495,0.0000,0.0000,0.0000,0.0000,False,True,False,False,False,252.8865,False
25.1981,0.0000,0.0000,0.0000,0.0000,False,True,False,False,False,253.9961,False
25.2472,0.0000,0.0000,0.0000,0.0000,False,True,False,False,False,255.0574,False
25.2987,0.0000,0.0000,0.0000,0.0000,False,True,False,False,False,256.1209,False
25.3557,0.0000,0.0000,0.0000,0.0000,False,True,False,False,False,257.2206,False
25.4071,0.0000,0.0000,0.0000,0.0000,False,True,False,False,False,258.4122,False
25.4609,0.0000,0.0000,0.0000,0.0000,False,True,False,False,False,259.5796,False
25.5107,0.0000,0.0000,0.0000,0.0000,False,True,False,False,False,260.7295,False
25.5606,0.0000,0.0000,0.0000,0.0000,False,True,False,False,False,261.8484,False
25.6069,0.0000,0.0000,0.0000,0.0000,False,True,False,False,False,262.9333,False
25.6530,0.0000,0.0000,0.0000,0.0000,False,True,False,False,False,263.9722,False
25.7006,0.0000,0.0000,0.0000,0.0000,False,True,False,False,False,264.9761,False
25.7467,0.0000,0.0000,0.0000,0.0000,False,True,False,False,False,265.9976,False
25.7995,0.0000,0.0000,0.0000,0.0000,False,True,False,False,False,267.0108,False
25.8460,0.0000,0.0000,0.0000,0.0000,False,True,False,False,False,268.0941,False
25.8942,0.0000,0.0000,0.0000,0.0000,False,True,False,False,False,269.1562,False
25.9461,0.0000,0.0000,0.0000,0.0000,False,True,False,False,False,270.1840,False
25.9937,0.0000,0.0000,0.0000,0.0000,False,True,False,False,False,271.2737,False
26.0458,0.0000,0.0000,0.0000,0.0000,False,True,False,False,False,272.3414,False
26.0931,0.0000,0.0000,0.0000,0.0000,False,True,False,False,False,273.4282,False
26.1423,0.0000,0.0000,0.0000,0.0000,False,True,False,False,False,274.4939,False
26.1956,0.0000,0.0000,0.0000,0.0000,False,True,False,False,False,275.5420,False
26.2518,0.0000,0.0000,0.0000,0.0000,False,True,False,False,False,276.6588,False
26.3032,0.0000,0.0000,0.0000,0.0000,False,True,False,False,False,277.8487,False
26.3545,0.0000,0.0000,0.0000,0.0000,False,True,False,False,False,279.0029,False
26.4139,0.0000,0.0000,0.0000,0.0000,False,True,False,False,False,280.1130,False
26.4683,0.0000,0.0000,0.0000,0.0000,False,True,False,False,False,281.3270,False
26.5236,0.0000,0.0000,0.0000,0.0000,False,True,False,False,False,282.5479,False
26.5760,0.0000,0.0000,0.0000,0.0000,False,True,False,False,False,283.7354,False
26.6300,0.0000,0.0000,0.0000,0.0000,False,True,False,False,False,284.8946,False
26.6826,0.0000,0.0000,0.0000,0.0000,False,True,False,False,False,286.0484,False
26.7332,0.0000,0.0000,0.0000,0.0000,False,True,False,False,False,287.1987,False
26.7856,0.0000,0.0000,0.0000,0.0000,False,True,False,False,False,288.3107,False
26.8462,0.0000,0.0000,0.0000,0.0000,False,False,True,False,False,288.3107,False
26.9029,0.0000,0.0000,0.0000,0.0000,False,False,True,False,False,133.9004,False
26.9565,0.0000,0.0000,0.0000,0.0000,False,False,True,False,False,132.1722,False
27.0061,0.0000,0.0000,0.0000,0.0000,False,False,True,False,False,130.5752,False
27.0615,0.0000,0.0000,0.0000,0.0000,False,False,True,False,False,129.1265,False
27.1111,0.0000,0.0000,0.0000,0.0000,False,False,True,False,False,127.5401,False
27.1604,0.0000,0.0000,0.0000,0.0000,False,False,True,False,False,126.1452,False
27.2096,0.0000,0.0000,0.0000,0.0000,False,False,True,False,False,124.7852,False
27.2592,0.0000,0.0000,0.0000,0.0000,False,False,True,False,False,123.4488,False
27.3124,0.0000,0.0000,0.0000,0.0000,False,False,True,False,False,122.1221,False
27.3645,0.0000,0.0000,0.0000,0.0000,False,False,True,False,False,120.7195,False
27.4193,0.0000,0.0000,0.0000,0.0000,False,False,True,False,False,119.3677,False
27.4702,0.0000,0.0000,0.0000,0.0000,False,False,True,False,False,117.9678,False
27.5254,0.0000,0.0000,0.0000,0.0000,False,False,True,False,False,116.6843,False
27.5868,0.0000,0.0000,0.0000,0.0000,False,False,True,False,False,115.3130,False
27.6450,0.0000,0.0000,0.0000,0.0000,False,False,True,False,False,113.8070,False
27.6987,0.0000,0.0000,0.0000,0.0000,False,False,True,False,False,112.3997,False
27.7498,0.0000,0.0000,0.0000,0.0000,False,False,True,False,False,111.1182,False
27.8009,0.0000,0.0000,0.0000,0.0000,False,False,True,False,False,109.9107,False
27.8526,0.0000,0.0000,0.0000,0.0000,False,False,True,False,False,108.7174,False
27.9162,0.0000,0.0000,0.0000,0.0000,False,False,True,False,False,107.5204,False
27.9710,0.0000,0.0000,0.0000,0.0000,False,False,True,False,False,106.0622,False
28.0262,0.0000,0.0000,0.0000,0.0000,False,False,True,False,False,104.8202,False
28.0823,0.0000,0.0000,0.0000,0.0000,False,False,True,False,False,103.5781,False
28.1333,0.0000,0.0000,0.0000,0.0000,False,False,True,False,False,102.3290,False
28.1895,0.0000,0.0000,0.0000,0.0000,False,False,True,False,False,101.2020,False
28.2408,0.0000,0.0000,0.0000,0.0000,False,False,True,False,False,99.9674,False
28.2948,0.0000,0.0000,0.0000,0.0000,False,False,True,False,False,98.8506,False
28.3487,0.0000,0.0000,0.0000,0.0000,False,False,True,False,False,97.6804,False
28.4036,0.0000,0.0000,0.0000,0.0000,False,False,True,False,False,96.5203,False
28.4633,0.0000,0.0000,0.0000,0.0000,False,False,True,False,False,95.3476,False
28.5193,0.0000,0.0000,0.0000,0.0000,False,False,True,False,False,94.0785,False
28.5732,0.0000,0.0000,0.0000,0.0000,False,False,True,False,False,92.8953,False
28.6267,0.0000,0.0000,0.0000,0.0000,False,False,True,False,False,91.7626,False
28.6857,0.0000,0.0000,0.0000,0.0000,False,False,True,False,False,90.6422,False
28.7405,0.0000,0.0000,0.0000,0.0000,False,False,True,False,False,89.4140,False
28.7952,0.0000,0.0000,0.0000,0.0000,False,False,True,False,False,88.2770,False
28.8511,0.0000,0.0000,0.0000,0.0000,False,False,True,False,False,87.1496,False
28.9076,0.0000,0.0000,0.0000,0.0000,False,False,True,False,False,85.9989,False
28.9717,0.0000,0.0000,0.0000,0.0000,False,False,True,False,False,84.8406,False
29.0332,0.0000,0.0000,0.0000,0.0000,False,False,True,False,False,83.5331,False
29.0951,0.0000,0.0000,0.0000,0.0000,False,False,True,False,False,82.2819,False
29.1540,0.0000,0.0000,0.0000,0.0000,False,False,True,False,False,81.0290,False
29.2190,0.0000,0.0000,0.0000,0.0000,False,False,True,False,False,79.8374,False
29.2774,0.0000,0.0000,0.0000,0.0000,False,False,True,False,False,78.5281,False
29.3349,0.0000,0.0000,0.0000,0.0000,False,False,True,False,False,77.3546,False
29.3953,0.0000,0.0000,0.0000,0.0000,False,False,True,False,False,76.2036,False
29.4572,0.0000,0.0000,0.0000,0.0000,False,False,True,False,False,74.9960,False
29.5174,0.0000,0.0000,0.0000,0.0000,False,False,True,False,False,73.7616,False
29.5841,0.0000,0.0000,0.0000,0.0000,False,False,True,False,False,72.5639,False
29.6510,0.0000,0.0000,0.0000,0.0000,False,False,True,False,False,71.2372,False
29.7129,0.0000,0.0000,0.0000,0.0000,False,False,True,False,False,69.9130,False
29.7751,0.0000,0.0000,0.0000,0.0000,False,False,True,False,False,68.6880,False
29.8392,0.0000,0.0000,0.0000,0.0000,False,False,True,False,False,67.4601,False
29.9116,0.0000,0.0000,0.0000,0.0000,False,False,True,False,False,66.1950,False
29.9844,0.0000,0.0000,0.0000,0.0000,False,False,True,False,False,64.7702,False
30.0532,0.0000,0.0000,0.0000,0.0000,False,False,True,False,False,63.3403,False
30.1184,0.0000,0.0000,0.0000,0.0000,False,False,True,False,False,61.9888,False
30.1930,0.0000,0.0000,0.0000,0.0000,False,False,True,False,False,60.7000,False
30.2613,0.0000,0.0000,0.0000,0.0000,False,False,True,False,False,59.2133,False
30.3276,0.0000,0.0000,0.0000,0.0000,False,False,True,False,False,57.8381,False
30.3926,0.0000,0.0000,0.0000,0.0000,False,False,True,False,False,56.4939,False
30.4653,0.0000,0.0000,0.0000,0.0000,False,False,True,False,False,55.1640,False
30.5325,0.0000,0.0000,0.0000,0.0000,False,False,True,False,False,53.6659,False
30.6005,0.0000,0.0000,0.0000,0.0000,False,False,True,False,False,52.2701,False
30.6701,0.0000,0.0000,0.0000,0.0000,False,False,True,False,False,50.8450,False
30.7361,0.0000,0.0000,0.0000,0.0000,False,False,True,False,False,49.3769,False
30.8039,0.0000,0.0000,0.0000,0.0000,False,False,True,False,False,47.9718,False
30.8738,0.0000,0.0000,0.0000,0.0000,False,False,True,False,False,46.5176,False
30.9452,0.0000,0.0000,0.0000,0.0000,False,False,True,False,False,45.0106,False
31.0164,0.0000,0.0000,0.0000,0.0000,False,False,True,False,False,43.4591,False
31.0868,0.0000,0.0000,0.0000,0.0000,False,False,True,False,False,41.9008,False
31.1583,0.0000,0.0000,0.0000,0.0000,False,False,True,False,False,40.3491,False
31.2250,0.0000,0.0000,0.0000,0.0000,False,False,True,False,False,38.7628,False
31.2925,0.0000,0.0000,0.0000,0.0000,False,False,True,False,False,37.2700,False
31.3631,0.0000,0.0000,0.0000,0.0000,False,False,True,False,False,35.7499,False
31.4337,0.0000,0.0000,0.0000,0.0000,False,False,True,False,False,34.1504,False
31.5130,0.0000,0.0000,0.0000,0.0000,False,False,True,False,False,32.5385,False
31.5836,0.0000,0.0000,0.0000,0.0000,False,False,True,False,False,30.7164,False
31.6574,0.0000,0.0000,0.0000,0.0000,False,False,True,False,False,29.0840,False
31.7347,0.0000,0.0000,0.0000,0.0000,False,False,True,False,False,27.3671,False
31.8177,0.0000,0.0000,0.0000,0.0000,False,False,True,False,False,25.5429,False
31.8926,0.0000,0.0000,0.0000,0.0000,False,False,True,False,False,23.5588,False
31.9717,0.0000,0.0000,0.0000,0.0000,False,False,True,False,False,21.7487,False
32.0550,0.0000,0.0000,0.0000,0.0000,False,False,True,False,False,19.8215,False
32.1329,0.0000,0.0000,0.0000,0.0000,False,False,True,False,False,17.7632,False
32.2136,0.0000,0.0000,0.0000,0.0000,False,False,True,False,False,15.8300,False
32.2879,0.0000,0.0000,0.0000,0.0000,False,False,True,False,False,13.8197,False
32.3602,0.0000,0.0000,0.0000,0.0000,False,False,True,False,False,11.9664,False
32.4342,0.0000,0.0000,0.0000,0.0000,False,False,True,False,False,10.1603,False
32.5120,0.0000,0.0000,0.0000,0.0000,False,False,True,False,False,8.3133,False
32.5856,0.0000,0.0000,0.0000,0.0000,False,False,True,False,False,6.3735,False
32.6584,0.0000,0.0000,0.0000,0.0000,False,False,True,False,False,4.5447,False
32.7252,0.0000,0.0000,0.0000,0.0000,False,False,True,False,False,2.7389,False
32.7945,0.0000,0.0000,0.0000,0.0000,False,False,True,False,False,1.0919,False
32.8647,0.0000,0.0000,0.0000,0.0000,False,False,True,False,False,0.6217,False
32.9355,0.0000,0.0000,0.0000,0.0000,False,False,True,False,False,2.3243,False
33.0087,0.0000,0.0000,0.0000,0.0000,False,False,True,False,False,4.0369,False
33.0778,0.0000,0.0000,0.0000,0.0000,False,False,True,False,False,5.7978,False
33.1490,0.0000,0.0000,0.0000,0.0000,False,False,True,False,False,7.4559,False
33.2202,0.0000,0.0000,0.0000,0.0000,False,False,True,False,False,9.1571,False
33.2805,0.0000,0.0000,0.0000,0.0000,False,False,True,False,False,10.8579,False
33.3399,0.0000,0.0000,0.0000,0.0000,False,False,True,False,False,12.2996,False
33.4029,0.0000,0.0000,0.0000,0.0000,False,False,True,False,False,13.7023,False
33.4671,0.0000,0.0000,0.0000,0.0000,False,False,True,False,False,15.1818,False
33.5305,0.0000,0.0000,0.0000,0.0000,False,False,True,False,False,16.6883,False
33.5876,0.0000,0.0000,0.0000,0.0000,False,False,True,False,False,18.1753,False
33.6503,0.0000,0.0000,0.0000,0.0000,False,False,True,False,False,19.5164,False
33.7090,0.0000,0.0000,0.0000,0.0000,False,False,True,False,False,20.9904,False
33.7618,0.0000,0.0000,0.0000,0.0000,False,False,True,False,False,22.3745,False
33.8263,0.0000,0.0000,0.0000,0.0000,False,False,True,False,False,23.6189,False
33.8796,0.0000,0.0000,0.0000,0.0000,False,False,True,False,False,25.1388,False
33.9329,0.0000,0.0000,0.0000,0.0000,False,False,True,False,False,26.3910,False
33.9854,0.0000,0.0000,0.0000,0.0000,False,False,True,False,False,27.6317,False
34.0389,0.0000,0.0000,0.0000,0.0000,False,False,True,False,False,28.8585,False
34.0916,0.0000,0.0000,0.0000,0.0000,False,False,True,False,False,30.1086,False
34.1480,0.0000,0.0000,0.0000,0.0000,False,False,True,False,False,31.3415,False
34.2029,0.0000,0.0000,0.0000,0.0000,False,False,True,False,False,32.6658,False
34.2537,0.0000,0.0000,0.0000,0.0000,False,False,True,False,False,33.9530,False
34.3058,0.0000,0.0000,0.0000,0.0000,False,False,True,False,False,35.1487,False
34.3569,0.0000,0.0000,0.0000,0.0000,False,False,True,False,False,36.3742,False
34.4135,0.0000,0.0000,0.0000,0.0000,False,False,True,False,False,37.5775,False
34.4649,0.0000,0.0000,0.0000,0.0000,False,False,True,False,False,38.9098,False
34.5180,0.0000,0.0000,0.0000,0.0000,False,False,True,False,False,40.1265,False
34.5685,0.0000,0.0000,0.0000,0.0000,False,False,True,False,False,41.3850,False
34.6252,0.0000,0.0000,0.0000,0.0000,False,False,True,False,False,42.5934,False
34.6767,0.0000,0.0000,0.0000,0.0000,False,False,True,False,False,43.9555,False
34.7292,0.0000,0.0000,0.0000,0.0000,False,False,True,False,False,45.1989,False
34.7787,0.0000,0.0000,0.0000,0.0000,False,False,True,False,False,46.4682,False
34.8290,0.0000,0.0000,0.0000,0.0000,False,False,True,False,False,47.6696,False
34.8820,0.0000,0.0000,0.0000,0.0000,False,False,True,False,False,48.9013,False
34.9327,0.0000,0.0000,0.0000,0.0000,False,False,True,False,False,50.2045,False
34.9811,0.0000,0.0000,0.0000,0.0000,False,False,True,False,False,51.4545,False
35.0315,0.0000,0.0000,0.0000,0.0000,False,False,True,False,False,52.6525,False
35.0803,0.0000,0.0000,0.0000,0.0000,False,False,True,False,False,53.9033,False
35.1317,0.0000,0.0000,0.0000,0.0000,False,False,True,False,False,55.1182,False
35.1798,0.0000,0.0000,0.0000,0.0000,False,False,True,False,False,56.4004,False
35.2295,0.0000,0.0000,0.0000,0.0000,False,False,True,False,False,57.6067,False
35.2788,0.0000,0.0000,0.0000,0.0000,False,False,True,False,False,58.8563,False
35.3256,0.0000,0.0000,0.0000,0.0000,False,False,True,False,False,60.0993,False
35.3756,0.0000,0.0000,0.0000,0.0000,False,False,True,False,False,61.2826,False
35.4243,0.0000,0.0000,0.0000,0.0000,False,False,True,False,False,62.5442,False
35.4717,0.0000,0.0000,0.0000,0.0000,False,False,True,False,False,63.7722,False
35.5189,0.0000,0.0000,0.0000,0.0000,False,False,True,False,False,64.9655,False
35.5656,0.0000,0.0000,0.0000,0.0000,False,False,True,False,False,66.1481,False
35.6174,0.0000,0.0000,0.0000,0.0000,False,False,True,False,False,67.3234,False
35.6637,0.0000,0.0000,0.0000,0.0000,False,False,True,False,False,68.6279,False
35.7120,0.0000,0.0000,0.0000,0.0000,False,False,True,False,False,69.7963,False
35.7590,0.0000,0.0000,0.0000,0.0000,False,False,True,False,False,71.0160,False
35.8051,0.0000,0.0000,0.0000,0.0000,False,False,True,False,False,72.2013,False
35.8553,0.0000,0.0000,0.0000,0.0000,False,False,True,False,False,73.3653,False
35.9022,0.0000,0.0000,0.0000,0.0000,False,False,True,False,False,74.6340,False
35.9499,0.0000,0.0000,0.0000,0.0000,False,False,True,False,False,75.8182,False
35.9971,0.0000,0.0000,0.0000,0.0000,False,False,True,False,False,77.0243,False
36.0415,0.0000,0.0000,0.0000,0.0000,False,False,True,False,False,78.2164,False
36.0930,0.0000,0.0000,0.0000,0.0000,False,False,True,False,False,79.3388,False
36.1397,0.0000,0.0000,0.0000,0.0000,False,False,True,False,False,80.6456,False
36.1863,0.0000,0.0000,0.0000,0.0000,False,False,True,False,False,81.8337,False
36.2354,0.0000,0.0000,0.0000,0.0000,False,False,True,False,False,83.0177,False
36.2825,0.0000,0.0000,0.0000,0.0000,False,False,True,False,False,84.2679,False
36.3332,0.0000,0.0000,0.0000,0.0000,False,False,True,False,False,85.4641,False
36.3783,0.0000,0.0000,0.0000,0.0000,False,False,True,False,False,86.7564,False
36.4259,0.0000,0.0000,0.0000,0.0000,False,False,True,False,False,87.9057,False
36.4725,0.0000,0.0000,0.0000,0.0000,False,False,True,False,False,89.1217,False
36.5179,0.0000,0.0000,0.0000,0.0000,False,False,True,False,False,90.3160,False
36.5664,0.0000,0.0000,0.0000,0.0000,False,False,True,False,False,91.4780,False
36.6109,0.0000,0.0000,0.0000,0.0000,False,False,True,False,False,92.7195,False
36.6572,0.0000,0.0000,0.0001,0.0000,False,False,True,False,False,93.8587,False
36.7039,0.0000,0.0000,0.0000,0.0000,False,False,True,False,False,95.0500,False
36.7488,0.0000,0.0000,0.0001,0.0000,False,False,True,False,False,96.2513,False
36.7982,0.0000,0.0000,0.0000,0.0000,False,False,True,False,False,97.4046,False
36.8425,0.0000,0.0000,0.0000,0.0000,False,False,True,False,False,98.6754,False
36.8898,0.0000,0.0000,0.0000,0.0000,False,False,True,False,False,99.8159,False
36.9343,0.0000,0.0000,0.0000,0.0000,False,False,True,False,False,101.0328,False
36.9814,0.0000,0.0000,0.0000,0.0000,False,False,True,False,False,102.1781,False
37.0270,0.0000,0.0000,0.0000,0.0000,False,False,True,False,False,103.3896,False
37.0713,0.0000,0.0000,0.0001,0.0000,False,False,True,False,False,104.5647,False
37.1166,0.0000,0.0000,0.0001,0.0000,False,False,True,False,False,105.7041,False
37.1606,0.0000,0.0000,0.0000,0.0000,False,False,True,False,False,106.8647,False
37.2059,0.0000,0.0000,0.0000,0.0000,False,False,True,False,False,107.9916,False
37.2576,0.0000,0.0000,0.0000,0.0000,False,False,True,False,False,109.1505,False
37.3017,0.0000,0.0000,0.0000,0.0000,False,False,True,False,False,110.4761,False
37.3461,0.0000,0.0000,0.0000,0.0000,False,False,True,False,False,111.6050,False
37.3915,0.0000,0.0000,0.0000,0.0000,False,False,True,False,False,112.7400,False
37.4381,0.0000,0.0000,0.0000,0.0000,False,False,True,False,False,113.8994,False
37.4858,0.0000,0.0000,0.0000,0.0000,False,False,True,False,False,115.0869,False
37.5318,0.0000,0.0000,0.0000,0.0000,False,False,True,False,False,116.3043,False
37.5772,0.0000,0.0000,0.0000,0.0000,False,False,True,False,False,117.4752,False
37.6218,0.0000,0.0000,0.0000,0.0000,False,False,True,False,False,118.6347,False
37.6695,0.0000,0.0000,0.0000,0.0000,False,False,True,False,False,119.7664,False
37.7128,0.0000,0.0000,0.0000,0.0000,False,False,True,False,False,120.9748,False
37.7725,0.0000,0.0000,0.0000,0.0000,False,False,True,False,False,122.0737,False
37.8208,0.0000,0.0000,0.0000,0.0000,False,False,True,False,False,123.5886,False
37.8659,0.0000,0.0000,0.0000,0.0000,False,False,True,False,False,124.8141,False
37.9105,0.0000,0.0000,0.0000,0.0000,False,False,True,False,False,125.9538,False
37.9591,0.0000,0.0000,0.0000,0.0000,False,False,True,False,False,127.0797,False
38.0032,0.0000,0.0000,0.0000,0.0000,False,False,True,False,False,128.3047,False
38.0470,0.0000,0.0000,0.0000,0.0000,False,False,True,False,False,129.4164,False
38.0928,0.0000,0.0000,0.0000,0.0000,False,False,True,False,False,130.5226,False
38.1398,0.0000,0.0000,0.0000,0.0000,False,False,True,False,False,131.6781,False
38.1875,0.0000,0.0000,0.0000,0.0000,False,False,True,False,False,132.8630,False
38.2319,0.0000,0.0000,0.0000,0.0000,False,False,True,False,False,134.0679,False
38.2802,0.0000,0.0000,0.0000,0.0000,False,False,True,False,False,135.1884,False
38.3299,0.0000,0.0000,0.0000,0.0000,False,False,True,False,False,136.4076,False
38.3774,0.0000,0.0000,0.0001,0.0000,False,False,True,False,False,137.6625,False
38.4246,0.0000,0.0000,0.0000,0.0000,False,False,True,False,False,138.8602,False
38.4707,0.0000,0.0000,0.0000,0.0000,False,False,True,False,False,140.0529,False
38.5149,0.0000,0.0000,0.0000,0.0000,False,False,True,False,False,141.2167,False
38.5598,0.0000,0.0000,0.0000,0.0000,False,False,True,False,False,142.3326,False
38.6100,0.0000,0.0000,0.0000,0.0000,False,False,True,False,False,143.4672,False
38.6633,0.0000,0.0000,0.0000,0.0000,False,False,True,False,False,144.7396,False
38.7103,0.0000,0.0000,0.0000,0.0000,False,False,True,False,False,146.0921,False
38.7562,0.0000,0.0000,0.0000,0.0000,False,False,True,False,False,147.2858,False
38.8034,0.0000,0.0000,0.0000,0.0000,False,False,True,False,False,148.4532,False
38.8495,0.0000,0.0000,0.0000,0.0000,False,False,True,False,False,149.6506,False
38.9017,0.0000,0.0000,0.0000,0.0000,False,False,True,False,False,150.8233,False
38.9484,0.0000,0.0000,0.0000,0.0000,False,False,True,False,False,152.1482,False
38.9941,0.0000,0.0000,0.0000,0.0000,False,False,True,False,False,153.3343,False
39.0417,0.0000,0.0000,0.0000,0.0000,False,False,True,False,False,154.4966,False
39.0894,0.0000,0.0000,0.0000,0.0000,False,False,True,False,False,155.7051,False
39.1365,0.0000,0.0000,0.0000,0.0000,False,False,True,False,False,156.9177,False
39.1806,0.0000,0.0000,0.0000,0.0000,False,False,True,False,False,158.1129,False
39.2269,0.0000,0.0000,0.0000,0.0000,False,False,True,False,False,159.2349,False
39.2701,0.0000,0.0000,0.0000,0.0000,False,False,True,False,False,160.4094,False
39.3198,0.0000,0.0000,0.0000,0.0000,False,False,True,False,False,161.5088,False
39.3707,0.0000,0.0000,0.0000,0.0000,False,False,True,False,False,162.7707,False
39.4167,0.0000,0.0000,0.0000,0.0000,False,False,True,False,False,164.0652,False
39.4634,0.0000,0.0000,0.0000,0.0000,False,False,True,False,False,165.2337,False
39.5087,0.0000,0.0000,0.0000,0.0000,False,False,True,False,False,166.4198,False
39.5549,0.0000,0.0000,0.0000,0.0000,False,False,True,False,False,167.5717,False
39.6053,0.0000,0.0000,0.0000,0.0000,False,False,True,False,False,168.7523,False
39.6510,0.0000,0.0000,0.0000,0.0000,False,False,True,False,False,170.0426,False
39.6955,0.0000,0.0000,0.0000,0.0000,False,False,True,False,False,171.2118,False
39.7419,0.0000,0.0000,0.0000,0.0000,False,False,True,False,False,172.3508,False
39.7938,0.0000,0.0000,0.0000,0.0000,False,False,True,False,False,173.5402,False
39.8455,0.0000,0.0000,0.0000,0.0000,False,False,True,False,False,174.8686,False
39.8912,0.0000,0.0000,0.0000,0.0000,False,False,True,False,False,176.1903,False
39.9374,0.0000,0.0000,0.0000,0.0000,False,False,True,False,False,177.3603,False
39.9802,0.0000,0.0000,0.0000,0.0000,False,False,True,False,False,178.5430,False
40.0281,0.0000,0.0000,0.0000,0.0000,False,False,True,False,False,179.6391,False
40.0755,0.0000,0.0000,0.0000,0.0000,False,False,True,False,False,180.8649,False
40.1216,0.0000,0.0000,0.0000,0.0000,False,False,True,False,False,182.0798,False
40.1694,0.0000,0.0000,0.0000,0.0000,False,False,True,False,False,183.2602,False
40.2123,0.0000,0.0000,0.0000,0.0000,False,False,True,False,False,184.4834,False
40.2584,0.0000,0.0000,0.0000,0.0000,False,False,True,False,False,185.5815,False
40.3123,0.0000,0.0000,0.0000,0.0000,False,False,True,False,False,186.7616,False
40.3600,0.0000,0.0000,0.0000,0.0000,False,False,True,False,False,188.1418,False
40.4067,0.0000,0.0000,0.0000,0.0000,False,False,True,False,False,189.3665,False
40.4490,0.0000,0.0000,0.0000,0.0000,False,False,True,False,False,190.5660,False
40.4942,0.0000,0.0000,0.0000,0.0000,False,False,True,False,False,191.6535,False
40.5417,0.0000,0.0000,0.0000,0.0000,False,False,True,False,False,192.8132,False
40.5865,0.0000,0.0000,0.0000,0.0000,False,False,True,False,False,194.0335,False
40.6305,0.0000,0.0000,0.0000,0.0000,False,False,True,False,False,195.1857,False
40.6751,0.0000,0.0000,0.0000,0.0000,False,False,True,False,False,196.3147,False
40.7237,0.0000,0.0000,0.0000,0.0000,False,False,True,False,False,197.4621,False
40.7698,0.0000,0.0000,0.0000,0.0000,False,False,True,False,False,198.7091,False
40.8197,0.0000,0.0000,0.0000,0.0000,False,False,True,False,False,199.8954,False
40.8643,0.0000,0.0000,0.0000,0.0000,False,False,True,False,False,201.1756,False
40.9115,0.0000,0.0000,0.0000,0.0000,False,False,True,False,False,202.3215,False
40.9615,0.0000,0.0000,0.0000,0.0000,False,False,True,False,False,203.5348,False
41.0082,0.0000,0.0000,0.0000,0.0000,False,False,True,False,False,204.8194,False
41.0531,0.0000,0.0000,0.0000,0.0000,False,False,True,False,False,206.0192,False
41.0972,0.0000,0.0000,0.0000,0.0000,False,False,True,False,False,207.1728,False
41.1420,0.0000,0.0000,0.0000,0.0000,False,False,True,False,False,208.3060,False
41.1940,0.0000,0.0000,0.0000,0.0000,False,False,True,False,False,209.4572,False
41.2365,0.0000,0.0000,0.0000,0.0000,False,False,True,False,False,210.7943,False
41.2824,0.0000,0.0000,0.0000,0.0000,False,False,True,False,False,211.8845,False
41.3316,0.0000,0.0000,0.0000,0.0000,False,False,True,False,False,213.0651,False
41.3750,0.0000,0.0000,0.0000,0.0000,False,False,True,False,False,214.3250,False
41.4245,0.0000,0.0000,0.0000,0.0000,False,False,True,False,False,215.4353,False
41.4722,0.0000,0.0000,0.0000,0.0000,False,False,True,False,False,216.7021,False
41.5190,0.0000,0.0000,0.0000,0.0000,False,False,True,False,False,217.9211,False
41.5619,0.0000,0.0000,0.0000,0.0000,False,False,True,False,False,219.1183,False
41.6089,0.0000,0.0000,0.0000,0.0000,False,False,True,False,False,220.2127,False
41.6567,0.0000,0.0000,0.0000,0.0000,False,False,True,False,False,221.4078,False
41.7039,0.0000,0.0000,0.0000,0.0000,False,False,True,False,False,222.6223,False
41.7499,0.0000,0.0000,0.0000,0.0000,False,False,True,False,False,223.8226,False
41.7953,0.0000,0.0000,0.0000,0.0000,False,False,True,False,False,224.9908,False
41.8463,0.0000,0.0000,0.0000,0.0000,False,False,True,False,False,226.1429,False
41.8973,0.0000,0.0000,0.0000,0.0000,False,False,True,False,False,227.4386,False
41.9415,0.0000,0.0000,0.0000,0.0000,False,False,True,False,False,228.7355,False
41.9869,0.0000,0.0000,0.0000,0.0000,False,False,True,False,False,229.8577,False
42.0315,0.0000,0.0000,0.0000,0.0000,False,False,True,False,False,231.0115,False
42.0741,0.0000,0.0000,0.0000,0.0000,False,False,True,False,False,232.1447,False
42.1231,0.0000,0.0000,0.0000,0.0000,False,False,True,False,False,233.2271,False
42.1697,0.0000,0.0000,0.0000,0.0000,False,False,True,False,False,234.4713,False
42.2155,0.0000,0.0000,0.0000,0.0000,False,False,True,False,False,235.6572,False
42.2602,0.0000,0.0000,0.0000,0.0000,False,False,True,False,False,236.8210,False
42.3099,0.0000,0.0000,0.0000,0.0000,False,False,True,False,False,237.9566,False
42.3646,0.0000,0.0000,0.0000,0.0000,False,False,True,False,False,239.2179,False
42.4123,0.0000,0.0000,0.0000,0.0000,False,False,True,False,False,240.6153,False
42.4612,0.0000,0.0000,0.0000,0.0000,False,False,True,False,False,241.8315,False
42.5058,0.0000,0.0000,0.0000,0.0000,False,False,True,False,False,243.0805,False
42.5512,0.0000,0.0000,0.0000,0.0000,False,False,True,False,False,244.2210,False
42.5990,0.0000,0.0000,0.0000,0.0000,False,False,True,False,False,245.3776,False
42.6496,0.0000,0.0000,0.0000,0.0000,False,False,True,False,False,246.5984,False
42.7026,0.0000,0.0000,0.0000,0.0000,False,False,True,False,False,247.8915,False
42.7535,0.0000,0.0000,0.0000,0.0000,False,False,True,False,False,249.2436,False
42.8044,0.0000,0.0000,0.0000,0.0000,False,False,True,False,False,250.5426,False
42.8612,0.0000,0.0000,0.0000,0.0000,False,False,True,False,False,251.8428,False
42.9103,0.0000,0.0000,0.0000,0.0000,False,False,True,False,False,253.2923,False
42.9588,0.0000,0.0000,0.0000,0.0000,False,False,True,False,False,254.5481,False
43.0030,0.0000,0.0000,0.0000,0.0000,False,False,True,False,False,255.7842,False
43.0502,0.0000,0.0000,0.0000,0.0000,False,False,True,False,False,256.9146,False
43.0996,0.0000,0.0000,0.0000,0.0000,False,False,True,False,False,258.1179,False
43.1513,0.0000,0.0000,0.0000,0.0000,False,False,True,False,False,259.3795,False
43.2016,0.0000,0.0000,0.0000,0.0000,False,False,True,False,False,260.7015,False
43.2510,0.0000,0.0000,0.0000,0.0000,False,False,True,False,False,261.9853,False
43.2973,0.0000,0.0000,0.0000,0.0000,False,False,True,False,False,263.2463,False
43.3574,0.0000,0.0000,0.0000,0.0000,False,False,True,False,False,264.4292,False
43.4106,0.0000,0.0000,0.0000,0.0000,False,False,True,False,False,265.9640,False
43.4583,0.0000,0.0000,0.0000,0.0000,False,False,True,False,False,267.3221,False
43.5025,0.0000,0.0000,0.0000,0.0000,False,False,True,False,False,268.5384,False
43.5464,0.0000,0.0000,0.0000,0.0000,False,False,True,False,False,269.6684,False
43.5913,0.0000,0.0000,0.0000,0.0000,False,False,True,False,False,270.7885,False
43.6390,0.0000,0.0000,0.0000,0.0000,False,False,True,False,False,271.9365,False
43.6858,0.0000,0.0000,0.0000,0.0000,False,False,True,False,False,273.1527,False
43.7364,0.0000,0.0000,0.0000,0.0000,False,False,True,False,False,274.3483,False
43.7848,0.0000,0.0000,0.0000,0.0000,False,False,True,False,False,275.6395,False
43.8389,0.0000,0.0000,0.0000,0.0000,False,False,True,False,False,276.8769,False
43.8848,0.0000,0.0000,0.0000,0.0000,False,False,True,False,False,278.2587,False
43.9357,0.0000,0.0000,0.0000,0.0000,False,False,True,False,False,279.4302,False
43.9877,0.0000,0.0000,0.0000,0.0000,False,False,True,False,False,280.7346,False
44.0389,0.0000,0.0000,0.0000,0.0000,False,False,True,False,False,282.0711,False
44.0920,0.0000,0.0000,0.0000,0.0000,False,False,True,False,False,283.3851,False
44.1407,0.0000,0.0000,0.0000,0.0000,False,False,True,False,False,284.7481,False
44.1926,0.0000,0.0000,0.0000,0.0000,False,False,True,False,False,286.0000,False
44.2411,0.0000,0.0000,0.0000,0.0000,False,False,True,False,False,287.3340,False
44.2901,0.0000,0.0000,0.0000,0.0000,False,False,True,False,False,288.5802,False
44.3483,0.0000,0.0000,0.0000,0.0000,False,False,True,False,False,289.8388,False
44.3984,0.0000,0.0000,0.0000,0.0000,False,False,True,False,False,291.3319,False
44.4484,0.0000,0.0000,0.0000,0.0000,False,False,True,False,False,292.6194,False
44.4983,0.0000,0.0000,0.0000,0.0000,False,False,True,False,False,293.9048,False
44.5537,0.0000,0.0000,0.0000,0.0000,False,False,True,False,False,295.1845,False
44.6044,0.0000,0.0000,0.0000,0.0000,False,False,False,True,False,295.1845,False
44.6602,0.0000,0.0000,0.0000,0.0000,False,False,False,True,False,121.4055,False
44.7133,0.0000,0.0000,0.0000,0.0000,False,False,False,True,False,119.7397,False
44.7590,0.0000,0.0000,0.0000,0.0000,False,False,False,True,False,118.1913,False
44.8117,0.0000,0.0000,0.0000,0.0000,False,False,False,True,False,116.8816,False
44.8621,0.0000,0.0000,0.0000,0.0000,False,False,False,True,False,115.3971,False
44.9088,0.0000,0.0000,0.0000,0.0000,False,False,False,True,False,114.0030,False
44.9577,0.0000,0.0000,0.0000,0.0000,False,False,False,True,False,112.7342,False
45.0070,0.0000,0.0000,0.0000,0.0000,False,False,False,True,False,111.4238,False
45.0612,0.0000,0.0000,0.0000,0.0000,False,False,False,True,False,110.1229,False
45.1092,0.0000,0.0000,0.0000,0.0000,False,False,False,True,False,108.7159,False
45.1557,0.0000,0.0000,0.0000,0.0000,False,False,False,True,False,107.4856,False
45.2071,0.0000,0.0000,0.0000,0.0000,False,False,False,True,False,106.3097,False
45.2588,0.0000,0.0000,0.0000,0.0000,False,False,False,True,False,105.0246,False
45.3084,0.0000,0.0000,0.0000,0.0000,False,False,False,True,False,103.7510,False
45.3617,0.0000,0.0000,0.0000,0.0000,False,False,False,True,False,102.5440,False
45.4110,0.0000,0.0000,0.0000,0.0000,False,False,False,True,False,101.2586,False
45.4601,0.0000,0.0000,0.0000,0.0000,False,False,False,True,False,100.0854,False
45.5115,0.0000,0.0000,0.0000,0.0000,False,False,False,True,False,98.9267,False
45.5607,0.0000,0.0000,0.0000,0.0000,False,False,False,True,False,97.7267,False
45.6092,0.0000,0.0000,0.0000,0.0000,False,False,False,True,False,96.5890,False
45.6566,0.0000,0.0000,0.0000,0.0000,False,False,False,True,False,95.4789,False
45.7118,0.0000,0.0000,0.0000,0.0000,False,False,False,True,False,94.4013,False
45.7692,0.0000,0.0000,0.0000,0.0000,False,False,False,True,False,93.1579,False
45.8180,0.0000,0.0000,0.0001,0.0000,False,False,False,True,False,91.8755,False
45.8705,0.0000,0.0000,0.0000,0.0000,False,False,False,True,False,90.7944,False
45.9195,0.0000,0.0000,0.0000,0.0000,False,False,False,True,False,89.6374,False
45.9661,0.0000,0.0000,0.0000,0.0000,False,False,False,True,False,88.5682,False
46.0184,0.0000,0.0000,0.0000,0.0000,False,False,False,True,False,87.5569,False
46.0668,0.0000,0.0000,0.0000,0.0000,False,False,False,True,False,86.4262,False
46.1154,0.0000,0.0000,0.0000,0.0000,False,False,False,True,False,85.3889,False
46.1637,0.0000,0.0000,0.0000,0.0000,False,False,False,True,False,84.3510,False
46.2199,0.0000,0.0000,0.0000,0.0000,False,False,False,True,False,83.3245,False
46.2768,0.0000,0.0000,0.0000,0.0000,False,False,False,True,False,82.1374,False
46.3271,0.0000,0.0000,0.0000,0.0000,False,False,False,True,False,80.9395,False
46.3833,0.0000,0.0000,0.0001,0.0000,False,False,False,True,False,79.8887,False
46.4374,0.0000,0.0000,0.0000,0.0000,False,False,False,True,False,78.7185,False
46.4875,0.0000,0.0000,0.0000,0.0000,False,False,False,True,False,77.5959,False
46.5413,0.0000,0.0000,0.0000,0.0000,False,False,False,True,False,76.5628,False
46.5927,0.0000,0.0000,0.0000,0.0000,False,False,False,True,False,75.4566,False
46.6452,0.0000,0.0000,0.0000,0.0000,False,False,False,True,False,74.4019,False
46.6995,0.0000,0.0000,0.0001,0.0000,False,False,False,True,False,73.3293,False
46.7548,0.0000,0.0000,0.0000,0.0000,False,False,False,True,False,72.2238,False
46.8139,0.0000,0.0000,0.0000,0.0000,False,False,False,True,False,71.1008,False
46.8740,0.0000,0.0000,0.0000,0.0000,False,False,False,True,False,69.9060,False
46.9337,0.0000,0.0000,0.0000,0.0000,False,False,False,True,False,68.6943,False
46.9919,0.0000,0.0000,0.0000,0.0000,False,False,False,True,False,67.4923,False
47.0546,0.0000,0.0000,0.0000,0.0000,False,False,False,True,False,66.3260,False
47.1141,0.0000,0.0000,0.0000,0.0000,False,False,False,True,False,65.0708,False
47.1743,0.0000,0.0000,0.0000,0.0000,False,False,False,True,False,63.8844,False
47.2378,0.0000,0.0000,0.0000,0.0000,False,False,False,True,False,62.6860,False
47.2999,0.0000,0.0000,0.0000,0.0000,False,False,False,True,False,61.4266,False
47.3671,0.0000,0.0000,0.0000,0.0000,False,False,False,True,False,60.1953,False
47.4340,0.0000,0.0000,0.0000,0.0000,False,False,False,True,False,58.8670,False
47.5020,0.0000,0.0000,0.0000,0.0000,False,False,False,True,False,57.5472,False
47.5682,0.0000,0.0000,0.0000,0.0000,False,False,False,True,False,56.2094,False
47.6378,0.0000,0.0000,0.0000,0.0000,False,False,False,True,False,54.9085,False
47.7049,0.0000,0.0000,0.0000,0.0000,False,False,False,True,False,53.5426,False
47.7754,0.0000,0.0000,0.0000,0.0000,False,False,False,True,False,52.2297,False
47.8407,0.0000,0.0000,0.0000,0.0000,False,False,False,True,False,50.8529,False
47.9149,0.0000,0.0000,0.0000,0.0000,False,False,False,True,False,49.5789,False
47.9872,0.0000,0.0000,0.0000,0.0000,False,False,False,True,False,48.1328,False
48.0532,0.0000,0.0000,0.0000,0.0000,False,False,False,True,False,46.7263,False
48.1188,0.0000,0.0000,0.0000,0.0000,False,False,False,True,False,45.4445,False
48.1839,0.0000,0.0000,0.0000,0.0000,False,False,False,True,False,44.1718,False
48.2562,0.0000,0.0000,0.0000,0.0000,False,False,False,True,False,42.9118,False
48.3283,0.0000,0.0000,0.0000,0.0000,False,False,False,True,False,41.5115,False
48.3983,0.0000,0.0000,0.0000,0.0000,False,False,False,True,False,40.1186,False
48.4671,0.0000,0.0000,0.0000,0.0000,False,False,False,True,False,38.7678,False
48.5364,0.0000,0.0000,0.0000,0.0000,False,False,False,True,False,37.4437,False
48.6042,0.0000,0.0000,0.0000,0.0000,False,False,False,True,False,36.1088,False
48.6820,0.0000,0.0000,0.0000,0.0000,False,False,False,True,False,34.8070,False
48.7639,0.0000,0.0000,0.0000,0.0000,False,False,False,True,False,33.3135,False
48.8352,0.0000,0.0000,0.0000,0.0000,False,False,False,True,False,31.7454,False
48.9023,0.0000,0.0000,0.0000,0.0000,False,False,False,True,False,30.3829,False
48.9740,0.0000,0.0000,0.0000,0.0000,False,False,False,True,False,29.1011,False
49.0430,0.0000,0.0000,0.0000,0.0000,False,False,False,True,False,27.7355,False
49.1185,0.0000,0.0000,0.0000,0.0000,False,False,False,True,False,26.4248,False
49.1908,0.0000,0.0000,0.0000,0.0000,False,False,False,True,False,24.9947,False
49.2666,0.0000,0.0000,0.0000,0.0000,False,False,False,True,False,23.6286,False
49.3381,0.0000,0.0000,0.0000,0.0000,False,False,False,True,False,22.2026,False
49.4115,0.0000,0.0000,0.0000,0.0000,False,False,False,True,False,20.8618,False
49.4821,0.0000,0.0000,0.0000,0.0000,False,False,False,True,False,19.4914,False
49.5554,0.0000,0.0000,0.0000,0.0000,False,False,False,True,False,18.1776,False
49.6298,0.0000,0.0000,0.0000,0.0000,False,False,False,True,False,16.8034,False
49.7001,0.0000,0.0000,0.0000,0.0000,False,False,False,True,False,15.4015,False
49.7826,0.0000,0.0000,0.0000,0.0000,False,False,False,True,False,14.0699,False
49.8558,0.0000,0.0000,0.0000,0.0000,False,False,False,True,False,12.5052,False
49.9375,0.0000,0.0000,0.0000,0.0000,False,False,False,True,False,11.1122,False
50.0147,0.0000,0.0000,0.0000,0.0000,False,False,False,True,False,9.5586,False
50.0899,0.0000,0.0000,0.0000,0.0000,False,False,False,True,False,8.0905,False
50.1687,0.0000,0.0000,0.0000,0.0000,False,False,False,True,False,6.6682,False
50.2468,0.0000,0.0000,0.0000,0.0000,False,False,False,True,False,5.1980,False
50.3243,0.0000,0.0000,0.0000,0.0000,False,False,False,True,False,3.7847,False
50.4004,0.0000,0.0000,0.0000,0.0000,False,False,False,True,False,2.5074,False
50.4829,0.0000,0.0000,0.0000,0.0000,False,False,False,True,False,1.6457,False
50.5547,0.0000,0.0000,0.0000,0.0000,False,False,False,True,False,1.8750,False
50.6268,0.0000,0.0000,0.0000,0.0000,False,False,False,True,False,2.8501,False
50.7015,0.0000,0.0000,0.0000,0.0000,False,False,False,True,False,4.0470,False
50.7776,0.0000,0.0000,0.0000,0.0000,False,False,False,True,False,5.3603,False
50.8417,0.0000,0.0000,0.0000,0.0000,False,False,False,True,False,6.7320,False
50.9024,0.0000,0.0000,0.0000,0.0000,False,False,False,True,False,7.9009,False
50.9766,0.0000,0.0000,0.0000,0.0000,False,False,False,True,False,9.0157,False
51.0373,0.0000,0.0000,0.0000,0.0000,False,False,False,True,False,10.3835,False
51.0919,0.0000,0.0000,0.0000,0.0000,False,False,False,True,False,11.5071,False
51.1481,0.0000,0.0000,0.0000,0.0000,False,False,False,True,False,12.5217,False
51.2043,0.0000,0.0000,0.0000,0.0000,False,False,False,True,False,13.5664,False
51.2586,0.0000,0.0000,0.0000,0.0000,False,False,False,True,False,14.6115,False
51.3161,0.0000,0.0000,0.0000,0.0000,False,False,False,True,False,15.6204,False
51.3729,0.0000,0.0000,0.0000,0.0000,False,False,False,True,False,16.6844,False
51.4291,0.0000,0.0000,0.0000,0.0000,False,False,False,True,False,17.7424,False
51.4852,0.0000,0.0000,0.0000,0.0000,False,False,False,True,False,18.7933,False
51.5421,0.0000,0.0000,0.0000,0.0000,False,False,False,True,False,19.8438,False
51.6041,0.0000,0.0000,0.0000,0.0000,False,False,False,True,False,20.9130,False
51.6594,0.0000,0.0000,0.0000,0.0000,False,False,False,True,False,22.0733,False
51.7167,0.0000,0.0000,0.0000,0.0000,False,False,False,True,False,23.1057,False
51.7690,0.0000,0.0000,0.0000,0.0000,False,False,False,True,False,24.1724,False
51.8224,0.0000,0.0000,0.0000,0.0000,False,False,False,True,False,25.1438,False
51.8776,0.0000,0.0000,0.0000,0.0000,False,False,False,True,False,26.1326,False
51.9313,0.0000,0.0000,0.0000,0.0000,False,False,False,True,False,27.1569,False
51.9874,0.0000,0.0000,0.0000,0.0000,False,False,False,True,False,28.1603,False
52.0417,0.0000,0.0000,0.0000,0.0000,False,False,False,True,False,29.2138,False
52.0933,0.0000,0.0000,0.0000,0.0000,False,False,False,True,False,30.2380,False
52.1474,0.0000,0.0000,0.0000,0.0000,False,False,False,True,False,31.2181,False
52.2000,0.0000,0.0000,0.0000,0.0000,False,False,False,True,False,32.2512,False
52.2518,0.0000,0.0000,0.0000,0.0000,False,False,False,True,False,33.2622,False
52.3038,0.0000,0.0000,0.0000,0.0000,False,False,False,True,False,34.2609,False
52.3598,0.0000,0.0000,0.0000,0.0000,False,False,False,True,False,35.2711,False
52.4120,0.0000,0.0000,0.0000,0.0000,False,False,False,True,False,36.3631,False
52.4708,0.0000,0.0000,0.0000,0.0000,False,False,False,True,False,37.3880,False
52.5237,0.0000,0.0000,0.0000,0.0000,False,False,False,True,False,38.5485,False
52.5753,0.0000,0.0000,0.0000,0.0000,False,False,False,True,False,39.5970,False
52.6302,0.0000,0.0000,0.0000,0.0000,False,False,False,True,False,40.6216,False
52.6813,0.0000,0.0000,0.0000,0.0000,False,False,False,True,False,41.7162,False
52.7333,0.0000,0.0000,0.0000,0.0000,False,False,False,True,False,42.7396,False
52.7858,0.0000,0.0000,0.0000,0.0000,False,False,False,True,False,43.7825,False
52.8360,0.0000,0.0000,0.0000,0.0000,False,False,False,True,False,44.8393,False
52.8927,0.0000,0.0000,0.0000,0.0000,False,False,False,True,False,45.8477,False
52.9502,0.0000,0.0000,0.0000,0.0000,False,False,False,True,False,46.9847,False
53.0044,0.0000,0.0000,0.0000,0.0000,False,False,False,True,False,48.1463,False
53.0548,0.0000,0.0000,0.0000,0.0000,False,False,False,True,False,49.2451,False
53.1077,0.0000,0.0000,0.0000,0.0000,False,False,False,True,False,50.2738,False
53.1602,0.0000,0.0000,0.0000,0.0000,False,False,False,True,False,51.3584,False
53.2090,0.0000,0.0000,0.0000,0.0000,False,False,False,True,False,52.4421,False
53.2589,0.0000,0.0000,0.0000,0.0000,False,False,False,True,False,53.4528,False
53.3082,0.0000,0.0000,0.0000,0.0000,False,False,False,True,False,54.4909,False
53.3559,0.0000,0.0000,0.0000,0.0000,False,False,False,True,False,55.5222,False
53.4135,0.0000,0.0000,0.0000,0.0000,False,False,False,True,False,56.5262,False
53.4651,0.0000,0.0000,0.0000,0.0000,False,False,False,True,False,57.7421,False
53.5152,0.0000,0.0000,0.0000,0.0000,False,False,False,True,False,58.8365,False
53.5620,0.0000,0.0000,0.0000,0.0000,False,False,False,True,False,59.9007,False
53.6095,0.0000,0.0000,0.0000,0.0000,False,False,False,True,False,60.8949,False
53.6629,0.0000,0.0000,0.0000,0.0000,False,False,False,True,False,61.9043,False
53.7119,0.0000,0.0000,0.0000,0.0000,False,False,False,True,False,63.0410,False
53.7600,0.0000,0.0000,0.0000,0.0000,False,False,False,True,False,64.0846,False
53.8080,0.0000,0.0000,0.0000,0.0000,False,False,False,True,False,65.1096,False
53.8549,0.0000,0.0000,0.0000,0.0000,False,False,False,True,False,66.1324,False
53.9095,0.0000,0.0000,0.0000,0.0000,False,False,False,True,False,67.1332,False
53.9569,0.0000,0.0000,0.0000,0.0000,False,False,False,True,False,68.2976,False
54.0049,0.0000,0.0000,0.0000,0.0000,False,False,False,True,False,69.3098,False
54.0536,0.0000,0.0000,0.0000,0.0000,False,False,False,True,False,70.3351,False
54.1009,0.0000,0.0000,0.0000,0.0000,False,False,False,True,False,71.3748,False
54.1519,0.0000,0.0000,0.0000,0.0000,False,False,False,True,False,72.3864,False
54.1987,0.0000,0.0000,0.0000,0.0000,False,False,False,True,False,73.4777,False
54.2445,0.0000,0.0000,0.0000,0.0000,False,False,False,True,False,74.4801,False
54.2904,0.0000,0.0000,0.0000,0.0000,False,False,False,True,False,75.4595,False
54.3367,0.0000,0.0000,0.0000,0.0000,False,False,False,True,False,76.4419,False
54.3873,0.0000,0.0000,0.0000,0.0000,False,False,False,True,False,77.4356,False
54.4463,0.0000,0.0000,0.0000,0.0000,False,False,False,True,False,78.5202,False
54.4924,0.0000,0.0000,0.0000,0.0000,False,False,False,True,False,79.7832,False
54.5396,0.0000,0.0000,0.0000,0.0000,False,False,False,True,False,80.7719,False
54.5849,0.0000,0.0000,0.0000,0.0000,False,False,False,True,False,81.7858,False
54.6286,0.0000,0.0000,0.0000,0.0000,False,False,False,True,False,82.7570,False
54.6806,0.0000,0.0000,0.0000,0.0000,False,False,False,True,False,83.6943,False
54.7229,0.0000,0.0000,0.0000,0.0000,False,False,False,True,False,84.8124,False
54.7677,0.0000,0.0000,0.0000,0.0000,False,False,False,True,False,85.7202,False
54.8110,0.0000,0.0000,0.0000,0.0000,False,False,False,True,False,86.6835,False
54.8559,0.0000,0.0000,0.0000,0.0000,False,False,False,True,False,87.6147,False
54.9021,0.0000,0.0000,0.0000,0.0000,False,False,False,True,False,88.5795,False
54.9522,0.0000,0.0000,0.0000,0.0000,False,False,False,True,False,89.5727,False
54.9978,0.0000,0.0000,0.0000,0.0000,False,False,False,True,False,90.6509,False
55.0420,0.0000,0.0000,0.0000,0.0000,False,False,False,True,False,91.6315,False
55.0878,0.0000,0.0000,0.0000,0.0000,False,False,False,True,False,92.5826,False
55.1378,0.0000,0.0000,0.0000,0.0000,False,False,False,True,False,93.5685,False
55.1813,0.0000,0.0000,0.0000,0.0000,False,False,False,True,False,94.6460,False
55.2264,0.0000,0.0000,0.0000,0.0000,False,False,False,True,False,95.5845,False
55.2705,0.0000,0.0000,0.0000,0.0000,False,False,False,True,False,96.5602,False
55.3190,0.0000,0.0000,0.0000,0.0000,False,False,False,True,False,97.5137,False
55.3633,0.0000,0.0000,0.0000,0.0000,False,False,False,True,False,98.5642,False
55.4068,0.0000,0.0000,0.0000,0.0000,False,False,False,True,False,99.5218,False
55.4568,0.0000,0.0000,0.0000,0.0000,False,False,False,True,False,100.4650,False
55.5015,0.0000,0.0000,0.0000,0.0000,False,False,False,True,False,101.5461,False
55.5499,0.0000,0.0000,0.0000,0.0000,False,False,False,True,False,102.5144,False
55.5946,0.0000,0.0000,0.0000,0.0000,False,False,False,True,False,103.5630,False
55.6396,0.0000,0.0000,0.0000,0.0000,False,False,False,True,False,104.5318,False
55.6820,0.0000,0.0000,0.0000,0.0000,False,False,False,True,False,105.5050,False
55.7247,0.0000,0.0000,0.0000,0.0000,False,False,False,True,False,106.4246,False
55.7691,0.0000,0.0000,0.0000,0.0000,False,False,False,True,False,107.3504,False
55.8157,0.0000,0.0000,0.0000,0.0000,False,False,False,True,False,108.3117,False
55.8584,0.0000,0.0000,0.0000,0.0000,False,False,False,True,False,109.3188,False
55.9015,0.0000,0.0000,0.0000,0.0000,False,False,False,True,False,110.2378,False
55.9491,0.0000,0.0000,0.0000,0.0000,False,False,False,True,False,111.1650,False
55.9979,0.0000,0.0000,0.0000,0.0000,False,False,False,True,False,112.1885,False
56.0425,0.0000,0.0000,0.0000,0.0000,False,False,False,True,False,113.2398,False
56.0867,0.0000,0.0000,0.0000,0.0000,False,False,False,True,False,114.1998,False
56.1301,0.0000,0.0000,0.0000,0.0000,False,False,False,True,False,115.1517,False
56.1717,0.0000,0.0000,0.0000,0.0000,False,False,False,True,False,116.0857,False
56.2198,0.0000,0.0000,0.0000,0.0000,False,False,False,True,False,116.9821,False
56.2609,0.0000,0.0000,0.0000,0.0000,False,False,False,True,False,118.0165,False
56.3046,0.0000,0.0000,0.0000,0.0000,False,False,False,True,False,118.9032,False
56.3464,0.0000,0.0000,0.0000,0.0000,False,False,False,True,False,119.8428,False
56.3908,0.0000,0.0000,0.0000,0.0000,False,False,False,True,False,120.7446,False
56.4405,0.0000,0.0000,0.0000,0.0000,False,False,False,True,False,121.6995,False
56.4841,0.0000,0.0000,0.0000,0.0000,False,False,False,True,False,122.7712,False
56.5310,0.0000,0.0000,0.0000,0.0000,False,False,False,True,False,123.7115,False
56.5746,0.0000,0.0000,0.0000,0.0000,False,False,False,True,False,124.7205,False
56.6182,0.0000,0.0000,0.0000,0.0000,False,False,False,True,False,125.6602,False
56.6665,0.0000,0.0000,0.0000,0.0000,False,False,False,True,False,126.6001,False
56.7096,0.0000,0.0000,0.0000,0.0000,False,False,False,True,False,127.6408,False
56.7551,0.0000,0.0000,0.0000,0.0000,False,False,False,True,False,128.5711,False
56.8012,0.0000,0.0000,0.0000,0.0000,False,False,False,True,False,129.5509,False
56.8450,0.0000,0.0000,0.0000,0.0000,False,False,False,True,False,130.5459,False
56.8951,0.0000,0.0000,0.0000,0.0000,False,False,False,True,False,131.4894,False
56.9442,0.0000,0.0000,0.0000,0.0000,False,False,False,True,False,132.5696,False
56.9866,0.0000,0.0000,0.0000,0.0000,False,False,False,True,False,133.6282,False
57.0305,0.0000,0.0000,0.0000,0.0000,False,False,False,True,False,134.5417,False
57.0774,0.0000,0.0000,0.0000,0.0000,False,False,False,True,False,135.4929,False
57.1256,0.0000,0.0000,0.0000,0.0000,False,False,False,True,False,136.5079,False
57.1671,0.0000,0.0000,0.0000,0.0000,False,False,False,True,False,137.5537,False
57.2099,0.0000,0.0000,0.0000,0.0000,False,False,False,True,False,138.4543,False
57.2539,0.0000,0.0000,0.0000,0.0000,False,False,False,True,False,139.3820,False
57.2963,0.0000,0.0000,0.0000,0.0000,False,False,False,True,False,140.3355,False
57.3418,0.0000,0.0000,0.0000,0.0000,False,False,False,True,False,141.2557,False
57.3850,0.0000,0.0000,0.0000,0.0000,False,False,False,True,False,142.2405,False
57.4335,0.0000,0.0000,0.0000,0.0000,False,False,False,True,False,143.1770,False
57.4785,0.0000,0.0000,0.0000,0.0000,False,False,False,True,False,144.2295,False
57.5243,0.0000,0.0000,0.0000,0.0000,False,False,False,True,False,145.2061,False
57.5663,0.0000,0.0000,0.0000,0.0000,False,False,False,True,False,146.1991,False
57.6091,0.0000,0.0000,0.0000,0.0000,False,False,False,True,False,147.1104,False
57.6516,0.0000,0.0000,0.0000,0.0000,False,False,False,True,False,148.0384,False
57.6930,0.0000,0.0000,0.0000,0.0000,False,False,False,True,False,148.9603,False
57.7403,0.0000,0.0000,0.0000,0.0000,False,False,False,True,False,149.8583,False
57.7854,0.0000,0.0000,0.0000,0.0000,False,False,False,True,False,150.8838,False
57.8282,0.0000,0.0000,0.0000,0.0000,False,False,False,True,False,151.8629,False
57.8717,0.0000,0.0000,0.0000,0.0000,False,False,False,True,False,152.7921,False
57.9163,0.0000,0.0000,0.0000,0.0000,False,False,False,True,False,153.7348,False
57.9641,0.0000,0.0000,0.0000,0.0000,False,False,False,True,False,154.7033,False
58.0122,0.0000,0.0000,0.0000,0.0000,False,False,False,True,False,155.7393,False
58.0575,0.0000,0.0000,0.0000,0.0000,False,False,False,True,False,156.7840,False
58.0989,0.0000,0.0000,0.0000,0.0000,False,False,False,True,False,157.7660,False
58.1419,0.0000,0.0000,0.0000,0.0000,False,False,False,True,False,158.6651,False
58.1844,0.0000,0.0000,0.0000,0.0000,False,False,False,True,False,159.5969,False
58.2317,0.0000,0.0000,0.0000,0.0000,False,False,False,True,False,160.5192,False
58.2738,0.0000,0.0000,0.0000,0.0000,False,False,False,True,False,161.5464,False
58.3176,0.0000,0.0000,0.0000,0.0000,False,False,False,True,False,162.4596,False
58.3588,0.0000,0.0000,0.0000,0.0000,False,False,False,True,False,163.4037,False
58.4063,0.0000,0.0000,0.0000,0.0000,False,False,False,True,False,164.2921,False
58.4554,0.0000,0.0000,0.0000,0.0000,False,False,False,True,False,165.3176,False
58.5057,0.0000,0.0000,0.0000,0.0000,False,False,False,True,False,166.3763,False
58.5561,0.0000,0.0000,0.0000,0.0000,False,False,False,True,False,167.4602,False
58.5988,0.0000,0.0000,0.0000,0.0000,False,False,False,True,False,168.5475,False
58.6443,0.0000,0.0000,0.0000,0.0000,False,False,False,True,False,169.4691,False
58.6911,0.0000,0.0000,0.0000,0.0000,False,False,False,True,False,170.4508,False
58.7381,0.0000,0.0000,0.0000,0.0000,False,False,False,True,False,171.4603,False
58.7841,0.0000,0.0000,0.0000,0.0000,False,False,False,True,False,172.4726,False
58.8298,0.0000,0.0000,0.0000,0.0000,False,False,False,True,False,173.4657,False
58.8777,0.0000,0.0000,0.0000,0.0000,False,False,False,True,False,174.4510,False
58.9277,0.0000,0.0000,0.0000,0.0000,False,False,False,True,False,175.4846,False
58.9770,0.0000,0.0000,0.0000,0.0000,False,False,False,True,False,176.5625,False
59.0270,0.0000,0.0000,0.0000,0.0000,False,False,False,True,False,177.6273,False
59.0731,0.0000,0.0000,0.0000,0.0000,False,False,False,True,False,178.7066,False
59.1190,0.0000,0.0000,0.0000,0.0000,False,False,False,True,False,179.7055,False
59.1674,0.0000,0.0000,0.0000,0.0000,False,False,False,True,False,180.6994,False
59.2133,0.0000,0.0000,0.0000,0.0000,False,False,False,True,False,181.7496,False
59.2587,0.0000,0.0000,0.0000,0.0000,False,False,False,True,False,182.7449,False
59.3051,0.0000,0.0000,0.0000,0.0000,False,False,False,True,False,183.7275,False
59.3514,0.0000,0.0000,0.0000,0.0000,False,False,False,True,False,184.7345,False
59.4012,0.0000,0.0000,0.0000,0.0000,False,False,False,True,False,185.7385,False
59.4461,0.0000,0.0000,0.0000,0.0000,False,False,False,True,False,186.8179,False
59.4923,0.0000,0.0000,0.0000,0.0000,False,False,False,True,False,187.7910,False
59.5424,0.0000,0.0000,0.0000,0.0000,False,False,False,True,False,188.7937,False
59.5870,0.0000,0.0000,0.0000,0.0000,False,False,False,True,False,189.8787,False
59.6385,0.0000,0.0000,0.0000,0.0000,False,False,False,True,False,190.8466,False
59.6852,0.0000,0.0000,0.0000,0.0000,False,False,False,True,False,191.9616,False
59.7303,0.0000,0.0000,0.0000,0.0000,False,False,False,True,False,192.9743,False
59.7754,0.0000,0.0000,0.0000,0.0000,False,False,False,True,False,193.9530,False
59.8257,0.0000,0.0000,0.0000,0.0000,False,False,False,True,False,194.9309,False
59.8733,0.0000,0.0000,0.0000,0.0000,False,False,False,True,False,196.0226,False
59.9174,0.0000,0.0000,0.0000,0.0000,False,False,False,True,False,197.0538,False
59.9635,0.0000,0.0000,0.0000,0.0000,False,False,False,True,False,198.0111,False
60.0159,0.0000,0.0000,0.0000,0.0000,False,False,False,True,False,199.0076,False
60.0680,0.0000,0.0000,0.0000,0.0000,False,False,False,True,False,200.1384,False
60.1137,0.0000,0.0000,0.0000,0.0000,False,False,False,True,False,201.2645,False
60.1598,0.0000,0.0000,0.0000,0.0000,False,False,False,True,False,202.2489,False
60.2074,0.0000,0.0000,0.0000,0.0000,False,False,False,True,False,203.2443,False
60.2532,0.0000,0.0000,0.0000,0.0000,False,False,False,True,False,204.2719,False
60.3015,0.0000,0.0000,0.0000,0.0000,False,False,False,True,False,205.2588,False
60.3465,0.0000,0.0000,0.0000,0.0000,False,False,False,True,False,206.3008,False
60.3928,0.0000,0.0000,0.0000,0.0000,False,False,False,True,False,207.2728,False
60.4391,0.0000,0.0000,0.0000,0.0000,False,False,False,True,False,208.2722,False
60.4886,0.0000,0.0000,0.0000,0.0000,False,False,False,True,False,209.2701,False
60.5439,0.0000,0.0000,0.0000,0.0000,False,False,False,True,False,210.3395,False
60.5933,0.0000,0.0000,0.0000,0.0000,False,False,False,True,False,211.5308,False
60.6401,0.0000,0.0000,0.0000,0.0000,False,False,False,True,False,212.5967,False
60.6860,0.0000,0.0000,0.0000,0.0000,False,False,False,True,False,213.6067,False
60.7320,0.0000,0.0000,0.0000,0.0000,False,False,False,True,False,214.5988,False
60.7828,0.0000,0.0000,0.0000,0.0000,False,False,False,True,False,215.5904,False
60.8262,0.0000,0.0000,0.0000,0.0000,False,False,False,True,False,216.6869,False
60.8746,0.0000,0.0000,0.0000,0.0000,False,False,False,True,False,217.6241,False
60.9229,0.0000,0.0000,0.0000,0.0000,False,False,False,True,False,218.6689,False
60.9678,0.0000,0.0000,0.0000,0.0000,False,False,False,True,False,219.7109,False
61.0192,0.0000,0.0000,0.0000,0.0000,False,False,False,True,False,220.6784,False
61.0719,0.0000,0.0000,0.0000,0.0000,False,False,False,True,False,221.7881,False
61.1175,0.0000,0.0000,0.0000,0.0000,False,False,False,True,False,222.9252,False
61.1610,0.0000,0.0000,0.0000,0.0000,False,False,False,True,False,223.9115,False
61.2091,0.0000,0.0000,0.0000,0.0000,False,False,False,True,False,224.8520,False
61.2604,0.0000,0.0000,0.0000,0.0000,False,False,False,True,False,225.8933,False
61.3082,0.0000,0.0000,0.0000,0.0000,False,False,False,True,False,227.0040,False
61.3563,0.0000,0.0000,0.0000,0.0000,False,False,False,True,False,228.0392,False
61.4038,0.0000,0.0000,0.0000,0.0000,False,False,False,True,False,229.0790,False
61.4498,0.0000,0.0000,0.0000,0.0000,False,False,False,True,False,230.1083,False
61.5000,0.0000,0.0000,0.0000,0.0000,False,False,False,True,False,231.1038,False
61.5507,0.0000,0.0000,0.0000,0.0000,False,False,False,True,False,232.1910,False
61.5973,0.0000,0.0000,0.0000,0.0000,False,False,False,True,False,233.2876,False
61.6462,0.0000,0.0000,0.0000,0.0000,False,False,False,True,False,234.2960,False
61.6949,0.0000,0.0000,0.0000,0.0000,False,False,False,True,False,235.3559,False
61.7469,0.0000,0.0000,0.0000,0.0000,False,False,False,True,False,236.4106,False
61.7929,0.0000,0.0000,0.0000,0.0000,False,False,False,True,False,237.5360,False
61.8406,0.0000,0.0000,0.0000,0.0000,False,False,False,True,False,238.5316,False
61.8898,0.0000,0.0000,0.0000,0.0000,False,False,False,True,False,239.5638,False
61.9347,0.0000,0.0000,0.0000,0.0000,False,False,False,True,False,240.6285,False
61.9865,0.0000,0.0000,0.0000,0.0000,False,False,False,True,False,241.6016,False
62.0402,0.0000,0.0000,0.0000,0.0000,False,False,False,True,False,242.7218,False
62.0948,0.0000,0.0000,0.0000,0.0000,False,False,False,True,False,243.8859,False
62.1423,0.0000,0.0000,0.0000,0.0000,False,False,False,True,False,245.0717,False
62.1959,0.0000,0.0000,0.0000,0.0000,False,False,False,True,False,246.1011,False
62.2447,0.0000,0.0000,0.0000,0.0000,False,False,False,True,False,247.2634,False
62.2919,0.0000,0.0000,0.0000,0.0000,False,False,False,True,False,248.3236,False
62.3398,0.0000,0.0000,0.0000,0.0000,False,False,False,True,False,249.3483,False
62.3870,0.0000,0.0000,0.0000,0.0000,False,False,False,True,False,250.3874,False
62.4401,0.0000,0.0000,0.0000,0.0000,False,False,False,True,False,251.4109,False
62.4893,0.0000,0.0000,0.0000,0.0000,False,False,False,True,False,252.5640,False
62.5416,0.0000,0.0000,0.0000,0.0000,False,False,False,True,False,253.6301,False
62.5917,0.0000,0.0000,0.0000,0.0000,False,False,False,True,False,254.7664,False
62.6464,0.0000,0.0000,0.0000,0.0000,False,False,False,True,False,255.8529,False
62.7034,0.0000,0.0000,0.0000,0.0000,False,False,False,True,False,257.0405,False
62.7553,0.0000,0.0000,0.0000,0.0000,False,False,False,True,False,258.2777,False
62.8118,0.0000,0.0000,0.0000,0.0000,False,False,False,True,False,259.4042,False
62.8706,0.0000,0.0000,0.0000,0.0000,False,False,False,True,False,260.6297,False
62.9262,0.0000,0.0000,0.0000,0.0000,False,False,False,True,False,261.9067,False
62.9836,0.0000,0.0000,0.0000,0.0000,False,False,False,True,False,263.1124,False
63.0386,0.0000,0.0000,0.0000,0.0000,False,False,False,True,False,264.3573,False
63.0964,0.0000,0.0000,0.0000,0.0000,False,False,False,True,False,265.5519,False
63.1479,0.0000,0.0000,0.0000,0.0000,False,False,False,True,False,266.8051,False
63.1992,0.0000,0.0000,0.0000,0.0000,False,False,False,True,False,267.9236,False
63.2554,0.0000,0.0000,0.0000,0.0000,False,False,False,True,False,269.0361,False
63.3129,0.0000,0.0000,0.0000,0.0000,False,False,False,True,False,270.2561,False
63.3685,0.0000,0.0000,0.0000,0.0000,False,False,False,True,False,271.5054,False
63.4229,0.0000,0.0000,0.0000,0.0000,False,False,False,True,False,272.7106,False
63.4759,0.0000,0.0000,0.0000,0.0000,False,False,False,True,False,273.8922,False
63.5307,0.0000,0.0000,0.0000,0.0000,False,False,False,True,False,275.0425,False
63.5885,0.0000,0.0000,0.0000,0.0000,False,False,False,True,False,276.2309,False
63.6413,0.0000,0.0000,0.0000,0.0000,False,False,False,True,False,277.4854,False
63.6901,0.0000,0.0000,0.0000,0.0000,False,False,False,True,False,278.6333,False
63.7455,0.0000,0.0000,0.0000,0.0000,False,False,False,True,False,279.6908,False
63.8054,0.0000,0.0000,0.0000,0.0000,False,False,False,True,False,280.8934,False
63.8610,0.0000,0.0000,0.0000,0.0000,False,False,False,True,False,282.1937,False
63.9150,0.0000,0.0000,0.0000,0.0000,False,False,False,True,False,283.4018,False
63.9669,0.0000,0.0000,0.0000,0.0000,False,False,False,True,False,284.5724,False
64.0214,0.0000,0.0000,0.0000,0.0000,False,False,False,True,False,285.6984,False
64.0813,0.0000,0.0000,0.0000,0.0000,False,False,False,True,False,286.8816,False
64.1428,0.0000,0.0000,0.0000,0.0000,False,False,False,True,False,288.1830,False
64.1978,0.0000,0.0000,0.0000,0.0000,False,False,False,True,False,289.5173,False
64.2538,0.0000,0.0000,0.0000,0.0000,False,False,False,True,False,290.7111,False
64.3100,0.0000,0.0000,0.0000,0.0000,False,False,False,True,False,291.9274,False
64.3689,0.0000,0.0000,0.0000,0.0000,False,False,False,True,False,293.1470,False
64.4244,0.0000,0.0000,0.0000,0.0000,False,False,False,True,False,294.4259,False
64.4861,0.0000,0.0000,0.0000,0.0000,False,False,False,True,False,295.6294,False
64.5435,0.0000,0.0000,0.0000,0.0000,False,False,False,True,False,296.9684,False
64.6078,0.0000,0.0000,0.0000,0.0000,False,False,False,True,False,298.2145,False
64.6708,0.0000,0.0000,0.0000,0.0000,False,False,False,True,False,299.6102,False
64.7277,0.0000,0.0000,0.0000,0.0000,False,False,False,True,False,300.9778,False
64.7862,0.0000,0.0000,0.0000,0.0000,False,False,False,True,False,302.2142,False
64.8428,0.0000,0.0000,0.0000,0.0000,False,False,False,False,False,302.2142,False
64.9026,0.0000,0.0000,0.0000,0.0000,False,False,False,False,False,302.2142,False
64.9643,0.0000,0.0000,0.0000,0.0000,False,False,False,False,False,302.2142,False
65.0238,0.0000,0.0000,0.0000,0.0000,False,False,False,False,False,302.2142,False
65.0838,0.0000,0.0000,0.0000,0.0000,False,False,False,False,False,302.2142,False
65.1423,0.0000,0.0000,0.0000,0.0000,False,False,False,False,False,302.2142,False
65.2071,0.0000,0.0000,0.0000,0.0000,False,False,False,False,False,302.2142,False
65.2659,0.0000,0.0000,0.0000,0.0000,False,False,False,False,False,302.2142,False
65.3219,0.0000,0.0000,0.0000,0.0000,False,False,False,False,False,302.2142,False
65.3787,0.0000,0.0000,0.0000,0.0000,False,False,False,False,False,302.2142,False
65.4357,0.0000,0.0000,0.0000,0.0000,False,False,False,False,False,302.2142,False
65.5042,0.0000,0.0000,0.0000,0.0000,False,False,False,False,False,302.2142,False
65.5614,0.0000,0.0000,0.0000,0.0000,False,False,False,False,False,302.2142,False
65.6233,0.0000,0.0000,0.0000,0.0000,False,False,False,False,False,302.2142,False
65.6821,0.0000,0.0000,0.0000,0.0000,False,False,False,False,False,302.2142,False
65.7395,0.0000,0.0000,0.0000,0.0000,False,False,False,False,False,302.2142,False
65.8010,0.0000,0.0000,0.0000,0.0000,False,False,False,False,False,302.2142,False
65.8606,0.0000,0.0000,0.0000,0.0000,False,False,False,False,False,302.2142,False
65.9193,0.0000,0.0000,0.0000,0.0000,False,False,False,False,False,302.2142,False
65.9767,0.0000,0.0000,0.0000,0.0000,False,False,False,False,False,302.2142,False
66.0422,0.0000,0.0000,0.0000,0.0000,False,False,False,False,False,302.2142,False
66.1047,0.0000,0.0000,0.0000,0.0000,False,False,False,False,False,302.2142,False
66.1647,0.0000,0.0000,0.0000,0.0000,False,False,False,False,False,302.2142,False
66.2247,0.0000,0.0000,0.0000,0.0000,False,False,False,False,False,302.2142,False
66.2860,0.0000,0.0000,0.0000,0.0000,False,False,False,False,False,302.2142,False
66.3483,0.0000,0.0000,0.0000,0.0000,False,False,False,False,False,302.2142,False
66.4058,0.0000,0.0000,0.0000,0.0000,False,False,False,False,False,302.2142,False
66.4663,0.0000,0.0000,0.0000,0.0000,False,False,False,False,False,302.2142,False
66.5302,0.0000,0.0000,0.0000,0.0000,False,False,False,False,False,302.2142,False
66.5939,0.0000,0.0000,0.0000,0.0000,False,False,False,False,False,302.2142,False
66.6651,0.0000,0.0000,0.0000,0.0000,False,False,False,False,False,302.2142,False
66.7301,0.0000,0.0000,0.0000,0.0000,False,False,False,False,False,302.2142,False
66.7969,0.0000,0.0000,0.0000,0.0000,False,False,False,False,False,302.2142,False
66.8658,0.0000,0.0000,0.0000,0.0000,False,False,False,False,False,302.2142,False
66.9341,0.0000,0.0000,0.0000,0.0000,False,False,False,False,False,302.2142,False
67.0055,0.0000,0.0000,0.0000,0.0000,False,False,False,False,False,302.2142,False
67.0734,0.0000,0.0000,0.0000,0.0000,False,False,False,False,False,302.2142,False
67.1446,0.0000,0.0000,0.0000,0.0000,False,False,False,False,False,302.2142,False
67.2121,0.0000,0.0000,0.0000,0.0000,False,False,False,False,False,302.2142,False
67.2847,0.0000,0.0000,0.0000,0.0000,False,False,False,False,False,302.2142,False
67.3513,0.0000,0.0000,0.0000,0.0000,False,False,False,False,False,302.2142,False
67.4187,0.0000,0.0000,0.0000,0.0000,False,False,False,False,False,302.2142,False
67.4885,0.0000,0.0000,0.0000,0.0000,False,False,False,False,False,302.2142,False
67.5618,0.0000,0.0000,0.0000,0.0000,False,False,False,False,False,302.2142,False
67.6367,0.0000,0.0000,0.0000,0.0000,False,False,False,False,False,302.2142,False
67.7093,0.0000,0.0000,0.0000,0.0000,False,False,False,False,False,302.2142,False
67.7843,0.0000,0.0000,0.0000,0.0000,False,False,False,False,False,302.2142,False
67.8554,0.0000,0.0000,0.0000,0.0000,False,False,False,False,False,302.2142,False
67.9303,0.0000,0.0000,0.0000,0.0000,False,False,False,False,False,302.2142,False
68.0039,0.0000,0.0000,0.0000,0.0000,False,False,False,False,False,302.2142,False
68.0821,0.0000,0.0000,0.0000,0.0000,False,False,False,False,False,302.2142,False
68.1606,0.0000,0.0000,0.0000,0.0000,False,False,False,False,False,302.2142,False
68.2401,0.0000,0.0000,0.0000,0.0000,False,False,False,False,False,302.2142,False
68.3198,0.0000,0.0000,0.0000,0.0000,False,False,False,False,False,302.2142,False
68.3913,0.0000,0.0000,0.0000,0.0000,False,False,False,False,False,302.2142,False
68.4675,0.0000,0.0000,0.0000,0.0000,False,False,False,False,False,302.2142,False
68.5452,0.0000,0.0000,0.0000,0.0000,False,False,False,False,False,302.2142,False
68.6213,0.0000,0.0000,0.0000,0.0000,False,False,False,False,False,302.2142,False
68.7056,0.0000,0.0000,0.0000,0.0000,False,False,False,False,False,302.2142,False
68.7825,0.0000,0.0000,0.0000,0.0000,False,False,False,False,False,302.2142,False
68.8596,0.0000,0.0000,0.0000,0.0000,False,False,False,False,False,302.2142,False
68.9322,0.0000,0.0000,0.0000,0.0000,False,False,False,False,False,302.2142,False
69.0086,0.0000,0.0000,0.0000,0.0000,False,False,False,False,False,302.2142,False
69.0881,0.0000,0.0000,0.0000,0.0000,False,False,False,False,False,302.2142,False
69.1681,0.0000,0.0000,0.0000,0.0000,False,False,False,False,False,302.2142,False
69.2410,0.0000,0.0000,0.0000,0.0000,False,False,False,False,False,302.2142,False
69.3166,0.0000,0.0000,0.0000,0.0000,False,False,False,False,False,302.2142,False
69.3944,0.0000,0.0000,0.0000,0.0000,False,False,False,False,False,302.2142,False
69.4715,0.0000,0.0000,0.0000,0.0000,False,False,False,False,False,302.2142,False
69.5520,0.0000,0.0000,0.0000,0.0000,False,False,False,False,False,302.2142,False
69.6301,0.0000,0.0000,0.0000,0.0000,False,False,False,False,False,302.2142,False
69.7168,0.0000,0.0000,0.0000,0.0000,False,False,False,False,False,302.2142,False
69.7991,0.0000,0.0000,0.0000,0.0000,False,False,False,False,False,302.2142,False
69.8782,0.0000,0.0000,0.0000,0.0000,False,False,False,False,False,302.2142,False
69.9582,0.0000,0.0000,0.0000,0.0000,False,False,False,False,False,302.2142,False
70.0408,0.0000,0.0000,0.0000,0.0000,False,False,False,False,False,302.2142,False
70.1281,0.0000,0.0000,0.0000,0.0000,False,False,False,False,False,302.2142,False
70.2233,0.0000,0.0000,0.0000,0.0000,False,False,False,False,False,302.2142,False
70.3046,0.0000,0.0000,0.0000,0.0000,False,False,False,False,False,302.2142,False
70.3837,0.0000,0.0000,0.0000,0.0000,False,False,False,False,False,302.2142,False
70.4616,0.0000,0.0000,0.0000,0.0000,False,False,False,False,False,302.2142,False
70.5441,0.0000,0.0000,0.0000,0.0000,False,False,False,False,False,302.2142,False
70.6200,0.0000,0.0000,0.0000,0.0000,False,False,False,False,False,302.2142,False
70.7049,0.0000,0.0000,0.0000,0.0000,False,False,False,False,False,302.2142,False
70.7863,0.0000,0.0000,0.0000,0.0000,False,False,False,False,False,302.2142,False
70.8654,0.0000,0.0000,0.0000,0.0000,False,False,False,False,False,302.2142,False
70.9451,0.0000,0.0000,0.0000,0.0000,False,False,False,False,False,302.2142,False
71.0250,0.0000,0.0000,0.0000,0.0000,False,False,False,False,False,302.2142,False
71.0971,0.0000,0.0000,0.0000,0.0000,False,False,False,False,False,302.2142,False
71.1702,0.0000,0.0000,0.0000,0.0000,False,False,False,False,False,302.2142,False
71.2379,0.0000,0.0000,0.0000,0.0000,False,False,False,False,False,302.2142,False
71.3002,0.0000,0.0000,0.0000,0.0000,False,False,False,False,False,302.2142,False
71.3631,0.0000,0.0000,0.0000,0.0000,False,False,False,False,False,302.2142,False
71.4217,0.0000,0.0000,0.0000,0.0000,False,False,False,False,False,302.2142,False
71.4865,0.0000,0.0000,0.0000,0.0000,False,False,False,False,False,302.2142,False
71.5504,0.0000,0.0000,0.0000,0.0000,False,False,False,False,False,302.2142,False
71.6110,0.0000,0.0000,0.0000,0.0000,False,False,False,False,False,302.2142,False
71.6729,0.0000,0.0000,0.0000,0.0000,False,False,False,False,False,302.2142,False
71.7335,0.0000,0.0000,0.0000,0.0000,False,False,False,False,False,302.2142,False
71.7956,0.0000,0.0000,0.0000,0.0000,False,False,False,False,False,302.2142,False
71.8600,0.0000,0.0000,0.0000,0.0000,False,False,False,False,False,302.2142,False
71.9202,0.0000,0.0000,0.0000,0.0000,False,False,False,False,False,302.2142,False
71.9812,0.0000,0.0000,0.0000,0.0000,False,False,False,False,False,302.2142,False
72.0393,0.0000,0.0000,0.0000,0.0000,False,False,False,False,False,302.2142,False
72.1007,0.0000,0.0000,0.0000,0.0000,False,False,False,False,False,302.2142,False
72.1647,0.0000,0.0000,0.0000,0.0000,False,False,False,False,False,302.2142,False
72.2234,0.0000,0.0000,0.0000,0.0000,False,False,False,False,False,302.2142,False
72.2834,0.0000,0.0000,0.0000,0.0000,False,False,False,False,False,302.2142,False
72.3400,0.0000,0.0000,0.0000,0.0000,False,False,False,False,False,302.2142,False
72.4015,0.0000,0.0000,0.0000,0.0000,False,False,False,False,False,302.2142,False
72.4597,0.0000,0.0000,0.0000,0.0000,False,False,False,False,False,302.2142,False
72.5174,0.0000,0.0000,0.0000,0.0000,False,False,False,False,False,302.2142,False
72.5722,0.0000,0.0000,0.0000,0.0000,False,False,False,False,False,302.2142,False
72.6285,0.0000,0.0000,0.0000,0.0000,False,False,False,False,False,302.2142,False
72.6917,0.0000,0.0000,0.0000,0.0000,False,False,False,False,False,302.2142,False
72.7510,0.0000,0.0000,0.0000,0.0000,False,False,False,False,False,302.2142,False
72.8099,0.0000,0.0000,0.0000,0.0000,False,False,False,False,False,302.2142,False
72.8671,0.0000,0.0000,0.0000,0.0000,False,False,False,False,False,302.2142,False
72.9336,0.0000,0.0000,0.0000,0.0000,False,False,False,False,False,302.2142,False
72.9912,0.0000,0.0000,0.0000,0.0000,False,False,False,False,False,302.2142,False
73.0520,0.0000,0.0000,0.0000,0.0000,False,False,False,False,False,302.2142,False
73.1096,0.0000,0.0000,0.0000,0.0000,False,False,False,False,False,302.2142,False
73.1674,0.0000,0.0000,0.0000,0.0000,False,False,False,False,False,302.2142,False
73.2274,0.0000,0.0000,0.0000,0.0000,False,False,False,False,False,302.2142,False
73.2859,0.0000,0.0000,0.0000,0.0000,False,False,False,False,False,302.2142,False
73.3458,0.0000,0.0000,0.0000,0.0000,False,False,False,False,False,302.2142,False
73.4043,0.0000,0.0000,0.0000,0.0000,False,False,False,False,False,302.2142,False
73.4607,0.0000,0.0000,0.0000,0.0000,False,False,False,False,False,302.2142,False
73.5160,0.0000,0.0000,0.0000,0.0000,False,False,False,False,False,302.2142,False
73.5754,0.0000,0.0000,0.0000,0.0000,False,False,False,False,False,302.2142,False
73.6301,0.0000,0.0000,0.0000,0.0000,False,False,False,False,False,302.2142,False
73.6895,0.0000,0.0000,0.0000,0.0000,False,False,False,False,False,302.2142,False
73.7467,0.0000,0.0000,0.0000,0.0000,False,False,False,False,False,302.2142,False
73.8114,0.0000,0.0000,0.0000,0.0000,False,False,False,False,False,302.2142,False
73.8670,0.0000,0.0000,0.0000,0.0000,False,False,False,False,False,302.2142,False
73.9229,0.0000,0.0000,0.0000,0.0000,False,False,False,False,False,302.2142,False
73.9807,0.0000,0.0000,0.0000,0.0000,False,False,False,False,False,302.2142,False
74.0380,0.0000,0.0000,0.0000,0.0000,False,False,False,False,False,302.2142,False
74.1005,0.0000,0.0000,0.0000,0.0000,False,False,False,False,False,302.2142,False
74.1604,0.0000,0.0000,0.0000,0.0000,False,False,False,False,False,302.2142,False
74.2147,0.0000,0.0000,0.0000,0.0000,False,False,False,False,False,302.2142,False
74.2699,0.0000,0.0000,0.0000,0.0000,False,False,False,False,False,302.2142,False
74.3312,0.0000,0.0000,0.0000,0.0000,False,False,False,False,False,302.2142,False
74.3887,0.0000,0.0000,0.0000,0.0000,False,False,False,False,False,302.2142,False
74.4451,0.0000,0.0000,0.0000,0.0000,False,False,False,False,False,302.2142,False
74.5023,0.0000,0.0000,0.0000,0.0000,False,False,False,False,False,302.2142,False
74.5591,0.0000,0.0000,0.0000,0.0000,False,False,False,False,False,302.2142,False
74.6166,0.0000,0.0000,0.0000,0.0000,False,False,False,False,False,302.2142,False
74.6844,0.0000,0.0000,0.0000,0.0000,False,False,False,False,False,302.2142,False
74.7426,0.0000,0.0000,0.0000,0.0000,False,False,False,False,False,302.2142,False
74.8000,0.0000,0.0000,0.0000,0.0000,False,False,False,False,False,302.2142,False
74.8562,0.0000,0.0000,0.0000,0.0000,False,False,False,False,False,302.2142,False
74.9128,0.0000,0.0000,0.0000,0.0000,False,False,False,False,False,302.2142,False
74.9736,0.0000,0.0000,0.0000,0.0000,False,False,False,False,False,302.2142,False
75.0290,0.0000,0.0000,0.0000,0.0000,False,False,False,False,False,302.2142,False
75.0847,0.0000,0.0000,0.0000,0.0000,False,False,False,False,False,302.2142,False
75.1413,0.0000,0.0000,0.0000,0.0000,False,False,False,False,False,302.2142,False
75.2044,0.0000,0.0000,0.0000,0.0000,False,False,False,False,False,302.2142,False
75.2633,0.0000,0.0000,0.0000,0.0000,False,False,False,False,False,302.2142,False
75.3196,0.0000,0.0000,0.0000,0.0000,False,False,False,False,False,302.2142,False
75.3732,0.0000,0.0000,0.0000,0.0000,False,False,False,False,False,302.2142,False
75.4318,0.0000,0.0000,0.0000,0.0000,False,False,False,False,False,302.2142,False
75.4933,0.0000,0.0000,0.0000,0.0000,False,False,False,False,False,302.2142,False
75.5494,0.0000,0.0000,0.0000,0.0000,False,False,False,False,False,302.2142,False
75.6043,0.0000,0.0000,0.0000,0.0000,False,False,False,False,False,302.2142,False
75.6656,0.0000,0.0000,0.0000,0.0000,False,False,False,False,False,302.2142,False
75.7236,0.0000,0.0000,0.0000,0.0000,False,False,False,False,False,302.2142,False
75.7847,0.0000,0.0000,0.0000,0.0000,False,False,False,False,False,302.2142,False
75.8414,0.0000,0.0000,0.0000,0.0000,False,False,False,False,False,302.2142,False
75.8960,0.0000,0.0000,0.0000,0.0000,False,False,False,False,False,302.2142,False
75.9506,0.0000,0.0000,0.0000,0.0000,False,False,False,False,False,302.2142,False
76.0100,0.0000,0.0000,0.0000,0.0000,False,False,False,False,False,302.2142,False
76.0707,0.0000,0.0000,0.0000,0.0000,False,False,False,False,False,302.2142,False
76.1302,0.0000,0.0000,0.0000,0.0000,False,False,False,False,False,302.2142,False
76.1900,0.0000,0.0000,0.0000,0.0000,False,False,False,False,False,302.2142,False
76.2464,0.0000,0.0000,0.0000,0.0000,False,False,False,False,False,302.2142,False
76.3046,0.0000,0.0000,0.0000,0.0000,False,False,False,False,False,302.2142,False
76.3573,0.0000,0.0000,0.0000,0.0000,False,False,False,False,False,302.2142,False
76.4208,0.0000,0.0000,0.0000,0.0000,False,False,False,False,False,302.2142,False
76.4812,0.0000,0.0000,0.0000,0.0000,False,False,False,False,False,302.2142,False
76.5379,0.0000,0.0000,0.0000,0.0000,False,False,False,False,False,302.2142,False
76.5936,0.0000,0.0000,0.0000,0.0000,False,False,False,False,False,302.2142,False
76.6539,0.0000,0.0000,0.0000,0.0000,False,False,False,False,False,302.2142,False
76.7147,0.0000,0.0000,0.0000,0.0000,False,False,False,False,False,302.2142,False
76.7729,0.0000,0.0000,0.0000,0.0000,False,False,False,False,False,302.2142,False
76.8298,0.0000,0.0000,0.0000,0.0000,False,False,False,False,False,302.2142,False
76.8888,0.0000,0.0000,0.0000,0.0000,False,False,False,False,False,302.2142,False
76.9495,0.0000,0.0000,0.0000,0.0000,False,False,False,False,False,302.2142,False
77.0059,0.0000,0.0000,0.0000,0.0000,False,False,False,False,False,302.2142,False
77.0632,0.0000,0.0000,0.0000,0.0000,False,False,False,False,False,302.2142,False
77.1191,0.0000,0.0000,0.0000,0.0000,False,False,False,False,False,302.2142,False
77.1795,0.0000,0.0000,0.0000,0.0000,False,False,False,False,False,302.2142,False
77.2350,0.0000,0.0000,0.0000,0.0000,False,False,False,False,False,302.2142,False
77.2981,0.0000,0.0000,0.0000,0.0000,False,False,False,False,False,302.2142,False
77.3575,0.0000,0.0000,0.0000,0.0000,False,False,False,False,False,302.2142,False
77.4134,0.0000,0.0000,0.0000,0.0000,False,False,False,False,False,302.2142,False
77.4682,0.0000,0.0000,0.0000,0.0000,False,False,False,False,False,302.2142,False
77.5311,0.0000,0.0000,0.0000,0.0000,False,False,False,False,False,302.2142,False
77.5875,0.0000,0.0000,0.0000,0.0000,False,False,False,False,False,302.2142,False
77.6439,0.0000,0.0000,0.0000,0.0000,False,False,False,False,False,302.2142,False
77.7043,0.0000,0.0000,0.0000,0.0000,False,False,False,False,False,302.2142,False
77.7627,0.0000,0.0000,0.0000,0.0000,False,False,False,False,False,302.2142,False
77.8252,0.0000,0.0000,0.0000,0.0000,False,False,False,False,False,302.2142,False
77.8863,0.0000,0.0000,0.0000,0.0000,False,False,False,False,False,302.2142,False
77.9449,0.0000,0.0000,0.0000,0.0000,False,False,False,False,False,302.2142,False
78.0033,0.0000,0.0000,0.0000,0.0000,False,False,False,False,False,302.2142,False
78.0596,0.0000,0.0000,0.0000,0.0000,False,False,False,False,False,302.2142,False
78.1208,0.0000,0.0000,0.0000,0.0000,False,False,False,False,False,302.2142,False
78.1831,0.0000,0.0000,0.0000,0.0000,False,False,False,False,False,302.2142,False
78.2405,0.0000,0.0000,0.0000,0.0000,False,False,False,False,False,302.2142,False
78.2961,0.0000,0.0000,0.0000,0.0000,False,False,False,False,False,302.2142,False
78.3563,0.0000,0.0000,0.0000,0.0000,False,False,False,False,False,302.2142,False
78.4113,0.0000,0.0000,0.0000,0.0000,False,False,False,False,False,302.2142,False
78.4699,0.0000,0.0000,0.0000,0.0000,False,False,False,False,False,302.2142,False
78.5245,0.0000,0.0000,0.0000,0.0000,False,False,False,False,False,302.2142,False
78.5826,0.0000,0.0000,0.0000,0.0000,False,False,False,False,False,302.2142,False
78.6441,0.0000,0.0000,0.0000,0.0000,False,False,False,False,False,302.2142,False
78.7050,0.0000,0.0000,0.0000,0.0000,False,False,False,False,False,302.2142,False
78.7651,0.0000,0.0000,0.0000,0.0000,False,False,False,False,False,302.2142,False
78.8228,0.0000,0.0000,0.0000,0.0000,False,False,False,False,False,302.2142,False
78.8810,0.0000,0.0000,0.0000,0.0000,False,False,False,False,False,302.2142,False
78.9431,0.0000,0.0000,0.0000,0.0000,False,False,False,False,False,302.2142,False
78.9992,0.0000,0.0000,0.0000,0.0000,False,False,False,False,False,302.2142,False
79.0532,0.0000,0.0000,0.0000,0.0000,False,False,False,False,False,302.2142,False
79.1086,0.0000,0.0000,0.0000,0.0000,False,False,False,False,False,302.2142,False
79.1660,0.0000,0.0000,0.0000,0.0000,False,False,False,False,False,302.2142,False
79.2325,0.0000,0.0000,0.0000,0.0000,False,False,False,False,False,302.2142,False
79.2935,0.0000,0.0000,0.0000,0.0000,False,False,False,False,False,302.2142,False
79.3497,0.0000,0.0000,0.0000,0.0000,False,False,False,False,False,302.2142,False
79.4056,0.0000,0.0000,0.0000,0.0000,False,False,False,False,False,302.2142,False
79.4620,0.0000,0.0000,0.0000,0.0000,False,False,False,False,False,302.2142,False
79.5229,0.0000,0.0000,0.0000,0.0000,False,False,False,False,False,302.2142,False
79.5782,0.0000,0.0000,0.0000,0.0000,False,False,False,False,False,302.2142,False
79.6357,0.0000,0.0000,0.0000,0.0000,False,False,False,False,False,302.2142,False
79.6974,0.0000,0.0000,0.0000,0.0000,False,False,False,False,False,302.2142,False
79.7610,0.0000,0.0000,0.0000,0.0000,False,False,False,False,False,302.2142,False
79.8210,0.0000,0.0000,0.0000,0.0000,False,False,False,False,False,302.2142,False
79.8777,0.0000,0.0000,0.0000,0.0000,False,False,False,False,False,302.2142,False
79.9339,0.0000,0.0000,0.0000,0.0000,False,False,False,False,False,302.2142,False
79.9921,0.0000,0.0000,0.0000,0.0000,False,False,False,False,False,302.2142,False
80.0516,0.0000,0.0000,0.0000,0.0000,False,False,False,False,False,302.2142,False
80.1112,0.0000,0.0000,0.0000,0.0000,False,False,False,False,False,302.2142,False
80.1679,0.0000,0.0000,0.0000,0.0000,False,False,False,False,False,302.2142,False
80.2287,0.0000,0.0000,0.0000,0.0000,False,False,False,False,False,302.2142,False
80.2895,0.0000,0.0000,0.0000,0.0000,False,False,False,False,False,302.2142,False
80.3513,0.0000,0.0000,0.0000,0.0000,False,False,False,False,False,302.2142,False
80.4064,0.0000,0.0000,0.0000,0.0000,False,False,False,False,False,302.2142,False
80.4607,0.0000,0.0000,0.0000,0.0000,False,False,False,False,False,302.2142,False
80.5188,0.0000,0.0000,0.0000,0.0000,False,False,False,False,False,302.2142,False
80.5822,0.0000,0.0000,0.0000,0.0000,False,False,False,False,False,302.2142,False
80.6406,0.0000,0.0000,0.0000,0.0000,False,False,False,False,False,302.2142,False
80.6968,0.0000,0.0000,0.0000,0.0000,False,False,False,False,False,302.2142,False
80.7590,0.0000,0.0000,0.0000,0.0000,False,False,False,False,False,302.2142,False
80.8235,0.0000,0.0000,0.0000,0.0000,False,False,False,False,False,302.2142,False
80.8848,0.0000,0.0000,0.0000,0.0000,False,False,False,False,False,302.2142,False
80.9473,0.0000,0.0000,0.0000,0.0000,False,False,False,False,False,302.2142,False
81.0034,0.0000,0.0000,0.0000,0.0000,False,False,False,False,False,302.2142,False
81.0611,0.0000,0.0000,0.0000,0.0000,False,False,False,False,False,302.2142,False
81.1186,0.0000,0.0000,0.0000,0.0000,False,False,False,False,False,302.2142,False
81.1787,0.0000,0.0000,0.0000,0.0000,False,False,False,False,False,302.2142,False
81.2404,0.0000,0.0000,0.0000,0.0000,False,False,False,False,False,302.2142,False
81.3015,0.0000,0.0000,0.0000,0.0000,False,False,False,False,False,302.2142,False
81.3585,0.0000,0.0000,0.0000,0.0000,False,False,False,False,False,302.2142,False
81.4180,0.0000,0.0000,0.0000,0.0000,False,False,False,False,False,302.2142,False
81.4784,0.0000,0.0000,0.0000,0.0000,False,False,False,False,False,302.2142,False
81.5359,0.0000,0.0000,0.0000,0.0000,False,False,False,False,False,302.2142,False
81.5929,0.0000,0.0000,0.0000,0.0000,False,False,False,False,False,302.2142,False
81.6488,0.0000,0.0000,0.0000,0.0000,False,False,False,False,False,302.2142,False
81.7130,0.0000,0.0000,0.0000,0.0000,False,False,False,False,False,302.2142,False
81.7792,0.0000,0.0000,0.0000,0.0000,False,False,False,False,False,302.2142,False
81.8452,0.0000,0.0000,0.0000,0.0000,False,False,False,False,False,302.2142,False
81.9034,0.0000,0.0000,0.0000,0.0000,False,False,False,False,False,302.2142,False
81.9581,0.0000,0.0000,0.0000,0.0000,False,False,False,False,False,302.2142,False
82.0139,0.0000,0.0000,0.0000,0.0000,False,False,False,False,False,302.2142,False
82.0705,0.0000,0.0000,0.0000,0.0000,False,False,False,False,False,302.2142,False
82.1311,0.0000,0.0000,0.0000,0.0000,False,False,False,False,False,302.2142,False
82.1868,0.0000,0.0000,0.0000,0.0000,False,False,False,False,False,302.2142,False
82.2504,0.0000,0.0000,0.0000,0.0000,False,False,False,False,False,302.2142,False
82.3079,0.0000,0.0000,0.0000,0.0000,False,False,False,False,False,302.2142,False
82.3644,0.0000,0.0000,0.0000,0.0000,False,False,False,False,False,302.2142,False
82.4260,0.0000,0.0000,0.0000,0.0000,False,False,False,False,False,302.2142,False
82.4808,0.0000,0.0000,0.0000,0.0000,False,False,False,False,False,302.2142,False
82.5379,0.0000,0.0000,0.0000,0.0000,False,False,False,False,False,302.2142,False
82.5945,0.0000,0.0000,0.0000,0.0000,False,False,False,False,False,302.2142,False
82.6507,0.0000,0.0000,0.0000,0.0000,False,False,False,False,False,302.2142,False
82.7157,0.0000,0.0000,0.0000,0.0000,False,False,False,False,False,302.2142,False
82.7784,0.0000,0.0000,0.0000,0.0000,False,False,False,False,False,302.2142,False
82.8403,0.0000,0.0000,0.0000,0.0000,False,False,False,False,False,302.2142,False
82.8970,0.0000,0.0000,0.0000,0.0000,False,False,False,False,False,302.2142,False
82.9582,0.0000,0.0000,0.0000,0.0000,False,False,False,False,False,302.2142,False
83.0162,0.0000,0.0000,0.0000,0.0000,False,False,False,False,False,302.2142,False
83.0727,0.0000,0.0000,0.0000,0.0000,False,False,False,False,False,302.2142,False
83.1303,0.0000,0.0000,0.0000,0.0000,False,False,False,False,False,302.2142,False
83.1907,0.0000,0.0000,0.0000,0.0000,False,False,False,False,False,302.2142,False
83.2578,0.0000,0.0000,0.0000,0.0000,False,False,False,False,False,302.2142,False
83.3228,0.0000,0.0000,0.0000,0.0000,False,False,False,False,False,302.2142,False
83.3839,0.0000,0.0000,0.0000,0.0000,False,False,False,False,False,302.2142,False
83.4409,0.0000,0.0000,0.0000,0.0000,False,False,False,False,False,302.2142,False
83.4977,0.0000,0.0000,0.0000,0.0000,False,False,False,False,False,302.2142,False
83.5597,0.0000,0.0000,0.0000,0.0000,False,False,False,False,False,302.2142,False
83.6181,0.0000,0.0000,0.0000,0.0000,False,False,False,False,False,302.2142,False
83.6776,0.0000,0.0000,0.0000,0.0000,False,False,False,False,False,302.2142,False
83.7377,0.0000,0.0000,0.0000,0.0000,False,False,False,False,False,302.2142,False
83.7955,0.0000,0.0000,0.0000,0.0000,False,False,False,False,False,302.2142,False
83.8567,0.0000,0.0000,0.0000,0.0000,False,False,False,False,False,302.2142,False
83.9145,0.0000,0.0000,0.0000,0.0000,False,False,False,False,False,302.2142,False
83.9719,0.0000,0.0000,0.0000,0.0000,False,False,False,False,False,302.2142,False
84.0286,0.0000,0.0000,0.0000,0.0000,False,False,False,False,False,302.2142,False
84.0847,0.0000,0.0000,0.0000,0.0000,False,False,False,False,False,302.2142,False
84.1451,0.0000,0.0000,0.0000,0.0000,False,False,False,False,False,302.2142,False
84.1995,0.0000,0.0000,0.0000,0.0000,False,False,False,False,False,302.2142,False
84.2573,0.0000,0.0000,0.0000,0.0000,False,False,False,False,False,302.2142,False
84.3139,0.0000,0.0000,0.0000,0.0000,False,False,False,False,False,302.2142,False
84.3757,0.0000,0.0000,0.0000,0.0000,False,False,False,False,False,302.2142,False
84.4346,0.0000,0.0000,0.0000,0.0000,False,False,False,False,False,302.2142,False
84.4898,0.0000,0.0000,0.0000,0.0000,False,False,False,False,False,302.2142,False
84.5480,0.0000,0.0000,0.0000,0.0000,False,False,False,False,False,302.2142,False
84.6047,0.0000,0.0000,0.0000,0.0000,False,False,False,False,False,302.2142,False
84.6642,0.0000,0.0000,0.0000,0.0000,False,False,False,False,False,302.2142,False
84.7212,0.0000,0.0000,0.0000,0.0000,False,False,False,False,False,302.2142,False
84.7825,0.0000,0.0000,0.0000,0.0000,False,False,False,False,False,302.2142,False
84.8420,0.0000,0.0000,0.0000,0.0000,False,False,False,False,False,302.2142,False
84.9002,0.0000,0.0000,0.0000,0.0000,False,False,False,False,False,302.2142,False
84.9623,0.0000,0.0000,0.0000,0.0000,False,False,False,False,False,302.2142,False
85.0200,0.0000,0.0000,0.0000,0.0000,False,False,False,False,False,302.2142,False
85.0765,0.0000,0.0000,0.0000,0.0000,False,False,False,False,False,302.2142,False
85.1314,0.0000,0.0000,0.0000,0.0000,False,False,False,False,False,302.2142,False
85.1927,0.0000,0.0000,0.0000,0.0000,False,False,False,False,False,302.2142,False
85.2563,0.0000,0.0000,0.0000,0.0000,False,False,False,False,False,302.2142,False
85.3145,0.0000,0.0000,0.0000,0.0000,False,False,False,False,False,302.2142,False
85.3746,0.0000,0.0000,0.0000,0.0000,False,False,False,False,False,302.2142,False
85.4314,0.0000,0.0000,0.0000,0.0000,False,False,False,False,False,302.2142,False
85.4909,0.0000,0.0000,0.0000,0.0000,False,False,False,False,False,302.2142,False
85.5505,0.0000,0.0000,0.0000,0.0000,False,False,False,False,False,302.2142,False
85.6057,0.0000,0.0000,0.0000,0.0000,False,False,False,False,False,302.2142,False
85.6638,0.0000,0.0000,0.0000,0.0000,False,False,False,False,False,302.2142,False
85.7236,0.0000,0.0000,0.0000,0.0000,False,False,False,False,False,302.2142,False
85.7936,0.0000,0.0000,0.0000,0.0000,False,False,False,False,False,302.2142,False
85.8524,0.0000,0.0000,0.0000,0.0000,False,False,False,False,False,302.2142,False
85.9085,0.0000,0.0000,0.0000,0.0000,False,False,False,False,False,302.2142,False
85.9671,0.0000,0.0000,0.0000,0.0000,False,False,False,False,False,302.2142,False
86.0236,0.0000,0.0000,0.0000,0.0000,False,False,False,False,False,302.2142,False
86.0848,0.0000,0.0000,0.0000,0.0000,False,False,False,False,False,302.2142,False
86.1398,0.0000,0.0000,0.0000,0.0000,False,False,False,False,False,302.2142,False
86.1959,0.0000,0.0000,0.0000,0.0000,False,False,False,False,False,302.2142,False
86.2557,0.0000,0.0000,0.0000,0.0000,False,False,False,False,False,302.2142,False
86.3127,0.0000,0.0000,0.0000,0.0000,False,False,False,False,False,302.2142,False
86.3733,0.0000,0.0000,0.0000,0.0000,False,False,False,False,False,302.2142,False
86.4277,0.0000,0.0000,0.0000,0.0000,False,False,False,False,False,302.2142,False
86.4858,0.0000,0.0000,0.0000,0.0000,False,False,False,False,False,302.2142,False
86.5431,0.0000,0.0000,0.0000,0.0000,False,False,False,False,False,302.2142,False
86.6030,0.0000,0.0000,0.0000,0.0000,False,False,False,False,False,302.2142,False
86.6625,0.0000,0.0000,0.0000,0.0000,False,False,False,False,False,302.2142,False
86.7172,0.0000,0.0000,0.0000,0.0000,False,False,False,False,False,302.2142,False
86.7773,0.0000,0.0000,0.0000,0.0000,False,False,False,False,False,302.2142,False
86.8361,0.0000,0.0000,0.0000,0.0000,False,False,False,False,False,302.2142,False
86.8978,0.0000,0.0000,0.0000,0.0000,False,False,False,False,False,302.2142,False
86.9577,0.0000,0.0000,0.0000,0.0000,False,False,False,False,False,302.2142,False
87.0161,0.0000,0.0000,0.0000,0.0000,False,False,False,False,False,302.2142,False
87.0728,0.0000,0.0000,0.0000,0.0000,False,False,False,False,False,302.2142,False
87.1294,0.0000,0.0000,0.0000,0.0000,False,False,False,False,False,302.2142,False
87.1853,0.0000,0.0000,0.0000,0.0000,False,False,False,False,False,302.2142,False
87.2476,0.0000,0.0000,0.0000,0.0000,False,False,False,False,False,302.2142,False
87.3086,0.0000,0.0000,0.0000,0.0000,False,False,False,False,False,302.2142,False
87.3679,0.0000,0.0000,0.0000,0.0000,False,False,False,False,False,302.2142,False
87.4262,0.0000,0.0000,0.0000,0.0000,False,False,False,False,False,302.2142,False
87.4901,0.0000,0.0000,0.0000,0.0000,False,False,False,False,False,302.2142,False
87.5580,0.0000,0.0000,0.0000,0.0000,False,False,False,False,False,302.2142,False
87.6153,0.0000,0.0000,0.0000,0.0000,False,False,False,False,False,302.2142,False
87.6728,0.0000,0.0000,0.0000,0.0000,False,False,False,False,False,302.2142,False
87.7324,0.0000,0.0000,0.0000,0.0000,False,False,False,False,False,302.2142,False
87.7938,0.0000,0.0000,0.0000,0.0000,False,False,False,False,False,302.2142,False
87.8524,0.0000,0.0000,0.0000,0.0000,False,False,False,False,False,302.2142,False
87.9184,0.0000,0.0000,0.0000,0.0000,False,False,False,False,False,302.2142,False
87.9799,0.0000,0.0000,0.0000,0.0000,False,False,False,False,False,302.2142,False
88.0379,0.0000,0.0000,0.0000,0.0000,False,False,False,False,False,302.2142,False
88.0966,0.0000,0.0000,0.0000,0.0000,False,False,False,False,False,302.2142,False
88.1564,0.0000,0.0000,0.0000,0.0000,False,False,False,False,False,302.2142,False
88.2135,0.0000,0.0000,0.0000,0.0000,False,False,False,False,False,302.2142,False
88.2754,0.0000,0.0000,0.0000,0.0000,False,False,False,False,False,302.2142,False
88.3318,0.0000,0.0000,0.0000,0.0000,False,False,False,False,False,302.2142,False
88.3893,0.0000,0.0000,0.0000,0.0000,False,False,False,False,False,302.2142,False
88.4488,0.0000,0.0000,0.0000,0.0000,False,False,False,False,False,302.2142,False
88.5069,0.0000,0.0000,0.0000,0.0000,False,False,False,False,False,302.2142,False
88.5624,0.0000,0.0000,0.0000,0.0000,False,False,False,False,False,302.2142,False
88.6205,0.0000,0.0000,0.0000,0.0000,False,False,False,False,False,302.2142,False
88.6772,0.0000,0.0000,0.0000,0.0000,False,False,False,False,False,302.2142,False
88.7387,0.0000,0.0000,0.0000,0.0000,False,False,False,False,False,302.2142,False
88.8033,0.0000,0.0000,0.0000,0.0000,False,False,False,False,False,302.2142,False
88.8650,0.0000,0.0000,0.0000,0.0000,False,False,False,False,False,302.2142,False
88.9216,0.0000,0.0000,0.0000,0.0000,False,False,False,False,False,302.2142,False
88.9803,0.0000,0.0000,0.0000,0.0000,False,False,False,False,False,302.2142,False
89.0339,0.0000,0.0000,0.0000,0.0000,False,False,False,False,False,302.2142,False
89.0894,0.0000,0.0000,0.0000,0.0000,False,False,False,False,False,302.2142,False
89.1482,0.0000,0.0000,0.0000,0.0000,False,False,False,False,False,302.2142,False
89.2095,0.0000,0.0000,0.0000,0.0000,False,False,False,False,False,302.2142,False
89.2736,0.0000,0.0000,0.0000,0.0000,False,False,False,False,False,302.2142,False
89.3363,0.0000,0.0000,0.0000,0.0000,False,False,False,False,False,302.2142,False
89.3970,0.0000,0.0000,0.0000,0.0000,False,False,False,False,False,302.2142,False
89.4551,0.0000,0.0000,0.0000,0.0000,False,False,False,False,False,302.2142,False
89.5126,0.0000,0.0000,0.0000,0.0000,False,False,False,False,False,302.2142,False
89.5759,0.0000,0.0000,0.0000,0.0000,False,False,False,False,False,302.2142,False
89.6338,0.0000,0.0000,0.0000,0.0000,False,False,False,False,False,302.2142,False
89.6909,0.0000,0.0000,0.0000,0.0000,False,False,False,False,False,302.2142,False
89.7473,0.0000,0.0000,0.0000,0.0000,False,False,False,False,False,302.2142,False
89.8135,0.0000,0.0000,0.0000,0.0000,False,False,False,False,False,302.2142,False
89.8751,0.0000,0.0000,0.0000,0.0000,False,False,False,False,False,302.2142,False
89.9321,0.0000,0.0000,0.0000,0.0000,False,False,False,False,False,302.2142,False
89.9868,0.0000,0.0000,0.0000,0.0000,False,False,False,False,False,302.2142,False
90.0437,0.0000,0.0000,0.0000,0.0000,False,False,False,False,False,302.2142,False
90.1048,0.0000,0.0000,0.0000,0.0000,False,False,False,False,False,302.2142,False
90.1618,0.0000,0.0000,0.0000,0.0000,False,False,False,False,False,302.2142,False
90.2206,0.0000,0.0000,0.0000,0.0000,False,False,False,False,False,302.2142,False
90.2801,0.0000,0.0000,0.0000,0.0000,False,False,False,False,False,302.2142,False
90.3363,0.0000,0.0000,0.0000,0.0000,False,False,False,False,False,302.2142,False
90.3978,0.0000,0.0000,0.0000,0.0000,False,False,False,False,False,302.2142,False
90.4593,0.0000,0.0000,0.0000,0.0000,False,False,False,False,False,302.2142,False
90.5153,0.0000,0.0000,0.0000,0.0000,False,False,False,False,False,302.2142,False
90.5731,0.0000,0.0000,0.0000,0.0000,False,False,False,False,False,302.2142,False
90.6298,0.0000,0.0000,0.0000,0.0000,False,False,False,False,False,302.2142,False
90.6900,0.0000,0.0000,0.0000,0.0000,False,False,False,False,False,302.2142,False
90.7478,0.0000,0.0000,0.0000,0.0000,False,False,False,False,False,302.2142,False
90.8077,0.0000,0.0000,0.0000,0.0000,False,False,False,False,False,302.2142,False
90.8650,0.0000,0.0000,0.0000,0.0000,False,False,False,False,False,302.2142,False
90.9253,0.0000,0.0000,0.0000,0.0000,False,False,False,False,False,302.2142,False
90.9912,0.0000,0.0000,0.0000,0.0000,False,False,False,False,False,302.2142,False
91.0476,0.0000,0.0000,0.0000,0.0000,False,False,False,False,False,302.2142,False
91.1047,0.0000,0.0000,0.0000,0.0000,False,False,False,False,False,302.2142,False
91.1600,0.0000,0.0000,0.0000,0.0000,False,False,False,False,False,302.2142,False
91.2221,0.0000,0.0000,0.0000,0.0000,False,False,False,False,False,302.2142,False
91.2799,0.0000,0.0000,0.0000,0.0000,False,False,False,False,False,302.2142,False
91.3423,0.0000,0.0000,0.0000,0.0000,False,False,False,False,False,302.2142,False
91.3987,0.0000,0.0000,0.0000,0.0000,False,False,False,False,False,302.2142,False
91.4563,0.0000,0.0000,0.0000,0.0000,False,False,False,False,False,302.2142,False
91.5199,0.0000,0.0000,0.0000,0.0000,False,False,False,False,False,302.2142,False
91.5787,0.0000,0.0000,0.0000,0.0000,False,False,False,False,False,302.2142,False
91.6346,0.0000,0.0000,0.0000,0.0000,False,False,False,False,False,302.2142,False
91.6931,0.0000,0.0000,0.0000,0.0000,False,False,False,False,False,302.2142,False
91.7519,0.0000,0.0000,0.0000,0.0000,False,False,False,False,False,302.2142,False
91.8178,0.0000,0.0000,0.0000,0.0000,False,False,False,False,False,302.2142,False
91.8815,0.0000,0.0000,0.0000,0.0000,False,False,False,False,False,302.2142,False
91.9399,0.0000,0.0000,0.0000,0.0000,False,False,False,False,False,302.2142,False
91.9961,0.0000,0.0000,0.0000,0.0000,False,False,False,False,False,302.2142,False
92.0530,0.0000,0.0000,0.0000,0.0000,False,False,False,False,False,302.2142,False
92.1146,0.0000,0.0000,0.0000,0.0000,False,False,False,False,False,302.2142,False
92.1741,0.0000,0.0000,0.0000,0.0000,False,False,False,False,False,302.2142,False
92.2321,0.0000,0.0000,0.0000,0.0000,False,False,False,False,False,302.2142,False
92.2910,0.0000,0.0000,0.0000,0.0000,False,False,False,False,False,302.2142,False
92.3514,0.0000,0.0000,0.0000,0.0000,False,False,False,False,False,302.2142,False
92.4171,0.0000,0.0000,0.0000,0.0000,False,False,False,False,False,302.2142,False
92.4722,0.0000,0.0000,0.0000,0.0000,False,False,False,False,False,302.2142,False
92.5283,0.0000,0.0000,0.0000,0.0000,False,False,False,False,False,302.2142,False
92.5866,0.0000,0.0000,0.0000,0.0000,False,False,False,False,False,302.2142,False
92.6454,0.0000,0.0000,0.0000,0.0000,False,False,False,False,False,302.2142,False
92.7041,0.0000,0.0000,0.0000,0.0000,False,False,False,False,False,302.2142,False
92.7609,0.0000,0.0000,0.0000,0.0000,False,False,False,False,False,302.2142,False
92.8213,0.0000,0.0000,0.0000,0.0000,False,False,False,False,False,302.2142,False
92.8788,0.0000,0.0000,0.0000,0.0000,False,False,False,False,False,302.2142,False
92.9387,0.0000,0.0000,0.0000,0.0000,False,False,False,False,False,302.2142,False
93.0017,0.0000,0.0000,0.0000,0.0000,False,False,False,False,False,302.2142,False
93.0573,0.0000,0.0000,0.0000,0.0000,False,False,False,False,False,302.2142,False
93.1149,0.0000,0.0000,0.0000,0.0000,False,False,False,False,False,302.2142,False
93.1839,0.0000,0.0000,0.0000,0.0000,False,False,False,False,False,302.2142,False
93.2404,0.0000,0.0000,0.0000,0.0000,False,False,False,False,False,302.2142,False
93.3046,0.0000,0.0000,0.0000,0.0000,False,False,False,False,False,302.2142,False
93.3794,0.0000,0.0000,0.0000,0.0000,False,False,False,False,False,302.2142,False
93.4442,0.0000,0.0000,0.0000,0.0000,False,False,False,False,False,302.2142,False
93.5083,0.0000,0.0000,0.0000,0.0000,False,False,False,False,False,302.2142,False
93.5704,0.0000,0.0000,0.0000,0.0000,False,False,False,False,False,302.2142,False
93.6308,0.0000,0.0000,0.0000,0.0000,False,False,False,False,False,302.2142,False
93.6906,0.0000,0.0000,0.0000,0.0000,False,False,False,False,False,302.2142,False
93.7510,0.0000,0.0000,0.0000,0.0000,False,False,False,False,False,302.2142,False
93.8144,0.0000,0.0000,0.0000,0.0000,False,False,False,False,False,302.2142,False
93.8717,0.0000,0.0000,0.0000,0.0000,False,False,False,False,False,302.2142,False
93.9322,0.0000,0.0000,0.0000,0.0000,False,False,False,False,False,302.2142,False
93.9940,0.0000,0.0000,0.0000,0.0000,False,False,False,False,False,302.2142,False
94.0515,0.0000,0.0000,0.0000,0.0000,False,False,False,False,False,302.2142,False
94.1082,0.0000,0.0000,0.0000,0.0000,False,False,False,False,False,302.2142,False
94.1678,0.0000,0.0000,0.0000,0.0000,False,False,False,False,False,302.2142,False
94.2289,0.0000,0.0000,0.0000,0.0000,False,False,False,False,False,302.2142,False
94.2842,0.0000,0.0000,0.0000,0.0000,False,False,False,False,False,302.2142,False
94.3476,0.0000,0.0000,0.0000,0.0000,False,False,False,False,False,302.2142,False
94.4058,0.0000,0.0000,0.0000,0.0000,False,False,False,False,False,302.2142,False
94.4656,0.0000,0.0000,0.0000,0.0000,False,False,False,False,False,302.2142,False
94.5308,0.0000,0.0000,0.0000,0.0000,False,False,False,False,False,302.2142,False
94.5882,0.0000,0.0000,0.0000,0.0000,False,False,False,False,False,302.2142,False
94.6445,0.0000,0.0000,0.0000,0.0000,False,False,False,False,False,302.2142,False
94.7006,0.0000,0.0000,0.0000,0.0000,False,False,False,False,False,302.2142,False
94.7576,0.0000,0.0000,0.0000,0.0000,False,False,False,False,False,302.2142,False
94.8160,0.0000,0.0000,0.0000,0.0000,False,False,False,False,False,302.2142,False
94.8853,0.0000,0.0000,0.0000,0.0000,False,False,False,False,False,302.2142,False
94.9458,0.0000,0.0000,0.0000,0.0000,False,False,False,False,False,302.2142,False
95.0100,0.5000,0.5000,0.0000,0.0000,False,False,False,False,False,302.2142,False
