Time,Accel,Brake,Car_Speed,Car_AutoSpeed,Car_AutoStatus,Bike_A_Status,Bike_B_Status,Bike_C_Status,Bike_D_Status,Bike_Distance,Vibrate_Status,BPM
0.0200,0.0000,0.0000,0.0000,0.0000,False,False,False,False,False,0.0000,False
0.0400,0.0000,0.0000,0.7049,0.0000,False,False,False,False,False,0.0000,False
0.3733,0.0000,0.0000,1.1529,0.0000,False,False,False,False,False,0.0000,False
0.4579,0.0000,0.0000,0.3516,0.0000,False,False,False,False,False,0.0000,False
0.5024,0.0000,0.0000,0.0643,0.0000,False,False,False,False,False,0.0000,False
0.5451,0.0000,0.0000,0.0480,0.0000,False,False,False,False,False,0.0000,False
0.5808,0.0000,0.0000,0.0856,0.0000,False,False,False,False,False,0.0000,False
0.6380,0.0000,0.0000,0.0949,0.0000,False,False,False,False,False,0.0000,False
0.7015,0.0000,0.0000,0.0709,0.0000,False,False,False,False,False,0.0000,False
0.7386,0.0000,0.0000,0.0619,0.0000,False,False,False,False,False,0.0000,False
0.7762,0.0000,0.0000,0.0444,0.0000,False,False,False,False,False,0.0000,False
0.8098,0.0000,0.0000,0.0294,0.0000,False,False,False,False,False,0.0000,False
0.8500,0.0000,0.0000,0.0177,0.0000,False,False,False,False,False,0.0000,False
0.8838,0.0000,0.0000,0.0092,0.0000,False,False,False,False,False,0.0000,False
0.9171,0.0000,0.0000,0.0062,0.0000,False,False,False,False,False,0.0000,False
0.9539,0.0000,0.0000,0.0022,0.0000,False,False,False,False,False,0.0000,False
0.9969,0.0000,0.0000,0.0018,0.0000,False,False,False,False,False,0.0000,False
1.0305,0.0000,0.0000,0.0025,0.0000,False,False,False,False,False,0.0000,False
1.0647,0.0000,0.0000,0.0027,0.0000,False,False,False,False,False,0.0000,False
1.0988,0.0000,0.0000,0.0027,0.0000,False,False,False,False,False,0.0000,False
1.1360,0.0000,0.0000,0.0023,0.0000,False,False,False,False,False,0.0000,False
1.1698,0.0000,0.0000,0.0018,0.0000,False,False,False,False,False,0.0000,False
1.2034,0.0000,0.0000,0.0013,0.0000,False,False,False,False,False,0.0000,False
1.2406,0.0000,0.0000,0.0009,0.0000,False,False,False,False,False,0.0000,False
1.2764,0.0000,0.0000,0.0007,0.0000,False,False,False,False,False,0.0000,False
1.3171,0.0000,0.0000,0.0004,0.0000,False,False,False,False,False,0.0000,False
1.3546,0.0000,0.0000,0.0001,0.0000,False,False,False,False,False,0.0000,False
1.3931,0.0000,0.0000,0.0001,0.0000,False,False,False,False,False,0.0000,False
1.4316,0.0000,0.0000,0.0001,0.0000,False,False,False,False,False,0.0000,False
1.4749,0.0000,0.0000,0.0001,0.0000,False,False,False,False,False,0.0000,False
1.5163,0.0000,0.0000,0.0001,0.0000,False,False,False,False,False,0.0000,False
1.5601,0.0000,0.0000,0.0001,0.0000,False,False,False,False,False,0.0000,False
1.5989,0.0000,0.0000,0.0001,0.0000,False,False,False,False,False,0.0000,False
1.6426,0.0000,0.0000,0.0000,0.0000,False,False,False,False,False,0.0000,False
1.6806,0.0000,0.0000,0.0000,0.0000,False,False,False,False,False,0.0000,False
1.7227,0.0000,0.0000,0.0000,0.0000,False,False,False,False,False,0.0000,False
1.7617,0.0000,0.0000,0.0000,0.0000,False,False,False,False,False,0.0000,False
1.7998,0.0000,0.0000,0.0000,0.0000,False,False,False,False,False,0.0000,False
1.8382,0.0000,0.0000,0.0000,0.0000,False,False,False,False,False,0.0000,False
1.8771,0.0000,0.0000,0.0000,0.0000,False,False,False,False,False,0.0000,False
1.9195,0.0000,0.0000,0.0000,0.0000,False,False,False,False,False,0.0000,False
1.9579,0.0000,0.0000,0.0000,0.0000,False,False,False,False,False,0.0000,False
1.9990,0.0000,0.0000,0.0000,0.0000,False,False,False,False,False,0.0000,False
2.0390,0.0000,0.0000,0.0000,0.0000,False,False,False,False,False,0.0000,False
2.0806,0.0000,0.0000,0.0000,0.0000,False,False,False,False,False,0.0000,False
2.1239,0.0000,0.0000,0.0000,0.0000,False,False,False,False,False,0.0000,False
2.1757,0.0000,0.0000,0.0000,0.0000,False,False,False,False,False,0.0000,False
2.2189,0.0000,0.0000,0.0000,0.0000,False,False,False,False,False,0.0000,False
2.2726,0.0000,0.0000,0.0000,0.0000,False,False,False,False,False,0.0000,False
2.3195,0.0000,0.0000,0.0000,0.0000,False,False,False,False,False,0.0000,False
2.3642,0.0000,0.0000,0.0000,0.0000,False,False,False,False,False,0.0000,False
2.4074,0.0000,0.0000,0.0000,0.0000,False,False,False,False,False,0.0000,False
2.4505,0.0000,0.0000,0.0000,0.0000,False,False,False,False,False,0.0000,False
2.4970,0.0000,0.0000,0.0000,0.0000,False,False,False,False,False,0.0000,False
2.5446,0.0000,0.0000,0.0000,0.0000,False,False,False,False,False,0.0000,False
2.5889,0.0000,0.0000,0.0000,0.0000,False,False,False,False,False,0.0000,False
2.6327,0.0000,0.0000,0.0000,0.0000,False,False,False,False,False,0.0000,False
2.6724,0.0000,0.0000,0.0000,0.0000,False,False,False,False,False,0.0000,False
2.7155,0.0000,0.0000,0.0000,0.0000,False,False,False,False,False,0.0000,False
2.7577,0.0000,0.0000,0.0000,0.0000,False,False,False,False,False,0.0000,False
2.7961,0.0000,0.0000,0.0000,0.0000,False,False,False,False,False,0.0000,False
2.8385,0.0000,0.0000,0.0000,0.0000,False,False,False,False,False,0.0000,False
2.8848,0.0000,0.0000,0.0000,0.0000,False,False,False,False,False,0.0000,False
2.9233,0.0000,0.0000,0.0000,0.0000,False,False,False,False,False,0.0000,False
2.9628,0.0000,0.0000,0.0000,0.0000,False,False,False,False,False,0.0000,False
3.0027,0.0000,0.0000,0.0000,0.0000,False,False,False,False,False,0.0000,False
3.0467,0.0000,0.0000,0.0000,0.0000,False,False,False,False,False,0.0000,False
3.0899,0.0000,0.0000,0.0000,0.0000,False,False,False,False,False,0.0000,False
3.1326,0.0000,0.0000,0.0000,0.0000,False,False,False,False,False,0.0000,False
3.1713,0.0000,0.0000,0.0000,0.0000,False,False,False,False,False,0.0000,False
3.2101,0.0000,0.0000,0.0000,0.0000,False,False,False,False,False,0.0000,False
3.2490,0.0000,0.0000,0.0000,0.0000,False,False,False,False,False,0.0000,False
3.2891,0.0000,0.0000,0.0000,0.0000,False,False,False,False,False,0.0000,False
3.3286,0.0000,0.0000,0.0000,0.0000,False,False,False,False,False,0.0000,False
3.3717,0.0000,0.0000,0.0000,0.0000,False,False,False,False,False,0.0000,False
3.4111,0.0000,0.0000,0.0000,0.0000,False,False,False,False,False,0.0000,False
3.4507,0.0000,0.0000,0.0000,0.0000,False,False,False,False,False,0.0000,False
3.4979,0.0000,0.0000,0.0000,0.0000,False,False,False,False,False,0.0000,False
3.5403,0.0000,0.0000,0.0000,0.0000,False,False,False,False,False,0.0000,False
3.5838,0.0000,0.0000,0.0000,0.0000,False,False,False,False,False,0.0000,False
3.6526,0.0000,0.0000,0.0000,0.0000,False,False,False,False,False,0.0000,False
3.6911,0.0000,0.0000,0.0000,0.0000,False,False,False,False,False,0.0000,False
3.7340,0.0000,0.0000,0.0000,0.0000,False,False,False,False,False,0.0000,False
3.7769,0.0000,0.0000,0.0000,0.0000,False,False,False,False,False,0.0000,False
3.8198,0.0000,0.0000,0.0000,0.0000,False,False,False,False,False,0.0000,False
3.8592,0.0000,0.0000,0.0000,0.0000,False,False,False,False,False,0.0000,False
3.9010,0.0000,0.0000,0.0000,0.0000,False,False,False,False,False,0.0000,False
3.9406,0.0000,0.0000,0.0000,0.0000,False,False,False,False,False,0.0000,False
3.9806,0.0000,0.0000,0.0000,0.0000,False,False,False,False,False,0.0000,False
4.0219,0.0000,0.0000,0.0000,0.0000,False,False,False,False,False,0.0000,False
4.0628,0.0000,0.0000,0.0000,0.0000,False,False,False,False,False,0.0000,False
4.1076,0.0000,0.0000,0.0000,0.0000,False,False,False,False,False,0.0000,False
4.1523,0.0000,0.0000,0.0000,0.0000,False,False,False,False,False,0.0000,False
4.1973,0.0000,0.0000,0.0000,0.0000,False,False,False,False,False,0.0000,False
4.2380,0.0000,0.0000,0.0000,0.0000,False,False,False,False,False,0.0000,False
4.2830,0.0000,0.0000,0.0000,0.0000,False,False,False,False,False,0.0000,False
4.3237,0.0000,0.0000,0.0000,0.0000,False,False,False,False,False,0.0000,False
4.3668,0.0000,0.0000,0.0000,0.0000,False,False,False,False,False,0.0000,False
4.4118,0.0000,0.0000,0.0000,0.0000,False,False,False,False,False,0.0000,False
4.4569,0.0000,0.0000,0.0000,0.0000,False,False,False,False,False,0.0000,False
4.4996,0.0000,0.0000,0.0000,0.0000,False,False,False,False,False,0.0000,False
4.5464,0.0000,0.0000,0.0000,0.0000,False,False,False,False,False,0.0000,False
4.5973,0.0000,0.0000,0.0000,0.0000,False,False,False,False,False,0.0000,False
4.6504,0.0000,0.0000,0.0000,0.0000,False,False,False,False,False,0.0000,False
4.7064,0.0000,0.0000,0.0000,0.0000,False,False,False,False,False,0.0000,False
4.7626,0.0000,0.0000,0.0000,0.0000,False,False,False,False,False,0.0000,False
4.8126,0.0000,0.0000,0.0000,0.0000,False,False,False,False,False,0.0000,False
4.8634,0.0000,0.0000,0.0000,0.0000,False,False,False,False,False,0.0000,False
4.9165,0.0000,0.0000,0.0000,0.0000,False,False,False,False,False,0.0000,False
4.9619,0.0000,0.0000,0.0000,0.0000,False,False,False,False,False,0.0000,False
5.0243,0.0000,0.0000,0.0000,0.0000,False,False,False,False,False,0.0000,False
5.0780,0.0000,0.0000,0.0000,0.0000,False,False,False,False,False,0.0000,False
5.1284,0.0000,0.0000,0.0000,0.0000,False,False,False,False,False,0.0000,False
5.1780,0.0000,0.0000,0.0000,0.0000,False,False,False,False,False,0.0000,False
5.2248,0.0000,0.0000,0.0000,0.0000,False,False,False,False,False,0.0000,False
5.2692,0.0000,0.0000,0.0000,0.0000,False,False,False,False,False,0.0000,False
5.3119,0.0000,0.0000,0.0000,0.0000,False,False,False,False,False,0.0000,False
5.3557,0.0000,0.0000,0.0000,0.0000,False,False,False,False,False,0.0000,False
5.3969,0.0000,0.0000,0.0000,0.0000,False,False,False,False,False,0.0000,False
5.4385,0.0000,0.0000,0.0000,0.0000,False,False,False,False,False,0.0000,False
5.4808,0.0000,0.0000,0.0000,0.0000,False,False,False,False,False,0.0000,False
5.5257,0.0000,0.0000,0.0000,0.0000,False,False,False,False,False,0.0000,False
5.5701,0.0000,0.0000,0.0000,0.0000,False,False,False,False,False,0.0000,False
5.6172,0.0000,0.0000,0.0000,0.0000,False,False,False,False,False,0.0000,False
5.6601,0.0000,0.0000,0.0000,0.0000,False,False,False,False,False,0.0000,False
5.7069,0.0000,0.0000,0.0000,0.0000,False,False,False,False,False,0.0000,False
5.7515,0.0000,0.0000,0.0000,0.0000,False,False,False,False,False,0.0000,False
5.7983,0.0000,0.0000,0.0000,0.0000,False,False,False,False,False,0.0000,False
5.8415,0.0000,0.0000,0.0000,0.0000,False,False,False,False,False,0.0000,False
5.8885,0.0000,0.0000,0.0000,0.0000,False,False,False,False,False,0.0000,False
5.9392,0.0000,0.0000,0.0000,0.0000,False,False,False,False,False,0.0000,False
5.9869,0.0000,0.0000,0.0000,0.0000,False,False,False,False,False,0.0000,False
6.0372,0.0000,0.0000,0.0000,0.0000,False,False,False,False,False,0.0000,False
6.0857,0.0000,0.0000,0.0000,0.0000,False,False,False,False,False,0.0000,False
6.1337,0.0000,0.0000,0.0000,0.0000,False,False,False,False,False,0.0000,False
6.1865,0.0000,0.0000,0.0000,0.0000,False,False,False,False,False,0.0000,False
6.2382,0.0000,0.0000,0.0000,0.0000,False,False,False,False,False,0.0000,False
6.2922,0.0000,0.0000,0.0000,0.0000,False,False,False,False,False,0.0000,False
6.3485,0.0000,0.0000,0.0000,0.0000,False,False,False,False,False,0.0000,False
6.4017,0.0000,0.0000,0.0000,0.0000,False,False,False,False,False,0.0000,False
6.4509,0.0000,0.0000,0.0000,0.0000,False,False,False,False,False,0.0000,False
6.5021,0.0000,0.0000,0.0000,0.0000,False,False,False,False,False,0.0000,False
6.5534,0.0000,0.0000,0.0000,0.0000,False,False,False,False,False,0.0000,False
6.6066,0.0000,0.0000,0.0000,0.0000,False,False,False,False,False,0.0000,False
6.6546,0.0000,0.0000,0.0000,0.0000,False,False,False,False,False,0.0000,False
6.7070,0.0000,0.0000,0.0000,0.0000,False,False,False,False,False,0.0000,False
6.7573,0.0000,0.0000,0.0000,0.0000,False,False,False,False,False,0.0000,False
6.8059,0.0000,0.0000,0.0000,0.0000,False,False,False,False,False,0.0000,False
6.8537,0.0000,0.0000,0.0000,0.0000,False,False,False,False,False,0.0000,False
6.9043,0.0000,0.0000,0.0000,0.0000,False,False,False,False,False,0.0000,False
6.9523,0.0000,0.0000,0.0000,0.0000,False,False,False,False,False,0.0000,False
7.0000,0.0000,0.0000,0.0000,0.0000,False,False,False,False,False,0.0000,False
7.0539,0.0000,0.0000,0.0000,0.0000,False,False,False,False,False,0.0000,False
7.1061,0.0000,0.0000,0.0000,0.0000,False,False,False,False,False,0.0000,False
7.1531,0.0000,0.0000,0.0000,0.0000,False,False,False,False,False,0.0000,False
7.2018,0.0000,0.0000,0.0000,0.0000,False,False,False,False,False,0.0000,False
7.2496,0.0000,0.0000,0.0000,0.0000,False,False,False,False,False,0.0000,False
7.2982,0.0000,0.0000,0.0000,0.0000,False,False,False,False,False,0.0000,False
7.3486,0.0000,0.0000,0.0000,0.0000,False,False,False,False,False,0.0000,False
7.4031,0.0000,0.0000,0.0000,0.0000,False,False,False,False,False,0.0000,False
7.4504,0.0000,0.0000,0.0000,0.0000,False,False,False,False,False,0.0000,False
7.5010,0.0000,0.0000,0.0000,0.0000,False,False,False,False,False,0.0000,False
7.5491,0.0000,0.0000,0.0000,0.0000,False,False,False,False,False,0.0000,False
7.5996,0.0000,0.0000,0.0000,0.0000,False,False,False,False,False,0.0000,False
7.6543,0.0000,0.0000,0.0000,0.0000,False,False,False,False,False,0.0000,False
7.7238,0.0000,0.0000,0.0000,0.0000,False,False,False,False,False,0.0000,False
7.7835,0.0000,0.0000,0.0000,0.0000,False,False,False,False,False,0.0000,False
7.8399,0.0000,0.0000,0.0000,0.0000,False,False,False,False,False,0.0000,False
7.9038,0.0000,0.0000,0.0000,0.0000,False,False,False,False,False,0.0000,False
7.9613,0.0000,0.0000,0.0000,0.0000,False,False,False,False,False,0.0000,False
8.0220,0.0000,0.0000,0.0000,0.0000,False,False,False,False,False,0.0000,False
8.0820,0.0000,0.0000,0.0000,0.0000,False,False,False,False,False,0.0000,False
8.1476,0.0000,0.0000,0.0000,0.0000,False,False,False,False,False,0.0000,False
8.2140,0.0000,0.0000,0.0000,0.0000,False,False,False,False,False,0.0000,False
8.2758,0.0000,0.0000,0.0000,0.0000,False,False,False,False,False,0.0000,False
8.3419,0.0000,0.0000,0.0000,0.0000,False,False,False,False,False,0.0000,False
8.4028,0.0000,0.0000,0.0000,0.0000,False,False,False,False,False,0.0000,False
8.4665,0.0000,0.0000,0.0000,0.0000,False,False,False,False,False,0.0000,False
8.5266,0.0000,0.0000,0.0000,0.0000,False,False,False,False,False,0.0000,False
8.5857,0.0000,0.0000,0.0000,0.0000,False,False,False,False,False,0.0000,False
8.6497,0.0000,0.0000,0.0000,0.0000,False,False,False,False,False,0.0000,False
8.7159,0.0000,0.0000,0.0000,0.0000,False,False,False,False,False,0.0000,False
8.7934,0.0000,0.0000,0.0000,0.0000,False,False,False,False,False,0.0000,False
8.8550,0.0000,0.0000,0.0000,0.0000,False,False,False,False,False,0.0000,False
8.9195,0.0000,0.0000,0.0000,0.0000,False,False,False,False,False,0.0000,False
8.9832,0.0000,0.0000,0.0000,0.0000,False,False,False,False,False,0.0000,False
9.0474,0.0000,0.0000,0.0000,0.0000,False,False,False,False,False,0.0000,False
9.1098,0.0000,0.0000,0.0000,0.0000,False,False,False,False,False,0.0000,False
9.1771,0.0000,0.0000,0.0000,0.0000,False,False,False,False,False,0.0000,False
9.2486,0.0000,0.0000,0.0000,0.0000,False,False,False,False,False,0.0000,False
9.3168,0.0000,0.0000,0.0000,0.0000,False,False,False,False,False,0.0000,False
9.3823,0.0000,0.0000,0.0000,0.0000,False,False,False,False,False,0.0000,False
9.4505,0.0000,0.0000,0.0000,0.0000,False,False,False,False,False,0.0000,False
9.5195,0.0000,0.0000,0.0000,0.0000,False,False,False,False,False,0.0000,False
9.5887,0.0000,0.0000,0.0000,0.0000,False,False,False,False,False,0.0000,False
9.6610,0.0000,0.0000,0.0000,0.0000,False,False,False,False,False,0.0000,False
9.7292,0.0000,0.0000,0.0000,0.0000,False,False,False,False,False,0.0000,False
9.8039,0.0000,0.0000,0.0000,0.0000,False,False,False,False,False,0.0000,False
9.8725,0.0000,0.0000,0.0000,0.0000,False,False,False,False,False,0.0000,False
9.9436,0.0000,0.0000,0.0000,0.0000,False,False,False,False,False,0.0000,False
10.0165,0.0000,0.0000,0.0000,0.0000,False,False,False,False,False,0.0000,False
10.0892,0.0000,0.0000,0.0000,0.0000,False,False,False,False,False,0.0000,False
10.1696,0.0000,0.0000,0.0000,0.0000,False,False,False,False,False,0.0000,False
10.2536,0.0000,0.0000,0.0000,0.0000,False,False,False,False,False,0.0000,False
10.3225,0.0000,0.0000,0.0000,0.0000,False,False,False,False,False,0.0000,False
10.3878,0.0000,0.0000,0.0000,0.0000,False,False,False,False,False,0.0000,False
10.4546,0.0000,0.0000,0.0000,0.0000,False,False,False,False,False,0.0000,False
10.5238,0.0000,0.0000,0.0000,0.0000,False,False,False,False,False,0.0000,False
10.5912,0.0000,0.0000,0.0000,0.0000,False,False,False,False,False,0.0000,False
10.6595,0.0000,0.0000,0.0000,0.0000,False,False,False,False,False,0.0000,False
10.7364,0.0000,0.0000,0.0000,0.0000,False,False,False,False,False,0.0000,False
10.8228,0.0000,0.0000,0.0000,0.0000,False,False,False,False,False,0.0000,False
10.9005,0.0000,0.0000,0.0000,0.0000,False,False,False,False,False,0.0000,False
10.9761,0.0000,0.0000,0.0000,0.0000,False,False,False,False,False,0.0000,False
11.0451,0.0000,0.0000,0.0000,0.0000,False,False,False,False,False,0.0000,False
11.1149,0.0000,0.0000,0.0000,0.0000,False,False,False,False,False,0.0000,False
11.1805,0.0000,0.0000,0.0000,0.0000,False,False,False,False,False,0.0000,False
11.2484,0.0000,0.0000,0.0000,0.0000,False,False,False,False,False,0.0000,False
11.3099,0.0000,0.0000,0.0000,0.0000,False,False,False,False,False,0.0000,False
11.3758,0.0000,0.0000,0.0000,0.0000,False,False,False,False,False,0.0000,False
11.4565,0.0000,0.0000,0.0000,0.0000,False,False,False,False,False,0.0000,False
11.5471,0.0000,0.0000,0.0000,0.0000,False,False,False,False,False,0.0000,False
11.6266,0.0000,0.0000,0.0000,0.0000,False,False,False,False,False,0.0000,False
11.6995,0.0000,0.0000,0.0000,0.0000,False,False,False,False,False,0.0000,False
11.7727,0.0000,0.0000,0.0000,0.0000,False,False,False,False,False,0.0000,False
11.8383,0.0000,0.0000,0.0000,0.0000,False,False,False,False,False,0.0000,False
11.9026,0.0000,0.0000,0.0000,0.0000,False,False,False,False,False,0.0000,False
11.9645,0.0000,0.0000,0.0000,0.0000,False,False,False,False,False,0.0000,False
12.0296,0.0000,0.0000,0.0000,0.0000,False,False,False,False,False,0.0000,False
12.0900,0.0000,0.0000,0.0000,0.0000,False,False,False,False,False,0.0000,False
12.1550,0.0000,0.0000,0.0000,0.0000,False,False,False,False,False,0.0000,False
12.2175,0.0000,0.0000,0.0000,0.0000,False,False,False,False,False,0.0000,False
12.2783,0.0000,0.0000,0.0000,0.0000,False,False,False,False,False,0.0000,False
12.3428,0.0000,0.0000,0.0000,0.0000,False,False,False,False,False,0.0000,False
12.4043,0.0000,0.0000,0.0000,0.0000,False,False,False,False,False,0.0000,False
12.4668,0.0000,0.0000,0.0000,0.0000,False,False,False,False,False,0.0000,False
12.5246,0.0000,0.0000,0.0000,0.0000,False,False,False,False,False,0.0000,False
12.5821,0.0000,0.0000,0.0000,0.0000,False,False,False,False,False,0.0000,False
12.6421,0.0000,0.0000,0.0000,0.0000,False,False,False,False,False,0.0000,False
12.7049,0.0000,0.0000,0.0000,0.0000,False,False,False,False,False,0.0000,False
12.7753,0.0000,0.0000,0.0000,0.0000,False,False,False,False,False,0.0000,False
12.8309,0.0000,0.0000,0.0000,0.0000,False,False,False,False,False,0.0000,False
12.8842,0.0000,0.0000,0.0000,0.0000,False,False,False,False,False,0.0000,False
12.9366,0.0000,0.0000,0.0000,0.0000,False,False,False,False,False,0.0000,False
12.9881,0.0000,0.0000,0.0000,0.0000,False,False,False,False,False,0.0000,False
13.0385,0.0000,0.0000,0.0000,0.0000,False,False,False,False,False,0.0000,False
13.0887,0.0000,0.0000,0.0000,0.0000,False,False,False,False,False,0.0000,False
13.1354,0.0000,0.0000,0.0000,0.0000,False,False,False,False,False,0.0000,False
13.1839,0.0000,0.0000,0.0000,0.0000,False,False,False,False,False,0.0000,False
13.2322,0.0000,0.0000,0.0000,0.0000,False,False,False,False,False,0.0000,False
13.2803,0.0000,0.0000,0.0000,0.0000,False,False,False,False,False,0.0000,False
13.3301,0.0000,0.0000,0.0000,0.0000,False,False,False,False,False,0.0000,False
13.3755,0.0000,0.0000,0.0000,0.0000,False,False,False,False,False,0.0000,False
13.4236,0.0000,0.0000,0.0000,0.0000,False,False,False,False,False,0.0000,False
13.4757,0.0000,0.0000,0.0000,0.0000,False,False,False,False,False,0.0000,False
13.5312,0.0000,0.0000,0.0000,0.0000,False,False,False,False,False,0.0000,False
13.5768,0.0000,0.0000,0.0000,0.0000,False,False,False,False,False,0.0000,False
13.6225,0.0000,0.0000,0.0000,0.0000,False,False,False,False,False,0.0000,False
13.6687,0.0000,0.0000,0.0000,0.0000,False,False,False,False,False,0.0000,False
13.7149,0.0000,0.0000,0.0000,0.0000,False,False,False,False,False,0.0000,False
13.7623,0.0000,0.0000,0.0000,0.0000,False,False,False,False,False,0.0000,False
13.8091,0.0000,0.0000,0.0000,0.0000,False,False,False,False,False,0.0000,False
13.8545,0.0000,0.0000,0.0000,0.0000,False,False,False,False,False,0.0000,False
13.8994,0.0000,0.0000,0.0000,0.0000,False,False,False,False,False,0.0000,False
13.9444,0.0000,0.0000,0.0000,0.0000,False,False,False,False,False,0.0000,False
13.9899,0.0000,0.0000,0.0000,0.0000,False,False,False,False,False,0.0000,False
14.0420,0.0000,0.0000,0.0000,0.0000,False,False,False,False,False,0.0000,False
14.0884,0.0000,0.0000,0.0000,0.0000,False,False,False,False,False,0.0000,False
14.1334,0.0000,0.0000,0.0000,0.0000,False,False,False,False,False,0.0000,False
14.1785,0.0000,0.0000,0.0000,0.0000,False,False,False,False,False,0.0000,False
14.2293,0.0000,0.0000,0.0000,0.0000,False,False,False,False,False,0.0000,False
14.2803,0.0000,0.0000,0.0000,0.0000,False,False,False,False,False,0.0000,False
14.3310,0.0000,0.0000,0.0000,0.0000,False,False,False,False,False,0.0000,False
14.3819,0.0000,0.0000,0.0000,0.0000,False,False,False,False,False,0.0000,False
14.4307,0.0000,0.0000,0.0000,0.0000,False,False,False,False,False,0.0000,False
14.4745,0.0000,0.0000,0.0000,0.0000,False,False,False,False,False,0.0000,False
14.5167,0.0000,0.0000,0.0000,0.0000,False,False,False,False,False,0.0000,False
14.5586,0.0000,0.0000,0.0000,0.0000,False,False,False,False,False,0.0000,False
14.5995,0.0000,0.0000,0.0000,0.0000,False,False,False,False,False,0.0000,False
14.6399,0.0000,0.0000,0.0000,0.0000,False,False,False,False,False,0.0000,False
14.6801,0.0000,0.0000,0.0000,0.0000,False,False,False,False,False,0.0000,False
14.7202,0.0000,0.0000,0.0000,0.0000,False,False,False,False,False,0.0000,False
14.7631,0.0000,0.0000,0.0000,0.0000,False,False,False,False,False,0.0000,False
14.8039,0.0000,0.0000,0.0000,0.0000,False,False,False,False,False,0.0000,False
14.8455,0.0000,0.0000,0.0000,0.0000,False,False,False,False,False,0.0000,False
14.8860,0.0000,0.0000,0.0000,0.0000,False,False,False,False,False,0.0000,False
14.9265,0.0000,0.0000,0.0000,0.0000,False,False,False,False,False,0.0000,False
14.9668,0.0000,0.0000,0.0000,0.0000,False,False,False,False,False,0.0000,False
15.0099,0.0000,0.0000,0.0000,0.0000,False,False,False,False,False,0.0000,False
15.0565,0.0000,0.0000,0.0000,0.0000,False,False,False,False,False,0.0000,False
15.0970,0.0000,0.0000,0.0000,0.0000,False,False,False,False,False,0.0000,False
15.1362,0.0000,0.0000,0.0000,0.0000,False,False,False,False,False,0.0000,False
15.1748,0.0000,0.0000,0.0000,0.0000,False,False,False,False,False,0.0000,False
15.2142,0.0000,0.0000,0.0000,0.0000,False,False,False,False,False,0.0000,False
15.2539,0.0000,0.0000,0.0000,0.0000,False,False,False,False,False,0.0000,False
15.2928,0.0000,0.0000,0.0000,0.0000,False,False,False,False,False,0.0000,False
15.3319,0.0000,0.0000,0.0000,0.0000,False,False,False,False,False,0.0000,False
15.3722,0.0000,0.0000,0.0000,0.0000,False,False,False,False,False,0.0000,False
15.4106,0.0000,0.0000,0.0000,0.0000,False,False,False,False,False,0.0000,False
15.4485,0.0000,0.0000,0.0000,0.0000,False,False,False,False,False,0.0000,False
15.4871,0.0000,0.0000,0.0000,0.0000,False,False,False,False,False,0.0000,False
15.5250,0.0000,0.0000,0.0000,0.0000,False,False,False,False,False,0.0000,False
15.5626,0.0000,0.0000,0.0000,0.0000,False,False,False,False,False,0.0000,False
15.6060,0.0000,0.0000,0.0000,0.0000,False,False,False,False,False,0.0000,False
15.6490,0.0000,0.0000,0.0000,0.0000,False,False,False,False,False,0.0000,False
15.6867,0.0000,0.0000,0.0000,0.0000,False,False,False,False,False,0.0000,False
15.7240,0.0000,0.0000,0.0000,0.0000,False,False,False,False,False,0.0000,False
15.7621,0.0000,0.0000,0.0000,0.0000,False,False,False,False,False,0.0000,False
15.7998,0.0000,0.0000,0.0000,0.0000,False,False,False,False,False,0.0000,False
15.8376,0.0000,0.0000,0.0000,0.0000,False,False,False,False,False,0.0000,False
15.8755,0.0000,0.0000,0.0000,0.0000,False,False,False,False,False,0.0000,False
15.9128,0.0000,0.0000,0.0000,0.0000,False,False,False,False,False,0.0000,False
15.9501,0.0000,0.0000,0.0000,0.0000,False,False,False,False,False,0.0000,False
15.9870,0.0000,0.0000,0.0000,0.0000,False,False,False,False,False,0.0000,False
16.0252,0.0000,0.0000,0.0000,0.0000,False,False,False,False,False,0.0000,False
16.0630,0.0000,0.0000,0.0000,0.0000,False,False,False,False,False,0.0000,False
16.0997,0.0000,0.0000,0.0000,0.0000,False,False,False,False,False,0.0000,False
16.1362,0.0000,0.0000,0.0000,0.0000,False,False,False,False,False,0.0000,False
16.1764,0.0000,0.0000,0.0000,0.0000,False,False,False,False,False,0.0000,False
16.2177,0.0000,0.0000,0.0000,0.0000,False,False,False,False,False,0.0000,False
16.2534,0.0000,0.0000,0.0000,0.0000,False,False,False,False,False,0.0000,False
16.2894,0.0000,0.0000,0.0000,0.0000,False,False,False,False,False,0.0000,False
16.3256,0.0000,0.0000,0.0000,0.0000,False,False,False,False,False,0.0000,False
16.3616,0.0000,0.0000,0.0000,0.0000,False,False,False,False,False,0.0000,False
16.3969,0.0000,0.0000,0.0000,0.0000,False,False,False,False,False,0.0000,False
16.4319,0.0000,0.0000,0.0000,0.0000,False,False,False,False,False,0.0000,False
16.4674,0.0000,0.0000,0.0000,0.0000,False,False,False,False,False,0.0000,False
16.5028,0.0000,0.0000,0.0000,0.0000,False,False,False,False,False,0.0000,False
16.5378,0.0000,0.0000,0.0000,0.0000,False,False,False,False,False,0.0000,False
16.5719,0.0000,0.0000,0.0000,0.0000,False,False,False,False,False,0.0000,False
16.6070,0.0000,0.0000,0.0000,0.0000,False,False,False,False,False,0.0000,False
16.6426,0.0000,0.0000,0.0000,0.0000,False,False,False,False,False,0.0000,False
16.6773,0.0000,0.0000,0.0000,0.0000,False,False,False,False,False,0.0000,False
16.7117,0.0000,0.0000,0.0000,0.0000,False,False,False,False,False,0.0000,False
16.7538,0.0000,0.0000,0.0000,0.0000,False,False,False,False,False,0.0000,False
16.7884,0.0000,0.0000,0.0000,0.0000,False,False,False,False,False,0.0000,False
16.8229,0.0000,0.0000,0.0000,0.0000,False,False,False,False,False,0.0000,False
16.8572,0.0000,0.0000,0.0000,0.0000,False,False,False,False,False,0.0000,False
16.8910,0.0000,0.0000,0.0001,0.0000,False,False,False,False,False,0.0000,False
16.9248,0.0000,0.0000,0.0001,0.0000,False,False,False,False,False,0.0000,False
16.9587,0.0000,0.0000,0.0000,0.0000,False,False,False,False,False,0.0000,False
16.9919,0.0000,0.0000,0.0000,0.0000,False,False,False,False,False,0.0000,False
17.0260,0.0000,0.0000,0.0000,0.0000,False,False,False,False,False,0.0000,False
17.0605,0.0000,0.0000,0.0000,0.0000,False,False,False,False,False,0.0000,False
17.0961,0.0000,0.0000,0.0000,0.0000,False,False,False,False,False,0.0000,False
17.1295,0.0000,0.0000,0.0000,0.0000,False,False,False,False,False,0.0000,False
17.1624,0.0000,0.0000,0.0000,0.0000,False,False,False,False,False,0.0000,False
17.1955,0.0000,0.0000,0.0000,0.0000,False,False,False,False,False,0.0000,False
17.2287,0.0000,0.0000,0.0000,0.0000,False,False,False,False,False,0.0000,False
17.2689,0.0000,0.0000,0.0000,0.0000,False,False,False,False,False,0.0000,False
17.3019,0.0000,0.0000,0.0000,0.0000,False,False,False,False,False,0.0000,False
17.3352,0.0000,0.0000,0.0000,0.0000,False,False,False,False,False,0.0000,False
17.3682,0.0000,0.0000,0.0000,0.0000,False,False,False,False,False,0.0000,False
17.4011,0.0000,0.0000,0.0000,0.0000,False,False,False,False,False,0.0000,False
17.4339,0.0000,0.0000,0.0000,0.0000,False,False,False,False,False,0.0000,False
17.4670,0.0000,0.0000,0.0000,0.0000,False,False,False,False,False,0.0000,False
17.5000,0.0000,0.0000,0.0000,0.0000,False,False,False,False,False,0.0000,False
17.5329,0.0000,0.0000,0.0000,0.0000,False,False,False,False,False,0.0000,False
17.5660,0.0000,0.0000,0.0000,0.0000,False,False,False,False,False,0.0000,False
17.5994,0.0000,0.0000,0.0000,0.0000,False,False,False,False,False,0.0000,False
17.6323,0.0000,0.0000,0.0000,0.0000,False,False,False,False,False,0.0000,False
17.6654,0.0000,0.0000,0.0000,0.0000,False,False,False,False,False,0.0000,False
17.6986,0.0000,0.0000,0.0000,0.0000,False,False,False,False,False,0.0000,False
17.7318,0.0000,0.0000,0.0000,0.0000,False,False,False,False,False,0.0000,False
17.7729,0.0000,0.0000,0.0000,0.0000,False,False,False,False,False,0.0000,False
17.8056,0.0000,0.0000,0.0000,0.0000,False,False,False,False,False,0.0000,False
17.8386,0.0000,0.0000,0.0000,0.0000,False,False,False,False,False,0.0000,False
17.8716,0.0000,0.0000,0.0000,0.0000,False,False,False,False,False,0.0000,False
17.9058,0.0000,0.0000,0.0000,0.0000,False,False,False,False,False,0.0000,False
17.9393,0.0000,0.0000,0.0000,0.0000,False,False,False,False,False,0.0000,False
17.9719,0.0000,0.0000,0.0000,0.0000,False,False,False,False,False,0.0000,False
18.0050,0.0000,0.0000,0.0000,0.0000,False,False,False,False,False,0.0000,False
18.0390,0.0000,0.0000,0.0000,0.0000,False,False,False,False,False,0.0000,False
18.0732,0.0000,0.0000,0.0000,0.0000,False,False,False,False,False,0.0000,False
18.1070,0.0000,0.0000,0.0000,0.0000,False,False,False,False,False,0.0000,False
18.1398,0.0000,0.0000,0.0000,0.0000,False,False,False,False,False,0.0000,False
18.1725,0.0000,0.0000,0.0000,0.0000,False,False,False,False,False,0.0000,False
18.2054,0.0000,0.0000,0.0000,0.0000,False,False,False,False,False,0.0000,False
18.2380,0.0000,0.0000,0.0000,0.0000,False,False,False,False,False,0.0000,False
18.2707,0.0000,0.0000,0.0000,0.0000,False,False,False,False,False,0.0000,False
18.3109,0.0000,0.0000,0.0000,0.0000,False,False,False,False,False,0.0000,False
18.3446,0.0000,0.0000,0.0000,0.0000,False,False,False,False,False,0.0000,False
18.3777,0.0000,0.0000,0.0000,0.0000,False,False,False,False,False,0.0000,False
18.4106,0.0000,0.0000,0.0000,0.0000,False,False,False,False,False,0.0000,False
18.4435,0.0000,0.0000,0.0000,0.0000,False,False,False,False,False,0.0000,False
18.4765,0.0000,0.0000,0.0000,0.0000,False,False,False,False,False,0.0000,False
18.5095,0.0000,0.0000,0.0000,0.0000,False,False,False,False,False,0.0000,False
18.5424,0.0000,0.0000,0.0000,0.0000,False,False,False,False,False,0.0000,False
18.5756,0.0000,0.0000,0.0000,0.0000,False,False,False,False,False,0.0000,False
18.6085,0.0000,0.0000,0.0000,0.0000,False,False,False,False,False,0.0000,False
18.6417,0.0000,0.0000,0.0000,0.0000,False,False,False,False,False,0.0000,False
18.6745,0.0000,0.0000,0.0000,0.0000,False,False,False,False,False,0.0000,False
18.7075,0.0000,0.0000,0.0000,0.0000,False,False,False,False,False,0.0000,False
18.7411,0.0000,0.0000,0.0000,0.0000,False,False,False,False,False,0.0000,False
18.7759,0.0000,0.0000,0.0000,0.0000,False,False,False,False,False,0.0000,False
18.8169,0.0000,0.0000,0.0000,0.0000,False,False,False,False,False,0.0000,False
18.8502,0.0000,0.0000,0.0000,0.0000,False,False,False,False,False,0.0000,False
18.8829,0.0000,0.0000,0.0000,0.0000,False,False,False,False,False,0.0000,False
18.9161,0.0000,0.0000,0.0000,0.0000,False,False,False,False,False,0.0000,False
18.9491,0.0000,0.0000,0.0000,0.0000,False,False,False,False,False,0.0000,False
18.9816,0.0000,0.0000,0.0000,0.0000,False,False,False,False,False,0.0000,False
19.0143,0.0000,0.0000,0.0000,0.0000,False,False,False,False,False,0.0000,False
19.0486,0.0000,0.0000,0.0000,0.0000,False,False,False,False,False,0.0000,False
19.0850,0.0000,0.0000,0.0000,0.0000,False,False,False,False,False,0.0000,False
19.1182,0.0000,0.0000,0.0000,0.0000,False,False,False,False,False,0.0000,False
19.1512,0.0000,0.0000,0.0000,0.0000,False,False,False,False,False,0.0000,False
19.1850,0.0000,0.0000,0.0000,0.0000,False,False,False,False,False,0.0000,False
19.2189,0.0000,0.0000,0.0000,0.0000,False,False,False,False,False,0.0000,False
19.2521,0.0000,0.0000,0.0000,0.0000,False,False,False,False,False,0.0000,False
19.2854,0.0000,0.0000,0.0000,0.0000,False,False,False,False,False,0.0000,False
19.3256,0.0000,0.0000,0.0000,0.0000,False,False,False,False,False,0.0000,False
19.3583,0.0000,0.0000,0.0000,0.0000,False,False,False,False,False,0.0000,False
19.3911,0.0000,0.0000,0.0000,0.0000,False,False,False,False,False,0.0000,False
19.4245,0.0000,0.0000,0.0000,0.0000,False,False,False,False,False,0.0000,False
19.4573,0.0000,0.0000,0.0000,0.0000,False,False,False,False,False,0.0000,False
19.4903,0.0000,0.0000,0.0000,0.0000,False,False,False,False,False,0.0000,False
19.5233,0.0000,0.0000,0.0000,0.0000,False,False,False,False,False,0.0000,False
19.5565,0.0000,0.0000,0.0000,0.0000,False,False,False,False,False,0.0000,False
19.5887,0.0000,0.0000,0.0000,0.0000,False,False,False,False,False,0.0000,False
19.6218,0.0000,0.0000,0.0000,0.0000,False,False,False,False,False,0.0000,False
19.6546,0.0000,0.0000,0.0000,0.0000,False,False,False,False,False,0.0000,False
19.6876,0.0000,0.0000,0.0000,0.0000,False,False,False,False,False,0.0000,False
19.7208,0.0000,0.0000,0.0000,0.0000,False,False,False,False,False,0.0000,False
19.7543,0.0000,0.0000,0.0000,0.0000,False,False,False,False,False,0.0000,False
19.7875,0.0000,0.0000,0.0000,0.0000,False,False,False,False,False,0.0000,False
19.8210,0.0000,0.0000,0.0000,0.0000,False,False,False,False,False,0.0000,False
19.8624,0.0000,0.0000,0.0000,0.0000,False,False,False,False,False,0.0000,False
19.8957,0.0000,0.0000,0.0000,0.0000,False,False,False,False,False,0.0000,False
19.9285,0.0000,0.0000,0.0000,0.0000,False,False,False,False,False,0.0000,False
19.9615,0.0000,0.0000,0.0000,0.0000,False,False,False,False,False,0.0000,False
19.9948,0.0000,0.0000,0.0000,0.0000,False,False,False,False,False,0.0000,False
20.0277,0.0000,0.0000,0.0000,0.0000,False,False,False,False,False,0.0000,False
20.0618,0.0000,0.0000,0.0000,0.0000,False,False,False,False,False,0.0000,False
20.0950,0.0000,0.0000,0.0000,0.0000,False,False,False,False,False,0.0000,False
20.1277,0.0000,0.0000,0.0000,0.0000,False,False,False,False,False,0.0000,False
20.1608,0.0000,0.0000,0.0000,0.0000,False,False,False,False,False,0.0000,False
20.1932,0.0000,0.0000,0.0000,0.0000,False,False,False,False,False,0.0000,False
20.2257,0.0000,0.0000,0.0000,0.0000,False,False,False,False,False,0.0000,False
20.2583,0.0000,0.0000,0.0000,0.0000,False,False,False,False,False,0.0000,False
20.2901,0.0000,0.0000,0.0000,0.0000,False,False,False,False,False,0.0000,False
20.3255,0.0000,0.0000,0.0000,0.0000,False,False,False,False,False,0.0000,False
20.3627,0.0000,0.0000,0.0000,0.0000,False,False,False,False,False,0.0000,False
20.3959,0.0000,0.0000,0.0000,0.0000,False,False,False,False,False,0.0000,False
20.4288,0.0000,0.0000,0.0000,0.0000,False,False,False,False,False,0.0000,False
20.4643,0.0000,0.0000,0.0000,0.0000,False,False,False,False,False,0.0000,False
20.5043,0.0000,0.0000,0.0000,0.0000,False,False,False,False,False,0.0000,False
20.5421,0.0000,0.0000,0.0000,0.0000,False,False,False,False,False,0.0000,False
20.5771,0.0000,0.0000,0.0000,0.0000,False,False,False,False,False,0.0000,False
20.6121,0.0000,0.0000,0.0000,0.0000,False,False,False,False,False,0.0000,False
20.6482,0.0000,0.0000,0.0000,0.0000,False,False,False,False,False,0.0000,False
20.6857,0.0000,0.0000,0.0000,0.0000,False,False,False,False,False,0.0000,False
20.7225,0.0000,0.0000,0.0000,0.0000,False,False,False,False,False,0.0000,False
20.7607,0.0000,0.0000,0.0000,0.0000,False,False,False,False,False,0.0000,False
20.7965,0.0000,0.0000,0.0000,0.0000,False,False,False,False,False,0.0000,False
20.8319,0.0000,0.0000,0.0000,0.0000,False,False,False,False,False,0.0000,False
20.8718,0.0000,0.0000,0.0000,0.0000,False,False,False,False,False,0.0000,False
20.9155,0.0000,0.0000,0.0000,0.0000,False,False,False,False,False,0.0000,False
20.9511,0.0000,0.0000,0.0000,0.0000,False,False,False,False,False,0.0000,False
20.9876,0.0000,0.0000,0.0000,0.0000,False,False,False,False,False,0.0000,False
21.0281,0.0000,0.0000,0.0000,0.0000,False,False,False,False,False,0.0000,False
21.0677,0.0000,0.0000,0.0000,0.0000,False,False,False,False,False,0.0000,False
21.1045,0.0000,0.0000,0.0000,0.0000,False,False,False,False,False,0.0000,False
21.1409,0.0000,0.0000,0.0000,0.0000,False,False,False,False,False,0.0000,False
21.1774,0.0000,0.0000,0.0000,0.0000,False,False,False,False,False,0.0000,False
21.2133,0.0000,0.0000,0.0000,0.0000,False,False,False,False,False,0.0000,False
21.2499,0.0000,0.0000,0.0000,0.0000,False,False,False,False,False,0.0000,False
21.2863,0.0000,0.0000,0.0000,0.0000,False,False,False,False,False,0.0000,False
21.3240,0.0000,0.0000,0.0000,0.0000,False,False,False,False,False,0.0000,False
21.3606,0.0000,0.0000,0.0000,0.0000,False,False,False,False,False,0.0000,False
21.3970,0.0000,0.0000,0.0000,0.0000,False,False,False,False,False,0.0000,False
21.4409,0.0000,0.0000,0.0000,0.0000,False,False,False,False,False,0.0000,False
21.4807,0.0000,0.0000,0.0000,0.0000,False,False,False,False,False,0.0000,False
21.5247,0.0000,0.0000,0.0000,0.0000,False,False,False,False,False,0.0000,False
21.5622,0.0000,0.0000,0.0000,0.0000,False,False,False,False,False,0.0000,False
21.5974,0.0000,0.0000,0.0000,0.0000,False,False,False,False,False,0.0000,False
21.6340,0.0000,0.0000,0.0000,0.0000,False,False,False,False,False,0.0000,False
21.6694,0.0000,0.0000,0.0000,0.0000,False,False,False,False,False,0.0000,False
21.7050,0.0000,0.0000,0.0000,0.0000,False,False,False,False,False,0.0000,False
21.7411,0.0000,0.0000,0.0000,0.0000,False,False,False,False,False,0.0000,False
21.7773,0.0000,0.0000,0.0000,0.0000,False,False,False,False,False,0.0000,False
21.8153,0.0000,0.0000,0.0000,0.0000,False,False,False,False,False,0.0000,False
21.8503,0.0000,0.0000,0.0000,0.0000,False,False,False,False,False,0.0000,False
21.8887,0.0000,0.0000,0.0000,0.0000,False,False,False,False,False,0.0000,False
21.9238,0.0000,0.0000,0.0000,0.0000,False,False,False,False,False,0.0000,False
21.9587,0.0000,0.0000,0.0000,0.0000,False,False,False,False,False,0.0000,False
21.9971,0.0000,0.0000,0.0000,0.0000,False,False,False,False,False,0.0000,False
22.0462,0.0000,0.0000,0.0000,0.0000,False,False,False,False,False,0.0000,False
22.0839,0.0000,0.0000,0.0000,0.0000,False,False,False,False,False,0.0000,False
22.1202,0.0000,0.0000,0.0000,0.0000,False,False,False,False,False,0.0000,False
22.1593,0.0000,0.0000,0.0000,0.0000,False,False,False,False,False,0.0000,False
22.1988,0.0000,0.0000,0.0000,0.0000,False,False,False,False,False,0.0000,False
22.2340,0.0000,0.0000,0.0000,0.0000,False,False,False,False,False,0.0000,False
22.2696,0.0000,0.0000,0.0000,0.0000,False,False,False,False,False,0.0000,False
22.3081,0.0000,0.0000,0.0000,0.0000,False,False,False,False,False,0.0000,False
22.3437,0.0000,0.0000,0.0000,0.0000,False,False,False,False,False,0.0000,False
22.3788,0.0000,0.0000,0.0000,0.0000,False,False,False,False,False,0.0000,False
22.4135,0.0000,0.0000,0.0000,0.0000,False,False,False,False,False,0.0000,False
22.4490,0.0000,0.0000,0.0000,0.0000,False,False,False,False,False,0.0000,False
22.4842,0.0000,0.0000,0.0000,0.0000,False,False,False,False,False,0.0000,False
22.5226,0.0000,0.0000,0.0000,0.0000,False,False,False,False,False,0.0000,False
22.5682,0.0000,0.0000,0.0000,0.0000,False,False,False,False,False,0.0000,False
22.6057,0.0000,0.0000,0.0000,0.0000,False,False,False,False,False,0.0000,False
22.6414,0.0000,0.0000,0.0000,0.0000,False,False,False,False,False,0.0000,False
22.6806,0.0000,0.0000,0.0000,0.0000,False,False,False,False,False,0.0000,False
22.7162,0.0000,0.0000,0.0000,0.0000,False,False,False,False,False,0.0000,False
22.7527,0.0000,0.0000,0.0000,0.0000,False,False,False,False,False,0.0000,False
22.7886,0.0000,0.0000,0.0000,0.0000,False,False,False,False,False,0.0000,False
22.8247,0.0000,0.0000,0.0000,0.0000,False,False,False,False,False,0.0000,False
22.8602,0.0000,0.0000,0.0000,0.0000,False,False,False,False,False,0.0000,False
22.8960,0.0000,0.0000,0.0000,0.0000,False,False,False,False,False,0.0000,False
22.9350,0.0000,0.0000,0.0000,0.0000,False,False,False,False,False,0.0000,False
22.9713,0.0000,0.0000,0.0000,0.0000,False,False,False,False,False,0.0000,False
23.0074,0.0000,0.0000,0.0000,0.0000,False,False,False,False,False,0.0000,False
23.0467,0.0000,0.0000,0.0000,0.0000,False,False,False,False,False,0.0000,False
23.0910,0.0000,0.0000,0.0000,0.0000,False,False,False,False,False,0.0000,False
23.1349,0.0000,0.0000,0.0000,0.0000,False,False,False,False,False,0.0000,False
23.1700,0.0000,0.0000,0.0000,0.0000,False,False,False,False,False,0.0000,False
23.2055,0.0000,0.0000,0.0000,0.0000,False,False,False,False,False,0.0000,False
23.2407,0.0000,0.0000,0.0000,0.0000,False,False,False,False,False,0.0000,False
23.2762,0.0000,0.0000,0.0000,0.0000,False,False,False,False,False,0.0000,False
23.3115,0.0000,0.0000,0.0000,0.0000,False,False,False,False,False,0.0000,False
23.3474,0.0000,0.0000,0.0000,0.0000,False,False,False,False,False,0.0000,False
23.3837,0.0000,0.0000,0.0000,0.0000,False,False,False,False,False,0.0000,False
23.4198,0.0000,0.0000,0.0000,0.0000,False,False,False,False,False,0.0000,False
23.4588,0.0000,0.0000,0.0000,0.0000,False,False,False,False,False,0.0000,False
23.4952,0.0000,0.0000,0.0000,0.0000,False,False,False,False,False,0.0000,False
23.5350,0.0000,0.0000,0.0000,0.0000,False,False,False,False,False,0.0000,False
23.5737,0.0000,0.0000,0.0000,0.0000,False,False,False,False,False,0.0000,False
23.6127,0.0000,0.0000,0.0000,0.0000,False,False,False,False,False,0.0000,False
23.6502,0.0000,0.0000,0.0000,0.0000,False,False,False,False,False,0.0000,False
23.6955,0.0000,0.0000,0.0000,0.0000,False,False,False,False,False,0.0000,False
23.7364,0.0000,0.0000,0.0000,0.0000,False,False,False,False,False,0.0000,False
23.7739,0.0000,0.0000,0.0000,0.0000,False,False,False,False,False,0.0000,False
23.8115,0.0000,0.0000,0.0000,0.0000,False,False,False,False,False,0.0000,False
23.8489,0.0000,0.0000,0.0000,0.0000,False,False,False,False,False,0.0000,False
23.8863,0.0000,0.0000,0.0000,0.0000,False,False,False,False,False,0.0000,False
23.9264,0.0000,0.0000,0.0000,0.0000,False,False,False,False,False,0.0000,False
23.9633,0.0000,0.0000,0.0000,0.0000,False,False,False,False,False,0.0000,False
24.0003,0.0000,0.0000,0.0000,0.0000,False,False,False,False,False,0.0000,False
24.0419,0.0000,0.0000,0.0000,0.0000,False,False,False,False,False,0.0000,False
24.0805,0.0000,0.0000,0.0000,0.0000,False,False,False,False,False,0.0000,False
24.1186,0.0000,0.0000,0.0000,0.0000,False,False,False,False,False,0.0000,False
24.1556,0.0000,0.0000,0.0000,0.0000,False,False,False,False,False,0.0000,False
24.1944,0.0000,0.0000,0.0000,0.0000,False,False,False,False,False,0.0000,False
24.2310,0.0000,0.0000,0.0000,0.0000,False,False,False,False,False,0.0000,False
24.2781,0.0000,0.0000,0.0000,0.0000,False,False,False,False,False,0.0000,False
24.3145,0.0000,0.0000,0.0000,0.0000,False,False,False,False,False,0.0000,False
24.3515,0.0000,0.0000,0.0000,0.0000,False,False,False,False,False,0.0000,False
24.3906,0.0000,0.0000,0.0000,0.0000,False,False,False,False,False,0.0000,False
24.4268,0.0000,0.0000,0.0000,0.0000,False,False,False,False,False,0.0000,False
24.4654,0.0000,0.0000,0.0000,0.0000,False,False,False,False,False,0.0000,False
24.5063,0.0000,0.0000,0.0000,0.0000,False,False,False,False,False,0.0000,False
24.5473,0.0000,0.0000,0.0000,0.0000,False,False,False,False,False,0.0000,False
24.5875,0.0000,0.0000,0.0001,0.0000,False,False,False,False,False,0.0000,False
24.6247,0.0000,0.0000,0.0000,0.0000,False,False,False,False,False,0.0000,False
24.6655,0.0000,0.0000,0.0000,0.0000,False,False,False,False,False,0.0000,False
24.7078,0.0000,0.0000,0.0000,0.0000,False,False,False,False,False,0.0000,False
24.7496,0.0000,0.0000,0.0000,0.0000,False,False,False,False,False,0.0000,False
24.7935,0.0000,0.0000,0.0000,0.0000,False,False,False,False,False,0.0000,False
24.8430,0.0000,0.0000,0.0000,0.0000,False,False,False,False,False,0.0000,False
24.8980,0.0000,0.0000,0.0000,0.0000,False,False,False,False,False,0.0000,False
24.9453,0.0000,0.0000,0.0000,0.0000,False,False,False,False,False,0.0000,False
24.9956,0.0000,0.0000,0.0000,0.0000,False,False,False,False,False,0.0000,False
25.0424,0.0000,0.0000,0.0000,0.0000,False,False,False,False,False,0.0000,False
25.0886,0.0000,0.0000,0.0001,0.0000,False,False,False,False,False,0.0000,False
25.1298,0.0000,0.0000,0.0001,0.0000,False,False,False,False,False,0.0000,False
25.1735,0.0000,0.0000,0.0000,0.0000,False,False,False,False,False,0.0000,False
25.2168,0.0000,0.0000,0.0000,0.0000,False,False,False,False,False,0.0000,False
25.2631,0.0000,0.0000,0.0000,0.0000,False,False,False,False,False,0.0000,False
25.3102,0.0000,0.0000,0.0000,0.0000,False,False,False,False,False,0.0000,False
25.3574,0.0000,0.0000,0.0000,0.0000,False,False,False,False,False,0.0000,False
25.4038,0.0000,0.0000,0.0000,0.0000,False,False,False,False,False,0.0000,False
25.4458,0.0000,0.0000,0.0000,0.0000,False,False,False,False,False,0.0000,False
25.4855,0.0000,0.0000,0.0000,0.0000,False,False,False,False,False,0.0000,False
25.5296,0.0000,0.0000,0.0000,0.0000,False,False,False,False,False,0.0000,False
25.5776,0.0000,0.0000,0.0000,0.0000,False,False,False,False,False,0.0000,False
25.6225,0.0000,0.0000,0.0000,0.0000,False,False,False,False,False,0.0000,False
25.6704,0.0000,0.0000,0.0000,0.0000,False,False,False,False,False,0.0000,False
25.7100,0.0000,0.0000,0.0000,0.0000,False,False,False,False,False,0.0000,False
25.7534,0.0000,0.0000,0.0000,0.0000,False,False,False,False,False,0.0000,False
25.7940,0.0000,0.0000,0.0000,0.0000,False,False,False,False,False,0.0000,False
25.8351,0.0000,0.0000,0.0000,0.0000,False,False,False,False,False,0.0000,False
25.8779,0.0000,0.0000,0.0000,0.0000,False,False,False,False,False,0.0000,False
25.9186,0.0000,0.0000,0.0000,0.0000,False,False,False,False,False,0.0000,False
25.9576,0.0000,0.0000,0.0000,0.0000,False,False,False,False,False,0.0000,False
25.9963,0.0000,0.0000,0.0000,0.0000,False,False,False,False,False,0.0000,False
26.0357,0.0000,0.0000,0.0000,0.0000,False,False,False,False,False,0.0000,False
26.0777,0.0000,0.0000,0.0000,0.0000,False,False,False,False,False,0.0000,False
26.1212,0.0000,0.0000,0.0000,0.0000,False,False,False,False,False,0.0000,False
26.1669,0.0000,0.0000,0.0000,0.0000,False,False,False,False,False,0.0000,False
26.2141,0.0000,0.0000,0.0000,0.0000,False,False,False,False,False,0.0000,False
26.2639,0.0000,0.0000,0.0000,0.0000,False,False,False,False,False,0.0000,False
26.3142,0.0000,0.0000,0.0000,0.0000,False,False,False,False,False,0.0000,False
26.3606,0.0000,0.0000,0.0000,0.0000,False,False,False,False,False,0.0000,False
26.4073,0.0000,0.0000,0.0000,0.0000,False,False,False,False,False,0.0000,False
26.4547,0.0000,0.0000,0.0000,0.0000,False,False,False,False,False,0.0000,False
26.5006,0.0000,0.0000,0.0000,0.0000,False,False,False,False,False,0.0000,False
26.5497,0.0000,0.0000,0.0000,0.0000,False,False,False,False,False,0.0000,False
26.6001,0.0000,0.0000,0.0000,0.0000,False,False,False,False,False,0.0000,False
26.6481,0.0000,0.0000,0.0000,0.0000,False,False,False,False,False,0.0000,False
26.6938,0.0000,0.0000,0.0000,0.0000,False,False,False,False,False,0.0000,False
26.7405,0.0000,0.0000,0.0000,0.0000,False,False,False,False,False,0.0000,False
26.7920,0.0000,0.0000,0.0000,0.0000,False,False,True,False,False,0.0000,False
26.8393,0.0000,0.0000,0.0000,0.0000,False,False,True,False,False,121.2286,False
26.8849,0.0000,0.0000,0.0000,0.0000,False,False,True,False,False,119.7862,False
26.9338,0.0000,0.0000,0.0000,0.0000,False,False,True,False,False,118.4232,False
26.9834,0.0000,0.0000,0.0000,0.0000,False,False,True,False,False,116.9849,False
27.0273,0.0000,0.0000,0.0000,0.0000,False,False,True,False,False,115.5544,False
27.0726,0.0000,0.0000,0.0000,0.0000,False,False,True,False,False,114.3122,False
27.1143,0.0000,0.0000,0.0000,0.0000,False,False,True,False,False,113.0499,False
27.1596,0.0000,0.0000,0.0000,0.0000,False,False,True,False,False,111.9034,False
27.2076,0.0000,0.0000,0.0000,0.0000,False,False,True,False,False,110.6758,False
27.2516,0.0000,0.0000,0.0000,0.0000,False,False,True,False,False,109.3939,False
27.2949,0.0000,0.0000,0.0000,0.0000,False,False,True,False,False,108.2364,False
27.3390,0.0000,0.0000,0.0000,0.0000,False,False,True,False,False,107.1103,False
27.3857,0.0000,0.0000,0.0000,0.0000,False,False,True,False,False,105.9791,False
27.4302,0.0000,0.0000,0.0000,0.0000,False,False,True,False,False,104.7942,False
27.4742,0.0000,0.0000,0.0000,0.0000,False,False,True,False,False,103.6793,False
27.5205,0.0000,0.0000,0.0000,0.0000,False,False,True,False,False,102.5896,False
27.5733,0.0000,0.0000,0.0000,0.0000,False,False,True,False,False,101.4558,False
27.6262,0.0000,0.0000,0.0000,0.0000,False,False,True,False,False,100.1745,False
27.6742,0.0000,0.0000,0.0000,0.0000,False,False,True,False,False,98.9089,False
27.7270,0.0000,0.0000,0.0000,0.0000,False,False,True,False,False,97.7709,False
27.7735,0.0000,0.0000,0.0000,0.0000,False,False,True,False,False,96.5316,False
27.8193,0.0000,0.0000,0.0000,0.0000,False,False,True,False,False,95.4530,False
27.8700,0.0000,0.0000,0.0000,0.0000,False,False,True,False,False,94.3985,False
27.9178,0.0000,0.0000,0.0000,0.0000,False,False,True,False,False,93.2404,False
27.9658,0.0000,0.0000,0.0000,0.0000,False,False,True,False,False,92.1571,False
28.0115,0.0000,0.0000,0.0000,0.0000,False,False,True,False,False,91.0791,False
28.0570,0.0000,0.0000,0.0000,0.0000,False,False,True,False,False,90.0592,False
28.1051,0.0000,0.0000,0.0000,0.0000,False,False,True,False,False,89.0508,False
28.1533,0.0000,0.0000,0.0000,0.0000,False,False,True,False,False,87.9935,False
28.1999,0.0000,0.0000,0.0000,0.0000,False,False,True,False,False,86.9382,False
28.2516,0.0000,0.0000,0.0000,0.0000,False,False,True,False,False,85.9268,False
28.3020,0.0000,0.0000,0.0000,0.0000,False,False,True,False,False,84.8097,False
28.3518,0.0000,0.0000,0.0000,0.0000,False,False,True,False,False,83.7272,False
28.4022,0.0000,0.0000,0.0000,0.0000,False,False,True,False,False,82.6638,False
28.4505,0.0000,0.0000,0.0000,0.0000,False,False,True,False,False,81.5929,False
28.4964,0.0000,0.0000,0.0000,0.0000,False,False,True,False,False,80.5725,False
28.5447,0.0000,0.0000,0.0000,0.0000,False,False,True,False,False,79.6069,False
28.5973,0.0000,0.0000,0.0000,0.0000,False,False,True,False,False,78.5952,False
28.6471,0.0000,0.0000,0.0000,0.0000,False,False,True,False,False,77.4984,False
28.6961,0.0000,0.0000,0.0000,0.0000,False,False,True,False,False,76.4647,False
28.7458,0.0000,0.0000,0.0000,0.0000,False,False,True,False,False,75.4522,False
28.7971,0.0000,0.0000,0.0000,0.0000,False,False,True,False,False,74.4282,False
28.8491,0.0000,0.0000,0.0000,0.0000,False,False,True,False,False,73.3739,False
28.9066,0.0000,0.0000,0.0000,0.0000,False,False,True,False,False,72.3100,False
28.9640,0.0000,0.0000,0.0000,0.0000,False,False,True,False,False,71.1391,False
29.0205,0.0000,0.0000,0.0000,0.0000,False,False,True,False,False,69.9732,False
29.0796,0.0000,0.0000,0.0000,0.0000,False,False,True,False,False,68.8285,False
29.1370,0.0000,0.0000,0.0000,0.0000,False,False,True,False,False,67.6365,False
29.1923,0.0000,0.0000,0.0000,0.0000,False,False,True,False,False,66.4813,False
29.2497,0.0000,0.0000,0.0000,0.0000,False,False,True,False,False,65.3717,False
29.3071,0.0000,0.0000,0.0000,0.0000,False,False,True,False,False,64.2209,False
29.3622,0.0000,0.0000,0.0000,0.0000,False,False,True,False,False,63.0763,False
29.4213,0.0000,0.0000,0.0000,0.0000,False,False,True,False,False,61.9785,False
29.4800,0.0000,0.0000,0.0000,0.0000,False,False,True,False,False,60.8025,False
29.5602,0.0000,0.0000,0.0000,0.0000,False,False,True,False,False,59.6383,False
29.6165,0.0000,0.0000,0.0000,0.0000,False,False,True,False,False,58.0511,False
29.6757,0.0000,0.0000,0.0000,0.0000,False,False,True,False,False,56.9394,False
29.7334,0.0000,0.0000,0.0000,0.0000,False,False,True,False,False,55.7725,False
29.7955,0.0000,0.0000,0.0000,0.0000,False,False,True,False,False,54.6372,False
29.8648,0.0000,0.0000,0.0000,0.0000,False,False,True,False,False,53.4177,False
29.9305,0.0000,0.0000,0.0000,0.0000,False,False,True,False,False,52.0606,False
29.9933,0.0000,0.0000,0.0000,0.0000,False,False,True,False,False,50.7748,False
30.0577,0.0000,0.0000,0.0000,0.0000,False,False,True,False,False,49.5471,False
30.1205,0.0000,0.0000,0.0000,0.0000,False,False,True,False,False,48.2910,False
30.1877,0.0000,0.0000,0.0000,0.0000,False,False,True,False,False,47.0678,False
30.2525,0.0000,0.0000,0.0000,0.0000,False,False,True,False,False,45.7608,False
30.3183,0.0000,0.0000,0.0000,0.0000,False,False,True,False,False,44.5021,False
30.3815,0.0000,0.0000,0.0000,0.0000,False,False,True,False,False,43.2271,False
30.4466,0.0000,0.0000,0.0000,0.0000,False,False,True,False,False,42.0039,False
30.5084,0.0000,0.0000,0.0000,0.0000,False,False,True,False,False,40.7448,False
30.5728,0.0000,0.0000,0.0000,0.0000,False,False,True,False,False,39.5512,False
30.6393,0.0000,0.0000,0.0000,0.0000,False,False,True,False,False,38.3083,False
30.7099,0.0000,0.0000,0.0000,0.0000,False,False,True,False,False,37.0265,False
30.7856,0.0000,0.0000,0.0000,0.0000,False,False,True,False,False,35.6684,False
30.8521,0.0000,0.0000,0.0000,0.0000,False,False,True,False,False,34.2117,False
30.9193,0.0000,0.0000,0.0000,0.0000,False,False,True,False,False,32.9376,False
30.9883,0.0000,0.0000,0.0000,0.0000,False,False,True,False,False,31.6505,False
31.0544,0.0000,0.0000,0.0001,0.0000,False,False,True,False,False,30.3310,False
31.1182,0.0000,0.0000,0.0000,0.0000,False,False,True,False,False,29.0709,False
31.1872,0.0000,0.0000,0.0000,0.0000,False,False,True,False,False,27.8557,False
31.2549,0.0000,0.0000,0.0000,0.0000,False,False,True,False,False,26.5462,False
31.3218,0.0000,0.0000,0.0000,0.0000,False,False,True,False,False,25.2621,False
31.3930,0.0000,0.0000,0.0000,0.0000,False,False,True,False,False,23.9964,False
31.4603,0.0000,0.0000,0.0000,0.0000,False,False,True,False,False,22.6524,False
31.5259,0.0000,0.0000,0.0000,0.0000,False,False,True,False,False,21.3848,False
31.5912,0.0000,0.0000,0.0000,0.0000,False,False,True,False,False,20.1544,False
31.6643,0.0000,0.0000,0.0000,0.0000,False,False,True,False,False,18.9319,False
31.7361,0.0000,0.0000,0.0000,0.0000,False,False,True,False,False,17.5694,False
31.8070,0.0000,0.0000,0.0000,0.0000,False,False,True,False,False,16.2235,False
31.8745,0.0000,0.0000,0.0000,0.0000,False,False,True,False,False,14.8872,False
31.9467,0.0000,0.0000,0.0000,0.0000,False,False,True,False,False,13.6126,False
32.0183,0.0000,0.0000,0.0000,0.0000,False,False,True,False,False,12.2497,False
32.0906,0.0000,0.0000,0.0000,0.0000,False,False,True,False,False,10.8912,False
32.1721,0.0000,0.0000,0.0000,0.0000,False,False,True,False,False,9.5179,False
32.2444,0.0000,0.0000,0.0000,0.0000,False,False,True,False,False,7.9690,False
32.3180,0.0000,0.0000,0.0000,0.0000,False,False,True,False,False,6.5957,False
32.3874,0.0000,0.0000,0.0000,0.0000,False,False,True,False,False,5.2128,False
32.4570,0.0000,0.0000,0.0000,0.0000,False,False,True,False,False,3.9331,False
32.5209,0.0000,0.0000,0.0000,0.0000,False,False,True,False,False,2.7207,False
32.5852,0.0000,0.0000,0.0000,0.0000,False,False,True,False,False,1.7900,False
32.6524,0.0000,0.0000,0.0000,0.0000,False,False,True,False,False,1.4429,False
32.7257,0.0000,0.0000,0.0000,0.0000,False,False,True,False,False,2.0531,False
32.7903,0.0000,0.0000,0.0000,0.0000,False,False,True,False,False,3.2189,False
32.8580,0.0000,0.0000,0.0000,0.0000,False,False,True,False,False,4.3571,False
32.9269,0.0000,0.0000,0.0000,0.0000,False,False,True,False,False,5.5848,False
32.9943,0.0000,0.0000,0.0000,0.0000,False,False,True,False,False,6.8485,False
33.0671,0.0000,0.0000,0.0000,0.0000,False,False,True,False,False,8.0900,False
33.1379,0.0000,0.0000,0.0000,0.0000,False,False,True,False,False,9.4328,False
33.2046,0.0000,0.0000,0.0000,0.0000,False,False,True,False,False,10.7430,False
33.2709,0.0000,0.0000,0.0000,0.0000,False,False,True,False,False,11.9783,False
33.3323,0.0000,0.0000,0.0000,0.0000,False,False,True,False,False,13.2132,False
33.3917,0.0000,0.0000,0.0000,0.0000,False,False,True,False,False,14.3445,False
33.4894,0.0000,0.0000,0.0000,0.0000,False,False,True,False,False,15.4310,False
33.5485,0.0000,0.0000,0.0000,0.0000,False,False,True,False,False,17.2179,False
33.6073,0.0000,0.0000,0.0000,0.0000,False,False,True,False,False,18.3051,False
33.6726,0.0000,0.0000,0.0000,0.0000,False,False,True,False,False,19.3907,False
33.7233,0.0000,0.0000,0.0000,0.0000,False,False,True,False,False,20.6004,False
33.7754,0.0000,0.0000,0.0000,0.0000,False,False,True,False,False,21.5414,False
33.8254,0.0000,0.0000,0.0000,0.0000,False,False,True,False,False,22.5124,False
33.8713,0.0000,0.0000,0.0000,0.0000,False,False,True,False,False,23.4456,False
33.9161,0.0000,0.0000,0.0000,0.0000,False,False,True,False,False,24.3004,False
33.9613,0.0000,0.0000,0.0000,0.0000,False,False,True,False,False,25.1266,False
34.0066,0.0000,0.0000,0.0000,0.0000,False,False,True,False,False,25.9618,False
34.0510,0.0000,0.0000,0.0000,0.0000,False,False,True,False,False,26.8017,False
34.0958,0.0000,0.0000,0.0000,0.0000,False,False,True,False,False,27.6273,False
34.1448,0.0000,0.0000,0.0000,0.0000,False,False,True,False,False,28.4620,False
34.1907,0.0000,0.0000,0.0000,0.0000,False,False,True,False,False,29.3802,False
34.2340,0.0000,0.0000,0.0000,0.0000,False,False,True,False,False,30.2398,False
34.2815,0.0000,0.0000,0.0000,0.0000,False,False,True,False,False,31.0549,False
34.3330,0.0000,0.0000,0.0000,0.0000,False,False,True,False,False,31.9488,False
34.3759,0.0000,0.0000,0.0000,0.0000,False,False,True,False,False,32.9211,False
34.4183,0.0000,0.0000,0.0000,0.0000,False,False,True,False,False,33.7310,False
34.4604,0.0000,0.0000,0.0000,0.0000,False,False,True,False,False,34.5356,False
34.5039,0.0000,0.0000,0.0000,0.0000,False,False,True,False,False,35.3379,False
34.5462,0.0000,0.0000,0.0001,0.0000,False,False,True,False,False,36.1698,False
34.5897,0.0000,0.0000,0.0001,0.0000,False,False,True,False,False,36.9849,False
34.6346,0.0000,0.0000,0.0001,0.0000,False,False,True,False,False,37.8303,False
34.6782,0.0000,0.0000,0.0000,0.0000,False,False,True,False,False,38.7072,False
34.7221,0.0000,0.0000,0.0000,0.0000,False,False,True,False,False,39.5634,False
34.7637,0.0000,0.0000,0.0000,0.0000,False,False,True,False,False,40.4270,False
34.8055,0.0000,0.0000,0.0000,0.0000,False,False,True,False,False,41.2496,False
34.8458,0.0000,0.0000,0.0000,0.0000,False,False,True,False,False,42.0831,False
34.8860,0.0000,0.0000,0.0000,0.0000,False,False,True,False,False,42.8928,False
34.9285,0.0000,0.0000,0.0000,0.0000,False,False,True,False,False,43.7034,False
34.9741,0.0000,0.0000,0.0000,0.0000,False,False,True,False,False,44.5629,False
35.0136,0.0000,0.0000,0.0000,0.0000,False,False,True,False,False,45.4891,False
35.0558,0.0000,0.0000,0.0000,0.0000,False,False,True,False,False,46.2965,False
35.0958,0.0000,0.0000,0.0000,0.0000,False,False,True,False,False,47.1614,False
35.1380,0.0000,0.0000,0.0000,0.0000,False,False,True,False,False,47.9840,False
35.1787,0.0000,0.0000,0.0000,0.0000,False,False,True,False,False,48.8555,False
35.2186,0.0000,0.0000,0.0000,0.0000,False,False,True,False,False,49.7005,False
35.2583,0.0000,0.0000,0.0000,0.0000,False,False,True,False,False,50.5306,False
35.2977,0.0000,0.0000,0.0000,0.0000,False,False,True,False,False,51.3613,False
35.3376,0.0000,0.0000,0.0000,0.0000,False,False,True,False,False,52.1874,False
35.3758,0.0000,0.0000,0.0000,0.0000,False,False,True,False,False,53.0253,False
35.4137,0.0000,0.0000,0.0000,0.0000,False,False,True,False,False,53.8276,False
35.4509,0.0000,0.0000,0.0000,0.0000,False,False,True,False,False,54.6230,False
35.4882,0.0000,0.0000,0.0000,0.0000,False,False,True,False,False,55.4053,False
35.5322,0.0000,0.0000,0.0000,0.0000,False,False,True,False,False,56.1873,False
35.5685,0.0000,0.0000,0.0000,0.0000,False,False,True,False,False,57.1085,False
35.6053,0.0000,0.0000,0.0000,0.0000,False,False,True,False,False,57.8704,False
35.6471,0.0000,0.0000,0.0000,0.0000,False,False,True,False,False,58.6456,False
35.6860,0.0000,0.0000,0.0000,0.0000,False,False,True,False,False,59.5290,False
35.7223,0.0000,0.0000,0.0000,0.0000,False,False,True,False,False,60.3505,False
35.7587,0.0000,0.0000,0.0000,0.0000,False,False,True,False,False,61.1165,False
35.7964,0.0000,0.0000,0.0000,0.0000,False,False,True,False,False,61.8870,False
35.8332,0.0000,0.0000,0.0000,0.0000,False,False,True,False,False,62.6840,False
35.8695,0.0000,0.0000,0.0000,0.0000,False,False,True,False,False,63.4631,False
35.9055,0.0000,0.0000,0.0000,0.0000,False,False,True,False,False,64.2328,False
35.9415,0.0000,0.0000,0.0000,0.0000,False,False,True,False,False,64.9954,False
35.9773,0.0000,0.0000,0.0000,0.0000,False,False,True,False,False,65.7589,False
36.0151,0.0000,0.0000,0.0000,0.0000,False,False,True,False,False,66.5191,False
36.0568,0.0000,0.0000,0.0000,0.0000,False,False,True,False,False,67.3208,False
36.0984,0.0000,0.0000,0.0000,0.0000,False,False,True,False,False,68.2073,False
36.1394,0.0000,0.0000,0.0000,0.0000,False,False,True,False,False,69.0939,False
36.1762,0.0000,0.0000,0.0000,0.0000,False,False,True,False,False,69.9683,False
36.2119,0.0000,0.0000,0.0000,0.0000,False,False,True,False,False,70.7562,False
36.2471,0.0000,0.0000,0.0000,0.0000,False,False,True,False,False,71.5183,False
36.2823,0.0000,0.0000,0.0000,0.0000,False,False,True,False,False,72.2707,False
36.3180,0.0000,0.0000,0.0000,0.0000,False,False,True,False,False,73.0241,False
36.3529,0.0000,0.0000,0.0000,0.0000,False,False,True,False,False,73.7895,False
36.3881,0.0000,0.0000,0.0000,0.0000,False,False,True,False,False,74.5360,False
36.4228,0.0000,0.0000,0.0000,0.0000,False,False,True,False,False,75.2920,False
36.4573,0.0000,0.0000,0.0000,0.0000,False,False,True,False,False,76.0381,False
36.4920,0.0000,0.0000,0.0000,0.0000,False,False,True,False,False,76.7816,False
36.5264,0.0000,0.0000,0.0000,0.0000,False,False,True,False,False,77.5285,False
36.5609,0.0000,0.0000,0.0000,0.0000,False,False,True,False,False,78.2706,False
36.5955,0.0000,0.0000,0.0000,0.0000,False,False,True,False,False,79.0140,False
36.6332,0.0000,0.0000,0.0001,0.0000,False,False,True,False,False,79.7605,False
36.6781,0.0000,0.0000,0.0001,0.0000,False,False,True,False,False,80.5755,False
36.7132,0.0000,0.0000,0.0001,0.0000,False,False,True,False,False,81.5490,False
36.7471,0.0000,0.0000,0.0001,0.0000,False,False,True,False,False,82.3094,False
36.7833,0.0000,0.0000,0.0001,0.0000,False,False,True,False,False,83.0446,False
36.8180,0.0000,0.0000,0.0000,0.0000,False,False,True,False,False,83.8298,False
36.8516,0.0000,0.0000,0.0000,0.0000,False,False,True,False,False,84.5827,False
36.8856,0.0000,0.0000,0.0000,0.0000,False,False,True,False,False,85.3118,False
36.9193,0.0000,0.0000,0.0000,0.0000,False,False,True,False,False,86.0487,False
36.9528,0.0000,0.0000,0.0000,0.0000,False,False,True,False,False,86.7806,False
36.9865,0.0000,0.0000,0.0000,0.0000,False,False,True,False,False,87.5072,False
37.0204,0.0000,0.0000,0.0000,0.0000,False,False,True,False,False,88.2393,False
37.0541,0.0000,0.0000,0.0000,0.0000,False,False,True,False,False,88.9739,False
37.0888,0.0000,0.0000,0.0000,0.0000,False,False,True,False,False,89.7054,False
37.1230,0.0000,0.0000,0.0000,0.0000,False,False,True,False,False,90.4568,False
37.1707,0.0000,0.0000,0.0001,0.0000,False,False,True,False,False,91.1957,False
37.2061,0.0000,0.0000,0.0000,0.0000,False,False,True,False,False,92.2254,False
37.2398,0.0000,0.0000,0.0000,0.0000,False,False,True,False,False,92.9903,False
37.2747,0.0000,0.0000,0.0001,0.0000,False,False,True,False,False,93.7189,False
37.3095,0.0000,0.0000,0.0000,0.0000,False,False,True,False,False,94.4731,False
37.3442,0.0000,0.0000,0.0000,0.0000,False,False,True,False,False,95.2264,False
37.3780,0.0000,0.0000,0.0000,0.0000,False,False,True,False,False,95.9742,False
37.4119,0.0000,0.0000,0.0000,0.0000,False,False,True,False,False,96.7021,False
37.4456,0.0000,0.0000,0.0000,0.0000,False,False,True,False,False,97.4315,False
37.4787,0.0000,0.0000,0.0000,0.0000,False,False,True,False,False,98.1546,False
37.5117,0.0000,0.0000,0.0000,0.0000,False,False,True,False,False,98.8672,False
37.5450,0.0000,0.0000,0.0000,0.0000,False,False,True,False,False,99.5762,False
37.5797,0.0000,0.0000,0.0000,0.0000,False,False,True,False,False,100.2946,False
37.6130,0.0000,0.0000,0.0000,0.0000,False,False,True,False,False,101.0391,False
37.6551,0.0000,0.0000,0.0001,0.0000,False,False,True,False,False,101.7535,False
37.7329,0.0000,0.0000,0.0000,0.0000,False,False,True,False,False,102.6534,False
37.7652,0.0000,0.0000,0.0001,0.0000,False,False,True,False,False,104.3193,False
37.7993,0.0000,0.0000,0.0000,0.0000,False,False,True,False,False,105.0099,False
37.8320,0.0000,0.0000,0.0000,0.0000,False,False,True,False,False,105.7400,False
37.8675,0.0000,0.0000,0.0000,0.0000,False,False,True,False,False,106.4407,False
37.9007,0.0000,0.0000,0.0000,0.0000,False,False,True,False,False,107.1951,False
37.9341,0.0000,0.0000,0.0000,0.0000,False,False,True,False,False,107.9035,False
37.9668,0.0000,0.0000,0.0000,0.0000,False,False,True,False,False,108.6133,False
38.0005,0.0000,0.0000,0.0001,0.0000,False,False,True,False,False,109.3086,False
38.0339,0.0000,0.0000,0.0000,0.0000,False,False,True,False,False,110.0260,False
38.0672,0.0000,0.0000,0.0001,0.0000,False,False,True,False,False,110.7378,False
38.1011,0.0000,0.0000,0.0000,0.0000,False,False,True,False,False,111.4460,False
38.1400,0.0000,0.0000,0.0000,0.0000,False,False,True,False,False,112.1693,False
38.1758,0.0000,0.0000,0.0000,0.0000,False,False,True,False,False,112.9977,False
38.2091,0.0000,0.0000,0.0000,0.0000,False,False,True,False,False,113.7587,False
38.2502,0.0000,0.0000,0.0000,0.0000,False,False,True,False,False,114.4677,False
38.2885,0.0000,0.0000,0.0000,0.0000,False,False,True,False,False,115.3442,False
38.3296,0.0000,0.0000,0.0000,0.0000,False,False,True,False,False,116.1607,False
38.3706,0.0000,0.0000,0.0000,0.0000,False,False,True,False,False,117.0362,False
38.4064,0.0000,0.0000,0.0000,0.0000,False,False,True,False,False,117.9101,False
38.4423,0.0000,0.0000,0.0000,0.0000,False,False,True,False,False,118.6730,False
38.4771,0.0000,0.0000,0.0000,0.0000,False,False,True,False,False,119.4375,False
38.5116,0.0000,0.0000,0.0001,0.0000,False,False,True,False,False,120.1783,False
38.5464,0.0000,0.0000,0.0000,0.0000,False,False,True,False,False,120.9150,False
38.5816,0.0000,0.0000,0.0000,0.0000,False,False,True,False,False,121.6561,False
38.6184,0.0000,0.0000,0.0000,0.0000,False,False,True,False,False,122.4086,False
38.6528,0.0000,0.0000,0.0000,0.0000,False,False,True,False,False,123.1964,False
38.6902,0.0000,0.0000,0.0000,0.0000,False,False,True,False,False,123.9353,False
38.7250,0.0000,0.0000,0.0000,0.0000,False,False,True,False,False,124.7379,False
38.7641,0.0000,0.0000,0.0001,0.0000,False,False,True,False,False,125.4842,False
38.8055,0.0000,0.0000,0.0000,0.0000,False,False,True,False,False,126.3226,False
38.8403,0.0000,0.0000,0.0000,0.0000,False,False,True,False,False,127.2109,False
38.8758,0.0000,0.0000,0.0000,0.0000,False,False,True,False,False,127.9592,False
38.9105,0.0000,0.0000,0.0001,0.0000,False,False,True,False,False,128.7206,False
38.9461,0.0000,0.0000,0.0001,0.0000,False,False,True,False,False,129.4657,False
38.9836,0.0000,0.0000,0.0001,0.0000,False,False,True,False,False,130.2283,False
39.0187,0.0000,0.0000,0.0001,0.0000,False,False,True,False,False,131.0342,False
39.0539,0.0000,0.0000,0.0001,0.0000,False,False,True,False,False,131.7884,False
39.0892,0.0000,0.0000,0.0001,0.0000,False,False,True,False,False,132.5422,False
39.1282,0.0000,0.0000,0.0000,0.0000,False,False,True,False,False,133.3020,False
39.1631,0.0000,0.0000,0.0000,0.0000,False,False,True,False,False,134.1378,False
39.1980,0.0000,0.0000,0.0000,0.0000,False,False,True,False,False,134.8878,False
39.2329,0.0000,0.0000,0.0000,0.0000,False,False,True,False,False,135.6378,False
39.2692,0.0000,0.0000,0.0000,0.0000,False,False,True,False,False,136.3859,False
39.3090,0.0000,0.0000,0.0000,0.0000,False,False,True,False,False,137.1654,False
39.3494,0.0000,0.0000,0.0000,0.0000,False,False,True,False,False,138.0211,False
39.3918,0.0000,0.0000,0.0000,0.0000,False,False,True,False,False,138.8875,False
39.4342,0.0000,0.0000,0.0000,0.0000,False,False,True,False,False,139.7983,False
39.4737,0.0000,0.0000,0.0000,0.0000,False,False,True,False,False,140.7105,False
39.5116,0.0000,0.0000,0.0000,0.0000,False,False,True,False,False,141.5583,False
39.5488,0.0000,0.0000,0.0001,0.0000,False,False,True,False,False,142.3720,False
39.5834,0.0000,0.0000,0.0000,0.0000,False,False,True,False,False,143.1776,False
39.6194,0.0000,0.0000,0.0000,0.0000,False,False,True,False,False,143.9259,False
39.6581,0.0000,0.0000,0.0000,0.0000,False,False,True,False,False,144.7048,False
39.6945,0.0000,0.0000,0.0000,0.0000,False,False,True,False,False,145.5420,False
39.7306,0.0000,0.0000,0.0000,0.0000,False,False,True,False,False,146.3305,False
39.7696,0.0000,0.0000,0.0000,0.0000,False,False,True,False,False,147.1120,False
39.8091,0.0000,0.0000,0.0000,0.0000,False,False,True,False,False,147.9571,False
39.8459,0.0000,0.0000,0.0000,0.0000,False,False,True,False,False,148.8112,False
39.8832,0.0000,0.0000,0.0000,0.0000,False,False,True,False,False,149.6084,False
39.9197,0.0000,0.0000,0.0000,0.0000,False,False,True,False,False,150.4164,False
39.9581,0.0000,0.0000,0.0000,0.0000,False,False,True,False,False,151.2054,False
39.9972,0.0000,0.0000,0.0000,0.0000,False,False,True,False,False,152.0364,False
40.0392,0.0000,0.0000,0.0000,0.0000,False,False,True,False,False,152.8833,False
40.0796,0.0000,0.0000,0.0000,0.0000,False,False,True,False,False,153.7935,False
40.1202,0.0000,0.0000,0.0000,0.0000,False,False,True,False,False,154.6680,False
40.1559,0.0000,0.0000,0.0000,0.0000,False,False,True,False,False,155.5471,False
40.1906,0.0000,0.0000,0.0000,0.0000,False,False,True,False,False,156.3206,False
40.2254,0.0000,0.0000,0.0000,0.0000,False,False,True,False,False,157.0731,False
40.2644,0.0000,0.0000,0.0000,0.0000,False,False,True,False,False,157.8253,False
40.3027,0.0000,0.0000,0.0000,0.0000,False,False,True,False,False,158.6712,False
40.3375,0.0000,0.0000,0.0000,0.0000,False,False,True,False,False,159.5002,False
40.3737,0.0000,0.0000,0.0001,0.0000,False,False,True,False,False,160.2556,False
40.4118,0.0000,0.0000,0.0000,0.0000,False,False,True,False,False,161.0402,False
40.4463,0.0000,0.0000,0.0000,0.0000,False,False,True,False,False,161.8684,False
40.4811,0.0000,0.0000,0.0000,0.0000,False,False,True,False,False,162.6196,False
40.5157,0.0000,0.0000,0.0000,0.0000,False,False,True,False,False,163.3764,False
40.5526,0.0000,0.0000,0.0000,0.0000,False,False,True,False,False,164.1272,False
40.5941,0.0000,0.0000,0.0000,0.0000,False,False,True,False,False,164.9295,False
40.6281,0.0000,0.0000,0.0000,0.0000,False,False,True,False,False,165.8322,False
40.6633,0.0000,0.0000,0.0000,0.0000,False,False,True,False,False,166.5707,False
40.7008,0.0000,0.0000,0.0000,0.0000,False,False,True,False,False,167.3363,False
40.7376,0.0000,0.0000,0.0000,0.0000,False,False,True,False,False,168.1501,False
40.7712,0.0000,0.0000,0.0000,0.0000,False,False,True,False,False,168.9504,False
40.8060,0.0000,0.0000,0.0000,0.0000,False,False,True,False,False,169.6815,False
40.8409,0.0000,0.0000,0.0000,0.0000,False,False,True,False,False,170.4371,False
40.8758,0.0000,0.0000,0.0000,0.0000,False,False,True,False,False,171.1956,False
40.9101,0.0000,0.0000,0.0000,0.0000,False,False,True,False,False,171.9541,False
40.9471,0.0000,0.0000,0.0000,0.0000,False,False,True,False,False,172.6994,False
40.9813,0.0000,0.0000,0.0000,0.0000,False,False,True,False,False,173.5048,False
41.0156,0.0000,0.0000,0.0000,0.0000,False,False,True,False,False,174.2492,False
41.0500,0.0000,0.0000,0.0000,0.0000,False,False,True,False,False,174.9948,False
41.0907,0.0000,0.0000,0.0000,0.0000,False,False,True,False,False,175.7422,False
41.1328,0.0000,0.0000,0.0000,0.0000,False,False,True,False,False,176.6266,False
41.1678,0.0000,0.0000,0.0000,0.0000,False,False,True,False,False,177.5421,False
41.2025,0.0000,0.0000,0.0000,0.0000,False,False,True,False,False,178.3024,False
41.2368,0.0000,0.0000,0.0000,0.0000,False,False,True,False,False,179.0583,False
41.2719,0.0000,0.0000,0.0000,0.0000,False,False,True,False,False,179.8033,False
41.3066,0.0000,0.0000,0.0000,0.0000,False,False,True,False,False,180.5654,False
41.3410,0.0000,0.0000,0.0000,0.0000,False,False,True,False,False,181.3192,False
41.3761,0.0000,0.0000,0.0000,0.0000,False,False,True,False,False,182.0646,False
41.4118,0.0000,0.0000,0.0000,0.0000,False,False,True,False,False,182.8248,False
41.4487,0.0000,0.0000,0.0000,0.0000,False,False,True,False,False,183.5972,False
41.4831,0.0000,0.0000,0.0000,0.0000,False,False,True,False,False,184.3952,False
41.5194,0.0000,0.0000,0.0000,0.0000,False,False,True,False,False,185.1403,False
41.5560,0.0000,0.0000,0.0000,0.0000,False,False,True,False,False,185.9261,False
41.5903,0.0000,0.0000,0.0000,0.0000,False,False,True,False,False,186.7149,False
41.6280,0.0000,0.0000,0.0000,0.0000,False,False,True,False,False,187.4545,False
41.6662,0.0000,0.0000,0.0000,0.0000,False,False,True,False,False,188.2663,False
41.7008,0.0000,0.0000,0.0000,0.0000,False,False,True,False,False,189.0864,False
41.7348,0.0000,0.0000,0.0000,0.0000,False,False,True,False,False,189.8309,False
41.8085,0.0000,0.0000,0.0000,0.0000,False,False,True,False,False,190.5621,False
41.8425,0.0000,0.0000,0.0000,0.0000,False,False,True,False,False,192.1461,False
41.8770,0.0000,0.0000,0.0000,0.0000,False,False,True,False,False,192.8759,False
41.9114,0.0000,0.0000,0.0000,0.0000,False,False,True,False,False,193.6181,False
41.9457,0.0000,0.0000,0.0000,0.0000,False,False,True,False,False,194.3582,False
41.9828,0.0000,0.0000,0.0000,0.0000,False,False,True,False,False,195.0956,False
42.0196,0.0000,0.0000,0.0000,0.0000,False,False,True,False,False,195.8928,False
42.0536,0.0000,0.0000,0.0001,0.0000,False,False,True,False,False,196.6823,False
42.0896,0.0000,0.0000,0.0001,0.0000,False,False,True,False,False,197.4140,False
42.1236,0.0000,0.0000,0.0001,0.0000,False,False,True,False,False,198.1885,False
42.1583,0.0000,0.0000,0.0000,0.0000,False,False,True,False,False,198.9182,False
42.2010,0.0000,0.0000,0.0000,0.0000,False,False,True,False,False,199.6641,False
42.2356,0.0000,0.0000,0.0000,0.0000,False,False,True,False,False,200.5829,False
42.2709,0.0000,0.0000,0.0000,0.0000,False,False,True,False,False,201.3270,False
42.3081,0.0000,0.0000,0.0000,0.0000,False,False,True,False,False,202.0848,False
42.3428,0.0000,0.0000,0.0000,0.0000,False,False,True,False,False,202.8851,False
42.3803,0.0000,0.0000,0.0000,0.0000,False,False,True,False,False,203.6345,False
42.4177,0.0000,0.0000,0.0000,0.0000,False,False,True,False,False,204.4456,False
42.4543,0.0000,0.0000,0.0000,0.0000,False,False,True,False,False,205.2522,False
42.4895,0.0000,0.0000,0.0000,0.0000,False,False,True,False,False,206.0444,False
42.5254,0.0000,0.0000,0.0000,0.0000,False,False,True,False,False,206.8048,False
42.5613,0.0000,0.0000,0.0000,0.0000,False,False,True,False,False,207.5808,False
42.5977,0.0000,0.0000,0.0000,0.0000,False,False,True,False,False,208.3556,False
42.6400,0.0000,0.0000,0.0001,0.0000,False,False,True,False,False,209.1412,False
42.6828,0.0000,0.0000,0.0000,0.0000,False,False,True,False,False,210.0556,False
42.7268,0.0000,0.0000,0.0000,0.0000,False,False,True,False,False,210.9814,False
42.7748,0.0000,0.0000,0.0000,0.0000,False,False,True,False,False,211.9313,False
42.8240,0.0000,0.0000,0.0000,0.0000,False,False,True,False,False,212.9697,False
42.8687,0.0000,0.0000,0.0000,0.0000,False,False,True,False,False,214.0329,False
42.9101,0.0000,0.0000,0.0000,0.0000,False,False,True,False,False,214.9981,False
42.9509,0.0000,0.0000,0.0000,0.0000,False,False,True,False,False,215.8933,False
42.9881,0.0000,0.0000,0.0000,0.0000,False,False,True,False,False,216.7737,False
43.0248,0.0000,0.0000,0.0000,0.0000,False,False,True,False,False,217.5779,False
43.0686,0.0000,0.0000,0.0000,0.0000,False,False,True,False,False,218.3710,False
43.1180,0.0000,0.0000,0.0000,0.0000,False,False,True,False,False,219.3178,False
43.1686,0.0000,0.0000,0.0000,0.0000,False,False,True,False,False,220.3866,False
43.2202,0.0000,0.0000,0.0000,0.0000,False,False,True,False,False,221.4791,False
43.2746,0.0000,0.0000,0.0000,0.0000,False,False,True,False,False,222.5941,False
43.3237,0.0000,0.0000,0.0000,0.0000,False,False,True,False,False,223.7699,False
43.3673,0.0000,0.0000,0.0000,0.0000,False,False,True,False,False,224.8321,False
43.4083,0.0000,0.0000,0.0000,0.0000,False,False,True,False,False,225.7743,False
43.4592,0.0000,0.0000,0.0000,0.0000,False,False,True,False,False,226.6591,False
43.5001,0.0000,0.0000,0.0000,0.0000,False,False,True,False,False,227.7593,False
43.5391,0.0000,0.0000,0.0000,0.0000,False,False,True,False,False,228.6447,False
43.5795,0.0000,0.0000,0.0000,0.0000,False,False,True,False,False,229.4870,False
43.6167,0.0000,0.0000,0.0000,0.0000,False,False,True,False,False,230.3614,False
43.6540,0.0000,0.0000,0.0000,0.0000,False,False,True,False,False,231.1633,False
43.6960,0.0000,0.0000,0.0000,0.0000,False,False,True,False,False,231.9696,False
43.7374,0.0000,0.0000,0.0000,0.0000,False,False,True,False,False,232.8790,False
43.7775,0.0000,0.0000,0.0000,0.0000,False,False,True,False,False,233.7731,False
43.8157,0.0000,0.0000,0.0000,0.0000,False,False,True,False,False,234.6396,False
43.8528,0.0000,0.0000,0.0000,0.0000,False,False,True,False,False,235.4652,False
43.8919,0.0000,0.0000,0.0000,0.0000,False,False,True,False,False,236.2680,False
43.9332,0.0000,0.0000,0.0000,0.0000,False,False,True,False,False,237.1132,False
43.9746,0.0000,0.0000,0.0000,0.0000,False,False,True,False,False,238.0103,False
44.0221,0.0000,0.0000,0.0000,0.0000,False,False,True,False,False,238.9104,False
44.0698,0.0000,0.0000,0.0000,0.0000,False,False,True,False,False,239.9429,False
44.1117,0.0000,0.0000,0.0000,0.0000,False,False,True,False,False,240.9790,False
44.1556,0.0000,0.0000,0.0000,0.0000,False,False,True,False,False,241.8903,False
44.2028,0.0000,0.0000,0.0000,0.0000,False,False,True,False,False,242.8455,False
44.2471,0.0000,0.0000,0.0000,0.0000,False,False,True,False,False,243.8718,False
44.2930,0.0000,0.0000,0.0000,0.0000,False,False,True,False,False,244.8359,False
44.3351,0.0000,0.0000,0.0000,0.0000,False,False,True,False,False,245.8332,False
44.3803,0.0000,0.0000,0.0000,0.0000,False,False,True,False,False,246.7507,False
44.4227,0.0000,0.0000,0.0000,0.0000,False,False,True,False,False,247.7337,False
44.4663,0.0000,0.0000,0.0000,0.0000,False,False,True,False,False,248.6540,False
44.5112,0.0000,0.0000,0.0000,0.0000,False,False,True,False,False,249.6035,False
44.5589,0.0000,0.0000,0.0000,0.0000,False,False,True,False,False,250.5801,False
44.6075,0.0000,0.0000,0.0000,0.0000,False,False,False,True,False,250.5801,False
44.6545,0.0000,0.0000,0.0000,0.0000,False,False,False,True,False,140.1706,False
44.7064,0.0000,0.0000,0.0000,0.0000,False,False,False,True,False,138.7439,False
44.7499,0.0000,0.0000,0.0000,0.0000,False,False,False,True,False,137.2890,False
44.7910,0.0000,0.0000,0.0000,0.0000,False,False,False,True,False,135.9207,False
44.8324,0.0000,0.0000,0.0000,0.0000,False,False,False,True,False,134.7228,False
44.8722,0.0000,0.0000,0.0000,0.0000,False,False,False,True,False,133.5711,False
44.9142,0.0000,0.0000,0.0000,0.0000,False,False,False,True,False,132.4526,False
44.9554,0.0000,0.0000,0.0000,0.0000,False,False,False,True,False,131.3416,False
44.9998,0.0000,0.0000,0.0000,0.0000,False,False,False,True,False,130.2263,False
45.0405,0.0000,0.0000,0.0000,0.0000,False,False,False,True,False,129.0940,False
45.0847,0.0000,0.0000,0.0000,0.0000,False,False,False,True,False,127.9795,False
45.1280,0.0000,0.0000,0.0000,0.0000,False,False,False,True,False,126.8864,False
45.1740,0.0000,0.0000,0.0000,0.0000,False,False,False,True,False,125.7680,False
45.2149,0.0000,0.0000,0.0000,0.0000,False,False,False,True,False,124.6459,False
45.2579,0.0000,0.0000,0.0000,0.0000,False,False,False,True,False,123.5561,False
45.3053,0.0000,0.0000,0.0000,0.0000,False,False,False,True,False,122.5237,False
45.3522,0.0000,0.0000,0.0000,0.0000,False,False,False,True,False,121.4265,False
45.3933,0.0000,0.0000,0.0000,0.0000,False,False,False,True,False,120.2847,False
45.4374,0.0000,0.0000,0.0000,0.0000,False,False,False,True,False,119.2200,False
45.4781,0.0000,0.0000,0.0000,0.0000,False,False,False,True,False,118.2160,False
45.5215,0.0000,0.0000,0.0000,0.0000,False,False,False,True,False,117.2123,False
45.5633,0.0000,0.0000,0.0000,0.0000,False,False,False,True,False,116.2366,False
45.6065,0.0000,0.0000,0.0000,0.0000,False,False,False,True,False,115.2473,False
45.6485,0.0000,0.0000,0.0000,0.0000,False,False,False,True,False,114.2756,False
45.6961,0.0000,0.0000,0.0000,0.0000,False,False,False,True,False,113.3015,False
45.7379,0.0000,0.0000,0.0000,0.0000,False,False,False,True,False,112.3006,False
45.7823,0.0000,0.0000,0.0000,0.0000,False,False,False,True,False,111.2810,False
45.8264,0.0000,0.0000,0.0000,0.0000,False,False,False,True,False,110.3261,False
45.8698,0.0000,0.0000,0.0000,0.0000,False,False,False,True,False,109.3438,False
45.9120,0.0000,0.0000,0.0000,0.0000,False,False,False,True,False,108.3783,False
45.9562,0.0000,0.0000,0.0000,0.0000,False,False,False,True,False,107.4371,False
46.0051,0.0000,0.0000,0.0000,0.0000,False,False,False,True,False,106.5013,False
46.0495,0.0000,0.0000,0.0001,0.0000,False,False,False,True,False,105.5056,False
46.0937,0.0000,0.0000,0.0001,0.0000,False,False,False,True,False,104.4864,False
46.1385,0.0000,0.0000,0.0001,0.0000,False,False,False,True,False,103.5364,False
46.1857,0.0000,0.0000,0.0000,0.0000,False,False,False,True,False,102.5885,False
46.2304,0.0000,0.0000,0.0000,0.0000,False,False,False,True,False,101.6183,False
46.2760,0.0000,0.0000,0.0000,0.0000,False,False,False,True,False,100.6380,False
46.3262,0.0000,0.0000,0.0000,0.0000,False,False,False,True,False,99.6899,False
46.3733,0.0000,0.0000,0.0000,0.0000,False,False,False,True,False,98.7000,False
46.4210,0.0000,0.0000,0.0000,0.0000,False,False,False,True,False,97.6738,False
46.4658,0.0000,0.0000,0.0000,0.0000,False,False,False,True,False,96.6899,False
46.5105,0.0000,0.0000,0.0000,0.0000,False,False,False,True,False,95.7211,False
46.5551,0.0000,0.0000,0.0000,0.0000,False,False,False,True,False,94.7964,False
46.5998,0.0000,0.0000,0.0000,0.0000,False,False,False,True,False,93.8759,False
46.6487,0.0000,0.0000,0.0000,0.0000,False,False,False,True,False,92.9593,False
46.7047,0.0000,0.0000,0.0000,0.0000,False,False,False,True,False,92.0157,False
46.7531,0.0000,0.0000,0.0000,0.0000,False,False,False,True,False,90.9696,False
46.8011,0.0000,0.0000,0.0000,0.0000,False,False,False,True,False,89.8793,False
46.8532,0.0000,0.0000,0.0000,0.0000,False,False,False,True,False,88.9000,False
46.9047,0.0000,0.0000,0.0000,0.0000,False,False,False,True,False,87.9014,False
46.9591,0.0000,0.0000,0.0000,0.0000,False,False,False,True,False,86.8533,False
47.0135,0.0000,0.0000,0.0000,0.0000,False,False,False,True,False,85.7961,False
47.0663,0.0000,0.0000,0.0000,0.0000,False,False,False,True,False,84.7025,False
47.1206,0.0000,0.0000,0.0000,0.0000,False,False,False,True,False,83.6212,False
47.1747,0.0000,0.0000,0.0000,0.0000,False,False,False,True,False,82.5553,False
47.2332,0.0000,0.0000,0.0000,0.0000,False,False,False,True,False,81.4724,False
47.2900,0.0000,0.0000,0.0000,0.0000,False,False,False,True,False,80.3665,False
47.3503,0.0000,0.0000,0.0000,0.0000,False,False,False,True,False,79.2134,False
47.4157,0.0000,0.0000,0.0000,0.0000,False,False,False,True,False,78.0635,False
47.4830,0.0000,0.0000,0.0000,0.0000,False,False,False,True,False,76.8375,False
47.5433,0.0000,0.0000,0.0001,0.0000,False,False,False,True,False,75.5316,False
47.6094,0.0000,0.0000,0.0000,0.0000,False,False,False,True,False,74.2448,False
47.6717,0.0000,0.0000,0.0000,0.0000,False,False,False,True,False,73.0207,False
47.7409,0.0000,0.0000,0.0000,0.0000,False,False,False,True,False,71.7405,False
47.8069,0.0000,0.0000,0.0000,0.0000,False,False,False,True,False,70.4748,False
47.8721,0.0000,0.0000,0.0000,0.0000,False,False,False,True,False,69.1347,False
47.9373,0.0000,0.0000,0.0000,0.0000,False,False,False,True,False,67.8452,False
48.0016,0.0000,0.0000,0.0000,0.0000,False,False,False,True,False,66.5672,False
48.0657,0.0000,0.0000,0.0000,0.0000,False,False,False,True,False,65.2955,False
48.1329,0.0000,0.0000,0.0000,0.0000,False,False,False,True,False,64.0392,False
48.1956,0.0000,0.0000,0.0000,0.0000,False,False,False,True,False,62.7696,False
48.2613,0.0000,0.0000,0.0000,0.0000,False,False,False,True,False,61.4840,False
48.3304,0.0000,0.0000,0.0000,0.0000,False,False,False,True,False,60.2442,False
48.4122,0.0000,0.0000,0.0000,0.0000,False,False,False,True,False,58.9441,False
48.4760,0.0000,0.0000,0.0001,0.0000,False,False,False,True,False,57.5268,False
48.5407,0.0000,0.0000,0.0000,0.0000,False,False,False,True,False,56.0375,False
48.6055,0.0000,0.0000,0.0000,0.0000,False,False,False,True,False,54.7932,False
48.6734,0.0000,0.0000,0.0000,0.0000,False,False,False,True,False,53.5370,False
48.7410,0.0000,0.0000,0.0000,0.0000,False,False,False,True,False,52.2622,False
48.8073,0.0000,0.0000,0.0000,0.0000,False,False,False,True,False,50.9469,False
48.8763,0.0000,0.0000,0.0000,0.0000,False,False,False,True,False,49.6456,False
48.9464,0.0000,0.0000,0.0000,0.0000,False,False,False,True,False,48.3490,False
49.0146,0.0000,0.0000,0.0000,0.0000,False,False,False,True,False,47.0114,False
49.0841,0.0000,0.0000,0.0000,0.0000,False,False,False,True,False,45.6704,False
49.1550,0.0000,0.0000,0.0000,0.0000,False,False,False,True,False,44.3512,False
49.2273,0.0000,0.0000,0.0000,0.0000,False,False,False,True,False,43.0099,False
49.2987,0.0000,0.0000,0.0000,0.0000,False,False,False,True,False,41.6463,False
49.3783,0.0000,0.0000,0.0000,0.0000,False,False,False,True,False,40.2729,False
49.4466,0.0000,0.0000,0.0000,0.0000,False,False,False,True,False,38.8721,False
49.5130,0.0000,0.0000,0.0000,0.0000,False,False,False,True,False,37.4226,False
49.5829,0.0000,0.0000,0.0000,0.0000,False,False,False,True,False,36.1292,False
49.6559,0.0000,0.0000,0.0000,0.0000,False,False,False,True,False,34.8331,False
49.7314,0.0000,0.0000,0.0000,0.0000,False,False,False,True,False,33.4630,False
49.8047,0.0000,0.0000,0.0000,0.0000,False,False,False,True,False,32.0329,False
49.8804,0.0000,0.0000,0.0000,0.0000,False,False,False,True,False,30.5765,False
49.9618,0.0000,0.0000,0.0000,0.0000,False,False,False,True,False,29.1352,False
50.0411,0.0000,0.0000,0.0000,0.0000,False,False,False,True,False,27.6261,False
50.1179,0.0000,0.0000,0.0000,0.0000,False,False,False,True,False,26.0508,False
50.1903,0.0000,0.0000,0.0000,0.0000,False,False,False,True,False,24.5200,False
50.2660,0.0000,0.0000,0.0000,0.0000,False,False,False,True,False,23.0519,False
50.3457,0.0000,0.0000,0.0000,0.0000,False,False,False,True,False,21.6329,False
50.4274,0.0000,0.0000,0.0000,0.0000,False,False,False,True,False,20.1844,False
50.5018,0.0000,0.0000,0.0000,0.0000,False,False,False,True,False,18.7126,False
50.5713,0.0000,0.0000,0.0000,0.0000,False,False,False,True,False,17.2817,False
50.6389,0.0000,0.0000,0.0000,0.0000,False,False,False,True,False,16.0016,False
50.7124,0.0000,0.0000,0.0000,0.0000,False,False,False,True,False,14.8271,False
50.7866,0.0000,0.0000,0.0000,0.0000,False,False,False,True,False,13.7016,False
50.8506,0.0000,0.0000,0.0000,0.0000,False,False,False,True,False,12.5452,False
50.9082,0.0000,0.0000,0.0000,0.0000,False,False,False,True,False,11.4549,False
50.9639,0.0000,0.0000,0.0000,0.0000,False,False,False,True,False,10.5673,False
51.0192,0.0000,0.0000,0.0000,0.0000,False,False,False,True,False,9.8296,False
51.0721,0.0000,0.0000,0.0000,0.0000,False,False,False,True,False,9.1926,False
51.1242,0.0000,0.0000,0.0000,0.0000,False,False,False,True,False,8.6441,False
51.1759,0.0000,0.0000,0.0000,0.0000,False,False,False,True,False,8.2226,False
51.2296,0.0000,0.0000,0.0000,0.0000,False,False,False,True,False,7.9211,False
51.2881,0.0000,0.0000,0.0000,0.0000,False,False,False,True,False,7.7637,False
51.3758,0.0000,0.0000,0.0000,0.0000,False,False,False,True,False,7.7704,False
51.4264,0.0000,0.0000,0.0000,0.0000,False,False,False,True,False,8.1692,False
51.4766,0.0000,0.0000,0.0000,0.0000,False,False,False,True,False,8.3037,False
51.5261,0.0000,0.0000,0.0000,0.0000,False,False,False,True,False,8.7211,False
51.5711,0.0000,0.0000,0.0000,0.0000,False,False,False,True,False,9.2215,False
51.6189,0.0000,0.0000,0.0000,0.0000,False,False,False,True,False,9.7444,False
51.6658,0.0000,0.0000,0.0000,0.0000,False,False,False,True,False,10.3521,False
51.7132,0.0000,0.0000,0.0000,0.0000,False,False,False,True,False,10.9994,False
51.7579,0.0000,0.0000,0.0000,0.0000,False,False,False,True,False,11.6874,False
51.8043,0.0000,0.0000,0.0000,0.0000,False,False,False,True,False,12.3765,False
51.8492,0.0000,0.0000,0.0000,0.0000,False,False,False,True,False,13.1017,False
51.8935,0.0000,0.0000,0.0000,0.0000,False,False,False,True,False,13.8365,False
51.9396,0.0000,0.0000,0.0000,0.0000,False,False,False,True,False,14.5768,False
51.9838,0.0000,0.0000,0.0000,0.0000,False,False,False,True,False,15.3527,False
52.0368,0.0000,0.0000,0.0000,0.0000,False,False,False,True,False,16.1301,False
52.0808,0.0000,0.0000,0.0000,0.0000,False,False,False,True,False,17.0151,False
52.1251,0.0000,0.0000,0.0000,0.0000,False,False,False,True,False,17.8586,False
52.1703,0.0000,0.0000,0.0000,0.0000,False,False,False,True,False,18.6636,False
52.2152,0.0000,0.0000,0.0000,0.0000,False,False,False,True,False,19.4901,False
52.2589,0.0000,0.0000,0.0000,0.0000,False,False,False,True,False,20.3291,False
52.3021,0.0000,0.0000,0.0000,0.0000,False,False,False,True,False,21.1609,False
52.3462,0.0000,0.0000,0.0000,0.0000,False,False,False,True,False,21.9860,False
52.3900,0.0000,0.0000,0.0000,0.0000,False,False,False,True,False,22.8260,False
52.4330,0.0000,0.0000,0.0000,0.0000,False,False,False,True,False,23.6758,False
52.4765,0.0000,0.0000,0.0000,0.0000,False,False,False,True,False,24.5209,False
52.5192,0.0000,0.0000,0.0000,0.0000,False,False,False,True,False,25.3717,False
52.5618,0.0000,0.0000,0.0000,0.0000,False,False,False,True,False,26.2203,False
52.6045,0.0000,0.0000,0.0000,0.0000,False,False,False,True,False,27.0677,False
52.6471,0.0000,0.0000,0.0000,0.0000,False,False,False,True,False,27.9201,False
52.6976,0.0000,0.0000,0.0000,0.0000,False,False,False,True,False,28.7779,False
52.7405,0.0000,0.0000,0.0000,0.0000,False,False,False,True,False,29.7343,False
52.7837,0.0000,0.0000,0.0000,0.0000,False,False,False,True,False,30.6638,False
52.8268,0.0000,0.0000,0.0000,0.0000,False,False,False,True,False,31.5402,False
52.8695,0.0000,0.0000,0.0000,0.0000,False,False,False,True,False,32.4188,False
52.9131,0.0000,0.0000,0.0000,0.0000,False,False,False,True,False,33.2934,False
52.9566,0.0000,0.0000,0.0000,0.0000,False,False,False,True,False,34.1813,False
53.0014,0.0000,0.0000,0.0000,0.0000,False,False,False,True,False,35.0799,False
53.0458,0.0000,0.0000,0.0000,0.0000,False,False,False,True,False,35.9982,False
53.0897,0.0000,0.0000,0.0000,0.0000,False,False,False,True,False,36.9261,False
53.1325,0.0000,0.0000,0.0000,0.0000,False,False,False,True,False,37.8493,False
53.1751,0.0000,0.0000,0.0000,0.0000,False,False,False,True,False,38.7589,False
53.2172,0.0000,0.0000,0.0000,0.0000,False,False,False,True,False,39.6625,False
53.2595,0.0000,0.0000,0.0000,0.0000,False,False,False,True,False,40.5617,False
53.3050,0.0000,0.0000,0.0000,0.0000,False,False,False,True,False,41.4627,False
53.3501,0.0000,0.0000,0.0000,0.0000,False,False,False,True,False,42.4109,False
53.3976,0.0000,0.0000,0.0000,0.0000,False,False,False,True,False,43.3860,False
53.4437,0.0000,0.0000,0.0000,0.0000,False,False,False,True,False,44.3940,False
53.4924,0.0000,0.0000,0.0000,0.0000,False,False,False,True,False,45.4054,False
53.5323,0.0000,0.0000,0.0000,0.0000,False,False,False,True,False,46.4390,False
53.5728,0.0000,0.0000,0.0000,0.0000,False,False,False,True,False,47.3770,False
53.6130,0.0000,0.0000,0.0000,0.0000,False,False,False,True,False,48.2495,False
53.6533,0.0000,0.0000,0.0000,0.0000,False,False,False,True,False,49.1233,False
53.6940,0.0000,0.0000,0.0000,0.0000,False,False,False,True,False,49.9967,False
53.7350,0.0000,0.0000,0.0000,0.0000,False,False,False,True,False,50.8762,False
53.7754,0.0000,0.0000,0.0000,0.0000,False,False,False,True,False,51.7623,False
53.8162,0.0000,0.0000,0.0000,0.0000,False,False,False,True,False,52.6437,False
53.8569,0.0000,0.0000,0.0000,0.0000,False,False,False,True,False,53.5249,False
53.8965,0.0000,0.0000,0.0001,0.0000,False,False,False,True,False,54.4074,False
53.9397,0.0000,0.0000,0.0000,0.0000,False,False,False,True,False,55.2754,False
53.9787,0.0000,0.0000,0.0000,0.0000,False,False,False,True,False,56.1819,False
54.0195,0.0000,0.0000,0.0000,0.0000,False,False,False,True,False,57.0624,False
54.0621,0.0000,0.0000,0.0000,0.0000,False,False,False,True,False,57.9327,False
54.1070,0.0000,0.0000,0.0000,0.0000,False,False,False,True,False,58.8420,False
54.1458,0.0000,0.0000,0.0000,0.0000,False,False,False,True,False,59.7953,False
54.1852,0.0000,0.0000,0.0000,0.0000,False,False,False,True,False,60.6881,False
54.2257,0.0000,0.0000,0.0000,0.0000,False,False,False,True,False,61.5380,False
54.2646,0.0000,0.0000,0.0000,0.0000,False,False,False,True,False,62.4078,False
54.3029,0.0000,0.0000,0.0000,0.0000,False,False,False,True,False,63.2654,False
54.3412,0.0000,0.0000,0.0000,0.0000,False,False,False,True,False,64.1009,False
54.3798,0.0000,0.0000,0.0000,0.0000,False,False,False,True,False,64.9310,False
54.4179,0.0000,0.0000,0.0000,0.0000,False,False,False,True,False,65.7655,False
54.4573,0.0000,0.0000,0.0000,0.0000,False,False,False,True,False,66.5963,False
54.4979,0.0000,0.0000,0.0000,0.0000,False,False,False,True,False,67.4397,False
54.5376,0.0000,0.0000,0.0000,0.0000,False,False,False,True,False,68.3101,False
54.5760,0.0000,0.0000,0.0000,0.0000,False,False,False,True,False,69.1793,False
54.6184,0.0000,0.0000,0.0000,0.0000,False,False,False,True,False,70.0230,False
54.6650,0.0000,0.0000,0.0000,0.0000,False,False,False,True,False,70.9083,False
54.7054,0.0000,0.0000,0.0000,0.0000,False,False,False,True,False,71.8835,False
54.7450,0.0000,0.0000,0.0000,0.0000,False,False,False,True,False,72.8135,False
54.7851,0.0000,0.0000,0.0000,0.0000,False,False,False,True,False,73.6799,False
54.8244,0.0000,0.0000,0.0000,0.0000,False,False,False,True,False,74.5456,False
54.8638,0.0000,0.0000,0.0000,0.0000,False,False,False,True,False,75.4056,False
54.9050,0.0000,0.0000,0.0000,0.0000,False,False,False,True,False,76.2604,False
54.9433,0.0000,0.0000,0.0000,0.0000,False,False,False,True,False,77.1382,False
54.9788,0.0000,0.0000,0.0000,0.0000,False,False,False,True,False,77.9937,False
55.0146,0.0000,0.0000,0.0000,0.0000,False,False,False,True,False,78.7891,False
55.0500,0.0000,0.0000,0.0000,0.0000,False,False,False,True,False,79.5636,False
55.0859,0.0000,0.0000,0.0000,0.0000,False,False,False,True,False,80.3359,False
55.1238,0.0000,0.0000,0.0000,0.0000,False,False,False,True,False,81.1112,False
55.1588,0.0000,0.0000,0.0000,0.0000,False,False,False,True,False,81.9164,False
55.1938,0.0000,0.0000,0.0000,0.0000,False,False,False,True,False,82.7034,False
55.2365,0.0000,0.0000,0.0000,0.0000,False,False,False,True,False,83.4653,False
55.2724,0.0000,0.0000,0.0000,0.0000,False,False,False,True,False,84.3290,False
55.3074,0.0000,0.0000,0.0000,0.0000,False,False,False,True,False,85.1699,False
55.3419,0.0000,0.0000,0.0000,0.0000,False,False,False,True,False,85.9402,False
55.3772,0.0000,0.0000,0.0000,0.0000,False,False,False,True,False,86.6968,False
55.4117,0.0000,0.0000,0.0000,0.0000,False,False,False,True,False,87.4593,False
55.4463,0.0000,0.0000,0.0000,0.0000,False,False,False,True,False,88.2175,False
55.4807,0.0000,0.0000,0.0000,0.0000,False,False,False,True,False,88.9703,False
55.5155,0.0000,0.0000,0.0000,0.0000,False,False,False,True,False,89.7215,False
55.5498,0.0000,0.0000,0.0000,0.0000,False,False,False,True,False,90.4764,False
55.5853,0.0000,0.0000,0.0000,0.0000,False,False,False,True,False,91.2291,False
55.6185,0.0000,0.0000,0.0000,0.0000,False,False,False,True,False,91.9928,False
55.6514,0.0000,0.0000,0.0000,0.0000,False,False,False,True,False,92.7362,False
55.6843,0.0000,0.0000,0.0000,0.0000,False,False,False,True,False,93.4557,False
55.7208,0.0000,0.0000,0.0000,0.0000,False,False,False,True,False,94.1728,False
55.7597,0.0000,0.0000,0.0000,0.0000,False,False,False,True,False,94.9365,False
55.7952,0.0000,0.0000,0.0000,0.0000,False,False,False,True,False,95.7632,False
55.8408,0.0000,0.0000,0.0000,0.0000,False,False,False,True,False,96.5636,False
55.8764,0.0000,0.0000,0.0000,0.0000,False,False,False,True,False,97.4644,False
55.9151,0.0000,0.0000,0.0000,0.0000,False,False,False,True,False,98.3222,False
55.9513,0.0000,0.0000,0.0000,0.0000,False,False,False,True,False,99.1329,False
55.9865,0.0000,0.0000,0.0000,0.0000,False,False,False,True,False,99.9376,False
56.0228,0.0000,0.0000,0.0000,0.0000,False,False,False,True,False,100.7094,False
56.0568,0.0000,0.0000,0.0000,0.0000,False,False,False,True,False,101.4859,False
56.0903,0.0000,0.0000,0.0000,0.0000,False,False,False,True,False,102.2420,False
56.1230,0.0000,0.0000,0.0000,0.0000,False,False,False,True,False,102.9726,False
56.1562,0.0000,0.0000,0.0000,0.0000,False,False,False,True,False,103.6871,False
56.1886,0.0000,0.0000,0.0000,0.0000,False,False,False,True,False,104.4018,False
56.2217,0.0000,0.0000,0.0000,0.0000,False,False,False,True,False,105.1108,False
56.2615,0.0000,0.0000,0.0000,0.0000,False,False,False,True,False,105.8216,False
56.2944,0.0000,0.0000,0.0000,0.0000,False,False,False,True,False,106.6255,False
56.3280,0.0000,0.0000,0.0001,0.0000,False,False,False,True,False,107.3981,False
56.3615,0.0000,0.0000,0.0000,0.0000,False,False,False,True,False,108.1202,False
56.3955,0.0000,0.0000,0.0000,0.0000,False,False,False,True,False,108.8458,False
56.4299,0.0000,0.0000,0.0000,0.0000,False,False,False,True,False,109.5782,False
56.4659,0.0000,0.0000,0.0000,0.0000,False,False,False,True,False,110.3194,False
56.4988,0.0000,0.0000,0.0000,0.0000,False,False,False,True,False,111.0850,False
56.5320,0.0000,0.0000,0.0000,0.0000,False,False,False,True,False,111.8250,False
56.5651,0.0000,0.0000,0.0000,0.0000,False,False,False,True,False,112.5414,False
56.6026,0.0000,0.0000,0.0000,0.0000,False,False,False,True,False,113.2598,False
56.6377,0.0000,0.0000,0.0000,0.0000,False,False,False,True,False,114.0343,False
56.6808,0.0000,0.0000,0.0000,0.0000,False,False,False,True,False,114.8153,False
56.7265,0.0000,0.0000,0.0000,0.0000,False,False,False,True,False,115.6789,False
56.7622,0.0000,0.0000,0.0000,0.0000,False,False,False,True,False,116.6455,False
56.8089,0.0000,0.0000,0.0000,0.0000,False,False,False,True,False,117.5053,False
56.8463,0.0000,0.0000,0.0000,0.0000,False,False,False,True,False,118.4214,False
56.8799,0.0000,0.0000,0.0000,0.0000,False,False,False,True,False,119.3129,False
56.9134,0.0000,0.0000,0.0000,0.0000,False,False,False,True,False,120.0731,False
56.9466,0.0000,0.0000,0.0000,0.0000,False,False,False,True,False,120.7999,False
56.9798,0.0000,0.0000,0.0000,0.0000,False,False,False,True,False,121.5212,False
57.0126,0.0000,0.0000,0.0000,0.0000,False,False,False,True,False,122.2411,False
57.0473,0.0000,0.0000,0.0000,0.0000,False,False,False,True,False,122.9578,False
57.0813,0.0000,0.0000,0.0000,0.0000,False,False,False,True,False,123.6959,False
57.1206,0.0000,0.0000,0.0000,0.0000,False,False,False,True,False,124.4412,False
57.1575,0.0000,0.0000,0.0000,0.0000,False,False,False,True,False,125.2506,False
57.1910,0.0000,0.0000,0.0000,0.0000,False,False,False,True,False,126.0739,False
57.2263,0.0000,0.0000,0.0000,0.0000,False,False,False,True,False,126.8323,False
57.2623,0.0000,0.0000,0.0000,0.0000,False,False,False,True,False,127.5849,False
57.2994,0.0000,0.0000,0.0000,0.0000,False,False,False,True,False,128.3628,False
57.3408,0.0000,0.0000,0.0000,0.0000,False,False,False,True,False,129.1608,False
57.3734,0.0000,0.0000,0.0000,0.0000,False,False,False,True,False,130.0236,False
57.4082,0.0000,0.0000,0.0000,0.0000,False,False,False,True,False,130.8095,False
57.4421,0.0000,0.0000,0.0000,0.0000,False,False,False,True,False,131.5472,False
57.4756,0.0000,0.0000,0.0000,0.0000,False,False,False,True,False,132.2931,False
57.5083,0.0000,0.0000,0.0000,0.0000,False,False,False,True,False,133.0255,False
57.5437,0.0000,0.0000,0.0000,0.0000,False,False,False,True,False,133.7438,False
57.5768,0.0000,0.0000,0.0000,0.0000,False,False,False,True,False,134.4906,False
57.6124,0.0000,0.0000,0.0000,0.0000,False,False,False,True,False,135.2312,False
57.6453,0.0000,0.0000,0.0000,0.0000,False,False,False,True,False,135.9840,False
57.6788,0.0000,0.0000,0.0000,0.0000,False,False,False,True,False,136.7238,False
57.7123,0.0000,0.0000,0.0000,0.0000,False,False,False,True,False,137.4478,False
57.7472,0.0000,0.0000,0.0000,0.0000,False,False,False,True,False,138.1757,False
57.7803,0.0000,0.0000,0.0000,0.0000,False,False,False,True,False,138.9220,False
57.8194,0.0000,0.0000,0.0000,0.0000,False,False,False,True,False,139.6582,False
57.8576,0.0000,0.0000,0.0000,0.0000,False,False,False,True,False,140.4569,False
57.8903,0.0000,0.0000,0.0000,0.0000,False,False,False,True,False,141.2967,False
57.9242,0.0000,0.0000,0.0000,0.0000,False,False,False,True,False,142.0561,False
57.9579,0.0000,0.0000,0.0000,0.0000,False,False,False,True,False,142.7835,False
57.9917,0.0000,0.0000,0.0000,0.0000,False,False,False,True,False,143.5184,False
58.0248,0.0000,0.0000,0.0000,0.0000,False,False,False,True,False,144.2528,False
58.0617,0.0000,0.0000,0.0000,0.0000,False,False,False,True,False,144.9794,False
58.0968,0.0000,0.0000,0.0000,0.0000,False,False,False,True,False,145.7484,False
58.1309,0.0000,0.0000,0.0000,0.0000,False,False,False,True,False,146.5285,False
58.1665,0.0000,0.0000,0.0000,0.0000,False,False,False,True,False,147.2795,False
58.2007,0.0000,0.0000,0.0000,0.0000,False,False,False,True,False,148.0403,False
58.2351,0.0000,0.0000,0.0000,0.0000,False,False,False,True,False,148.7975,False
58.2690,0.0000,0.0000,0.0000,0.0000,False,False,False,True,False,149.5441,False
58.3029,0.0000,0.0000,0.0000,0.0000,False,False,False,True,False,150.2839,False
58.3373,0.0000,0.0000,0.0000,0.0000,False,False,False,True,False,151.0168,False
58.3779,0.0000,0.0000,0.0000,0.0000,False,False,False,True,False,151.7565,False
58.4163,0.0000,0.0000,0.0000,0.0000,False,False,False,True,False,152.5801,False
58.4599,0.0000,0.0000,0.0000,0.0000,False,False,False,True,False,153.4305,False
58.5015,0.0000,0.0000,0.0000,0.0000,False,False,False,True,False,154.3279,False
58.5401,0.0000,0.0000,0.0000,0.0000,False,False,False,True,False,155.2447,False
58.5759,0.0000,0.0000,0.0000,0.0000,False,False,False,True,False,156.1063,False
58.6143,0.0000,0.0000,0.0000,0.0000,False,False,False,True,False,156.9060,False
58.6501,0.0000,0.0000,0.0000,0.0000,False,False,False,True,False,157.7140,False
58.6865,0.0000,0.0000,0.0000,0.0000,False,False,False,True,False,158.5114,False
58.7245,0.0000,0.0000,0.0000,0.0000,False,False,False,True,False,159.2932,False
58.7606,0.0000,0.0000,0.0000,0.0000,False,False,False,True,False,160.1010,False
58.7990,0.0000,0.0000,0.0000,0.0000,False,False,False,True,False,160.8982,False
58.8361,0.0000,0.0000,0.0000,0.0000,False,False,False,True,False,161.7090,False
58.8726,0.0000,0.0000,0.0000,0.0000,False,False,False,True,False,162.5236,False
58.9119,0.0000,0.0000,0.0000,0.0000,False,False,False,True,False,163.3188,False
58.9539,0.0000,0.0000,0.0000,0.0000,False,False,False,True,False,164.1441,False
58.9898,0.0000,0.0000,0.0001,0.0000,False,False,False,True,False,165.0292,False
59.0273,0.0000,0.0000,0.0000,0.0000,False,False,False,True,False,165.8584,False
59.0662,0.0000,0.0000,0.0000,0.0000,False,False,False,True,False,166.6580,False
59.1070,0.0000,0.0000,0.0000,0.0000,False,False,False,True,False,167.4911,False
59.1570,0.0000,0.0000,0.0000,0.0000,False,False,False,True,False,168.3614,False
59.2234,0.0000,0.0000,0.0000,0.0000,False,False,False,True,False,169.3673,False
59.2770,0.0000,0.0000,0.0000,0.0000,False,False,False,True,False,170.6660,False
59.3222,0.0000,0.0000,0.0000,0.0000,False,False,False,True,False,171.9429,False
59.3590,0.0000,0.0000,0.0000,0.0000,False,False,False,True,False,172.9987,False
59.3962,0.0000,0.0000,0.0000,0.0000,False,False,False,True,False,173.8707,False
59.4343,0.0000,0.0000,0.0000,0.0000,False,False,False,True,False,174.6749,False
59.4763,0.0000,0.0000,0.0000,0.0000,False,False,False,True,False,175.4949,False
59.5242,0.0000,0.0000,0.0000,0.0000,False,False,False,True,False,176.3733,False
59.5656,0.0000,0.0000,0.0000,0.0000,False,False,False,True,False,177.3621,False
59.6040,0.0000,0.0000,0.0000,0.0000,False,False,False,True,False,178.3192,False
59.6434,0.0000,0.0000,0.0000,0.0000,False,False,False,True,False,179.1806,False
59.6814,0.0000,0.0000,0.0000,0.0000,False,False,False,True,False,180.0278,False
59.7199,0.0000,0.0000,0.0000,0.0000,False,False,False,True,False,180.8658,False
59.7589,0.0000,0.0000,0.0000,0.0000,False,False,False,True,False,181.6977,False
59.7988,0.0000,0.0000,0.0000,0.0000,False,False,False,True,False,182.5401,False
59.8374,0.0000,0.0000,0.0000,0.0000,False,False,False,True,False,183.3989,False
59.8750,0.0000,0.0000,0.0000,0.0000,False,False,False,True,False,184.2493,False
59.9137,0.0000,0.0000,0.0000,0.0000,False,False,False,True,False,185.0745,False
59.9524,0.0000,0.0000,0.0000,0.0000,False,False,False,True,False,185.9045,False
59.9916,0.0000,0.0000,0.0000,0.0000,False,False,False,True,False,186.7424,False
60.0312,0.0000,0.0000,0.0000,0.0000,False,False,False,True,False,187.5876,False
60.0714,0.0000,0.0000,0.0001,0.0000,False,False,False,True,False,188.4410,False
60.1190,0.0000,0.0000,0.0000,0.0000,False,False,False,True,False,189.3045,False
60.1577,0.0000,0.0000,0.0000,0.0000,False,False,False,True,False,190.2690,False
60.1963,0.0000,0.0000,0.0000,0.0000,False,False,False,True,False,191.1836,False
60.2348,0.0000,0.0000,0.0000,0.0000,False,False,False,True,False,192.0196,False
60.2779,0.0000,0.0000,0.0000,0.0000,False,False,False,True,False,192.8528,False
60.3168,0.0000,0.0000,0.0000,0.0000,False,False,False,True,False,193.7441,False
60.3546,0.0000,0.0000,0.0000,0.0000,False,False,False,True,False,194.6228,False
60.3925,0.0000,0.0000,0.0000,0.0000,False,False,False,True,False,195.4494,False
60.4304,0.0000,0.0000,0.0000,0.0000,False,False,False,True,False,196.2675,False
60.4693,0.0000,0.0000,0.0000,0.0000,False,False,False,True,False,197.0876,False
60.5083,0.0000,0.0000,0.0000,0.0000,False,False,False,True,False,197.9200,False
60.5474,0.0000,0.0000,0.0000,0.0000,False,False,False,True,False,198.7622,False
60.5902,0.0000,0.0000,0.0000,0.0000,False,False,False,True,False,199.6062,False
60.6283,0.0000,0.0000,0.0000,0.0000,False,False,False,True,False,200.4991,False
60.6686,0.0000,0.0000,0.0000,0.0000,False,False,False,True,False,201.3649,False
60.7134,0.0000,0.0000,0.0000,0.0000,False,False,False,True,False,202.2174,False
60.7586,0.0000,0.0000,0.0000,0.0000,False,False,False,True,False,203.1461,False
60.8001,0.0000,0.0000,0.0000,0.0000,False,False,False,True,False,204.1193,False
60.8438,0.0000,0.0000,0.0000,0.0000,False,False,False,True,False,205.0494,False
60.8829,0.0000,0.0000,0.0000,0.0000,False,False,False,True,False,205.9751,False
60.9219,0.0000,0.0000,0.0000,0.0000,False,False,False,True,False,206.8605,False
60.9614,0.0000,0.0000,0.0000,0.0000,False,False,False,True,False,207.7055,False
60.9994,0.0000,0.0000,0.0000,0.0000,False,False,False,True,False,208.5559,False
61.0426,0.0000,0.0000,0.0000,0.0000,False,False,False,True,False,209.3896,False
61.0810,0.0000,0.0000,0.0000,0.0000,False,False,False,True,False,210.2774,False
61.1203,0.0000,0.0000,0.0000,0.0000,False,False,False,True,False,211.1501,False
61.1631,0.0000,0.0000,0.0000,0.0000,False,False,False,True,False,211.9939,False
61.2085,0.0000,0.0000,0.0000,0.0000,False,False,False,True,False,212.8912,False
61.2479,0.0000,0.0000,0.0000,0.0000,False,False,False,True,False,213.8534,False
61.2877,0.0000,0.0000,0.0000,0.0000,False,False,False,True,False,214.7606,False
61.3279,0.0000,0.0000,0.0000,0.0000,False,False,False,True,False,215.6201,False
61.3707,0.0000,0.0000,0.0000,0.0000,False,False,False,True,False,216.4878,False
61.4173,0.0000,0.0000,0.0000,0.0000,False,False,False,True,False,217.3926,False
61.4578,0.0000,0.0000,0.0000,0.0000,False,False,False,True,False,218.3691,False
61.5021,0.0000,0.0000,0.0000,0.0000,False,False,False,True,False,219.3009,False
61.5437,0.0000,0.0000,0.0000,0.0000,False,False,False,True,False,220.2280,False
61.5851,0.0000,0.0000,0.0000,0.0000,False,False,False,True,False,221.1537,False
61.6257,0.0000,0.0000,0.0000,0.0000,False,False,False,True,False,222.0525,False
61.6665,0.0000,0.0000,0.0000,0.0000,False,False,False,True,False,222.9394,False
61.7114,0.0000,0.0000,0.0000,0.0000,False,False,False,True,False,223.8231,False
61.7557,0.0000,0.0000,0.0000,0.0000,False,False,False,True,False,224.7605,False
61.7965,0.0000,0.0000,0.0000,0.0000,False,False,False,True,False,225.7267,False
61.8378,0.0000,0.0000,0.0000,0.0000,False,False,False,True,False,226.6415,False
61.8792,0.0000,0.0000,0.0000,0.0000,False,False,False,True,False,227.5321,False
61.9206,0.0000,0.0000,0.0000,0.0000,False,False,False,True,False,228.4292,False
61.9626,0.0000,0.0000,0.0000,0.0000,False,False,False,True,False,229.3274,False
62.0125,0.0000,0.0000,0.0000,0.0000,False,False,False,True,False,230.2327,False
62.0596,0.0000,0.0000,0.0000,0.0000,False,False,False,True,False,231.2454,False
62.1055,0.0000,0.0000,0.0000,0.0000,False,False,False,True,False,232.2932,False
62.1509,0.0000,0.0000,0.0000,0.0000,False,False,False,True,False,233.3013,False
62.1975,0.0000,0.0000,0.0000,0.0000,False,False,False,True,False,234.2920,False
62.2400,0.0000,0.0000,0.0000,0.0000,False,False,False,True,False,235.2935,False
62.2825,0.0000,0.0000,0.0000,0.0000,False,False,False,True,False,236.2531,False
62.3266,0.0000,0.0000,0.0000,0.0000,False,False,False,True,False,237.1765,False
62.3722,0.0000,0.0000,0.0000,0.0000,False,False,False,True,False,238.1200,False
62.4149,0.0000,0.0000,0.0000,0.0000,False,False,False,True,False,239.0973,False
62.4568,0.0000,0.0000,0.0000,0.0000,False,False,False,True,False,240.0506,False
62.4992,0.0000,0.0000,0.0000,0.0000,False,False,False,True,False,240.9681,False
62.5456,0.0000,0.0000,0.0000,0.0000,False,False,False,True,False,241.8846,False
62.5895,0.0000,0.0000,0.0000,0.0000,False,False,False,True,False,242.8582,False
62.6362,0.0000,0.0000,0.0000,0.0000,False,False,False,True,False,243.8333,False
62.6837,0.0000,0.0000,0.0000,0.0000,False,False,False,True,False,244.8224,False
62.7329,0.0000,0.0000,0.0000,0.0000,False,False,False,True,False,245.8484,False
62.7791,0.0000,0.0000,0.0000,0.0000,False,False,False,True,False,246.9030,False
62.8295,0.0000,0.0000,0.0000,0.0000,False,False,False,True,False,247.9327,False
62.8807,0.0000,0.0000,0.0000,0.0000,False,False,False,True,False,248.9902,False
62.9321,0.0000,0.0000,0.0000,0.0000,False,False,False,True,False,250.0949,False
62.9897,0.0000,0.0000,0.0000,0.0000,False,False,False,True,False,251.2106,False
63.0404,0.0000,0.0000,0.0000,0.0000,False,False,False,True,False,252.4077,False
63.0896,0.0000,0.0000,0.0000,0.0000,False,False,False,True,False,253.5693,False
63.1334,0.0000,0.0000,0.0000,0.0000,False,False,False,True,False,254.6514,False
63.1768,0.0000,0.0000,0.0000,0.0000,False,False,False,True,False,255.6511,False
63.2250,0.0000,0.0000,0.0000,0.0000,False,False,False,True,False,256.5976,False
63.2780,0.0000,0.0000,0.0000,0.0000,False,False,False,True,False,257.6016,False
63.3361,0.0000,0.0000,0.0000,0.0000,False,False,False,True,False,258.7103,False
63.3915,0.0000,0.0000,0.0000,0.0000,False,False,False,True,False,259.9284,False
63.4396,0.0000,0.0000,0.0000,0.0000,False,False,False,True,False,261.1554,False
63.4999,0.0000,0.0000,0.0000,0.0000,False,False,False,True,False,262.2646,False
63.5488,0.0000,0.0000,0.0000,0.0000,False,False,False,True,False,263.4674,False
63.5980,0.0000,0.0000,0.0000,0.0000,False,False,False,True,False,264.6302,False
63.6434,0.0000,0.0000,0.0000,0.0000,False,False,False,True,False,265.6962,False
63.6913,0.0000,0.0000,0.0000,0.0000,False,False,False,True,False,266.7161,False
63.7366,0.0000,0.0000,0.0000,0.0000,False,False,False,True,False,267.7346,False
63.7828,0.0000,0.0000,0.0000,0.0000,False,False,False,True,False,268.7419,False
63.8318,0.0000,0.0000,0.0000,0.0000,False,False,False,True,False,269.7383,False
63.8808,0.0000,0.0000,0.0000,0.0000,False,False,False,True,False,270.7780,False
63.9271,0.0000,0.0000,0.0000,0.0000,False,False,False,True,False,271.8429,False
63.9798,0.0000,0.0000,0.0000,0.0000,False,False,False,True,False,272.8726,False
64.0326,0.0000,0.0000,0.0000,0.0000,False,False,False,True,False,273.9610,False
64.0844,0.0000,0.0000,0.0000,0.0000,False,False,False,True,False,275.1068,False
64.1392,0.0000,0.0000,0.0000,0.0000,False,False,False,True,False,276.2406,False
64.1907,0.0000,0.0000,0.0000,0.0000,False,False,False,True,False,277.4049,False
64.2534,0.0000,0.0000,0.0000,0.0000,False,False,False,True,False,278.5528,False
64.3080,0.0000,0.0000,0.0000,0.0000,False,False,False,True,False,279.8168,False
64.3620,0.0000,0.0000,0.0000,0.0000,False,False,False,True,False,281.0743,False
64.4234,0.0000,0.0000,0.0000,0.0000,False,False,False,True,False,282.2531,False
64.4868,0.0000,0.0000,0.0000,0.0000,False,False,False,True,False,283.5220,False
64.5496,0.0000,0.0000,0.0000,0.0000,False,False,False,True,False,284.8812,False
64.6093,0.0000,0.0000,0.0000,0.0000,False,False,False,True,False,286.2510,False
64.6660,0.0000,0.0000,0.0000,0.0000,False,False,False,True,False,287.5751,False
64.7263,0.0000,0.0000,0.0000,0.0000,False,False,False,True,False,288.8326,False
64.7887,0.0000,0.0000,0.0000,0.0000,False,False,False,False,True,288.8326,False
64.8452,0.0000,0.0000,0.0000,0.0000,False,False,False,False,True,144.9239,False
64.9146,0.0000,0.0000,0.0000,0.0000,False,False,False,False,True,143.2462,False
64.9699,0.0000,0.0000,0.0000,0.0000,False,False,False,False,True,141.2256,False
65.0245,0.0000,0.0000,0.0000,0.0000,False,False,False,False,True,139.6599,False
65.0919,0.0000,0.0000,0.0000,0.0000,False,False,False,False,True,138.1397,False
65.1536,0.0000,0.0000,0.0000,0.0000,False,False,False,False,True,136.2999,False
65.2062,0.0000,0.0000,0.0000,0.0000,False,False,False,False,True,134.6512,False
65.2753,0.0000,0.0000,0.0000,0.0000,False,False,False,False,True,133.2729,False
65.3308,0.0000,0.0000,0.0000,0.0000,False,False,False,False,True,131.4892,False
65.3840,0.0000,0.0000,0.0000,0.0000,False,False,False,False,True,130.0831,False
65.4477,0.0000,0.0000,0.0000,0.0000,False,False,False,False,True,128.7544,False
65.5072,0.0000,0.0000,0.0000,0.0000,False,False,False,False,True,127.1872,False
65.5644,0.0000,0.0000,0.0000,0.0000,False,False,False,False,True,125.7424,False
65.6296,0.0000,0.0000,0.0000,0.0000,False,False,False,False,True,124.3710,False
65.6856,0.0000,0.0000,0.0000,0.0000,False,False,False,False,True,122.8273,False
65.7384,0.0000,0.0000,0.0001,0.0000,False,False,False,False,True,121.5197,False
65.8101,0.0000,0.0000,0.0000,0.0000,False,False,False,False,True,120.2998,False
65.8705,0.0000,0.0000,0.0000,0.0000,False,False,False,False,True,118.6566,False
65.9272,0.0000,0.0000,0.0000,0.0000,False,False,False,False,True,117.2915,False
66.0041,0.0000,0.0000,0.0000,0.0000,False,False,False,False,True,116.0210,False
66.0748,0.0000,0.0000,0.0000,0.0000,False,False,False,False,True,114.3128,False
66.1407,0.0000,0.0000,0.0000,0.0000,False,False,False,False,True,112.7595,False
66.2092,0.0000,0.0000,0.0000,0.0000,False,False,False,False,True,111.3238,False
66.2684,0.0000,0.0000,0.0000,0.0000,False,False,False,False,True,109.8425,False
66.3286,0.0000,0.0000,0.0000,0.0000,False,False,False,False,True,108.5741,False
66.3943,0.0000,0.0000,0.0000,0.0000,False,False,False,False,True,107.2912,False
66.4514,0.0000,0.0000,0.0000,0.0000,False,False,False,False,True,105.9005,False
66.5130,0.0000,0.0000,0.0000,0.0000,False,False,False,False,True,104.6988,False
66.5897,0.0000,0.0000,0.0000,0.0000,False,False,False,False,True,103.4094,False
66.6523,0.0000,0.0000,0.0000,0.0000,False,False,False,False,True,101.8114,False
66.7151,0.0000,0.0000,0.0000,0.0000,False,False,False,False,True,100.5146,False
66.7926,0.0000,0.0000,0.0000,0.0000,False,False,False,False,True,99.2187,False
66.8563,0.0000,0.0000,0.0000,0.0000,False,False,False,False,True,97.6273,False
66.9241,0.0000,0.0000,0.0000,0.0000,False,False,False,False,True,96.3255,False
67.0028,0.0000,0.0000,0.0000,0.0000,False,False,False,False,True,94.9447,False
67.0755,0.0000,0.0000,0.0000,0.0000,False,False,False,False,True,93.3473,False
67.1471,0.0000,0.0000,0.0000,0.0000,False,False,False,False,True,91.8771,False
67.2130,0.0000,0.0000,0.0000,0.0000,False,False,False,False,True,90.4355,False
67.2781,0.0000,0.0000,0.0000,0.0000,False,False,False,False,True,89.1127,False
67.3556,0.0000,0.0000,0.0000,0.0000,False,False,False,False,True,87.8069,False
67.4211,0.0000,0.0000,0.0000,0.0000,False,False,False,False,True,86.2591,False
67.4893,0.0000,0.0000,0.0000,0.0000,False,False,False,False,True,84.9534,False
67.5705,0.0000,0.0000,0.0000,0.0000,False,False,False,False,True,83.5980,False
67.6465,0.0000,0.0000,0.0000,0.0000,False,False,False,False,True,81.9851,False
67.7328,0.0000,0.0000,0.0000,0.0000,False,False,False,False,True,80.4807,False
67.8032,0.0000,0.0000,0.0000,0.0000,False,False,False,False,True,78.7753,False
67.8833,0.0000,0.0000,0.0000,0.0000,False,False,False,False,True,77.3854,False
67.9588,0.0000,0.0000,0.0000,0.0000,False,False,False,False,True,75.8073,False
68.0459,0.0000,0.0000,0.0000,0.0000,False,False,False,False,True,74.3228,False
68.1242,0.0000,0.0000,0.0000,0.0000,False,False,False,False,True,72.6125,False
68.2147,0.0000,0.0000,0.0000,0.0000,False,False,False,False,True,71.0785,False
68.2875,0.0000,0.0000,0.0000,0.0000,False,False,False,False,True,69.3056,False
68.3720,0.0000,0.0000,0.0000,0.0000,False,False,False,False,True,67.8808,False
68.4445,0.0000,0.0000,0.0000,0.0000,False,False,False,False,True,66.2296,False
68.5343,0.0000,0.0000,0.0000,0.0000,False,False,False,False,True,64.8147,False
68.6110,0.0000,0.0000,0.0000,0.0000,False,False,False,False,True,63.0643,False
68.6969,0.0000,0.0000,0.0000,0.0000,False,False,False,False,True,61.5705,False
68.7782,0.0000,0.0000,0.0000,0.0000,False,False,False,False,True,59.8984,False
68.8620,0.0000,0.0000,0.0000,0.0000,False,False,False,False,True,58.3177,False
68.9368,0.0000,0.0000,0.0000,0.0000,False,False,False,False,True,56.6889,False
69.0282,0.0000,0.0000,0.0000,0.0000,False,False,False,False,True,55.2203,False
69.1104,0.0000,0.0000,0.0000,0.0000,False,False,False,False,True,53.4073,False
69.2004,0.0000,0.0000,0.0000,0.0000,False,False,False,False,True,51.7592,False
69.2869,0.0000,0.0000,0.0000,0.0000,False,False,False,False,True,49.9407,False
69.3751,0.0000,0.0000,0.0000,0.0000,False,False,False,False,True,48.1736,False
69.4511,0.0000,0.0000,0.0000,0.0000,False,False,False,False,True,46.3539,False
69.5407,0.0000,0.0000,0.0000,0.0000,False,False,False,False,True,44.7701,False
69.6260,0.0000,0.0000,0.0000,0.0000,False,False,False,False,True,42.8883,False
69.7146,0.0000,0.0000,0.0000,0.0000,False,False,False,False,True,41.0585,False
69.7931,0.0000,0.0000,0.0000,0.0000,False,False,False,False,True,39.1276,False
69.8870,0.0000,0.0000,0.0000,0.0000,False,False,False,False,True,37.3882,False
69.9692,0.0000,0.0000,0.0000,0.0000,False,False,False,False,True,35.2807,False
70.0706,0.0000,0.0000,0.0000,0.0000,False,False,False,False,True,33.4151,False
70.1570,0.0000,0.0000,0.0000,0.0000,False,False,False,False,True,31.0971,False
70.2551,0.0000,0.0000,0.0000,0.0000,False,False,False,False,True,29.0959,False
70.3371,0.0000,0.0000,0.0000,0.0000,False,False,False,False,True,26.8054,False
70.4358,0.0000,0.0000,0.0000,0.0000,False,False,False,False,True,24.8782,False
70.5264,0.0000,0.0000,0.0000,0.0000,False,False,False,False,True,22.5522,False
70.6186,0.0000,0.0000,0.0000,0.0000,False,False,False,False,True,20.4194,False
70.7005,0.0000,0.0000,0.0000,0.0000,False,False,False,False,True,18.2618,False
70.7937,0.0000,0.0000,0.0000,0.0000,False,False,False,False,True,16.3704,False
70.8740,0.0000,0.0000,0.0000,0.0000,False,False,False,False,True,14.2801,False
70.9648,0.0000,0.0000,0.0000,0.0000,False,False,False,False,True,12.5433,False
71.0402,0.0000,0.0000,0.0000,0.0000,False,False,False,False,True,10.6988,False
71.1252,0.0000,0.0000,0.0000,0.0000,False,False,False,False,True,9.3037,False
71.1947,0.0000,0.0000,0.0000,0.0000,False,False,False,False,True,7.9634,False
71.2742,0.0000,0.0000,0.0000,0.0000,False,False,False,False,True,7.1366,False
71.3352,0.0000,0.0000,0.0000,0.0000,False,False,False,False,True,6.6134,False
71.3964,0.0000,0.0000,0.0000,0.0000,False,False,False,False,True,6.5831,False
71.4825,0.0000,0.0000,0.0000,0.0000,False,False,False,False,True,6.8830,False
71.5521,0.0000,0.0000,0.0000,0.0000,False,False,False,False,True,7.7769,False
71.6302,0.0000,0.0000,0.0000,0.0000,False,False,False,False,True,8.7940,False
71.6895,0.0000,0.0000,0.0000,0.0000,False,False,False,False,True,10.1302,False
71.7488,0.0000,0.0000,0.0000,0.0000,False,False,False,False,True,11.2462,False
71.8178,0.0000,0.0000,0.0000,0.0000,False,False,False,False,True,12.4266,False
71.8754,0.0000,0.0000,0.0000,0.0000,False,False,False,False,True,13.8576,False
71.9318,0.0000,0.0000,0.0000,0.0000,False,False,False,False,True,15.0935,False
72.0015,0.0000,0.0000,0.0000,0.0000,False,False,False,False,True,16.3284,False
72.0601,0.0000,0.0000,0.0000,0.0000,False,False,False,False,True,17.8860,False
72.1191,0.0000,0.0000,0.0000,0.0000,False,False,False,False,True,19.2164,False
72.1867,0.0000,0.0000,0.0000,0.0000,False,False,False,False,True,20.5733,False
72.2441,0.0000,0.0000,0.0000,0.0000,False,False,False,False,True,22.1376,False
72.3008,0.0000,0.0000,0.0000,0.0000,False,False,False,False,True,23.4716,False
72.3689,0.0000,0.0000,0.0000,0.0000,False,False,False,False,True,24.6639,False
72.4323,0.0000,0.0000,0.0000,0.0000,False,False,False,False,True,25.6087,False
72.4896,0.0000,0.0000,0.0000,0.0000,False,False,False,False,True,26.5172,False
72.5567,0.0000,0.0000,0.0000,0.0000,False,False,False,False,True,27.3596,False
72.6110,0.0000,0.0000,0.0000,0.0000,False,False,False,False,True,28.3702,False
72.6659,0.0000,0.0000,0.0000,0.0000,False,False,False,False,True,29.2066,False
72.7297,0.0000,0.0000,0.0000,0.0000,False,False,False,False,True,30.0636,False
72.7872,0.0000,0.0000,0.0000,0.0000,False,False,False,False,True,31.0791,False
72.8421,0.0000,0.0000,0.0000,0.0000,False,False,False,False,True,32.0057,False
72.9064,0.0000,0.0000,0.0000,0.0000,False,False,False,False,True,32.9027,False
72.9607,0.0000,0.0000,0.0000,0.0000,False,False,False,False,True,33.9658,False
73.0171,0.0000,0.0000,0.0000,0.0000,False,False,False,False,True,34.8720,False
73.0821,0.0000,0.0000,0.0000,0.0000,False,False,False,False,True,35.8223,False
73.1389,0.0000,0.0000,0.0000,0.0000,False,False,False,False,True,36.9286,False
73.1951,0.0000,0.0000,0.0000,0.0000,False,False,False,False,True,37.9028,False
73.2624,0.0000,0.0000,0.0000,0.0000,False,False,False,False,True,38.8750,False
73.3218,0.0000,0.0000,0.0000,0.0000,False,False,False,False,True,40.0457,False
73.3749,0.0000,0.0000,0.0000,0.0000,False,False,False,False,True,41.0853,False
73.4401,0.0000,0.0000,0.0000,0.0000,False,False,False,False,True,42.0208,False
73.4935,0.0000,0.0000,0.0000,0.0000,False,False,False,False,True,43.1751,False
73.5498,0.0000,0.0000,0.0000,0.0000,False,False,False,False,True,44.1246,False
73.6140,0.0000,0.0000,0.0000,0.0000,False,False,False,False,True,45.1311,False
73.6669,0.0000,0.0000,0.0000,0.0000,False,False,False,False,True,46.2828,False
73.7195,0.0000,0.0000,0.0000,0.0000,False,False,False,False,True,47.2359,False
73.7832,0.0000,0.0000,0.0000,0.0000,False,False,False,False,True,48.1868,False
73.8395,0.0000,0.0000,0.0000,0.0000,False,False,False,False,True,49.3421,False
73.8923,0.0000,0.0000,0.0000,0.0000,False,False,False,False,True,50.3647,False
73.9553,0.0000,0.0000,0.0000,0.0000,False,False,False,False,True,51.3278,False
74.0083,0.0000,0.0000,0.0000,0.0000,False,False,False,False,True,52.4814,False
74.0617,0.0000,0.0000,0.0000,0.0000,False,False,False,False,True,53.4528,False
74.1275,0.0000,0.0000,0.0000,0.0000,False,False,False,False,True,54.4342,False
74.1854,0.0000,0.0000,0.0000,0.0000,False,False,False,False,True,55.6456,False
74.2400,0.0000,0.0000,0.0000,0.0000,False,False,False,False,True,56.7154,False
74.3031,0.0000,0.0000,0.0000,0.0000,False,False,False,False,True,57.7259,False
74.3563,0.0000,0.0000,0.0000,0.0000,False,False,False,False,True,58.8952,False
74.4091,0.0000,0.0000,0.0000,0.0000,False,False,False,False,True,59.8822,False
74.4730,0.0000,0.0000,0.0000,0.0000,False,False,False,False,True,60.8641,False
74.5283,0.0000,0.0000,0.0000,0.0000,False,False,False,False,True,62.0553,False
74.5813,0.0000,0.0000,0.0000,0.0000,False,False,False,False,True,63.0878,False
74.6443,0.0000,0.0000,0.0000,0.0000,False,False,False,False,True,64.0778,False
74.6967,0.0000,0.0000,0.0000,0.0000,False,False,False,False,True,65.2565,False
74.7482,0.0000,0.0000,0.0000,0.0000,False,False,False,False,True,66.2372,False
74.8100,0.0000,0.0000,0.0000,0.0000,False,False,False,False,True,67.2042,False
74.8642,0.0000,0.0000,0.0000,0.0000,False,False,False,False,True,68.3643,False
74.9165,0.0000,0.0000,0.0000,0.0000,False,False,False,False,True,69.3831,False
74.9842,0.0000,0.0000,0.0000,0.0000,False,False,False,False,True,70.3670,False
75.0471,0.0000,0.0000,0.0000,0.0000,False,False,False,False,True,71.6413,False
75.1002,0.0000,0.0000,0.0000,0.0000,False,False,False,False,True,72.8284,False
75.1633,0.0000,0.0000,0.0000,0.0000,False,False,False,False,True,73.8303,False
75.2153,0.0000,0.0000,0.0000,0.0000,False,False,False,False,True,75.0230,False
75.2705,0.0000,0.0000,0.0000,0.0000,False,False,False,False,True,76.0057,False
75.3369,0.0000,0.0000,0.0000,0.0000,False,False,False,False,True,77.0500,False
75.3919,0.0000,0.0000,0.0000,0.0000,False,False,False,False,True,78.3078,False
75.4459,0.0000,0.0000,0.0000,0.0000,False,False,False,False,True,79.3501,False
75.5086,0.0000,0.0000,0.0000,0.0000,False,False,False,False,True,80.3743,False
75.5658,0.0000,0.0000,0.0000,0.0000,False,False,False,False,True,81.5642,False
75.6189,0.0000,0.0000,0.0000,0.0000,False,False,False,False,True,82.6503,False
75.6814,0.0000,0.0000,0.0000,0.0000,False,False,False,False,True,83.6607,False
75.7351,0.0000,0.0000,0.0000,0.0000,False,False,False,False,True,84.8491,False
75.7889,0.0000,0.0000,0.0000,0.0000,False,False,False,False,True,85.8700,False
75.8569,0.0000,0.0000,0.0000,0.0000,False,False,False,False,True,86.8944,False
75.9182,0.0000,0.0000,0.0000,0.0000,False,False,False,False,True,88.1900,False
75.9692,0.0000,0.0000,0.0000,0.0000,False,False,False,False,True,89.3579,False
76.0311,0.0000,0.0000,0.0000,0.0000,False,False,False,False,True,90.3305,False
76.0911,0.0000,0.0000,0.0000,0.0000,False,False,False,False,True,91.5109,False
76.1465,0.0000,0.0000,0.0000,0.0000,False,False,False,False,True,92.6562,False
76.2149,0.0000,0.0000,0.0000,0.0000,False,False,False,False,True,93.7143,False
