Time,Accel,Brake,Car_Speed,Car_AutoSpeed,Car_AutoStatus,Bike_A_Status,Bike_B_Status,Bike_C_Status,Bike_D_Status,Bike_Distance,Vibrate_Status,BPM
0.0200,0.0000,0.0000,0.0000,0.0000,False,False,False,False,False,0.0000,False
0.0400,0.0000,0.0000,0.7049,0.0000,False,False,False,False,False,0.0000,False
0.3733,0.0000,0.0000,1.1529,0.0000,False,False,False,False,False,0.0000,False
0.4685,0.0000,0.0000,0.2300,0.0000,False,False,False,False,False,0.0000,False
0.5200,0.0000,0.0000,0.0643,0.0000,False,False,False,False,False,0.0000,False
0.5674,0.0000,0.0000,0.0707,0.0000,False,False,False,False,False,0.0000,False
0.6196,0.0000,0.0000,0.0931,0.0000,False,False,False,False,False,0.0000,False
0.6702,0.0000,0.0000,0.0868,0.0000,False,False,False,False,False,0.0000,False
0.7223,0.0000,0.0000,0.0619,0.0000,False,False,False,False,False,0.0000,False
0.7772,0.0000,0.0000,0.0444,0.0000,False,False,False,False,False,0.0000,False
0.8264,0.0000,0.0000,0.0231,0.0000,False,False,False,False,False,0.0000,False
0.8784,0.0000,0.0000,0.0131,0.0000,False,False,False,False,False,0.0000,False
0.9279,0.0000,0.0000,0.0038,0.0000,False,False,False,False,False,0.0000,False
0.9761,0.0000,0.0000,0.0015,0.0000,False,False,False,False,False,0.0000,False
1.0266,0.0000,0.0000,0.0026,0.0000,False,False,False,False,False,0.0000,False
1.0733,0.0000,0.0000,0.0028,0.0000,False,False,False,False,False,0.0000,False
1.1239,0.0000,0.0000,0.0023,0.0000,False,False,False,False,False,0.0000,False
1.1728,0.0000,0.0000,0.0018,0.0000,False,False,False,False,False,0.0000,False
1.2198,0.0000,0.0000,0.0013,0.0000,False,False,False,False,False,0.0000,False
1.2692,0.0000,0.0000,0.0007,0.0000,False,False,False,False,False,0.0000,False
1.3169,0.0000,0.0000,0.0004,0.0000,False,False,False,False,False,0.0000,False
1.3661,0.0000,0.0000,0.0001,0.0000,False,False,False,False,False,0.0000,False
1.4129,0.0000,0.0000,0.0001,0.0000,False,False,False,False,False,0.0000,False
1.4620,0.0000,0.0000,0.0001,0.0000,False,False,False,False,False,0.0000,False
1.5198,0.0000,0.0000,0.0001,0.0000,False,False,False,False,False,0.0000,False
1.5652,0.0000,0.0000,0.0001,0.0000,False,False,False,False,False,0.0000,False
1.6150,0.0000,0.0000,0.0001,0.0000,False,False,False,False,False,0.0000,False
1.6631,0.0000,0.0000,0.0000,0.0000,False,False,False,False,False,0.0000,False
1.7105,0.0000,0.0000,0.0000,0.0000,False,False,False,False,False,0.0000,False
1.7578,0.0000,0.0000,0.0000,0.0000,False,False,False,False,False,0.0000,False
1.8124,0.0000,0.0000,0.0000,0.0000,False,False,False,False,False,0.0000,False
1.8601,0.0000,0.0000,0.0000,0.0000,False,False,False,False,False,0.0000,False
1.9093,0.0000,0.0000,0.0000,0.0000,False,False,False,False,False,0.0000,False
1.9584,0.0000,0.0000,0.0000,0.0000,False,False,False,False,False,0.0000,False
2.0083,0.0000,0.0000,0.0000,0.0000,False,False,False,False,False,0.0000,False
2.0590,0.0000,0.0000,0.0000,0.0000,False,False,False,False,False,0.0000,False
2.1100,0.0000,0.0000,0.0000,0.0000,False,False,False,False,False,0.0000,False
2.1583,0.0000,0.0000,0.0000,0.0000,False,False,False,False,False,0.0000,False
2.2076,0.0000,0.0000,0.0000,0.0000,False,False,False,False,False,0.0000,False
2.2563,0.0000,0.0000,0.0000,0.0000,False,False,False,False,False,0.0000,False
2.3031,0.0000,0.0000,0.0000,0.0000,False,False,False,False,False,0.0000,False
2.3600,0.0000,0.0000,0.0000,0.0000,False,False,False,False,False,0.0000,False
2.4188,0.0000,0.0000,0.0001,0.0000,False,False,False,False,False,0.0000,False
2.4666,0.0000,0.0000,0.0000,0.0000,False,False,False,False,False,0.0000,False
2.5150,0.0000,0.0000,0.0000,0.0000,False,False,False,False,False,0.0000,False
2.5626,0.0000,0.0000,0.0000,0.0000,False,False,False,False,False,0.0000,False
2.6129,0.0000,0.0000,0.0000,0.0000,False,False,False,False,False,0.0000,False
2.6674,0.0000,0.0000,0.0000,0.0000,False,False,False,False,False,0.0000,False
2.7164,0.0000,0.0000,0.0000,0.0000,False,False,False,False,False,0.0000,False
2.7653,0.0000,0.0000,0.0000,0.0000,False,False,False,False,False,0.0000,False
2.8135,0.0000,0.0000,0.0000,0.0000,False,False,False,False,False,0.0000,False
2.8671,0.0000,0.0000,0.0000,0.0000,False,False,False,False,False,0.0000,False
2.9180,0.0000,0.0000,0.0000,0.0000,False,False,False,False,False,0.0000,False
2.9663,0.0000,0.0000,0.0000,0.0000,False,False,False,False,False,0.0000,False
3.0132,0.0000,0.0000,0.0000,0.0000,False,False,False,False,False,0.0000,False
3.0622,0.0000,0.0000,0.0000,0.0000,False,False,False,False,False,0.0000,False
3.1131,0.0000,0.0000,0.0000,0.0000,False,False,False,False,False,0.0000,False
3.1672,0.0000,0.0000,0.0000,0.0000,False,False,False,False,False,0.0000,False
3.2151,0.0000,0.0000,0.0000,0.0000,False,False,False,False,False,0.0000,False
3.2646,0.0000,0.0000,0.0000,0.0000,False,False,False,False,False,0.0000,False
3.3125,0.0000,0.0000,0.0000,0.0000,False,False,False,False,False,0.0000,False
3.3606,0.0000,0.0000,0.0000,0.0000,False,False,False,False,False,0.0000,False
3.4170,0.0000,0.0000,0.0000,0.0000,False,False,False,False,False,0.0000,False
3.4672,0.0000,0.0000,0.0000,0.0000,False,False,False,False,False,0.0000,False
3.5175,0.0000,0.0000,0.0000,0.0000,False,False,False,False,False,0.0000,False
3.5653,0.0000,0.0000,0.0000,0.0000,False,False,False,False,False,0.0000,False
3.6188,0.0000,0.0000,0.0000,0.0000,False,False,False,False,False,0.0000,False
3.6705,0.0000,0.0000,0.0000,0.0000,False,False,False,False,False,0.0000,False
3.7195,0.0000,0.0000,0.0000,0.0000,False,False,False,False,False,0.0000,False
3.7677,0.0000,0.0000,0.0000,0.0000,False,False,False,False,False,0.0000,False
3.8154,0.0000,0.0000,0.0000,0.0000,False,False,False,False,False,0.0000,False
3.8644,0.0000,0.0000,0.0000,0.0000,False,False,False,False,False,0.0000,False
3.9146,0.0000,0.0000,0.0000,0.0000,False,False,False,False,False,0.0000,False
3.9649,0.0000,0.0000,0.0000,0.0000,False,False,False,False,False,0.0000,False
4.0134,0.0000,0.0000,0.0000,0.0000,False,False,False,False,False,0.0000,False
4.0637,0.0000,0.0000,0.0000,0.0000,False,False,False,False,False,0.0000,False
4.1135,0.0000,0.0000,0.0000,0.0000,False,False,False,False,False,0.0000,False
4.1683,0.0000,0.0000,0.0000,0.0000,False,False,False,False,False,0.0000,False
4.2203,0.0000,0.0000,0.0000,0.0000,False,False,False,False,False,0.0000,False
4.2670,0.0000,0.0000,0.0000,0.0000,False,False,False,False,False,0.0000,False
4.3172,0.0000,0.0000,0.0000,0.0000,False,False,False,False,False,0.0000,False
4.3700,0.0000,0.0000,0.0000,0.0000,False,False,False,False,False,0.0000,False
4.4243,0.0000,0.0000,0.0000,0.0000,False,False,False,False,False,0.0000,False
4.4754,0.0000,0.0000,0.0000,0.0000,False,False,False,False,False,0.0000,False
4.5260,0.0000,0.0000,0.0000,0.0000,False,False,False,False,False,0.0000,False
4.5791,0.0000,0.0000,0.0000,0.0000,False,False,False,False,False,0.0000,False
4.6358,0.0000,0.0000,0.0000,0.0000,False,False,False,False,False,0.0000,False
4.6975,0.0000,0.0000,0.0000,0.0000,False,False,False,False,False,0.0000,False
4.7554,0.0000,0.0000,0.0000,0.0000,False,False,False,False,False,0.0000,False
4.8126,0.0000,0.0000,0.0000,0.0000,False,False,False,False,False,0.0000,False
4.8696,0.0000,0.0000,0.0000,0.0000,False,False,False,False,False,0.0000,False
4.9218,0.0000,0.0000,0.0000,0.0000,False,False,False,False,False,0.0000,False
4.9764,0.0000,0.0000,0.0000,0.0000,False,False,False,False,False,0.0000,False
5.0304,0.0000,0.0000,0.0000,0.0000,False,False,False,False,False,0.0000,False
5.0899,0.0000,0.0000,0.0000,0.0000,False,False,False,False,False,0.0000,False
5.1447,0.0000,0.0000,0.0000,0.0000,False,False,False,False,False,0.0000,False
5.2073,0.0000,0.0000,0.0000,0.0000,False,False,False,False,False,0.0000,False
5.2607,0.0000,0.0000,0.0000,0.0000,False,False,False,False,False,0.0000,False
5.3136,0.0000,0.0000,0.0000,0.0000,False,False,False,False,False,0.0000,False
5.3665,0.0000,0.0000,0.0000,0.0000,False,False,False,False,False,0.0000,False
5.4165,0.0000,0.0000,0.0000,0.0000,False,False,False,False,False,0.0000,False
5.4680,0.0000,0.0000,0.0000,0.0000,False,False,False,False,False,0.0000,False
5.5264,0.0000,0.0000,0.0000,0.0000,False,False,False,False,False,0.0000,False
5.5783,0.0000,0.0000,0.0000,0.0000,False,False,False,False,False,0.0000,False
5.6317,0.0000,0.0000,0.0000,0.0000,False,False,False,False,False,0.0000,False
5.6841,0.0000,0.0000,0.0000,0.0000,False,False,False,False,False,0.0000,False
5.7465,0.0000,0.0000,0.0000,0.0000,False,False,False,False,False,0.0000,False
5.8007,0.0000,0.0000,0.0000,0.0000,False,False,False,False,False,0.0000,False
5.8563,0.0000,0.0000,0.0000,0.0000,False,False,False,False,False,0.0000,False
5.9134,0.0000,0.0000,0.0000,0.0000,False,False,False,False,False,0.0000,False
5.9687,0.0000,0.0000,0.0000,0.0000,False,False,False,False,False,0.0000,False
6.0318,0.0000,0.0000,0.0000,0.0000,False,False,False,False,False,0.0000,False
6.0894,0.0000,0.0000,0.0000,0.0000,False,False,False,False,False,0.0000,False
6.1485,0.0000,0.0000,0.0000,0.0000,False,False,False,False,False,0.0000,False
6.2075,0.0000,0.0000,0.0000,0.0000,False,False,False,False,False,0.0000,False
6.2661,0.0000,0.0000,0.0000,0.0000,False,False,False,False,False,0.0000,False
6.3309,0.0000,0.0000,0.0000,0.0000,False,False,False,False,False,0.0000,False
6.3898,0.0000,0.0000,0.0000,0.0000,False,False,False,False,False,0.0000,False
6.4485,0.0000,0.0000,0.0000,0.0000,False,False,False,False,False,0.0000,False
6.5084,0.0000,0.0000,0.0000,0.0000,False,False,False,False,False,0.0000,False
6.5696,0.0000,0.0000,0.0000,0.0000,False,False,False,False,False,0.0000,False
6.6282,0.0000,0.0000,0.0000,0.0000,False,False,False,False,False,0.0000,False
6.6870,0.0000,0.0000,0.0000,0.0000,False,True,False,False,False,0.0000,False
6.7485,0.0000,0.0000,0.0000,0.0000,False,True,False,False,False,139.4076,False
6.8090,0.0000,0.0000,0.0000,0.0000,False,True,False,False,False,137.6553,False
6.8764,0.0000,0.0000,0.0000,0.0000,False,True,False,False,False,135.9203,False
6.9355,0.0000,0.0000,0.0000,0.0000,False,True,False,False,False,134.1377,False
6.9904,0.0000,0.0000,0.0000,0.0000,False,True,False,False,False,132.4129,False
7.0467,0.0000,0.0000,0.0000,0.0000,False,True,False,False,False,130.8875,False
7.1056,0.0000,0.0000,0.0000,0.0000,False,True,False,False,False,129.4279,False
7.1674,0.0000,0.0000,0.0000,0.0000,False,True,False,False,False,127.9425,False
7.2322,0.0000,0.0000,0.0000,0.0000,False,True,False,False,False,126.4113,False
7.2881,0.0000,0.0000,0.0000,0.0000,False,True,False,False,False,124.8311,False
7.3472,0.0000,0.0000,0.0000,0.0000,False,True,False,False,False,123.3308,False
7.4035,0.0000,0.0000,0.0000,0.0000,False,True,False,False,False,121.9395,False
7.4624,0.0000,0.0000,0.0000,0.0000,False,True,False,False,False,120.5512,False
7.5179,0.0000,0.0000,0.0000,0.0000,False,True,False,False,False,119.1914,False
7.5736,0.0000,0.0000,0.0000,0.0000,False,True,False,False,False,117.8455,False
7.6327,0.0000,0.0000,0.0000,0.0000,False,True,False,False,False,116.5571,False
7.6927,0.0000,0.0000,0.0000,0.0000,False,True,False,False,False,115.2481,False
7.7589,0.0000,0.0000,0.0000,0.0000,False,True,False,False,False,113.8989,False
7.8272,0.0000,0.0000,0.0000,0.0000,False,True,False,False,False,112.4968,False
7.8982,0.0000,0.0000,0.0000,0.0000,False,True,False,False,False,111.0057,False
7.9635,0.0000,0.0000,0.0000,0.0000,False,True,False,False,False,109.4778,False
8.0315,0.0000,0.0000,0.0000,0.0000,False,True,False,False,False,107.9737,False
8.0991,0.0000,0.0000,0.0000,0.0000,False,True,False,False,False,106.5383,False
8.1713,0.0000,0.0000,0.0000,0.0000,False,True,False,False,False,105.0802,False
8.2398,0.0000,0.0000,0.0000,0.0000,False,True,False,False,False,103.6044,False
8.3109,0.0000,0.0000,0.0000,0.0000,False,True,False,False,False,102.1036,False
8.3794,0.0000,0.0000,0.0000,0.0000,False,True,False,False,False,100.6445,False
8.4461,0.0000,0.0000,0.0000,0.0000,False,True,False,False,False,99.1769,False
8.5149,0.0000,0.0000,0.0000,0.0000,False,True,False,False,False,97.7655,False
8.5809,0.0000,0.0000,0.0000,0.0000,False,True,False,False,False,96.3715,False
8.6474,0.0000,0.0000,0.0000,0.0000,False,True,False,False,False,94.9744,False
8.7202,0.0000,0.0000,0.0000,0.0000,False,True,False,False,False,93.6189,False
8.7967,0.0000,0.0000,0.0000,0.0000,False,True,False,False,False,92.2203,False
8.8624,0.0000,0.0000,0.0000,0.0000,False,True,False,False,False,90.7176,False
8.9292,0.0000,0.0000,0.0000,0.0000,False,True,False,False,False,89.2378,False
8.9973,0.0000,0.0000,0.0000,0.0000,False,True,False,False,False,87.9054,False
9.0662,0.0000,0.0000,0.0000,0.0000,False,True,False,False,False,86.5545,False
9.1392,0.0000,0.0000,0.0000,0.0000,False,True,False,False,False,85.1848,False
9.2118,0.0000,0.0000,0.0000,0.0000,False,True,False,False,False,83.7821,False
9.2872,0.0000,0.0000,0.0000,0.0000,False,True,False,False,False,82.3286,False
9.3619,0.0000,0.0000,0.0000,0.0000,False,True,False,False,False,80.8668,False
9.4388,0.0000,0.0000,0.0000,0.0000,False,True,False,False,False,79.3755,False
9.5149,0.0000,0.0000,0.0000,0.0000,False,True,False,False,False,77.8843,False
9.5933,0.0000,0.0000,0.0000,0.0000,False,True,False,False,False,76.3697,False
9.6657,0.0000,0.0000,0.0000,0.0000,False,True,False,False,False,74.8553,False
9.7446,0.0000,0.0000,0.0000,0.0000,False,True,False,False,False,73.3491,False
9.8262,0.0000,0.0000,0.0000,0.0000,False,True,False,False,False,71.8884,False
9.9073,0.0000,0.0000,0.0000,0.0000,False,True,False,False,False,70.3251,False
9.9793,0.0000,0.0000,0.0000,0.0000,False,True,False,False,False,68.7310,False
10.0535,0.0000,0.0000,0.0000,0.0000,False,True,False,False,False,67.1975,False
10.1277,0.0000,0.0000,0.0000,0.0000,False,True,False,False,False,65.7787,False
10.2041,0.0000,0.0000,0.0000,0.0000,False,True,False,False,False,64.3319,False
10.2863,0.0000,0.0000,0.0000,0.0000,False,True,False,False,False,62.8743,False
10.3628,0.0000,0.0000,0.0000,0.0000,False,True,False,False,False,61.3547,False
10.4430,0.0000,0.0000,0.0000,0.0000,False,True,False,False,False,59.7886,False
10.5164,0.0000,0.0000,0.0000,0.0000,False,True,False,False,False,58.2791,False
10.5946,0.0000,0.0000,0.0000,0.0000,False,True,False,False,False,56.7583,False
10.6670,0.0000,0.0000,0.0000,0.0000,False,True,False,False,False,55.3057,False
10.7473,0.0000,0.0000,0.0000,0.0000,False,True,False,False,False,53.8226,False
10.8260,0.0000,0.0000,0.0000,0.0000,False,True,False,False,False,52.3749,False
10.9056,0.0000,0.0000,0.0000,0.0000,False,True,False,False,False,50.8290,False
10.9874,0.0000,0.0000,0.0000,0.0000,False,True,False,False,False,49.3015,False
11.0629,0.0000,0.0000,0.0000,0.0000,False,True,False,False,False,47.7523,False
11.1361,0.0000,0.0000,0.0000,0.0000,False,True,False,False,False,46.2085,False
11.2078,0.0000,0.0000,0.0000,0.0000,False,True,False,False,False,44.7667,False
11.2891,0.0000,0.0000,0.0000,0.0000,False,True,False,False,False,43.3672,False
11.3628,0.0000,0.0000,0.0000,0.0000,False,True,False,False,False,41.9411,False
11.4385,0.0000,0.0000,0.0000,0.0000,False,True,False,False,False,40.4304,False
11.5103,0.0000,0.0000,0.0000,0.0000,False,True,False,False,False,39.0169,False
11.5863,0.0000,0.0000,0.0000,0.0000,False,True,False,False,False,37.5857,False
11.6614,0.0000,0.0000,0.0000,0.0000,False,True,False,False,False,36.1736,False
11.7367,0.0000,0.0000,0.0000,0.0000,False,True,False,False,False,34.6969,False
11.8095,0.0000,0.0000,0.0000,0.0000,False,True,False,False,False,33.2226,False
11.8845,0.0000,0.0000,0.0000,0.0000,False,True,False,False,False,31.7519,False
11.9625,0.0000,0.0000,0.0000,0.0000,False,True,False,False,False,30.2961,False
12.0393,0.0000,0.0000,0.0000,0.0000,False,True,False,False,False,28.7946,False
12.1157,0.0000,0.0000,0.0000,0.0000,False,True,False,False,False,27.2744,False
12.1937,0.0000,0.0000,0.0000,0.0000,False,True,False,False,False,25.7785,False
12.2807,0.0000,0.0000,0.0000,0.0000,False,True,False,False,False,24.2824,False
12.3634,0.0000,0.0000,0.0000,0.0000,False,True,False,False,False,22.7167,False
12.4427,0.0000,0.0000,0.0000,0.0000,False,True,False,False,False,21.0564,False
12.5197,0.0000,0.0000,0.0000,0.0000,False,True,False,False,False,19.4851,False
12.5991,0.0000,0.0000,0.0000,0.0000,False,True,False,False,False,17.9901,False
12.6801,0.0000,0.0000,0.0000,0.0000,False,True,False,False,False,16.5473,False
12.7618,0.0000,0.0000,0.0000,0.0000,False,True,False,False,False,15.1208,False
12.8369,0.0000,0.0000,0.0000,0.0000,False,True,False,False,False,13.7158,False
12.9082,0.0000,0.0000,0.0000,0.0000,False,True,False,False,False,12.3781,False
12.9776,0.0000,0.0000,0.0000,0.0000,False,True,False,False,False,11.2085,False
13.0507,0.0000,0.0000,0.0000,0.0000,False,True,False,False,False,10.1807,False
13.1199,0.0000,0.0000,0.0000,0.0000,False,True,False,False,False,9.3021,False
13.1863,0.0000,0.0000,0.0000,0.0000,False,True,False,False,False,8.5552,False
13.2526,0.0000,0.0000,0.0000,0.0000,False,True,False,False,False,8.0323,False
13.3212,0.0000,0.0000,0.0000,0.0000,False,True,False,False,False,7.7235,False
13.3955,0.0000,0.0000,0.0000,0.0000,False,True,False,False,False,7.6396,False
13.4581,0.0000,0.0000,0.0000,0.0000,False,True,False,False,False,7.8150,False
13.5246,0.0000,0.0000,0.0000,0.0000,False,True,False,False,False,8.0726,False
13.5870,0.0000,0.0000,0.0000,0.0000,False,True,False,False,False,8.6042,False
13.6485,0.0000,0.0000,0.0000,0.0000,False,True,False,False,False,9.2175,False
13.7052,0.0000,0.0000,0.0000,0.0000,False,True,False,False,False,9.9331,False
13.7645,0.0000,0.0000,0.0000,0.0000,False,True,False,False,False,10.6747,False
13.8234,0.0000,0.0000,0.0000,0.0000,False,True,False,False,False,11.5015,False
13.8807,0.0000,0.0000,0.0000,0.0000,False,True,False,False,False,12.3810,False
13.9382,0.0000,0.0000,0.0000,0.0000,False,True,False,False,False,13.2828,False
13.9979,0.0000,0.0000,0.0000,0.0000,False,True,False,False,False,14.2133,False
14.0544,0.0000,0.0000,0.0000,0.0000,False,True,False,False,False,15.2001,False
14.1116,0.0000,0.0000,0.0000,0.0000,False,True,False,False,False,16.1852,False
14.1681,0.0000,0.0000,0.0000,0.0000,False,True,False,False,False,17.1843,False
14.2276,0.0000,0.0000,0.0000,0.0000,False,True,False,False,False,18.1971,False
14.2833,0.0000,0.0000,0.0000,0.0000,False,True,False,False,False,19.2599,False
14.3408,0.0000,0.0000,0.0000,0.0000,False,True,False,False,False,20.3092,False
14.3975,0.0000,0.0000,0.0000,0.0000,False,True,False,False,False,21.3676,False
14.4534,0.0000,0.0000,0.0000,0.0000,False,True,False,False,False,22.4416,False
14.5124,0.0000,0.0000,0.0000,0.0000,False,True,False,False,False,23.5128,False
14.5746,0.0000,0.0000,0.0000,0.0000,False,True,False,False,False,24.6266,False
14.6315,0.0000,0.0000,0.0000,0.0000,False,True,False,False,False,25.8125,False
14.6823,0.0000,0.0000,0.0000,0.0000,False,True,False,False,False,26.9676,False
14.7356,0.0000,0.0000,0.0000,0.0000,False,True,False,False,False,28.0148,False
14.7857,0.0000,0.0000,0.0000,0.0000,False,True,False,False,False,29.0552,False
14.8386,0.0000,0.0000,0.0000,0.0000,False,True,False,False,False,30.0824,False
14.8976,0.0000,0.0000,0.0000,0.0000,False,True,False,False,False,31.1271,False
14.9494,0.0000,0.0000,0.0000,0.0000,False,True,False,False,False,32.2773,False
15.0041,0.0000,0.0000,0.0000,0.0000,False,True,False,False,False,33.3910,False
15.0595,0.0000,0.0000,0.0000,0.0000,False,True,False,False,False,34.4940,False
15.1145,0.0000,0.0000,0.0000,0.0000,False,True,False,False,False,35.6358,False
15.1684,0.0000,0.0000,0.0000,0.0000,False,True,False,False,False,36.7852,False
15.2180,0.0000,0.0000,0.0000,0.0000,False,True,False,False,False,37.9243,False
15.2709,0.0000,0.0000,0.0000,0.0000,False,True,False,False,False,39.0049,False
15.3224,0.0000,0.0000,0.0000,0.0000,False,True,False,False,False,40.1013,False
15.3787,0.0000,0.0000,0.0000,0.0000,False,True,False,False,False,41.2133,False
15.4298,0.0000,0.0000,0.0000,0.0000,False,True,False,False,False,42.3837,False
15.4804,0.0000,0.0000,0.0000,0.0000,False,True,False,False,False,43.5256,False
15.5308,0.0000,0.0000,0.0000,0.0000,False,True,False,False,False,44.6201,False
15.5840,0.0000,0.0000,0.0000,0.0000,False,True,False,False,False,45.7071,False
15.6396,0.0000,0.0000,0.0000,0.0000,False,True,False,False,False,46.8311,False
15.6905,0.0000,0.0000,0.0000,0.0000,False,True,False,False,False,48.0091,False
15.7406,0.0000,0.0000,0.0000,0.0000,False,True,False,False,False,49.1434,False
15.7914,0.0000,0.0000,0.0000,0.0000,False,True,False,False,False,50.2332,False
15.8418,0.0000,0.0000,0.0000,0.0000,False,True,False,False,False,51.3273,False
15.8986,0.0000,0.0000,0.0000,0.0000,False,True,False,False,False,52.4228,False
15.9468,0.0000,0.0000,0.0000,0.0000,False,True,False,False,False,53.6009,False
15.9974,0.0000,0.0000,0.0000,0.0000,False,True,False,False,False,54.7159,False
16.0471,0.0000,0.0000,0.0000,0.0000,False,True,False,False,False,55.7923,False
16.0981,0.0000,0.0000,0.0000,0.0000,False,True,False,False,False,56.8753,False
16.1523,0.0000,0.0000,0.0000,0.0000,False,True,False,False,False,57.9698,False
16.2010,0.0000,0.0000,0.0000,0.0000,False,True,False,False,False,59.1181,False
16.2479,0.0000,0.0000,0.0001,0.0000,False,True,False,False,False,60.2187,False
16.2960,0.0000,0.0000,0.0001,0.0000,False,True,False,False,False,61.2517,False
16.3463,0.0000,0.0000,0.0000,0.0000,False,True,False,False,False,62.2896,False
16.3992,0.0000,0.0000,0.0000,0.0000,False,True,False,False,False,63.3661,False
16.4476,0.0000,0.0000,0.0000,0.0000,False,True,False,False,False,64.4972,False
16.4968,0.0000,0.0000,0.0000,0.0000,False,True,False,False,False,65.5884,False
16.5454,0.0000,0.0000,0.0000,0.0000,False,True,False,False,False,66.6533,False
16.5933,0.0000,0.0000,0.0000,0.0000,False,True,False,False,False,67.7175,False
16.6432,0.0000,0.0000,0.0000,0.0000,False,True,False,False,False,68.7671,False
16.6905,0.0000,0.0000,0.0000,0.0000,False,True,False,False,False,69.8378,False
16.7368,0.0000,0.0000,0.0000,0.0000,False,True,False,False,False,70.8902,False
16.7843,0.0000,0.0000,0.0000,0.0000,False,True,False,False,False,71.9075,False
16.8301,0.0000,0.0000,0.0000,0.0000,False,True,False,False,False,72.9319,False
16.8812,0.0000,0.0000,0.0000,0.0000,False,True,False,False,False,73.9436,False
16.9293,0.0000,0.0000,0.0001,0.0000,False,True,False,False,False,75.0130,False
16.9758,0.0000,0.0000,0.0000,0.0000,False,True,False,False,False,76.0865,False
17.0230,0.0000,0.0000,0.0000,0.0000,False,True,False,False,False,77.1142,False
17.0695,0.0000,0.0000,0.0000,0.0000,False,True,False,False,False,78.1370,False
17.1206,0.0000,0.0000,0.0000,0.0000,False,True,False,False,False,79.1513,False
17.1671,0.0000,0.0000,0.0001,0.0000,False,True,False,False,False,80.2205,False
17.2145,0.0000,0.0000,0.0000,0.0000,False,True,False,False,False,81.2672,False
17.2619,0.0000,0.0000,0.0000,0.0000,False,True,False,False,False,82.2884,False
17.3148,0.0000,0.0000,0.0000,0.0000,False,True,False,False,False,83.3166,False
17.3614,0.0000,0.0000,0.0000,0.0000,False,True,False,False,False,84.4175,False
17.4088,0.0000,0.0000,0.0000,0.0000,False,True,False,False,False,85.4811,False
17.4541,0.0000,0.0000,0.0000,0.0000,False,True,False,False,False,86.5021,False
17.5017,0.0000,0.0000,0.0000,0.0000,False,True,False,False,False,87.5034,False
17.5485,0.0000,0.0000,0.0000,0.0000,False,True,False,False,False,88.5173,False
17.5987,0.0000,0.0000,0.0000,0.0000,False,True,False,False,False,89.5390,False
17.6428,0.0000,0.0000,0.0000,0.0000,False,True,False,False,False,90.5989,False
17.6886,0.0000,0.0000,0.0000,0.0000,False,True,False,False,False,91.6079,False
17.7349,0.0000,0.0000,0.0000,0.0000,False,True,False,False,False,92.5871,False
17.7807,0.0000,0.0000,0.0000,0.0000,False,True,False,False,False,93.5869,False
17.8335,0.0000,0.0000,0.0000,0.0000,False,True,False,False,False,94.5842,False
17.8814,0.0000,0.0000,0.0000,0.0000,False,True,False,False,False,95.6700,False
17.9274,0.0000,0.0000,0.0000,0.0000,False,True,False,False,False,96.7515,False
17.9729,0.0000,0.0000,0.0000,0.0000,False,True,False,False,False,97.7662,False
18.0231,0.0000,0.0000,0.0000,0.0000,False,True,False,False,False,98.7576,False
18.0683,0.0000,0.0000,0.0000,0.0000,False,True,False,False,False,99.8061,False
18.1131,0.0000,0.0000,0.0000,0.0000,False,True,False,False,False,100.8295,False
18.1593,0.0000,0.0000,0.0000,0.0000,False,True,False,False,False,101.8051,False
18.2041,0.0000,0.0000,0.0000,0.0000,False,True,False,False,False,102.7952,False
18.2490,0.0000,0.0000,0.0000,0.0000,False,True,False,False,False,103.7795,False
18.2982,0.0000,0.0000,0.0000,0.0000,False,True,False,False,False,104.7534,False
18.3426,0.0000,0.0000,0.0000,0.0000,False,True,False,False,False,105.7844,False
18.3862,0.0000,0.0000,0.0000,0.0000,False,True,False,False,False,106.7880,False
18.4319,0.0000,0.0000,0.0000,0.0000,False,True,False,False,False,107.7411,False
18.4789,0.0000,0.0000,0.0000,0.0000,False,True,False,False,False,108.7151,False
18.5272,0.0000,0.0000,0.0000,0.0000,False,True,False,False,False,109.7235,False
18.5710,0.0000,0.0000,0.0000,0.0000,False,True,False,False,False,110.7603,False
18.6149,0.0000,0.0000,0.0000,0.0000,False,True,False,False,False,111.7489,False
18.6586,0.0000,0.0000,0.0000,0.0000,False,True,False,False,False,112.7005,False
18.7047,0.0000,0.0000,0.0000,0.0000,False,True,False,False,False,113.6506,False
18.7530,0.0000,0.0000,0.0000,0.0000,False,True,False,False,False,114.6310,False
18.7986,0.0000,0.0000,0.0000,0.0000,False,True,False,False,False,115.6585,False
18.8455,0.0000,0.0000,0.0000,0.0000,False,True,False,False,False,116.6672,False
18.8883,0.0000,0.0000,0.0000,0.0000,False,True,False,False,False,117.6696,False
18.9319,0.0000,0.0000,0.0000,0.0000,False,True,False,False,False,118.6302,False
18.9813,0.0000,0.0000,0.0000,0.0000,False,True,False,False,False,119.5659,False
19.0281,0.0000,0.0000,0.0000,0.0000,False,True,False,False,False,120.5848,False
19.0716,0.0000,0.0000,0.0000,0.0000,False,True,False,False,False,121.6195,False
19.1179,0.0000,0.0000,0.0000,0.0000,False,True,False,False,False,122.5896,False
19.1623,0.0000,0.0000,0.0000,0.0000,False,True,False,False,False,123.5683,False
19.2118,0.0000,0.0000,0.0000,0.0000,False,True,False,False,False,124.5451,False
19.2578,0.0000,0.0000,0.0000,0.0000,False,True,False,False,False,125.5715,False
19.3012,0.0000,0.0000,0.0000,0.0000,False,True,False,False,False,126.5977,False
19.3453,0.0000,0.0000,0.0000,0.0000,False,True,False,False,False,127.5601,False
19.3885,0.0000,0.0000,0.0000,0.0000,False,True,False,False,False,128.5077,False
19.4382,0.0000,0.0000,0.0000,0.0000,False,True,False,False,False,129.4499,False
19.4952,0.0000,0.0000,0.0000,0.0000,False,True,False,False,False,130.4698,False
19.5378,0.0000,0.0000,0.0000,0.0000,False,True,False,False,False,131.6401,False
19.5839,0.0000,0.0000,0.0000,0.0000,False,True,False,False,False,132.6871,False
19.6277,0.0000,0.0000,0.0000,0.0000,False,True,False,False,False,133.6582,False
19.6690,0.0000,0.0000,0.0000,0.0000,False,True,False,False,False,134.6293,False
19.7221,0.0000,0.0000,0.0000,0.0000,False,True,False,False,False,135.5475,False
19.7667,0.0000,0.0000,0.0000,0.0000,False,True,False,False,False,136.5980,False
19.8110,0.0000,0.0000,0.0000,0.0000,False,True,False,False,False,137.6403,False
19.8542,0.0000,0.0000,0.0000,0.0000,False,True,False,False,False,138.6044,False
19.8965,0.0000,0.0000,0.0000,0.0000,False,True,False,False,False,139.5523,False
19.9462,0.0000,0.0000,0.0000,0.0000,False,True,False,False,False,140.4789,False
19.9898,0.0000,0.0000,0.0000,0.0000,False,True,False,False,False,141.4938,False
20.0332,0.0000,0.0000,0.0000,0.0000,False,True,False,False,False,142.4927,False
20.0773,0.0000,0.0000,0.0000,0.0000,False,True,False,False,False,143.4371,False
20.1206,0.0000,0.0000,0.0000,0.0000,False,True,False,False,False,144.3885,False
20.1677,0.0000,0.0000,0.0000,0.0000,False,True,False,False,False,145.3356,False
20.2107,0.0000,0.0000,0.0000,0.0000,False,True,False,False,False,146.3249,False
20.2557,0.0000,0.0000,0.0000,0.0000,False,True,False,False,False,147.2940,False
20.2968,0.0000,0.0000,0.0000,0.0000,False,True,False,False,False,148.2511,False
20.3431,0.0000,0.0000,0.0000,0.0000,False,True,False,False,False,149.1736,False
20.3926,0.0000,0.0000,0.0000,0.0000,False,True,False,False,False,150.1303,False
20.4380,0.0000,0.0000,0.0000,0.0000,False,True,False,False,False,151.1741,False
20.4816,0.0000,0.0000,0.0000,0.0000,False,True,False,False,False,152.1932,False
20.5317,0.0000,0.0000,0.0000,0.0000,False,True,False,False,False,153.1534,False
20.5855,0.0000,0.0000,0.0000,0.0000,False,True,False,False,False,154.1822,False
20.6376,0.0000,0.0000,0.0000,0.0000,False,True,False,False,False,155.3148,False
20.6862,0.0000,0.0000,0.0000,0.0000,False,True,False,False,False,156.4577,False
20.7346,0.0000,0.0000,0.0000,0.0000,False,True,False,False,False,157.5402,False
20.7822,0.0000,0.0000,0.0000,0.0000,False,True,False,False,False,158.5895,False
20.8300,0.0000,0.0000,0.0000,0.0000,False,True,False,False,False,159.6273,False
20.8806,0.0000,0.0000,0.0000,0.0000,False,True,False,False,False,160.6604,False
20.9286,0.0000,0.0000,0.0000,0.0000,False,True,False,False,False,161.7317,False
20.9761,0.0000,0.0000,0.0000,0.0000,False,True,False,False,False,162.7929,False
21.0253,0.0000,0.0000,0.0000,0.0000,False,True,False,False,False,163.8254,False
21.0795,0.0000,0.0000,0.0000,0.0000,False,True,False,False,False,164.8758,False
21.1272,0.0000,0.0000,0.0000,0.0000,False,True,False,False,False,166.0056,False
21.1762,0.0000,0.0000,0.0000,0.0000,False,True,False,False,False,167.0949,False
21.2260,0.0000,0.0000,0.0000,0.0000,False,True,False,False,False,168.1460,False
21.2781,0.0000,0.0000,0.0000,0.0000,False,True,False,False,False,169.2222,False
21.3296,0.0000,0.0000,0.0000,0.0000,False,True,False,False,False,170.3344,False
21.3767,0.0000,0.0000,0.0000,0.0000,False,True,False,False,False,171.4582,False
21.4211,0.0000,0.0000,0.0000,0.0000,False,True,False,False,False,172.5202,False
21.4690,0.0000,0.0000,0.0000,0.0000,False,True,False,False,False,173.5085,False
21.5153,0.0000,0.0000,0.0000,0.0000,False,True,False,False,False,174.5192,False
21.5625,0.0000,0.0000,0.0000,0.0000,False,True,False,False,False,175.5392,False
21.6126,0.0000,0.0000,0.0000,0.0000,False,True,False,False,False,176.5563,False
21.6600,0.0000,0.0000,0.0000,0.0000,False,True,False,False,False,177.6194,False
21.7043,0.0000,0.0000,0.0000,0.0000,False,True,False,False,False,178.6726,False
21.7523,0.0000,0.0000,0.0000,0.0000,False,True,False,False,False,179.6630,False
21.8048,0.0000,0.0000,0.0000,0.0000,False,True,False,False,False,180.6743,False
21.8525,0.0000,0.0000,0.0000,0.0000,False,True,False,False,False,181.7753,False
21.8957,0.0000,0.0000,0.0000,0.0000,False,True,False,False,False,182.8531,False
21.9408,0.0000,0.0000,0.0000,0.0000,False,True,False,False,False,183.8317,False
21.9874,0.0000,0.0000,0.0000,0.0000,False,True,False,False,False,184.7954,False
22.0351,0.0000,0.0000,0.0000,0.0000,False,True,False,False,False,185.7943,False
22.0799,0.0000,0.0000,0.0000,0.0000,False,True,False,False,False,186.8206,False
22.1263,0.0000,0.0000,0.0000,0.0000,False,True,False,False,False,187.8195,False
22.1717,0.0000,0.0000,0.0000,0.0000,False,True,False,False,False,188.8141,False
22.2160,0.0000,0.0000,0.0000,0.0000,False,True,False,False,False,189.8088,False
22.2664,0.0000,0.0000,0.0000,0.0000,False,True,False,False,False,190.7818,False
22.3119,0.0000,0.0000,0.0000,0.0000,False,True,False,False,False,191.8241,False
22.3570,0.0000,0.0000,0.0000,0.0000,False,True,False,False,False,192.8550,False
22.4024,0.0000,0.0000,0.0000,0.0000,False,True,False,False,False,193.8389,False
22.4477,0.0000,0.0000,0.0000,0.0000,False,True,False,False,False,194.8233,False
22.4913,0.0000,0.0000,0.0000,0.0000,False,True,False,False,False,195.8084,False
22.5435,0.0000,0.0000,0.0000,0.0000,False,True,False,False,False,196.7698,False
22.5907,0.0000,0.0000,0.0000,0.0000,False,True,False,False,False,197.8290,False
22.6365,0.0000,0.0000,0.0000,0.0000,False,True,False,False,False,198.8983,False
22.6824,0.0000,0.0000,0.0000,0.0000,False,True,False,False,False,199.9064,False
22.7330,0.0000,0.0000,0.0000,0.0000,False,True,False,False,False,200.9028,False
22.7798,0.0000,0.0000,0.0000,0.0000,False,True,False,False,False,201.9611,False
22.8281,0.0000,0.0000,0.0000,0.0000,False,True,False,False,False,203.0119,False
22.8749,0.0000,0.0000,0.0000,0.0000,False,True,False,False,False,204.0483,False
22.9223,0.0000,0.0000,0.0000,0.0000,False,True,False,False,False,205.0779,False
22.9732,0.0000,0.0000,0.0000,0.0000,False,True,False,False,False,206.1026,False
23.0204,0.0000,0.0000,0.0000,0.0000,False,True,False,False,False,207.1784,False
23.0674,0.0000,0.0000,0.0000,0.0000,False,True,False,False,False,208.2358,False
23.1121,0.0000,0.0000,0.0000,0.0000,False,True,False,False,False,209.2590,False
23.1572,0.0000,0.0000,0.0000,0.0000,False,True,False,False,False,210.2511,False
23.2025,0.0000,0.0000,0.0000,0.0000,False,True,False,False,False,211.2272,False
23.2516,0.0000,0.0000,0.0000,0.0000,False,True,False,False,False,212.2103,False
23.2972,0.0000,0.0000,0.0000,0.0000,False,True,False,False,False,213.2447,False
23.3433,0.0000,0.0000,0.0000,0.0000,False,True,False,False,False,214.2653,False
23.3926,0.0000,0.0000,0.0000,0.0000,False,True,False,False,False,215.2627,False
23.4426,0.0000,0.0000,0.0000,0.0000,False,True,False,False,False,216.3067,False
23.4913,0.0000,0.0000,0.0000,0.0000,False,True,False,False,False,217.3865,False
23.5407,0.0000,0.0000,0.0000,0.0000,False,True,False,False,False,218.4552,False
23.5856,0.0000,0.0000,0.0000,0.0000,False,True,False,False,False,219.5225,False
23.6322,0.0000,0.0000,0.0000,0.0000,False,True,False,False,False,220.5384,False
23.6832,0.0000,0.0000,0.0000,0.0000,False,True,False,False,False,221.5359,False
23.7324,0.0000,0.0000,0.0000,0.0000,False,True,False,False,False,222.6048,False
23.7795,0.0000,0.0000,0.0000,0.0000,False,True,False,False,False,223.6864,False
23.8267,0.0000,0.0000,0.0000,0.0000,False,True,False,False,False,224.7246,False
23.8743,0.0000,0.0000,0.0000,0.0000,False,True,False,False,False,225.7466,False
23.9195,0.0000,0.0000,0.0000,0.0000,False,True,False,False,False,226.7737,False
23.9725,0.0000,0.0000,0.0000,0.0000,False,True,False,False,False,227.7733,False
24.0198,0.0000,0.0000,0.0000,0.0000,False,True,False,False,False,228.8537,False
24.0672,0.0000,0.0000,0.0000,0.0000,False,True,False,False,False,229.9293,False
24.1179,0.0000,0.0000,0.0000,0.0000,False,True,False,False,False,230.9557,False
24.1711,0.1835,0.0000,0.0000,0.0000,False,True,False,False,False,232.0246,False
24.2288,0.3992,0.0000,0.0000,0.0000,False,True,False,False,False,233.1542,False
24.2795,0.4286,0.0000,0.0000,0.0000,False,True,False,False,False,234.3644,False
24.3274,0.4580,0.0000,0.0000,0.0000,False,True,False,False,False,235.5251,False
24.3766,0.5000,0.0000,0.0000,0.0000,False,True,False,False,False,236.5880,False
24.4242,0.5616,0.0000,0.0000,0.0000,False,True,False,False,False,237.6420,False
24.4723,0.6351,0.0000,0.0000,0.0000,False,True,False,False,False,238.6867,False
24.5233,0.6449,0.0000,0.0000,0.0000,False,True,False,False,False,239.7245,False
24.5702,0.6449,0.0000,0.0000,0.0000,False,True,False,False,False,240.8036,False
24.6169,0.6449,0.0000,0.0000,0.0000,False,True,False,False,False,241.8553,False
24.6648,0.6449,0.0000,0.0000,0.0000,False,True,False,False,False,242.8702,False
24.7119,0.6449,0.0000,0.0000,0.0000,False,True,False,False,False,243.9016,False
24.7644,0.6449,0.0000,0.0000,0.0000,False,True,False,False,False,244.9335,False
24.8155,0.6449,0.0000,0.0000,0.0000,False,True,False,False,False,246.0283,False
24.8693,0.6449,0.0000,0.0000,0.0000,False,True,False,False,False,247.1514,False
24.9219,0.6449,0.0000,0.0000,0.0000,False,True,False,False,False,248.2982,False
24.9782,0.6400,0.0000,0.0000,0.0000,False,True,False,False,False,249.4528,False
25.0321,0.6400,0.0000,0.0000,0.0000,False,True,False,False,False,250.6456,False
25.0827,0.6400,0.0000,0.0000,0.0000,False,True,False,False,False,251.8400,False
25.1318,0.6400,0.0000,0.0000,0.0000,False,True,False,False,False,252.9698,False
25.1795,0.6400,0.0000,0.0000,0.0000,False,True,False,False,False,254.0503,False
25.2322,0.6498,0.0000,0.0000,0.0000,False,True,False,False,False,255.0992,False
25.2846,0.6498,0.0000,0.0000,0.0000,False,True,False,False,False,256.2019,False
25.3360,0.6498,0.0000,0.0000,0.0000,False,True,False,False,False,257.3452,False
25.3875,0.6498,0.0000,0.0000,0.0000,False,True,False,False,False,258.4726,False
25.4372,0.6498,0.0000,0.0000,0.0000,False,True,False,False,False,259.5921,False
25.4831,0.6498,0.0000,0.0000,0.0000,False,True,False,False,False,260.6892,False
25.5333,0.6498,0.0000,0.0000,0.0000,False,True,False,False,False,261.7209,False
25.5801,0.6498,0.0000,0.0000,0.0000,False,True,False,False,False,262.7753,False
25.6276,0.6498,0.0000,0.0000,0.0000,False,True,False,False,False,263.8232,False
25.6762,0.6498,0.0000,0.0000,0.0000,False,True,False,False,False,264.8499,False
25.7260,0.6498,0.0000,0.0000,0.0000,False,True,False,False,False,265.8971,False
25.7723,0.6498,0.0000,0.0000,0.0000,False,True,False,False,False,266.9637,False
25.8195,0.6498,0.0000,0.0000,0.0000,False,True,False,False,False,267.9951,False
25.8758,0.6498,0.0000,0.0000,0.0000,False,True,False,False,False,269.0083,False
25.9256,0.6498,0.0000,0.0000,0.0000,False,True,False,False,False,270.1461,False
25.9794,0.6498,0.0000,0.0000,0.0000,False,True,False,False,False,271.2801,False
26.0282,0.6498,0.0000,0.0000,0.0000,False,True,False,False,False,272.4097,False
26.0787,0.6498,0.0000,0.0000,0.0000,False,True,False,False,False,273.5097,False
26.1297,0.6547,0.0000,0.0000,0.0000,False,True,False,False,False,274.5869,False
26.1815,0.6547,0.0000,0.0000,0.0000,False,True,False,False,False,275.6851,False
26.2412,0.6547,0.0000,0.0000,0.0000,False,True,False,False,False,276.7982,False
26.2928,0.6547,0.0000,0.0000,0.0000,False,True,False,False,False,278.0209,False
26.3505,0.6547,0.0000,0.0000,0.0000,False,True,False,False,False,279.2086,False
26.4065,0.6547,0.0000,0.0000,0.0000,False,True,False,False,False,280.4029,False
26.4600,0.6547,0.0000,0.0000,0.0000,False,True,False,False,False,281.6288,False
26.5151,0.6547,0.0000,0.0000,0.0000,False,True,False,False,False,282.8080,False
26.5674,0.6547,0.0000,0.0000,0.0000,False,True,False,False,False,283.9861,False
26.6200,0.6547,0.0000,0.0000,0.0000,False,True,False,False,False,285.1418,False
26.6717,0.6547,0.0000,0.0000,0.0000,False,True,False,False,False,286.2767,False
26.7235,0.6547,0.0000,0.0000,0.0000,False,True,False,False,False,287.4024,False
26.7850,0.6547,0.0000,0.0000,0.0000,False,False,True,False,False,287.4024,False
26.8451,0.6547,0.0000,0.0000,0.0000,False,False,True,False,False,134.0337,False
26.9005,0.6547,0.0000,0.0000,0.0000,False,False,True,False,False,132.1992,False
26.9521,0.6547,0.0000,0.0000,0.0000,False,False,True,False,False,130.5526,False
27.0024,0.6547,0.0000,0.0000,0.0000,False,False,True,False,False,129.0475,False
27.0562,0.6547,0.0000,0.0000,0.0000,False,False,True,False,False,127.6115,False
27.1031,0.6547,0.0000,0.0000,0.0000,False,False,True,False,False,126.1015,False
27.1514,0.6547,0.0000,0.0000,0.0000,False,False,True,False,False,124.8092,False
27.1993,0.6547,0.0000,0.0000,0.0000,False,False,True,False,False,123.4989,False
27.2539,0.6547,0.0000,0.0000,0.0000,False,False,True,False,False,122.2164,False
27.3057,0.6547,0.0000,0.0000,0.0000,False,False,True,False,False,120.7792,False
27.3611,0.6547,0.0000,0.0000,0.0000,False,False,True,False,False,119.4365,False
27.4139,0.6547,0.0000,0.0000,0.0000,False,False,True,False,False,118.0214,False
27.4675,0.6547,0.0000,0.0000,0.0000,False,False,True,False,False,116.6925,False
27.5277,0.6547,0.0000,0.0000,0.0000,False,False,True,False,False,115.3630,False
27.5801,0.6547,0.0000,0.0000,0.0000,False,False,True,False,False,113.8872,False
27.6336,0.6547,0.0000,0.0000,0.0000,False,False,True,False,False,112.6204,False
27.6845,0.6547,0.0000,0.0000,0.0000,False,False,True,False,False,111.3430,False
27.7365,0.6498,0.0000,0.0000,0.0000,False,False,True,False,False,110.1395,False
27.7882,0.6596,0.0000,0.0000,0.0000,False,False,True,False,False,108.9244,False
27.8501,0.6596,0.0000,0.0000,0.0000,False,False,True,False,False,107.7259,False
27.9050,0.6596,0.0000,0.0000,0.0000,False,False,True,False,False,106.3069,False
27.9604,0.6596,0.0000,0.0000,0.0000,False,False,True,False,False,105.0610,False
28.0141,0.6596,0.0000,0.0000,0.0000,False,False,True,False,False,103.8137,False
28.0707,0.6596,0.0000,0.0000,0.0000,False,False,True,False,False,102.6168,False
28.1268,0.6596,0.0000,0.0000,0.0000,False,False,True,False,False,101.3650,False
28.1806,0.6596,0.0000,0.0000,0.0000,False,False,True,False,False,100.1331,False
28.2329,0.6596,0.0000,0.0000,0.0000,False,False,True,False,False,98.9606,False
28.2869,0.6596,0.0000,0.0000,0.0000,False,False,True,False,False,97.8283,False
28.3461,0.6596,0.0000,0.0000,0.0000,False,False,True,False,False,96.6656,False
28.4018,0.6596,0.0000,0.0000,0.0000,False,False,True,False,False,95.4005,False
28.4570,0.6596,0.0000,0.0000,0.0000,False,False,True,False,False,94.2171,False
28.5128,0.6596,0.0000,0.0000,0.0000,False,False,True,False,False,93.0490,False
28.5648,0.6547,0.0000,0.0000,0.0000,False,False,True,False,False,91.8778,False
28.6232,0.6547,0.0000,0.0000,0.0000,False,False,True,False,False,90.7888,False
28.6775,0.6547,0.0000,0.0000,0.0000,False,False,True,False,False,89.5734,False
28.7311,0.6547,0.0000,0.0000,0.0000,False,False,True,False,False,88.4464,False
28.7863,0.6547,0.0000,0.0000,0.0000,False,False,True,False,False,87.3411,False
28.8516,0.6547,0.0000,0.0000,0.0000,False,False,True,False,False,86.2044,False
28.9092,0.6547,0.0000,0.0000,0.0000,False,False,True,False,False,84.8665,False
28.9689,0.6547,0.0000,0.0000,0.0000,False,False,True,False,False,83.6921,False
29.0300,0.6547,0.0000,0.0000,0.0000,False,False,True,False,False,82.4767,False
29.0881,0.6547,0.0000,0.0000,0.0000,False,False,True,False,False,81.2381,False
29.1504,0.6694,0.0000,0.0000,0.0000,False,False,True,False,False,80.0644,False
29.2114,0.6743,0.0000,0.0000,0.0000,False,False,True,False,False,78.8089,False
29.2721,0.6743,0.0000,0.0000,0.0000,False,False,True,False,False,77.5834,False
29.3318,0.6694,0.0000,0.0000,0.0000,False,False,True,False,False,76.3680,False
29.3955,0.6694,0.0000,0.0000,0.0000,False,False,True,False,False,75.1744,False
29.4663,0.6694,0.0000,0.0000,0.0000,False,False,True,False,False,73.9028,False
29.5359,0.6694,0.0000,0.0000,0.0000,False,False,True,False,False,72.4940,False
29.5967,0.6694,0.0000,0.0000,0.0000,False,False,True,False,False,71.1125,False
29.6594,0.6743,0.0000,0.0000,0.0000,False,False,True,False,False,69.9082,False
29.7221,0.6694,0.0000,0.0000,0.0000,False,False,True,False,False,68.6680,False
29.7839,0.6743,0.0000,0.0000,0.0000,False,False,True,False,False,67.4287,False
29.8521,0.6743,0.0000,0.0000,0.0000,False,False,True,False,False,66.2120,False
29.9255,0.6743,0.0000,0.0000,0.0000,False,False,True,False,False,64.8679,False
29.9909,0.6743,0.0000,0.0000,0.0000,False,False,True,False,False,63.4263,False
30.0568,0.6743,0.0000,0.0000,0.0000,False,False,True,False,False,62.1440,False
30.1295,0.6743,0.0000,0.0000,0.0000,False,False,True,False,False,60.8410,False
30.2022,0.6694,0.0000,0.0000,0.0000,False,False,True,False,False,59.3915,False
30.2681,0.6694,0.0000,0.0000,0.0000,False,False,True,False,False,57.9305,False
30.3379,0.6694,0.0000,0.0000,0.0000,False,False,True,False,False,56.5928,False
30.4089,0.6694,0.0000,0.0000,0.0000,False,False,True,False,False,55.1664,False
30.4829,0.6694,0.0000,0.0000,0.0000,False,False,True,False,False,53.7033,False
30.5505,0.6694,0.0000,0.0000,0.0000,False,False,True,False,False,52.1651,False
30.6189,0.6694,0.0000,0.0000,0.0000,False,False,True,False,False,50.7465,False
30.6885,0.6694,0.0000,0.0000,0.0000,False,False,True,False,False,49.3010,False
30.7574,0.6694,0.0000,0.0000,0.0000,False,False,True,False,False,47.8186,False
30.8297,0.6694,0.0000,0.0000,0.0000,False,False,True,False,False,46.3411,False
30.9035,0.6694,0.0000,0.0000,0.0000,False,False,True,False,False,44.7788,False
30.9737,0.6694,0.0000,0.0000,0.0000,False,False,True,False,False,43.1731,False
31.0421,0.6694,0.0000,0.0000,0.0000,False,False,True,False,False,41.6340,False
31.1162,0.6694,0.0000,0.0000,0.0000,False,False,True,False,False,40.1218,False
31.1842,0.6694,0.0000,0.0000,0.0000,False,False,True,False,False,38.4742,False
31.2526,0.6694,0.0000,0.0000,0.0000,False,False,True,False,False,36.9506,False
31.3233,0.6694,0.0000,0.0000,0.0000,False,False,True,False,False,35.4063,False
31.4017,0.6694,0.0000,0.0000,0.0000,False,False,True,False,False,33.8024,False
31.4831,0.6694,0.0000,0.0000,0.0000,False,False,True,False,False,32.0098,False
31.5559,0.6694,0.0000,0.0000,0.0000,False,False,True,False,False,30.1341,False
31.6249,0.6694,0.0000,0.0000,0.0000,False,False,True,False,False,28.4454,False
31.6971,0.6694,0.0000,0.0000,0.0000,False,False,True,False,False,26.8355,False
31.7777,0.6694,0.0000,0.0000,0.0000,False,False,True,False,False,25.1271,False
31.8530,0.6694,0.0000,0.0000,0.0000,False,False,True,False,False,23.1982,False
31.9348,0.6694,0.0000,0.0000,0.0000,False,False,True,False,False,21.3771,False
32.0135,0.6694,0.0000,0.0000,0.0000,False,False,True,False,False,19.3831,False
32.0866,0.6694,0.0000,0.0000,0.0000,False,False,True,False,False,17.4380,False
32.1641,0.6694,0.0000,0.0000,0.0000,False,False,True,False,False,15.6267,False
32.2376,0.6694,0.0000,0.0000,0.0000,False,False,True,False,False,13.6989,False
32.3120,0.6694,0.0000,0.0000,0.0000,False,False,True,False,False,11.8682,False
32.3875,0.6694,0.0000,0.0000,0.0000,False,False,True,False,False,10.0117,False
32.4617,0.6694,0.0000,0.0000,0.0000,False,False,True,False,False,8.1287,False
32.5381,0.6694,0.0000,0.0000,0.0000,False,False,True,False,False,6.2801,False
32.6103,0.6694,0.0000,0.0000,0.0000,False,False,True,False,False,4.3832,False
32.6782,0.6694,0.0000,0.0000,0.0000,False,False,True,False,False,2.5931,False
32.7477,0.6302,0.0000,0.0000,0.0000,False,False,True,False,False,0.9182,False
32.8215,0.5000,0.0000,0.0000,0.0000,False,False,True,False,False,0.7924,False
32.8942,0.4335,0.0000,0.0000,0.0000,False,False,True,False,False,2.5859,False
32.9611,0.4433,0.0000,0.0000,0.0000,False,False,True,False,False,4.3446,False
33.0329,0.3894,0.0000,0.0000,0.0000,False,False,True,False,False,5.9543,False
33.1039,0.5000,0.0000,0.0000,0.0000,False,False,True,False,False,7.6744,False
33.1746,0.6694,0.0000,0.0000,0.0000,False,False,True,False,False,9.3714,False
33.2381,0.6988,0.0000,0.0000,0.0000,False,False,True,False,False,11.0590,False
33.2977,0.6694,0.0000,0.0000,0.0000,False,False,True,False,False,12.5758,False
33.3628,0.6694,0.0000,0.0000,0.0000,False,False,True,False,False,13.9845,False
33.4268,0.6694,0.0000,0.0000,0.0000,False,False,True,False,False,15.5113,False
33.4909,0.6743,0.0000,0.0000,0.0000,False,False,True,False,False,17.0103,False
33.5489,0.6743,0.0000,0.0000,0.0000,False,False,True,False,False,18.5120,False
33.6124,0.6841,0.0000,0.0000,0.0000,False,False,True,False,False,19.8738,False
33.6685,0.6890,0.0000,0.0000,0.0000,False,False,True,False,False,21.3650,False
33.7216,0.6890,0.0000,0.0000,0.0000,False,False,True,False,False,22.6845,False
33.7783,0.6890,0.0000,0.0000,0.0000,False,False,True,False,False,23.9358,False
33.8312,0.6939,0.0000,0.0000,0.0000,False,False,True,False,False,25.2725,False
33.8848,0.6939,0.0000,0.0000,0.0000,False,False,True,False,False,26.5155,False
33.9373,0.6939,0.0000,0.0000,0.0000,False,False,True,False,False,27.7623,False
33.9900,0.6939,0.0000,0.0000,0.0000,False,False,True,False,False,28.9864,False
34.0475,0.6939,0.0000,0.0000,0.0000,False,False,True,False,False,30.2170,False
34.1011,0.6988,0.0000,0.0000,0.0000,False,False,True,False,False,31.5602,False
34.1536,0.6939,0.0000,0.0001,0.0000,False,False,True,False,False,32.8182,False
34.2052,0.6939,0.0000,0.0000,0.0000,False,False,True,False,False,34.0472,False
34.2578,0.6939,0.0000,0.0000,0.0000,False,False,True,False,False,35.2591,False
34.3171,0.6939,0.0000,0.0000,0.0000,False,False,True,False,False,36.4942,False
34.3708,0.6939,0.0000,0.0000,0.0000,False,False,True,False,False,37.8897,False
34.4249,0.6988,0.0000,0.0000,0.0000,False,False,True,False,False,39.1515,False
34.4788,0.6988,0.0000,0.0000,0.0000,False,False,True,False,False,40.4295,False
34.5296,0.6988,0.0000,0.0000,0.0000,False,False,True,False,False,41.7044,False
34.5840,0.6988,0.0000,0.0000,0.0000,False,False,True,False,False,42.9176,False
34.6367,0.6988,0.0000,0.0000,0.0000,False,False,True,False,False,44.2235,False
34.6863,0.7037,0.0000,0.0000,0.0000,False,False,True,False,False,45.4913,False
34.7381,0.7037,0.0000,0.0000,0.0000,False,False,True,False,False,46.6891,False
34.7897,0.7037,0.0000,0.0000,0.0000,False,False,True,False,False,47.9456,False
34.8441,0.7037,0.0000,0.0000,0.0000,False,False,True,False,False,49.2049,False
34.8933,0.7037,0.0000,0.0000,0.0000,False,False,True,False,False,50.5399,False
34.9415,0.7037,0.0000,0.0000,0.0000,False,False,True,False,False,51.7509,False
34.9917,0.7037,0.0000,0.0000,0.0000,False,False,True,False,False,52.9409,False
35.0408,0.7037,0.0000,0.0000,0.0000,False,False,True,False,False,54.1853,False
35.0920,0.7037,0.0000,0.0000,0.0000,False,False,True,False,False,55.4062,False
35.1412,0.7037,0.0000,0.0000,0.0000,False,False,True,False,False,56.6827,False
35.1910,0.7037,0.0000,0.0000,0.0000,False,False,True,False,False,57.9155,False
35.2404,0.7037,0.0000,0.0000,0.0000,False,False,True,False,False,59.1643,False
35.2868,0.7037,0.0000,0.0000,0.0000,False,False,True,False,False,60.4088,False
35.3380,0.7037,0.0000,0.0000,0.0000,False,False,True,False,False,61.5813,False
35.3840,0.7037,0.0000,0.0001,0.0000,False,False,True,False,False,62.8722,False
35.4318,0.7037,0.0000,0.0000,0.0000,False,False,True,False,False,64.0318,False
35.4816,0.7037,0.0000,0.0000,0.0000,False,False,True,False,False,65.2324,False
35.5287,0.7037,0.0000,0.0000,0.0000,False,False,True,False,False,66.4811,False
35.5827,0.7037,0.0000,0.0000,0.0000,False,False,True,False,False,67.6645,False
35.6353,0.7037,0.0000,0.0000,0.0000,False,False,True,False,False,69.0239,False
35.6821,0.7037,0.0000,0.0000,0.0000,False,False,True,False,False,70.3479,False
35.7297,0.7037,0.0000,0.0000,0.0000,False,False,True,False,False,71.5283,False
35.7764,0.7037,0.0000,0.0000,0.0000,False,False,True,False,False,72.7308,False
35.8213,0.7037,0.0000,0.0000,0.0000,False,False,True,False,False,73.9077,False
35.8714,0.7037,0.0000,0.0000,0.0000,False,False,True,False,False,75.0406,False
35.9176,0.7037,0.0000,0.0000,0.0000,False,False,True,False,False,76.3076,False
35.9652,0.7037,0.0000,0.0000,0.0000,False,False,True,False,False,77.4740,False
36.0135,0.7037,0.0000,0.0000,0.0000,False,False,True,False,False,78.6754,False
36.0603,0.7037,0.0000,0.0000,0.0000,False,False,True,False,False,79.8981,False
36.1108,0.7037,0.0000,0.0000,0.0000,False,False,True,False,False,81.0828,False
36.1579,0.7037,0.0000,0.0000,0.0000,False,False,True,False,False,82.3659,False
36.2040,0.7037,0.0000,0.0000,0.0000,False,False,True,False,False,83.5626,False
36.2500,0.7037,0.0000,0.0000,0.0000,False,False,True,False,False,84.7360,False
36.3015,0.7037,0.0000,0.0000,0.0000,False,False,True,False,False,85.9053,False
36.3519,0.7037,0.0000,0.0000,0.0000,False,False,True,False,False,87.2145,False
36.3983,0.7037,0.0000,0.0000,0.0000,False,False,True,False,False,88.4986,False
36.4437,0.7037,0.0000,0.0000,0.0000,False,False,True,False,False,89.6844,False
36.4869,0.7037,0.0000,0.0000,0.0000,False,False,True,False,False,90.8478,False
36.5316,0.7037,0.0000,0.0000,0.0000,False,False,True,False,False,91.9507,False
36.5807,0.7037,0.0000,0.0000,0.0000,False,False,True,False,False,93.0945,False
36.6273,0.7037,0.0000,0.0001,0.0000,False,False,True,False,False,94.3533,False
36.6716,0.7037,0.0000,0.0001,0.0000,False,False,True,False,False,95.5501,False
36.7159,0.7037,0.0000,0.0000,0.0000,False,False,True,False,False,96.6906,False
36.7611,0.7037,0.0000,0.0000,0.0000,False,False,True,False,False,97.8280,False
36.8095,0.7037,0.0000,0.0000,0.0000,False,False,True,False,False,98.9899,False
36.8531,0.7037,0.0000,0.0000,0.0000,False,False,True,False,False,100.2371,False
36.8998,0.7037,0.0000,0.0000,0.0000,False,False,True,False,False,101.3576,False
36.9450,0.7037,0.0000,0.0000,0.0000,False,False,True,False,False,102.5576,False
36.9910,0.7037,0.0000,0.0001,0.0000,False,False,True,False,False,103.7209,False
37.0404,0.7037,0.0000,0.0001,0.0000,False,False,True,False,False,104.9040,False
37.0863,0.7037,0.0000,0.0001,0.0000,False,False,True,False,False,106.1752,False
37.1334,0.7037,0.0000,0.0001,0.0000,False,False,True,False,False,107.3517,False
37.1790,0.7037,0.0000,0.0000,0.0000,False,False,True,False,False,108.5575,False
37.2272,0.7037,0.0000,0.0000,0.0000,False,False,True,False,False,109.7261,False
37.2777,0.7037,0.0000,0.0000,0.0000,False,False,True,False,False,110.9594,False
37.3214,0.7037,0.0000,0.0000,0.0000,False,False,True,False,False,112.2534,False
37.3643,0.7037,0.0000,0.0000,0.0000,False,False,True,False,False,113.3693,False
37.4104,0.7037,0.0000,0.0000,0.0000,False,False,True,False,False,114.4639,False
37.4568,0.7037,0.0000,0.0000,0.0000,False,False,True,False,False,115.6390,False
37.5045,0.7037,0.0000,0.0000,0.0000,False,False,True,False,False,116.8205,False
37.5486,0.7037,0.0000,0.0000,0.0000,False,False,True,False,False,118.0375,False
37.5957,0.7037,0.0000,0.0000,0.0000,False,False,True,False,False,119.1621,False
37.6401,0.7037,0.0000,0.0000,0.0000,False,False,True,False,False,120.3547,False
37.6836,0.7037,0.0000,0.0000,0.0000,False,False,True,False,False,121.4823,False
37.7312,0.7037,0.0000,0.0000,0.0000,False,False,True,False,False,122.5847,False
37.7779,0.7086,0.0000,0.0001,0.0000,False,False,True,False,False,123.7918,False
37.8215,0.7086,0.0000,0.0001,0.0000,False,False,True,False,False,124.9760,False
37.8666,0.7086,0.0000,0.0000,0.0000,False,False,True,False,False,126.0801,False
37.9107,0.7086,0.0000,0.0000,0.0000,False,False,True,False,False,127.2165,False
37.9596,0.7086,0.0000,0.0000,0.0000,False,False,True,False,False,128.3290,False
38.0047,0.7086,0.0000,0.0000,0.0000,False,False,True,False,False,129.5627,False
38.0489,0.7086,0.0000,0.0000,0.0000,False,False,True,False,False,130.7012,False
38.0934,0.7086,0.0000,0.0000,0.0000,False,False,True,False,False,131.8165,False
38.1401,0.7086,0.0000,0.0000,0.0000,False,False,True,False,False,132.9379,False
38.1892,0.7086,0.0000,0.0000,0.0000,False,False,True,False,False,134.1179,False
38.2327,0.7086,0.0000,0.0000,0.0000,False,False,True,False,False,135.3557,False
38.2809,0.7086,0.0000,0.0000,0.0000,False,False,True,False,False,136.4539,False
38.3313,0.7086,0.0000,0.0000,0.0000,False,False,True,False,False,137.6686,False
38.3773,0.7086,0.0000,0.0000,0.0000,False,False,True,False,False,138.9418,False
38.4314,0.7086,0.0000,0.0000,0.0000,False,False,True,False,False,140.1034,False
38.4770,0.7086,0.0000,0.0000,0.0000,False,False,True,False,False,141.4670,False
38.5215,0.7086,0.0000,0.0000,0.0000,False,False,True,False,False,142.6183,False
38.5670,0.7086,0.0000,0.0000,0.0000,False,False,True,False,False,143.7417,False
38.6170,0.7086,0.0000,0.0000,0.0000,False,False,True,False,False,144.8961,False
38.6623,0.7086,0.0000,0.0000,0.0000,False,False,True,False,False,146.1632,False
38.7066,0.7086,0.0000,0.0000,0.0000,False,False,True,False,False,147.3154,False
38.7507,0.7086,0.0000,0.0000,0.0000,False,False,True,False,False,148.4398,False
38.8015,0.7086,0.0000,0.0000,0.0000,False,False,True,False,False,149.5605,False
38.8525,0.7086,0.0000,0.0000,0.0000,False,False,True,False,False,150.8485,False
38.9000,0.7086,0.0000,0.0001,0.0000,False,False,True,False,False,152.1447,False
38.9461,0.7086,0.0000,0.0000,0.0000,False,False,True,False,False,153.3512,False
38.9908,0.7086,0.0000,0.0000,0.0000,False,False,True,False,False,154.5208,False
39.0357,0.7086,0.0000,0.0000,0.0000,False,False,True,False,False,155.6580,False
39.0799,0.7086,0.0000,0.0000,0.0000,False,False,True,False,False,156.7974,False
39.1298,0.7086,0.0000,0.0000,0.0000,False,False,True,False,False,157.9193,False
39.1754,0.7086,0.0000,0.0000,0.0000,False,False,True,False,False,159.1894,False
39.2214,0.7086,0.0000,0.0000,0.0000,False,False,True,False,False,160.3470,False
39.2654,0.7086,0.0000,0.0000,0.0000,False,False,True,False,False,161.5146,False
39.3169,0.7086,0.0000,0.0000,0.0000,False,False,True,False,False,162.6324,False
39.3679,0.7086,0.0000,0.0000,0.0000,False,False,True,False,False,163.9422,False
39.4149,0.7086,0.0000,0.0000,0.0000,False,False,True,False,False,165.2373,False
39.4603,0.7086,0.0000,0.0000,0.0000,False,False,True,False,False,166.4313,False
39.5083,0.7086,0.0000,0.0000,0.0000,False,False,True,False,False,167.5859,False
39.5566,0.7086,0.0000,0.0000,0.0000,False,False,True,False,False,168.8099,False
39.6009,0.7086,0.0000,0.0000,0.0000,False,False,True,False,False,170.0459,False
39.6469,0.7086,0.0000,0.0000,0.0000,False,False,True,False,False,171.1795,False
39.6934,0.7086,0.0000,0.0000,0.0000,False,False,True,False,False,172.3558,False
39.7393,0.7086,0.0000,0.0000,0.0000,False,False,True,False,False,173.5456,False
39.7965,0.7086,0.0000,0.0000,0.0000,False,False,True,False,False,174.7206,False
39.8412,0.7086,0.0000,0.0000,0.0000,False,False,True,False,False,176.1842,False
39.8884,0.7086,0.0000,0.0000,0.0000,False,False,True,False,False,177.3295,False
39.9374,0.7086,0.0000,0.0000,0.0000,False,False,True,False,False,178.5388,False
39.9847,0.7086,0.0000,0.0000,0.0000,False,False,True,False,False,179.7924,False
40.0304,0.7086,0.0000,0.0000,0.0000,False,False,True,False,False,181.0022,False
40.0786,0.7037,0.0000,0.0000,0.0000,False,False,True,False,False,182.1727,False
40.1230,0.7037,0.0000,0.0000,0.0000,False,False,True,False,False,183.4075,False
40.1689,0.7037,0.0000,0.0000,0.0000,False,False,True,False,False,184.5445,False
40.2157,0.7037,0.0000,0.0000,0.0000,False,False,True,False,False,185.7192,False
40.2694,0.7037,0.0000,0.0000,0.0000,False,False,True,False,False,186.9159,False
40.3289,0.7037,0.0000,0.0000,0.0000,False,False,True,False,False,188.2910,False
40.3769,0.7037,0.0000,0.0000,0.0000,False,False,True,False,False,189.8175,False
40.4220,0.7037,0.0000,0.0000,0.0000,False,False,True,False,False,191.0493,False
40.4661,0.7037,0.0000,0.0000,0.0000,False,False,True,False,False,192.2080,False
40.5117,0.7037,0.0000,0.0000,0.0000,False,False,True,False,False,193.3412,False
40.5587,0.7037,0.0000,0.0000,0.0000,False,False,True,False,False,194.5136,False
40.6039,0.7037,0.0000,0.0000,0.0000,False,False,True,False,False,195.7194,False
40.6497,0.7037,0.0000,0.0000,0.0000,False,False,True,False,False,196.8801,False
40.6939,0.7037,0.0000,0.0000,0.0000,False,False,True,False,False,198.0584,False
40.7397,0.7037,0.0000,0.0000,0.0000,False,False,True,False,False,199.1928,False
40.7890,0.7037,0.0000,0.0000,0.0000,False,False,True,False,False,200.3684,False
40.8417,0.7037,0.0000,0.0000,0.0000,False,False,True,False,False,201.6352,False
40.8893,0.7037,0.0000,0.0000,0.0000,False,False,True,False,False,202.9898,False
40.9332,0.7037,0.0000,0.0000,0.0000,False,False,True,False,False,204.2124,False
40.9852,0.7037,0.0000,0.0000,0.0000,False,False,True,False,False,205.3402,False
41.0285,0.7037,0.0000,0.0000,0.0000,False,False,True,False,False,206.6751,False
41.0723,0.7037,0.0000,0.0000,0.0000,False,False,True,False,False,207.7876,False
41.1175,0.7037,0.0000,0.0000,0.0000,False,False,True,False,False,208.9151,False
41.1630,0.7037,0.0000,0.0000,0.0000,False,False,True,False,False,210.0742,False
41.2078,0.7037,0.0000,0.0000,0.0000,False,False,True,False,False,211.2449,False
41.2569,0.7037,0.0000,0.0000,0.0000,False,False,True,False,False,212.3949,False
41.3072,0.7037,0.0000,0.0000,0.0000,False,False,True,False,False,213.6553,False
41.3524,0.7037,0.0000,0.0000,0.0000,False,False,True,False,False,214.9449,False
41.3995,0.7037,0.0000,0.0000,0.0000,False,False,True,False,False,216.0999,False
41.4455,0.7037,0.0000,0.0000,0.0000,False,False,True,False,False,217.3056,False
41.4971,0.7037,0.0000,0.0000,0.0000,False,False,True,False,False,218.4818,False
41.5469,0.7037,0.0000,0.0000,0.0000,False,False,True,False,False,219.8010,False
41.5943,0.7037,0.0000,0.0000,0.0000,False,False,True,False,False,221.0691,False
41.6421,0.7037,0.0000,0.0000,0.0000,False,False,True,False,False,222.2762,False
41.6926,0.7037,0.0000,0.0000,0.0000,False,False,True,False,False,223.4906,False
41.7389,0.7037,0.0000,0.0000,0.0000,False,False,True,False,False,224.7716,False
41.7830,0.7037,0.0000,0.0000,0.0000,False,False,True,False,False,225.9484,False
41.8314,0.7037,0.0000,0.0001,0.0000,False,False,True,False,False,227.0692,False
41.8770,0.7037,0.0000,0.0000,0.0000,False,False,True,False,False,228.2973,False
41.9259,0.7037,0.0000,0.0000,0.0000,False,False,True,False,False,229.4575,False
41.9726,0.7037,0.0000,0.0000,0.0000,False,False,True,False,False,230.7001,False
42.0203,0.7037,0.0000,0.0000,0.0000,False,False,True,False,False,231.8865,False
42.0659,0.7037,0.0000,0.0000,0.0000,False,False,True,False,False,233.0983,False
42.1122,0.7037,0.0000,0.0000,0.0000,False,False,True,False,False,234.2546,False
42.1587,0.7037,0.0000,0.0000,0.0000,False,False,True,False,False,235.4320,False
42.2019,0.7037,0.0000,0.0000,0.0000,False,False,True,False,False,236.6133,False
42.2461,0.7037,0.0000,0.0000,0.0000,False,False,True,False,False,237.7101,False
42.2915,0.7037,0.0000,0.0000,0.0000,False,False,True,False,False,238.8333,False
42.3410,0.7037,0.0000,0.0000,0.0000,False,False,True,False,False,239.9876,False
42.3900,0.7037,0.0000,0.0000,0.0000,False,False,True,False,False,241.2514,False
42.4360,0.7037,0.0000,0.0000,0.0000,False,False,True,False,False,242.5020,False
42.4801,0.7037,0.0000,0.0000,0.0000,False,False,True,False,False,243.6768,False
42.5253,0.7037,0.0000,0.0000,0.0000,False,False,True,False,False,244.8025,False
42.5697,0.7037,0.0000,0.0000,0.0000,False,False,True,False,False,245.9565,False
42.6206,0.7037,0.0000,0.0000,0.0000,False,False,True,False,False,247.0916,False
42.6726,0.7037,0.0000,0.0000,0.0000,False,False,True,False,False,248.3912,False
42.7238,0.7037,0.0000,0.0000,0.0000,False,False,True,False,False,249.7177,False
42.7737,0.7037,0.0000,0.0000,0.0000,False,False,True,False,False,251.0245,False
42.8319,0.7037,0.0000,0.0000,0.0000,False,False,True,False,False,252.2993,False
42.8901,0.7037,0.0000,0.0000,0.0000,False,False,True,False,False,253.7836,False
42.9395,0.7037,0.0000,0.0000,0.0000,False,False,True,False,False,255.2710,False
42.9869,0.7086,0.0000,0.0000,0.0000,False,False,True,False,False,256.5330,False
43.0318,0.7135,0.0000,0.0000,0.0000,False,False,True,False,False,257.7431,False
43.0828,0.7135,0.0000,0.0000,0.0000,False,False,True,False,False,258.8886,False
43.1424,0.7135,0.0000,0.0000,0.0000,False,False,True,False,False,260.1905,False
43.1938,0.7184,0.0000,0.0000,0.0000,False,False,True,False,False,261.7128,False
43.2459,0.7184,0.0000,0.0000,0.0000,False,False,True,False,False,263.0244,False
43.2927,0.7184,0.0000,0.0000,0.0000,False,False,True,False,False,264.3539,False
43.3474,0.7184,0.0000,0.0000,0.0000,False,False,True,False,False,265.5493,False
43.3993,0.7184,0.0000,0.0000,0.0000,False,False,True,False,False,266.9465,False
43.4451,0.7184,0.0000,0.0000,0.0000,False,False,True,False,False,268.2703,False
43.4937,0.7184,0.0000,0.0000,0.0000,False,False,True,False,False,269.4412,False
43.5385,0.7184,0.0000,0.0000,0.0000,False,False,True,False,False,270.6817,False
43.5850,0.7184,0.0000,0.0000,0.0000,False,False,True,False,False,271.8258,False
43.6356,0.7184,0.0000,0.0000,0.0000,False,False,True,False,False,273.0135,False
43.6796,0.7184,0.0000,0.0000,0.0000,False,False,True,False,False,274.3052,False
43.7303,0.7184,0.0000,0.0000,0.0000,False,False,True,False,False,275.4287,False
43.7757,0.7184,0.0000,0.0000,0.0000,False,False,True,False,False,276.7229,False
43.8248,0.7184,0.0000,0.0000,0.0000,False,False,True,False,False,277.8810,False
43.8800,0.7184,0.0000,0.0000,0.0000,False,False,True,False,False,279.1364,False
43.9319,0.7184,0.0000,0.0000,0.0000,False,False,True,False,False,280.5456,False
43.9842,0.7184,0.0000,0.0000,0.0000,False,False,True,False,False,281.8789,False
44.0351,0.7184,0.0000,0.0000,0.0000,False,False,True,False,False,283.2230,False
44.0843,0.7184,0.0000,0.0000,0.0000,False,False,True,False,False,284.5306,False
44.1410,0.7184,0.0000,0.0000,0.0000,False,False,True,False,False,285.7936,False
44.1918,0.7184,0.0000,0.0000,0.0000,False,False,True,False,False,287.2488,False
44.2469,0.7184,0.0000,0.0000,0.0000,False,False,True,False,False,288.5543,False
44.3001,0.7184,0.0000,0.0000,0.0000,False,False,True,False,False,289.9709,False
44.3566,0.7184,0.0000,0.0000,0.0000,False,False,True,False,False,291.3372,False
44.4127,0.7184,0.0000,0.0000,0.0000,False,False,True,False,False,292.7872,False
44.4617,0.7184,0.0000,0.0000,0.0000,False,False,True,False,False,294.2296,False
44.5137,0.7184,0.0000,0.0000,0.0000,False,False,True,False,False,295.4880,False
44.5644,0.7184,0.0000,0.0000,0.0000,False,False,True,False,False,296.8224,False
44.6160,0.7184,0.0000,0.0000,0.0000,False,False,False,True,False,296.8224,False
44.6787,0.7184,0.0000,0.0000,0.0000,False,False,False,True,False,120.7370,False
44.7299,0.7184,0.0000,0.0000,0.0000,False,False,False,True,False,118.9022,False
44.7750,0.7184,0.0000,0.0000,0.0000,False,False,False,True,False,117.4403,False
44.8257,0.7184,0.0000,0.0000,0.0000,False,False,False,True,False,116.1742,False
44.8819,0.7184,0.0000,0.0000,0.0000,False,False,False,True,False,114.7755,False
44.9336,0.7184,0.0000,0.0000,0.0000,False,False,False,True,False,113.2478,False
44.9825,0.7184,0.0000,0.0000,0.0000,False,False,False,True,False,111.8699,False
45.0312,0.7184,0.0000,0.0000,0.0000,False,False,False,True,False,110.5868,False
45.0790,0.7184,0.0000,0.0000,0.0000,False,False,False,True,False,109.3258,False
45.1273,0.7184,0.0000,0.0000,0.0000,False,False,False,True,False,108.1046,False
45.1836,0.7184,0.0000,0.0000,0.0000,False,False,False,True,False,106.8861,False
45.2441,0.7184,0.0000,0.0000,0.0000,False,False,False,True,False,105.4843,False
45.2922,0.7184,0.0000,0.0000,0.0000,False,False,False,True,False,103.9994,False
45.3473,0.7184,0.0000,0.0000,0.0000,False,False,False,True,False,102.8324,False
45.3969,0.7184,0.0000,0.0000,0.0000,False,False,False,True,False,101.5128,False
45.4448,0.7184,0.0000,0.0000,0.0000,False,False,False,True,False,100.3391,False
45.4970,0.7184,0.0000,0.0000,0.0000,False,False,False,True,False,99.2163,False
45.5445,0.7184,0.0000,0.0000,0.0000,False,False,False,True,False,98.0036,False
45.5933,0.7184,0.0000,0.0000,0.0000,False,False,False,True,False,96.9108,False
45.6412,0.7184,0.0000,0.0000,0.0000,False,False,False,True,False,95.7968,False
45.6989,0.7184,0.0000,0.0000,0.0000,False,False,False,True,False,94.7122,False
45.7522,0.7184,0.0000,0.0000,0.0000,False,False,False,True,False,93.4180,False
45.8011,0.7184,0.0000,0.0000,0.0000,False,False,False,True,False,92.2302,False
45.8551,0.7184,0.0000,0.0000,0.0000,False,False,False,True,False,91.1516,False
45.9039,0.7184,0.0000,0.0000,0.0000,False,False,False,True,False,89.9664,False
45.9525,0.7184,0.0000,0.0000,0.0000,False,False,False,True,False,88.9037,False
46.0026,0.7184,0.0000,0.0000,0.0000,False,False,False,True,False,87.8516,False
46.0545,0.7184,0.0000,0.0000,0.0000,False,False,False,True,False,86.7740,False
46.1016,0.7184,0.0000,0.0000,0.0000,False,False,False,True,False,85.6617,False
46.1509,0.7184,0.0000,0.0000,0.0000,False,False,False,True,False,84.6609,False
46.2049,0.7184,0.0000,0.0000,0.0000,False,False,False,True,False,83.6165,False
46.2620,0.7184,0.0000,0.0000,0.0000,False,False,False,True,False,82.4779,False
46.3138,0.7184,0.0000,0.0000,0.0000,False,False,False,True,False,81.2789,False
46.3721,0.7184,0.0000,0.0000,0.0000,False,False,False,True,False,80.1992,False
46.4239,0.7184,0.0000,0.0000,0.0000,False,False,False,True,False,78.9869,False
46.4788,0.7184,0.0000,0.0000,0.0000,False,False,False,True,False,77.9159,False
46.5304,0.7184,0.0000,0.0000,0.0000,False,False,False,True,False,76.7852,False
46.5834,0.7184,0.0000,0.0000,0.0000,False,False,False,True,False,75.7258,False
46.6352,0.7184,0.0000,0.0000,0.0000,False,False,False,True,False,74.6413,False
46.6879,0.7184,0.0000,0.0000,0.0000,False,False,False,True,False,73.5836,False
46.7483,0.7184,0.0000,0.0000,0.0000,False,False,False,True,False,72.5131,False
46.8058,0.7184,0.0000,0.0000,0.0000,False,False,False,True,False,71.2884,False
46.8652,0.7184,0.0000,0.0000,0.0000,False,False,False,True,False,70.1279,False
46.9295,0.7184,0.0000,0.0000,0.0000,False,False,False,True,False,68.9317,False
46.9885,0.7184,0.0000,0.0000,0.0000,False,False,False,True,False,67.6399,False
47.0518,0.7184,0.0000,0.0000,0.0000,False,False,False,True,False,66.4588,False
47.1118,0.7184,0.0000,0.0000,0.0000,False,False,False,True,False,65.1941,False
47.1696,0.7184,0.0000,0.0000,0.0000,False,False,False,True,False,63.9993,False
47.2380,0.7184,0.0000,0.0000,0.0000,False,False,False,True,False,62.8504,False
47.3043,0.7184,0.0000,0.0000,0.0000,False,False,False,True,False,61.4922,False
47.3682,0.7184,0.0000,0.0000,0.0000,False,False,False,True,False,60.1815,False
47.4367,0.7184,0.0000,0.0000,0.0000,False,False,False,True,False,58.9202,False
47.5010,0.7184,0.0000,0.0000,0.0000,False,False,False,True,False,57.5704,False
47.5656,0.7184,0.0000,0.0000,0.0000,False,False,False,True,False,56.3047,False
47.6335,0.7233,0.0000,0.0000,0.0000,False,False,False,True,False,55.0378,False
47.7067,0.7233,0.0000,0.0000,0.0000,False,False,False,True,False,53.7068,False
47.7804,0.7233,0.0000,0.0000,0.0000,False,False,False,True,False,52.2748,False
47.8500,0.7233,0.0000,0.0000,0.0000,False,False,False,True,False,50.8348,False
47.9245,0.7233,0.0000,0.0000,0.0000,False,False,False,True,False,49.4783,False
47.9948,0.7233,0.0000,0.0000,0.0000,False,False,False,True,False,48.0289,False
48.0634,0.7233,0.0000,0.0000,0.0000,False,False,False,True,False,46.6615,False
48.1325,0.7086,0.0000,0.0000,0.0000,False,False,False,True,False,45.3308,False
48.1998,0.6645,0.0000,0.0000,0.0000,False,False,False,True,False,43.9905,False
48.2749,0.5518,0.0000,0.0000,0.0000,False,False,False,True,False,42.6886,False
48.3482,0.4482,0.0000,0.0000,0.0000,False,False,False,True,False,41.2350,False
48.4193,0.2129,0.0000,0.0000,0.0000,False,False,False,True,False,39.8209,False
48.4905,0.1884,0.0000,0.0000,0.0000,False,False,False,True,False,38.4498,False
48.5607,0.1933,0.0000,0.0000,0.0000,False,False,False,True,False,37.0788,False
48.6295,0.1786,0.0000,0.0000,0.0000,False,False,False,True,False,35.7285,False
48.6990,0.1688,0.0000,0.0000,0.0000,False,False,False,True,False,34.4069,False
48.7704,0.0365,0.0000,0.0000,0.0000,False,False,False,True,False,33.0752,False
48.8405,0.0000,0.0000,0.0000,0.0000,False,False,False,True,False,31.7078,False
48.9124,0.0000,0.0000,0.0000,0.0000,False,False,False,True,False,30.3671,False
48.9927,0.0000,0.0000,0.0000,0.0000,False,False,False,True,False,28.9952,False
49.0659,0.0000,0.0000,0.0000,0.0000,False,False,False,True,False,27.4667,False
49.1404,0.0000,0.0000,0.0000,0.0000,False,False,False,True,False,26.0762,False
49.2090,0.0000,0.0000,0.0000,0.0000,False,False,False,True,False,24.6674,False
49.2889,0.0000,0.0000,0.0000,0.0000,False,False,False,True,False,23.3717,False
49.3625,0.0000,0.0000,0.0000,0.0000,False,False,False,True,False,21.8702,False
49.4386,0.0000,0.0000,0.0000,0.0000,False,False,False,True,False,20.4916,False
49.5120,0.0000,0.0000,0.0000,0.0000,False,False,False,True,False,19.0720,False
49.5909,0.0000,0.0000,0.0000,0.0000,False,False,False,True,False,17.6919,False
49.6681,0.0000,0.0708,0.0000,0.0000,False,False,False,True,False,16.1984,False
49.7455,0.0000,0.3404,0.0000,0.0000,False,False,False,True,False,14.7289,False
49.8219,0.0000,0.4139,0.0000,0.0000,False,False,False,True,False,13.2514,False
49.8987,0.0000,0.4286,0.0000,0.0000,False,False,False,True,False,11.7886,False
49.9820,0.0000,0.3600,0.0000,0.0000,False,False,False,True,False,10.3148,False
50.0674,0.0000,0.2521,0.0000,0.0000,False,False,False,True,False,8.7185,False
50.1454,0.0000,0.1149,0.0000,0.0000,False,False,False,True,False,7.0863,False
50.2207,0.0000,0.1002,0.0000,0.0000,False,False,False,True,False,5.6056,False
50.3025,0.0000,0.1149,0.0000,0.0000,False,False,False,True,False,4.2019,False
50.3839,0.0000,0.1051,0.0000,0.0000,False,False,False,True,False,2.7605,False
50.4624,0.0000,0.1051,0.0000,0.0000,False,False,False,True,False,1.6154,False
50.5366,0.0000,0.1149,0.0000,0.0000,False,False,False,True,False,1.5239,False
50.6079,0.0000,0.1051,0.0000,0.0000,False,False,False,True,False,2.4658,False
50.6789,0.0000,0.0855,0.0000,0.0000,False,False,False,True,False,3.6521,False
50.7577,0.0000,0.0000,0.0000,0.0000,False,False,False,True,False,4.9106,False
50.8238,0.0000,0.0000,0.0000,0.0000,False,False,False,True,False,6.3411,False
50.8869,0.0000,0.0000,0.0000,0.0000,False,False,False,True,False,7.5552,False
50.9492,0.0000,0.0000,0.0000,0.0000,False,False,False,True,False,8.7215,False
51.0134,0.0000,0.0000,0.0000,0.0000,False,False,False,True,False,9.8785,False
51.0701,0.0000,0.0000,0.0000,0.0000,False,False,False,True,False,11.0722,False
51.1243,0.0000,0.0000,0.0000,0.0000,False,False,False,True,False,12.1311,False
51.1813,0.0000,0.0000,0.0000,0.0000,False,False,False,True,False,13.1424,False
51.2373,0.0000,0.0000,0.0000,0.0000,False,False,False,True,False,14.2091,False
51.2948,0.0000,0.0000,0.0000,0.0000,False,False,False,True,False,15.2522,False
51.3597,0.0000,0.0000,0.0000,0.0000,False,False,False,True,False,16.3211,False
51.4243,0.0169,0.0000,0.0000,0.0000,False,False,False,True,False,17.5374,False
51.4785,0.1051,0.0000,0.0000,0.0000,False,False,False,True,False,18.7499,False
51.5395,0.1345,0.0000,0.0000,0.0000,False,False,False,True,False,19.7700,False
51.5937,0.1835,0.0000,0.0000,0.0000,False,False,False,True,False,20.9179,False
51.6521,0.3257,0.0000,0.0000,0.0000,False,False,False,True,False,21.9358,False
51.7075,0.4090,0.0000,0.0000,0.0000,False,False,False,True,False,23.0295,False
51.7599,0.4384,0.0000,0.0000,0.0000,False,False,False,True,False,24.0622,False
51.8180,0.4776,0.0000,0.0000,0.0000,False,False,False,True,False,25.0379,False
51.8736,0.5000,0.0000,0.0000,0.0000,False,False,False,True,False,26.1192,False
51.9391,0.5000,0.0000,0.0000,0.0000,False,False,False,True,False,27.1575,False
51.9924,0.4972,0.0000,0.0000,0.0000,False,False,False,True,False,28.3883,False
52.0489,0.5000,0.0000,0.0000,0.0000,False,False,False,True,False,29.3954,False
52.1036,0.5000,0.0000,0.0000,0.0000,False,False,False,True,False,30.4703,False
52.1564,0.5000,0.0000,0.0000,0.0000,False,False,False,True,False,31.5168,False
52.2104,0.5000,0.0000,0.0000,0.0000,False,False,False,True,False,32.5335,False
52.2609,0.5000,0.0000,0.0000,0.0000,False,False,False,True,False,33.5781,False
52.3142,0.5000,0.0000,0.0000,0.0000,False,False,False,True,False,34.5609,False
52.3661,0.5000,0.0000,0.0000,0.0000,False,False,False,True,False,35.6033,False
52.4232,0.4972,0.0000,0.0000,0.0000,False,False,False,True,False,36.6232,False
52.4757,0.4972,0.0000,0.0000,0.0000,False,False,False,True,False,37.7515,False
52.5270,0.5000,0.0000,0.0000,0.0000,False,False,False,True,False,38.7939,False
52.5788,0.5000,0.0000,0.0000,0.0000,False,False,False,True,False,39.8143,False
52.6285,0.4972,0.0000,0.0000,0.0000,False,False,False,True,False,40.8493,False
52.6788,0.4972,0.0000,0.0000,0.0000,False,False,False,True,False,41.8487,False
52.7325,0.5000,0.0000,0.0000,0.0000,False,False,False,True,False,42.8575,False
52.7843,0.5000,0.0000,0.0000,0.0000,False,False,False,True,False,43.9419,False
52.8352,0.5000,0.0000,0.0000,0.0000,False,False,False,True,False,44.9856,False
52.8855,0.5000,0.0000,0.0000,0.0000,False,False,False,True,False,46.0087,False
52.9392,0.5000,0.0000,0.0000,0.0000,False,False,False,True,False,47.0238,False
52.9956,0.5000,0.0000,0.0000,0.0000,False,False,False,True,False,48.1137,False
53.0469,0.4972,0.0000,0.0000,0.0000,False,False,False,True,False,49.2640,False
53.0985,0.4923,0.0000,0.0000,0.0000,False,False,False,True,False,50.3174,False
53.1476,0.4825,0.0000,0.0000,0.0000,False,False,False,True,False,51.3816,False
53.2003,0.4629,0.0000,0.0000,0.0000,False,False,False,True,False,52.3978,False
53.2500,0.4335,0.0000,0.0000,0.0000,False,False,False,True,False,53.4953,False
53.2987,0.3894,0.0000,0.0000,0.0000,False,False,False,True,False,54.5358,False
53.3492,0.3404,0.0000,0.0000,0.0000,False,False,False,True,False,55.5593,False
53.3995,0.2619,0.0000,0.0000,0.0000,False,False,False,True,False,56.6264,False
53.4530,0.1002,0.0000,0.0000,0.0000,False,False,False,True,False,57.6964,False
53.5071,0.0000,0.0000,0.0000,0.0000,False,False,False,True,False,58.8333,False
53.5584,0.0000,0.0000,0.0000,0.0000,False,False,False,True,False,59.9826,False
53.6082,0.0000,0.0000,0.0000,0.0000,False,False,False,True,False,61.0753,False
53.6568,0.0000,0.0000,0.0000,0.0000,False,False,False,True,False,62.1364,False
53.7034,0.0000,0.0000,0.0000,0.0000,False,False,False,True,False,63.1709,False
53.7537,0.0000,0.0000,0.0000,0.0000,False,False,False,True,False,64.1645,False
53.8028,0.0000,0.0000,0.0000,0.0000,False,False,False,True,False,65.2390,False
53.8503,0.0000,0.0000,0.0000,0.0000,False,False,False,True,False,66.2867,False
53.8988,0.0000,0.0000,0.0000,0.0000,False,False,False,True,False,67.3002,False
53.9541,0.0000,0.0000,0.0000,0.0000,False,False,False,True,False,68.3378,False
54.0033,0.0000,0.0000,0.0000,0.0000,False,False,False,True,False,69.5203,False
54.0545,0.0000,0.0000,0.0000,0.0000,False,False,False,True,False,70.5717,False
54.1011,0.0000,0.0000,0.0000,0.0000,False,False,False,True,False,71.6679,False
54.1492,0.0000,0.0000,0.0000,0.0000,False,False,False,True,False,72.6648,False
54.2007,0.0000,0.0000,0.0000,0.0000,False,False,False,True,False,73.6956,False
54.2507,0.0000,0.0000,0.0000,0.0000,False,False,False,True,False,74.7993,False
54.2964,0.0000,0.0000,0.0000,0.0000,False,False,False,True,False,75.8713,False
54.3449,0.0000,0.0000,0.0000,0.0000,False,False,False,True,False,76.8517,False
54.3935,0.0000,0.0000,0.0000,0.0000,False,False,False,True,False,77.8910,False
54.4456,0.0000,0.0000,0.0000,0.0000,False,False,False,True,False,78.9335,False
54.4908,0.0000,0.0000,0.0000,0.0000,False,False,False,True,False,80.0510,False
54.5355,0.0000,0.0000,0.0000,0.0000,False,False,False,True,False,81.0232,False
54.5832,0.0000,0.0000,0.0000,0.0000,False,False,False,True,False,81.9823,False
54.6303,0.0000,0.0000,0.0000,0.0000,False,False,False,True,False,83.0073,False
54.6799,0.0000,0.0000,0.0000,0.0000,False,False,False,True,False,84.0177,False
54.7238,0.0000,0.0000,0.0000,0.0000,False,False,False,True,False,85.0847,False
54.7688,0.0000,0.0000,0.0000,0.0000,False,False,False,True,False,86.0279,False
54.8129,0.0000,0.0000,0.0000,0.0000,False,False,False,True,False,86.9960,False
54.8606,0.0000,0.0000,0.0000,0.0000,False,False,False,True,False,87.9464,False
54.9070,0.0000,0.0000,0.0000,0.0000,False,False,False,True,False,88.9725,False
54.9571,0.0000,0.0000,0.0000,0.0000,False,False,False,True,False,89.9701,False
55.0018,0.0000,0.0000,0.0000,0.0000,False,False,False,True,False,91.0501,False
55.0460,0.0000,0.0000,0.0000,0.0000,False,False,False,True,False,92.0125,False
55.0921,0.0000,0.0000,0.0000,0.0000,False,False,False,True,False,92.9630,False
55.1425,0.0000,0.0000,0.0000,0.0000,False,False,False,True,False,93.9561,False
55.1862,0.0000,0.0000,0.0000,0.0000,False,False,False,True,False,95.0449,False
55.2309,0.0000,0.0000,0.0000,0.0000,False,False,False,True,False,95.9902,False
55.2765,0.0000,0.0000,0.0000,0.0000,False,False,False,True,False,96.9580,False
55.3209,0.0000,0.0000,0.0000,0.0000,False,False,False,True,False,97.9464,False
55.3693,0.0000,0.0000,0.0000,0.0000,False,False,False,True,False,98.9071,False
55.4159,0.0000,0.0000,0.0000,0.0000,False,False,False,True,False,99.9560,False
55.4670,0.0000,0.0000,0.0000,0.0000,False,False,False,True,False,100.9650,False
55.5140,0.0000,0.0000,0.0000,0.0000,False,False,False,True,False,102.0714,False
55.5629,0.0000,0.0000,0.0000,0.0000,False,False,False,True,False,103.0908,False
55.6063,0.0000,0.0000,0.0000,0.0000,False,False,False,True,False,104.1503,False
55.6505,0.0000,0.0000,0.0000,0.0000,False,False,False,True,False,105.0909,False
55.6946,0.0000,0.0000,0.0000,0.0000,False,False,False,True,False,106.0498,False
55.7379,0.0000,0.0000,0.0000,0.0000,False,False,False,True,False,107.0057,False
55.7848,0.0000,0.0000,0.0000,0.0000,False,False,False,True,False,107.9427,False
55.8294,0.0000,0.0000,0.0000,0.0000,False,False,False,True,False,108.9573,False
55.8748,0.0000,0.0000,0.0000,0.0000,False,False,False,True,False,109.9176,False
55.9199,0.0000,0.0000,0.0000,0.0000,False,False,False,True,False,110.8934,False
55.9622,0.0000,0.0000,0.0000,0.0000,False,False,False,True,False,111.8644,False
56.0078,0.0000,0.0000,0.0000,0.0000,False,False,False,True,False,112.7772,False
56.0598,0.0000,0.0000,0.0000,0.0000,False,False,False,True,False,113.7593,False
56.1032,0.0000,0.0000,0.0000,0.0000,False,False,False,True,False,114.8780,False
56.1468,0.0000,0.0000,0.0000,0.0000,False,False,False,True,False,115.8136,False
56.1903,0.0000,0.0000,0.0000,0.0000,False,False,False,True,False,116.7520,False
56.2384,0.0000,0.0000,0.0000,0.0000,False,False,False,True,False,117.6901,False
56.2899,0.0000,0.0000,0.0000,0.0000,False,False,False,True,False,118.7268,False
56.3382,0.0000,0.0000,0.0000,0.0000,False,False,False,True,False,119.8346,False
56.3827,0.0000,0.0000,0.0000,0.0000,False,False,False,True,False,120.8757,False
56.4262,0.0000,0.0000,0.0000,0.0000,False,False,False,True,False,121.8346,False
56.4716,0.0000,0.0000,0.0000,0.0000,False,False,False,True,False,122.7739,False
56.5156,0.0000,0.0000,0.0000,0.0000,False,False,False,True,False,123.7514,False
56.5632,0.0757,0.0000,0.0000,0.0000,False,False,False,True,False,124.7000,False
56.6083,0.1541,0.0000,0.0000,0.0000,False,False,False,True,False,125.7256,False
56.6560,0.2129,0.0000,0.0000,0.0000,False,False,False,True,False,126.6987,False
56.6997,0.3355,0.0000,0.0000,0.0000,False,False,False,True,False,127.7265,False
56.7450,0.4727,0.0000,0.0000,0.0000,False,False,False,True,False,128.6697,False
56.7950,0.5000,0.0000,0.0000,0.0000,False,False,False,True,False,129.6472,False
56.8405,0.5000,0.0000,0.0000,0.0000,False,False,False,True,False,130.7242,False
56.8843,0.5812,0.0000,0.0000,0.0000,False,False,False,True,False,131.7066,False
56.9330,0.6694,0.0000,0.0000,0.0000,False,False,False,True,False,132.6515,False
56.9825,0.7430,0.0000,0.0000,0.0000,False,False,False,True,False,133.7001,False
57.0293,0.7626,0.0000,0.0000,0.0000,False,False,False,True,False,134.7715,False
57.0711,0.7675,0.0000,0.0000,0.0000,False,False,False,True,False,135.7843,False
57.1150,0.7675,0.0000,0.0000,0.0000,False,False,False,True,False,136.6922,False
57.1588,0.7626,0.0000,0.0000,0.0000,False,False,False,True,False,137.6426,False
57.2051,0.7577,0.0000,0.0000,0.0000,False,False,False,True,False,138.5939,False
57.2500,0.7479,0.0000,0.0000,0.0000,False,False,False,True,False,139.5962,False
57.2957,0.7430,0.0000,0.0000,0.0000,False,False,False,True,False,140.5710,False
57.3394,0.7430,0.0000,0.0000,0.0000,False,False,False,True,False,141.5618,False
57.3824,0.7430,0.0000,0.0000,0.0000,False,False,False,True,False,142.5094,False
57.4302,0.7430,0.0000,0.0000,0.0000,False,False,False,True,False,143.4422,False
57.4764,0.7381,0.0000,0.0000,0.0000,False,False,False,True,False,144.4792,False
57.5189,0.7381,0.0000,0.0000,0.0000,False,False,False,True,False,145.4814,False
57.5656,0.7381,0.0000,0.0000,0.0000,False,False,False,True,False,146.4049,False
57.6103,0.7381,0.0000,0.0000,0.0000,False,False,False,True,False,147.4180,False
57.6530,0.7381,0.0000,0.0000,0.0000,False,False,False,True,False,148.3867,False
57.6987,0.7381,0.0000,0.0000,0.0000,False,False,False,True,False,149.3145,False
57.7402,0.7381,0.0000,0.0000,0.0000,False,False,False,True,False,150.3046,False
57.7831,0.7381,0.0000,0.0000,0.0000,False,False,False,True,False,151.2065,False
57.8292,0.7381,0.0000,0.0000,0.0000,False,False,False,True,False,152.1369,False
57.8763,0.7381,0.0000,0.0000,0.0000,False,False,False,True,False,153.1379,False
57.9189,0.7381,0.0000,0.0000,0.0000,False,False,False,True,False,154.1598,False
57.9666,0.7381,0.0000,0.0000,0.0000,False,False,False,True,False,155.0845,False
58.0109,0.7381,0.0000,0.0000,0.0000,False,False,False,True,False,156.1184,False
58.0575,0.7381,0.0000,0.0000,0.0000,False,False,False,True,False,157.0802,False
58.1055,0.7381,0.0000,0.0000,0.0000,False,False,False,True,False,158.0911,False
58.1478,0.7381,0.0000,0.0000,0.0000,False,False,False,True,False,159.1341,False
58.1893,0.7381,0.0000,0.0000,0.0000,False,False,False,True,False,160.0520,False
58.2329,0.7381,0.0000,0.0000,0.0000,False,False,False,True,False,160.9521,False
58.2760,0.7381,0.0000,0.0000,0.0000,False,False,False,True,False,161.8972,False
58.3220,0.7381,0.0000,0.0000,0.0000,False,False,False,True,False,162.8298,False
58.3648,0.7381,0.0000,0.0000,0.0000,False,False,False,True,False,163.8206,False
58.4060,0.7381,0.0000,0.0000,0.0000,False,False,False,True,False,164.7435,False
58.4591,0.7381,0.0000,0.0000,0.0000,False,False,False,True,False,165.6325,False
58.5097,0.7381,0.0000,0.0000,0.0000,False,False,False,True,False,166.7775,False
58.5582,0.7381,0.0000,0.0000,0.0000,False,False,False,True,False,167.8701,False
58.6049,0.7381,0.0000,0.0000,0.0000,False,False,False,True,False,168.9154,False
58.6516,0.7381,0.0000,0.0000,0.0000,False,False,False,True,False,169.9230,False
58.6964,0.7381,0.0000,0.0000,0.0000,False,False,False,True,False,170.9313,False
58.7388,0.7381,0.0000,0.0000,0.0000,False,False,False,True,False,171.8978,False
58.7861,0.7381,0.0000,0.0000,0.0000,False,False,False,True,False,172.8131,False
58.8319,0.7381,0.0000,0.0000,0.0000,False,False,False,True,False,173.8331,False
58.8749,0.7381,0.0000,0.0000,0.0000,False,False,False,True,False,174.8210,False
58.9202,0.7381,0.0000,0.0000,0.0000,False,False,False,True,False,175.7493,False
58.9708,0.7381,0.0000,0.0000,0.0000,False,False,False,True,False,176.7269,False
59.0219,0.7381,0.0000,0.0000,0.0000,False,False,False,True,False,177.8175,False
59.0663,0.7381,0.0000,0.0000,0.0000,False,False,False,True,False,178.9238,False
59.1095,0.7381,0.0000,0.0000,0.0000,False,False,False,True,False,179.8860,False
59.1551,0.7381,0.0000,0.0000,0.0000,False,False,False,True,False,180.8228,False
59.2007,0.7381,0.0000,0.0000,0.0000,False,False,False,True,False,181.8125,False
59.2502,0.7381,0.0000,0.0000,0.0000,False,False,False,True,False,182.8000,False
59.2959,0.7381,0.0000,0.0000,0.0000,False,False,False,True,False,183.8738,False
59.3405,0.7381,0.0000,0.0000,0.0000,False,False,False,True,False,184.8657,False
59.3850,0.7381,0.0000,0.0000,0.0000,False,False,False,True,False,185.8308,False
59.4332,0.7381,0.0000,0.0000,0.0000,False,False,False,True,False,186.7968,False
59.4865,0.7381,0.0000,0.0000,0.0000,False,False,False,True,False,187.8424,False
59.5365,0.7381,0.0000,0.0000,0.0000,False,False,False,True,False,188.9977,False
59.5849,0.7381,0.0000,0.0000,0.0000,False,False,False,True,False,190.0820,False
59.6305,0.7381,0.0000,0.0000,0.0000,False,False,False,True,False,191.1306,False
59.6757,0.7381,0.0000,0.0000,0.0000,False,False,False,True,False,192.1210,False
59.7293,0.7381,0.0000,0.0000,0.0000,False,False,False,True,False,193.1012,False
59.7773,0.7381,0.0000,0.0000,0.0000,False,False,False,True,False,194.2632,False
59.8242,0.7381,0.0000,0.0000,0.0000,False,False,False,True,False,195.3041,False
59.8721,0.7381,0.0000,0.0000,0.0000,False,False,False,True,False,196.3204,False
59.9176,0.7381,0.0000,0.0000,0.0000,False,False,False,True,False,197.3592,False
59.9763,0.7381,0.0000,0.0000,0.0000,False,False,False,True,False,198.3447,False
60.0232,0.7381,0.0000,0.0000,0.0000,False,False,False,True,False,199.6124,False
60.0735,0.7381,0.0000,0.0000,0.0000,False,False,False,True,False,200.6252,False
60.1221,0.7381,0.0000,0.0000,0.0000,False,False,False,True,False,201.7108,False
60.1685,0.7381,0.0000,0.0000,0.0000,False,False,False,True,False,202.7607,False
60.2189,0.7381,0.0000,0.0000,0.0000,False,False,False,True,False,203.7602,False
60.2651,0.7381,0.0000,0.0000,0.0000,False,False,False,True,False,204.8487,False
60.3128,0.7381,0.0000,0.0000,0.0000,False,False,False,True,False,205.8447,False
60.3564,0.7381,0.0000,0.0001,0.0000,False,False,False,True,False,206.8750,False
60.4037,0.7381,0.0000,0.0001,0.0000,False,False,False,True,False,207.8163,False
60.4535,0.7381,0.0000,0.0001,0.0000,False,False,False,True,False,208.8374,False
60.5025,0.7381,0.0000,0.0000,0.0000,False,False,False,True,False,209.9112,False
60.5484,0.7381,0.0000,0.0000,0.0000,False,False,False,True,False,210.9681,False
60.5945,0.7381,0.0000,0.0000,0.0000,False,False,False,True,False,211.9590,False
60.6415,0.7381,0.0000,0.0000,0.0000,False,False,False,True,False,212.9539,False
60.6926,0.7381,0.0000,0.0000,0.0000,False,False,False,True,False,213.9694,False
60.7372,0.7381,0.0000,0.0000,0.0000,False,False,False,True,False,215.0705,False
60.7844,0.7381,0.0000,0.0000,0.0000,False,False,False,True,False,216.0330,False
60.8301,0.7381,0.0000,0.0000,0.0000,False,False,False,True,False,217.0519,False
60.8796,0.7381,0.0000,0.0000,0.0000,False,False,False,True,False,218.0392,False
60.9339,0.7381,0.0000,0.0000,0.0000,False,False,False,True,False,219.1076,False
60.9864,0.7381,0.0000,0.0000,0.0000,False,False,False,True,False,220.2797,False
61.0406,0.7381,0.0000,0.0000,0.0000,False,False,False,True,False,221.4121,False
61.0869,0.7381,0.0000,0.0000,0.0000,False,False,False,True,False,222.5813,False
61.1338,0.7381,0.0000,0.0000,0.0000,False,False,False,True,False,223.5826,False
61.1798,0.7381,0.0000,0.0000,0.0000,False,False,False,True,False,224.5975,False
61.2307,0.7381,0.0000,0.0000,0.0000,False,False,False,True,False,225.5930,False
61.2771,0.7381,0.0000,0.0000,0.0000,False,False,False,True,False,226.6954,False
61.3239,0.7381,0.0000,0.0000,0.0000,False,False,False,True,False,227.7001,False
61.3706,0.7381,0.0000,0.0000,0.0000,False,False,False,True,False,228.7142,False
61.4159,0.7381,0.0000,0.0000,0.0000,False,False,False,True,False,229.7247,False
61.4706,0.7381,0.0000,0.0000,0.0000,False,False,False,True,False,230.7057,False
61.5203,0.7381,0.0000,0.0000,0.0000,False,False,False,True,False,231.8882,False
61.5688,0.7381,0.0000,0.0000,0.0000,False,False,False,True,False,232.9660,False
61.6166,0.7381,0.0000,0.0000,0.0000,False,False,False,True,False,234.0162,False
61.6708,0.7381,0.0000,0.0000,0.0000,False,False,False,True,False,235.0491,False
61.7204,0.7381,0.0000,0.0000,0.0000,False,False,False,True,False,236.2229,False
61.7683,0.7381,0.0000,0.0000,0.0000,False,False,False,True,False,237.2967,False
61.8149,0.7381,0.0000,0.0000,0.0000,False,False,False,True,False,238.3340,False
61.8644,0.7381,0.0000,0.0000,0.0000,False,False,False,True,False,239.3444,False
61.9172,0.7381,0.0000,0.0000,0.0000,False,False,False,True,False,240.4149,False
61.9678,0.7381,0.0000,0.0000,0.0000,False,False,False,True,False,241.5580,False
62.0230,0.7381,0.0000,0.0000,0.0000,False,False,False,True,False,242.6533,False
62.0745,0.7381,0.0000,0.0000,0.0000,False,False,False,True,False,243.8506,False
62.1258,0.7381,0.0000,0.0000,0.0000,False,False,False,True,False,244.9689,False
62.1795,0.7381,0.0000,0.0000,0.0000,False,False,False,True,False,246.0811,False
62.2258,0.7381,0.0000,0.0000,0.0000,False,False,False,True,False,247.2469,False
62.2737,0.7381,0.0000,0.0000,0.0000,False,False,False,True,False,248.2529,False
62.3197,0.7381,0.0000,0.0000,0.0000,False,False,False,True,False,249.2915,False
62.3719,0.7381,0.0000,0.0000,0.0000,False,False,False,True,False,250.2894,False
62.4223,0.7381,0.0000,0.0000,0.0000,False,False,False,True,False,251.4233,False
62.4695,0.7381,0.0000,0.0000,0.0000,False,False,False,True,False,252.5168,False
62.5203,0.7381,0.0000,0.0000,0.0000,False,False,False,True,False,253.5401,False
62.5700,0.7381,0.0000,0.0000,0.0000,False,False,False,True,False,254.6429,False
62.6205,0.7381,0.0000,0.0000,0.0000,False,False,False,True,False,255.7221,False
62.6750,0.7381,0.0000,0.0000,0.0000,False,False,False,True,False,256.8178,False
62.7249,0.7381,0.0000,0.0000,0.0000,False,False,False,True,False,257.9997,False
62.7752,0.7381,0.0000,0.0000,0.0000,False,False,False,True,False,259.0831,False
62.8299,0.7381,0.0000,0.0000,0.0000,False,False,False,True,False,260.1745,False
62.8865,0.7381,0.0000,0.0000,0.0000,False,False,False,True,False,261.3616,False
62.9514,0.7381,0.0000,0.0000,0.0000,False,False,False,True,False,262.5915,False
63.0089,0.7381,0.0000,0.0000,0.0000,False,False,False,True,False,264.0003,False
63.0701,0.7381,0.0000,0.0000,0.0000,False,False,False,True,False,265.2483,False
63.1217,0.7381,0.0000,0.0000,0.0000,False,False,False,True,False,266.5768,False
63.1831,0.7381,0.0000,0.0000,0.0000,False,False,False,True,False,267.6950,False
63.2418,0.7381,0.0000,0.0000,0.0000,False,False,False,True,False,269.0273,False
63.2987,0.7381,0.0000,0.0000,0.0000,False,False,False,True,False,270.3016,False
63.3621,0.7381,0.0000,0.0000,0.0000,False,False,False,True,False,271.5372,False
63.4145,0.7381,0.0000,0.0000,0.0000,False,False,False,True,False,272.9127,False
63.4706,0.7381,0.0000,0.0000,0.0000,False,False,False,True,False,274.0507,False
63.5326,0.7381,0.0000,0.0000,0.0000,False,False,False,True,False,275.2692,False
63.5862,0.7381,0.0000,0.0000,0.0000,False,False,False,True,False,276.6151,False
63.6374,0.7381,0.0000,0.0000,0.0000,False,False,False,True,False,277.7773,False
63.6888,0.7381,0.0000,0.0000,0.0000,False,False,False,True,False,278.8883,False
63.7419,0.7381,0.0000,0.0000,0.0000,False,False,False,True,False,280.0055,False
63.7990,0.7381,0.0000,0.0000,0.0000,False,False,False,True,False,281.1569,False
63.8505,0.7381,0.0000,0.0000,0.0000,False,False,False,True,False,282.3963,False
63.9048,0.7381,0.0000,0.0000,0.0000,False,False,False,True,False,283.5157,False
63.9617,0.7381,0.0000,0.0000,0.0000,False,False,False,True,False,284.6942,False
64.0257,0.7381,0.0000,0.0000,0.0000,False,False,False,True,False,285.9278,False
64.0817,0.7381,0.0000,0.0000,0.0000,False,False,False,True,False,287.3179,False
64.1378,0.7381,0.0000,0.0000,0.0000,False,False,False,True,False,288.5333,False
64.1924,0.7381,0.0000,0.0000,0.0000,False,False,False,True,False,289.7521,False
64.2479,0.7381,0.0000,0.0000,0.0000,False,False,False,True,False,290.9366,False
64.3060,0.7381,0.0000,0.0000,0.0000,False,False,False,True,False,292.1402,False
64.3604,0.7381,0.0000,0.0000,0.0000,False,False,False,True,False,293.4030,False
64.4225,0.7381,0.0000,0.0000,0.0000,False,False,False,True,False,294.5843,False
64.4796,0.7381,0.0000,0.0000,0.0000,False,False,False,True,False,295.9317,False
64.5436,0.7381,0.0000,0.0000,0.0000,False,False,False,True,False,297.1704,False
64.6074,0.7381,0.0000,0.0000,0.0000,False,False,False,True,False,298.5603,False
64.6684,0.7381,0.0000,0.0000,0.0000,False,False,False,True,False,299.9460,False
64.7279,0.7381,0.0000,0.0000,0.0000,False,False,False,True,False,301.2704,False
64.7881,0.7381,0.0000,0.0000,0.0000,False,False,False,False,False,301.2704,False
64.8550,0.7381,0.0000,0.0000,0.0000,False,False,False,False,False,301.2704,False
64.9160,0.7381,0.0000,0.0000,0.0000,False,False,False,False,False,301.2704,False
64.9778,0.7381,0.0000,0.0000,0.0000,False,False,False,False,False,301.2704,False
65.0388,0.7381,0.0000,0.0000,0.0000,False,False,False,False,False,301.2704,False
65.0980,0.7381,0.0000,0.0000,0.0000,False,False,False,False,False,301.2704,False
65.1593,0.7381,0.0000,0.0000,0.0000,False,False,False,False,False,301.2704,False
65.2173,0.7381,0.0000,0.0000,0.0000,False,False,False,False,False,301.2704,False
65.2765,0.7381,0.0000,0.0000,0.0000,False,False,False,False,False,301.2704,False
65.3359,0.7381,0.0000,0.0000,0.0000,False,False,False,False,False,301.2704,False
65.3965,0.7381,0.0000,0.0000,0.0000,False,False,False,False,False,301.2704,False
65.4661,0.7381,0.0000,0.0000,0.0000,False,False,False,False,False,301.2704,False
65.5253,0.7381,0.0000,0.0000,0.0000,False,False,False,False,False,301.2704,False
65.5876,0.7381,0.0000,0.0000,0.0000,False,False,False,False,False,301.2704,False
65.6465,0.7381,0.0000,0.0000,0.0000,False,False,False,False,False,301.2704,False
65.7059,0.7381,0.0000,0.0000,0.0000,False,False,False,False,False,301.2704,False
65.7668,0.7381,0.0000,0.0000,0.0000,False,False,False,False,False,301.2704,False
65.8242,0.7381,0.0000,0.0000,0.0000,False,False,False,False,False,301.2704,False
65.8819,0.7381,0.0000,0.0000,0.0000,False,False,False,False,False,301.2704,False
65.9429,0.7381,0.0000,0.0000,0.0000,False,False,False,False,False,301.2704,False
66.0042,0.7381,0.0000,0.0000,0.0000,False,False,False,False,False,301.2704,False
66.0708,0.7381,0.0000,0.0000,0.0000,False,False,False,False,False,301.2704,False
66.1336,0.7381,0.0000,0.0000,0.0000,False,False,False,False,False,301.2704,False
66.1968,0.7381,0.0000,0.0000,0.0000,False,False,False,False,False,301.2704,False
66.2583,0.7381,0.0000,0.0000,0.0000,False,False,False,False,False,301.2704,False
66.3241,0.7381,0.0000,0.0000,0.0000,False,False,False,False,False,301.2704,False
66.3933,0.7381,0.0000,0.0000,0.0000,False,False,False,False,False,301.2704,False
66.4561,0.7381,0.0000,0.0000,0.0000,False,False,False,False,False,301.2704,False
66.5177,0.7381,0.0000,0.0000,0.0000,False,False,False,False,False,301.2704,False
66.5900,0.7381,0.0000,0.0000,0.0000,False,False,False,False,False,301.2704,False
66.6582,0.7381,0.0000,0.0000,0.0000,False,False,False,False,False,301.2704,False
66.7286,0.7381,0.0000,0.0000,0.0000,False,False,False,False,False,301.2704,False
66.7941,0.7381,0.0000,0.0000,0.0000,False,False,False,False,False,301.2704,False
66.8584,0.7381,0.0000,0.0000,0.0000,False,False,False,False,False,301.2704,False
66.9218,0.7381,0.0000,0.0000,0.0000,False,False,False,False,False,301.2704,False
66.9974,0.7381,0.0000,0.0000,0.0000,False,False,False,False,False,301.2704,False
67.0660,0.7381,0.0000,0.0000,0.0000,False,False,False,False,False,301.2704,False
67.1360,0.7381,0.0000,0.0000,0.0000,False,False,False,False,False,301.2704,False
67.2049,0.7381,0.0000,0.0000,0.0000,False,False,False,False,False,301.2704,False
67.2730,0.7381,0.0000,0.0000,0.0000,False,False,False,False,False,301.2704,False
67.3430,0.7381,0.0000,0.0000,0.0000,False,False,False,False,False,301.2704,False
67.4121,0.7381,0.0000,0.0000,0.0000,False,False,False,False,False,301.2704,False
67.4840,0.7381,0.0000,0.0000,0.0000,False,False,False,False,False,301.2704,False
67.5543,0.7381,0.0000,0.0000,0.0000,False,False,False,False,False,301.2704,False
67.6362,0.7381,0.0000,0.0000,0.0000,False,False,False,False,False,301.2704,False
67.7121,0.7381,0.0000,0.0000,0.0000,False,False,False,False,False,301.2704,False
67.7828,0.7381,0.0000,0.0000,0.0000,False,False,False,False,False,301.2704,False
67.8565,0.7381,0.0000,0.0000,0.0000,False,False,False,False,False,301.2704,False
67.9283,0.7381,0.0000,0.0000,0.0000,False,False,False,False,False,301.2704,False
68.0094,0.7381,0.0000,0.0000,0.0000,False,False,False,False,False,301.2704,False
68.0884,0.7381,0.0000,0.0000,0.0000,False,False,False,False,False,301.2704,False
68.1676,0.7381,0.0000,0.0000,0.0000,False,False,False,False,False,301.2704,False
68.2448,0.7381,0.0000,0.0000,0.0000,False,False,False,False,False,301.2704,False
68.3196,0.7381,0.0000,0.0000,0.0000,False,False,False,False,False,301.2704,False
68.3969,0.7381,0.0000,0.0000,0.0000,False,False,False,False,False,301.2704,False
68.4779,0.7381,0.0000,0.0000,0.0000,False,False,False,False,False,301.2704,False
68.5553,0.7381,0.0000,0.0000,0.0000,False,False,False,False,False,301.2704,False
68.6331,0.7381,0.0000,0.0000,0.0000,False,False,False,False,False,301.2704,False
68.7090,0.7381,0.0000,0.0000,0.0000,False,False,False,False,False,301.2704,False
68.7896,0.7381,0.0000,0.0000,0.0000,False,False,False,False,False,301.2704,False
68.8643,0.7381,0.0000,0.0000,0.0000,False,False,False,False,False,301.2704,False
68.9391,0.7381,0.0000,0.0000,0.0000,False,False,False,False,False,301.2704,False
69.0169,0.7381,0.0000,0.0000,0.0000,False,False,False,False,False,301.2704,False
69.0946,0.7381,0.0000,0.0000,0.0000,False,False,False,False,False,301.2704,False
69.1776,0.7381,0.0000,0.0000,0.0000,False,False,False,False,False,301.2704,False
69.2542,0.7381,0.0000,0.0000,0.0000,False,False,False,False,False,301.2704,False
69.3330,0.7381,0.0000,0.0000,0.0000,False,False,False,False,False,301.2704,False
69.4096,0.7381,0.0000,0.0000,0.0000,False,False,False,False,False,301.2704,False
69.4942,0.7381,0.0000,0.0000,0.0000,False,False,False,False,False,301.2704,False
69.5725,0.7381,0.0000,0.0000,0.0000,False,False,False,False,False,301.2704,False
69.6534,0.7381,0.0000,0.0000,0.0000,False,False,False,False,False,301.2704,False
69.7338,0.7381,0.0000,0.0000,0.0000,False,False,False,False,False,301.2704,False
69.8174,0.7381,0.0000,0.0000,0.0000,False,False,False,False,False,301.2704,False
69.9036,0.7381,0.0000,0.0000,0.0000,False,False,False,False,False,301.2704,False
69.9904,0.7381,0.0000,0.0000,0.0000,False,False,False,False,False,301.2704,False
70.0733,0.7381,0.0000,0.0000,0.0000,False,False,False,False,False,301.2704,False
70.1542,0.7381,0.0000,0.0000,0.0000,False,False,False,False,False,301.2704,False
70.2410,0.7381,0.0000,0.0000,0.0000,False,False,False,False,False,301.2704,False
70.3219,0.7381,0.0000,0.0000,0.0000,False,False,False,False,False,301.2704,False
70.3993,0.7381,0.0000,0.0000,0.0000,False,False,False,False,False,301.2704,False
70.4791,0.7381,0.0000,0.0000,0.0000,False,False,False,False,False,301.2704,False
70.5574,0.7381,0.0000,0.0000,0.0000,False,False,False,False,False,301.2704,False
70.6415,0.7381,0.0000,0.0000,0.0000,False,False,False,False,False,301.2704,False
70.7181,0.7381,0.0000,0.0000,0.0000,False,False,False,False,False,301.2704,False
70.7980,0.7381,0.0000,0.0000,0.0000,False,False,False,False,False,301.2704,False
70.8744,0.7381,0.0000,0.0000,0.0000,False,False,False,False,False,301.2704,False
70.9498,0.7381,0.0000,0.0000,0.0000,False,False,False,False,False,301.2704,False
71.0246,0.7381,0.0000,0.0000,0.0000,False,False,False,False,False,301.2704,False
71.0930,0.7381,0.0000,0.0000,0.0000,False,False,False,False,False,301.2704,False
71.1573,0.7381,0.0000,0.0000,0.0000,False,False,False,False,False,301.2704,False
71.2193,0.7381,0.0000,0.0000,0.0000,False,False,False,False,False,301.2704,False
71.2836,0.7381,0.0000,0.0000,0.0000,False,False,False,False,False,301.2704,False
71.3420,0.7381,0.0000,0.0000,0.0000,False,False,False,False,False,301.2704,False
71.4010,0.7381,0.0000,0.0000,0.0000,False,False,False,False,False,301.2704,False
71.4612,0.7381,0.0000,0.0000,0.0000,False,False,False,False,False,301.2704,False
71.5262,0.7381,0.0000,0.0000,0.0000,False,False,False,False,False,301.2704,False
71.5869,0.7381,0.0000,0.0000,0.0000,False,False,False,False,False,301.2704,False
71.6539,0.7381,0.0000,0.0000,0.0000,False,False,False,False,False,301.2704,False
71.7118,0.7381,0.0000,0.0000,0.0000,False,False,False,False,False,301.2704,False
71.7705,0.7381,0.0000,0.0000,0.0000,False,False,False,False,False,301.2704,False
71.8346,0.7381,0.0000,0.0000,0.0000,False,False,False,False,False,301.2704,False
71.8920,0.7381,0.0000,0.0000,0.0000,False,False,False,False,False,301.2704,False
71.9498,0.7381,0.0000,0.0000,0.0000,False,False,False,False,False,301.2704,False
72.0090,0.7381,0.0000,0.0000,0.0000,False,False,False,False,False,301.2704,False
72.0692,0.7381,0.0000,0.0000,0.0000,False,False,False,False,False,301.2704,False
72.1419,0.7381,0.0000,0.0000,0.0000,False,False,False,False,False,301.2704,False
72.2021,0.7381,0.0000,0.0000,0.0000,False,False,False,False,False,301.2704,False
72.2616,0.7381,0.0000,0.0000,0.0000,False,False,False,False,False,301.2704,False
72.3189,0.7381,0.0000,0.0000,0.0000,False,False,False,False,False,301.2704,False
72.3766,0.7381,0.0000,0.0000,0.0000,False,False,False,False,False,301.2704,False
72.4392,0.7381,0.0000,0.0000,0.0000,False,False,False,False,False,301.2704,False
72.4942,0.7381,0.0000,0.0000,0.0000,False,False,False,False,False,301.2704,False
72.5491,0.7381,0.0000,0.0000,0.0000,False,False,False,False,False,301.2704,False
72.6119,0.7381,0.0000,0.0000,0.0000,False,False,False,False,False,301.2704,False
72.6692,0.7381,0.0000,0.0000,0.0000,False,False,False,False,False,301.2704,False
72.7324,0.7381,0.0000,0.0000,0.0000,False,False,False,False,False,301.2704,False
72.7879,0.7381,0.0000,0.0000,0.0000,False,False,False,False,False,301.2704,False
72.8471,0.7381,0.0000,0.0000,0.0000,False,False,False,False,False,301.2704,False
72.9052,0.7381,0.0000,0.0000,0.0000,False,False,False,False,False,301.2704,False
72.9621,0.7381,0.0000,0.0000,0.0000,False,False,False,False,False,301.2704,False
73.0305,0.7381,0.0000,0.0000,0.0000,False,False,False,False,False,301.2704,False
73.0910,0.7381,0.0000,0.0000,0.0000,False,False,False,False,False,301.2704,False
73.1501,0.7381,0.0000,0.0000,0.0000,False,False,False,False,False,301.2704,False
73.2096,0.7381,0.0000,0.0000,0.0000,False,False,False,False,False,301.2704,False
73.2676,0.7381,0.0000,0.0000,0.0000,False,False,False,False,False,301.2704,False
73.3240,0.7381,0.0000,0.0000,0.0000,False,False,False,False,False,301.2704,False
73.3844,0.7381,0.0000,0.0000,0.0000,False,False,False,False,False,301.2704,False
73.4406,0.7381,0.0000,0.0000,0.0000,False,False,False,False,False,301.2704,False
73.4952,0.7381,0.0000,0.0000,0.0000,False,False,False,False,False,301.2704,False
73.5522,0.7381,0.0000,0.0000,0.0000,False,False,False,False,False,301.2704,False
73.6121,0.7381,0.0000,0.0000,0.0000,False,False,False,False,False,301.2704,False
73.6759,0.7381,0.0000,0.0000,0.0000,False,False,False,False,False,301.2704,False
73.7377,0.7381,0.0000,0.0000,0.0000,False,False,False,False,False,301.2704,False
73.7935,0.7381,0.0000,0.0000,0.0000,False,False,False,False,False,301.2704,False
73.8485,0.7381,0.0000,0.0000,0.0000,False,False,False,False,False,301.2704,False
73.9072,0.7381,0.0000,0.0000,0.0000,False,False,False,False,False,301.2704,False
73.9612,0.7381,0.0000,0.0000,0.0000,False,False,False,False,False,301.2704,False
74.0267,0.7381,0.0000,0.0000,0.0000,False,False,False,False,False,301.2704,False
74.1490,0.5000,0.5000,0.0000,0.0000,False,False,False,False,False,301.2704,False
